zip,safmr_2br,safmr_3br
76437,1090,1420
76443,1090,1420
76464,1090,1420
76469,1090,1420
79501,1140,1480
79503,1090,1440
79504,1090,1420
79508,1240,1610
79510,1150,1490
79519,1090,1420
79520,1090,1420
79521,1090,1420
79525,1210,1580
79530,1090,1420
79533,1090,1420
79536,1460,1890
79541,1300,1670
79553,1140,1480
79560,1120,1440
79561,1090,1420
79562,1900,2460
79563,1150,1490
79566,1210,1550
79567,1090,1420
79601,1130,1470
79602,1260,1630
79603,1190,1540
79604,1290,1670
79605,1360,1760
79606,1360,1760
79607,1590,2060
79608,1290,1670
79699,1130,1470
00602,520,630
00603,620,750
00604,630,760
00605,630,760
00610,610,740
00662,560,680
00669,520,700
00670,520,660
00676,530,640
00677,650,780
00678,530,720
00680,520,670
00685,550,660
00690,600,730
44056,1900,2320
44067,1550,1890
44087,1600,1950
44141,1760,2260
44201,1320,1610
44202,1900,2320
44203,1130,1380
44210,1260,1540
44211,1300,1590
44216,1090,1330
44221,1380,1680
44222,1260,1540
44223,1310,1600
44224,1500,1830
44230,1010,1240
44231,1090,1340
44232,1260,1540
44234,1140,1410
44236,1900,2320
44240,1280,1560
44241,1630,1990
44242,1300,1590
44243,1280,1560
44250,1200,1460
44255,1260,1540
44256,1420,1830
44260,1240,1510
44262,1020,1240
44264,1430,1740
44265,1300,1590
44266,1200,1460
44272,1270,1550
44278,1280,1560
44281,1280,1650
44285,1200,1460
44286,1470,1790
44288,1270,1550
44301,1290,1570
44302,990,1210
44303,1120,1370
44304,1200,1460
44305,1270,1550
44306,1180,1440
44307,1120,1370
44308,1120,1360
44309,1260,1540
44310,1170,1430
44311,1070,1310
44312,1250,1530
44313,1290,1570
44314,1140,1390
44316,1260,1540
44319,1340,1640
44320,1150,1400
44321,1700,2070
44325,1160,1420
44333,1320,1610
44334,1260,1540
44411,1380,1680
44412,1020,1260
44429,1040,1360
44444,970,1260
44449,970,1230
44470,970,1270
44491,1030,1340
44601,1010,1280
44614,1170,1480
44632,1200,1510
44645,1300,1590
44685,1530,1890
44720,1210,1520
31701,1100,1490
31702,1110,1510
31703,1110,1510
31704,1020,1380
31705,1020,1380
31706,1110,1510
31707,1340,1820
31708,1110,1510
31712,1000,1320
31714,980,1320
31721,1370,1860
31743,1150,1430
31744,1020,1330
31763,1370,1860
31764,1130,1390
31768,980,1320
31771,980,1320
31772,1240,1690
31775,980,1320
31781,1240,1690
31782,1110,1510
31787,1160,1540
31789,1290,1750
31791,1020,1390
31795,1070,1320
31796,1020,1320
31824,1000,1320
39826,980,1320
39842,980,1320
39862,1020,1420
39877,1050,1400
39885,1000,1340
39886,1160,1410
97321,1680,2300
97322,1750,2370
97327,1770,2400
97329,1600,2230
97333,1910,2650
97335,1700,2310
97336,1650,2230
97345,1630,2200
97346,1480,2020
97348,2150,2910
97350,1950,2670
97352,1460,2020
97355,1720,2330
97358,1500,2040
97360,1520,2060
97374,1690,2290
97377,1840,2490
97383,1390,1940
97386,1590,2150
97389,2400,3250
97446,1600,2170
97759,1600,2230
12007,1730,2070
12008,1680,2020
12009,1710,2050
12010,1340,1620
12018,1930,2310
12019,1700,2040
12020,2110,2530
12022,1710,2050
12023,1540,1850
12024,1560,1870
12025,1340,1620
12027,1970,2370
12028,1340,1680
12031,1340,1620
12033,1830,2190
12035,1410,1690
12036,1340,1620
12040,1690,2020
12041,1590,1910
12043,1340,1620
12045,2050,2460
12046,1520,1840
12047,1820,2180
12052,1880,2250
12053,1340,1620
12054,2190,2630
12055,1730,2070
12056,1710,2050
12057,1410,1770
12059,1500,1800
12061,2260,2710
12062,1450,1740
12063,1800,2150
12064,1370,1640
12065,1840,2210
12066,1410,1720
12067,1480,1770
12071,1340,1620
12073,1340,1620
12074,2000,2400
12076,1510,1810
12077,1940,2330
12082,1880,2250
12083,1340,1620
12084,2100,2520
12085,1490,1790
12086,1340,1620
12087,1400,1830
12089,1660,1990
12090,1340,1620
12092,1440,1730
12093,1340,1620
12094,1530,1850
12107,1730,2070
12110,1990,2390
12118,1520,1820
12120,1730,2070
12121,1470,1770
12122,1340,1620
12123,1370,1640
12128,1730,2070
12131,1340,1620
12133,1660,1990
12134,1340,1620
12137,1340,1620
12138,1650,1980
12140,1340,1620
12141,1590,1910
12143,1450,1750
12144,1940,2330
12147,1730,2070
12148,1360,1630
12149,1340,1620
12150,1660,1990
12151,2290,2750
12153,1820,2180
12154,1340,1620
12156,1650,1980
12157,1340,1620
12158,2270,2720
12159,1990,2390
12160,1440,1730
12161,2270,2720
12166,1340,1620
12167,1340,1620
12168,1630,1950
12169,1710,2050
12170,1790,2150
12175,1340,1620
12180,1680,2010
12181,1660,1990
12182,1450,1740
12183,1420,1700
12184,1340,1620
12185,1540,1860
12186,1590,1910
12187,1340,1620
12188,1630,1950
12189,1500,1800
12193,1370,1690
12194,1340,1620
12196,1450,1740
12197,1340,1620
12198,1550,1860
12201,1730,2070
12202,1420,1700
12203,1900,2280
12204,1740,2090
12205,1890,2270
12206,1690,2030
12207,1970,2360
12208,1720,2060
12209,1580,1890
12210,1580,1890
12211,2250,2700
12212,1730,2070
12220,1730,2070
12222,1850,2220
12223,1730,2070
12226,1730,2070
12227,1730,2070
12236,1730,2070
12237,1730,2070
12247,1730,2070
12260,1730,2070
12288,1730,2070
12301,1590,1910
12302,1690,2030
12303,1530,1830
12304,1520,1820
12305,1440,1730
12306,1610,1930
12307,1550,1860
12308,1570,1880
12309,1910,2290
12345,1590,1910
12434,1340,1620
12460,1480,1890
12469,1590,1930
12803,1570,1880
12822,1370,1640
12828,1530,1900
12831,1790,2150
12833,1560,1870
12835,1340,1620
12850,1560,1870
12859,1870,2240
12863,1520,1830
12866,2300,2760
12871,1500,1800
12884,1340,1620
13320,1340,1620
13459,1440,1730
87001,1200,1680
87002,1200,1680
87004,1370,1910
87006,1200,1680
87008,1780,2470
87009,1200,1680
87013,1430,1910
87014,1210,1710
87015,1520,1990
87016,1200,1680
87018,1320,1770
87022,1270,1770
87023,1200,1680
87024,1350,1880
87025,1660,2310
87026,1530,2130
87027,1430,1910
87031,1530,2130
87032,1200,1680
87035,1470,1860
87036,1200,1680
87041,1210,1680
87042,1350,1870
87043,2020,2810
87044,1590,2210
87046,1260,1710
87047,1620,2240
87048,1680,2340
87052,1200,1680
87053,1350,1880
87059,1350,1830
87060,1530,2130
87061,1200,1680
87062,1200,1680
87063,1200,1680
87068,1200,1680
87070,1200,1680
87072,1460,2030
87083,1910,2660
87101,1440,2000
87102,1360,1890
87103,1440,2000
87104,1410,1960
87105,1270,1770
87106,1390,1930
87107,1230,1710
87108,1230,1710
87109,1590,2210
87110,1560,2170
87111,1840,2560
87112,1420,1970
87113,2040,2840
87114,1660,2310
87115,1440,2000
87116,2200,3060
87117,1500,2080
87119,1440,2000
87120,1660,2310
87121,1730,2410
87122,2200,3060
87123,1330,1850
87124,1750,2430
87125,1440,2000
87144,2050,2850
87151,1730,2410
87153,1440,2000
87154,1440,2000
87174,1790,2490
87176,1440,2000
87181,1440,2000
87184,1440,2000
87185,1440,2000
87187,1440,2000
87190,1440,2000
87191,1440,2000
87192,1440,2000
87193,1440,2000
87194,1440,2000
87195,1440,2000
87196,1440,2000
87197,1440,2000
87198,1440,2000
87199,1440,2000
87528,1200,1680
87544,1730,2070
88318,1200,1680
88321,1200,1680
70656,1170,1510
71301,980,1320
71302,910,1230
71303,1160,1570
71306,1000,1350
71307,1000,1350
71315,1000,1350
71322,900,1220
71323,930,1260
71325,900,1220
71328,1010,1350
71330,900,1220
71346,900,1220
71348,1000,1350
71351,900,1220
71359,970,1310
71360,970,1310
71361,1000,1350
71365,1000,1350
71367,900,1220
71404,900,1220
71405,1050,1420
71407,950,1290
71409,940,1270
71417,930,1260
71423,1000,1350
71424,930,1250
71427,940,1220
71430,1120,1510
71432,930,1260
71433,900,1220
71438,1050,1350
71447,1050,1340
71448,1000,1350
71454,900,1220
71455,930,1220
71463,900,1220
71466,1000,1350
71467,910,1230
71472,930,1220
71477,1000,1350
71485,1020,1380
18002,1690,2160
18011,2060,2590
18012,1360,1740
18013,1410,1800
18014,1410,1800
18015,1660,2120
18016,1690,2160
18017,1970,2520
18018,1750,2240
18020,1910,2440
18030,1360,1740
18031,2260,2890
18032,1400,1790
18034,2380,3040
18035,1530,1960
18036,1440,1820
18037,1570,2010
18038,1480,1890
18040,1820,2320
18041,1560,1880
18042,1670,2130
18043,1690,2160
18044,1690,2160
18045,2230,2850
18046,2210,2830
18049,1630,2080
18051,1420,1810
18052,1730,2210
18053,1590,2030
18055,1690,2160
18058,1590,2050
18059,1480,1900
18062,2300,2940
18063,1470,1880
18064,1540,1970
18065,1360,1740
18066,1360,1740
18067,1570,2010
18069,2430,3100
18071,1400,1840
18072,1810,2310
18077,1710,2060
18078,1480,1890
18079,1360,1740
18080,1360,1740
18083,1610,2060
18085,1480,1890
18086,1510,1930
18087,1530,1950
18088,1510,1930
18091,1510,1930
18092,1770,2260
18101,1620,2070
18102,1510,1930
18103,1650,2110
18104,2000,2550
18105,1650,2110
18106,2090,2670
18109,1600,2040
18195,1650,2110
18201,1360,1740
18210,1550,1980
18211,1360,1740
18212,1360,1740
18216,1450,1860
18224,1360,1740
18229,1360,1740
18230,1390,1780
18232,1360,1740
18235,1360,1740
18237,1360,1740
18240,1360,1740
18244,1360,1740
18250,1440,1840
18252,1360,1740
18254,1620,2070
18255,1360,1740
18333,1530,1970
18343,1420,1810
18351,1860,2380
18624,1470,1890
18661,1540,1990
18951,1790,2150
19529,1620,2040
19530,1570,1940
19539,1850,2310
07820,1900,2410
07821,2260,2840
07823,1520,1950
07825,2070,2630
07828,2010,2520
07831,1960,2380
07832,2210,2800
07833,1910,2420
07838,2600,3300
07840,2000,2530
07844,1660,2110
07846,2050,2600
07860,1970,2470
07863,2090,2650
07865,2830,3560
07874,2510,3140
07880,2310,2930
07882,1960,2380
08802,3050,3720
08804,2560,3130
08827,2100,2530
08848,2170,2600
08865,1810,2300
08886,2560,3250
15946,970,1340
16601,1110,1420
16602,1120,1440
16603,1140,1460
16611,1190,1610
16613,1270,1700
16617,1130,1450
16625,1160,1480
16631,1150,1470
16635,1270,1630
16636,1530,2060
16637,1250,1600
16641,1130,1560
16648,1240,1590
16655,970,1230
16662,1120,1430
16665,1060,1360
16673,1200,1540
16682,1150,1460
16684,1050,1360
16686,1290,1570
16693,970,1250
16870,1290,1570
79010,1130,1530
79012,1190,1620
79015,1050,1440
79016,1050,1440
79019,1050,1440
79036,1060,1440
79039,1050,1440
79042,1050,1440
79058,1060,1440
79068,1070,1450
79080,1050,1440
79091,1190,1620
79094,1050,1440
79097,1050,1440
79098,1110,1470
79101,1050,1440
79102,1050,1440
79103,1190,1620
79104,1050,1440
79105,1050,1440
79106,1100,1500
79107,1060,1440
79108,1160,1580
79109,1170,1590
79110,1270,1730
79111,1320,1790
79114,1190,1620
79116,1050,1440
79117,1050,1440
79118,1360,1850
79119,1270,1730
79120,1050,1440
79121,1050,1440
79124,1170,1590
79159,1050,1440
79226,1050,1440
79001,1070,1320
79018,1010,1320
79092,1070,1450
88430,1290,1660
50010,1150,1600
50011,1150,1600
50012,1270,1770
50013,1300,1800
50014,1310,1820
50046,1220,1690
50055,1010,1380
50056,1130,1570
50105,1050,1460
50122,960,1330
50124,1300,1810
50134,1070,1490
50154,960,1330
50156,1020,1420
50161,980,1350
50201,1000,1390
50206,960,1330
50226,1030,1400
50230,960,1330
50236,1080,1500
50239,1010,1370
50243,1280,1760
50244,980,1360
50247,960,1330
50248,1040,1430
50278,1130,1570
50031,960,1340
50036,1030,1430
50039,1030,1400
50040,940,1310
50064,920,1280
50107,1060,1470
50152,1020,1420
50212,960,1340
50217,930,1250
50220,1090,1480
50223,920,1280
50235,1130,1570
50249,920,1180
50276,1030,1420
50530,920,1180
01002,2480,3100
01003,2490,3110
01004,2130,2660
01007,2120,2650
01011,1510,1850
01012,1640,2050
01026,1650,2060
01027,1960,2450
01031,1600,2230
01032,2200,2750
01033,2040,2540
01035,2580,3220
01038,2320,2900
01039,2520,3120
01040,1720,2110
01050,1930,2410
01053,2830,3540
01059,2130,2660
01060,2260,2820
01061,2130,2660
01062,2020,2520
01063,2260,2820
01066,2300,2840
01069,1510,1850
01070,1590,1990
01073,1810,2240
01075,1880,2350
01082,1690,2110
01084,1540,1930
01085,1640,2010
01088,2340,2910
01096,2280,2850
01098,1350,1650
01235,1510,1840
01243,1840,2350
01270,1510,1920
01330,1420,1700
99501,1510,2100
99502,1770,2460
99503,1710,2070
99504,1730,2410
99505,2450,3410
99506,2220,3090
99507,1750,2430
99508,1560,2170
99509,1630,2270
99510,1630,2270
99511,1630,2270
99513,1630,2270
99514,1630,2270
99515,1940,2700
99516,2060,2860
99517,1470,2040
99518,1820,2530
99519,1630,1980
99520,1630,2270
99521,1630,2270
99522,1630,2270
99523,1630,2270
99524,1630,2270
99530,1630,2270
99540,1890,2620
99567,1690,2350
99577,2030,2820
99587,1470,2040
99599,1630,2270
99588,1250,1750
99623,1560,2170
99645,1450,2020
99652,1250,1750
99654,1350,1880
99667,1380,1920
99674,1330,1850
99676,1500,2100
99683,1380,1920
99687,1380,1920
99688,1310,1820
99694,1270,1770
99729,1250,1750
48103,2080,2490
48104,1970,2360
48105,1920,2300
48106,1660,1990
48107,1660,1990
48108,1570,1880
48109,1610,1930
48111,1470,1790
48113,1660,1990
48118,1960,2350
48130,1880,2250
48137,1620,2140
48158,1450,1750
48160,1500,1810
48167,1860,2260
48168,1620,1990
48169,1600,2210
48170,1460,1780
48175,1660,1990
48176,1450,1750
48178,1450,1840
48187,1720,2100
48189,1460,1870
48190,1580,1900
48191,1750,2100
48197,1480,1770
48198,1340,1610
49229,1450,1750
49230,1450,1750
49236,1450,1750
49240,1460,1910
49285,1450,1780
49287,1450,1750
35096,1010,1370
35905,880,1170
36201,860,1170
36202,960,1300
36203,1020,1380
36204,960,1300
36205,920,1240
36206,1010,1360
36207,1090,1470
36250,1180,1590
36257,960,1300
36260,850,1170
36265,920,1240
36271,910,1230
36272,900,1170
36277,1070,1450
36279,1280,1730
53014,1000,1380
53020,1360,1650
53042,1070,1380
53049,1160,1520
53061,1000,1380
53079,1220,1570
53088,1000,1380
54106,1010,1390
54107,1000,1380
54110,1040,1390
54113,1320,1820
54115,1250,1670
54123,1080,1460
54129,1240,1710
54130,1230,1690
54136,1120,1540
54140,1240,1710
54152,1110,1530
54155,1330,1770
54160,1030,1420
54165,1130,1550
54169,1360,1870
54170,1010,1380
54180,1540,2040
54313,1270,1690
54911,1210,1670
54912,1230,1690
54913,1460,2010
54914,1170,1610
54915,1180,1620
54922,1460,1980
54929,1000,1380
54931,1050,1430
54940,1110,1480
54942,1370,1890
54944,1030,1420
54947,1340,1800
54952,1150,1560
54956,1310,1760
54961,1030,1380
00612,600,780
00613,490,670
00614,490,670
00616,560,770
00627,510,700
00650,620,820
00652,650,890
00659,530,730
00688,520,710
28655,1370,1760
28701,1790,2180
28704,2050,2490
28709,2150,2610
28710,1680,2040
28711,1730,2110
28714,1370,1760
28715,1820,2210
28716,1370,1760
28721,1370,1760
28724,1680,2040
28726,1450,1760
28727,1680,2040
28728,1920,2330
28729,2680,3260
28730,1620,1970
28731,1490,1810
28732,1860,2260
28735,1610,1960
28739,1590,1930
28742,1520,1850
28743,1370,1760
28746,1370,1760
28748,1550,1880
28753,1370,1760
28754,1370,1760
28756,1370,1760
28757,1540,1880
28758,1670,2030
28759,2120,2580
28760,1680,2040
28762,1430,1830
28766,1540,1850
28768,1370,1760
28770,1690,2070
28773,1440,1880
28776,1920,2330
28778,1580,1920
28784,1680,2040
28787,1790,2180
28790,2010,2440
28791,1670,2030
28792,1610,1960
28793,1680,2040
28801,1980,2410
28802,1920,2330
28803,2430,2950
28804,2140,2600
28805,1850,2250
28806,1880,2290
28813,1920,2330
28814,1920,2330
28815,1920,2330
28816,1920,2330
30530,1140,1470
30565,1170,1500
30601,1430,1860
30602,1290,1680
30603,1350,1760
30604,1350,1760
30605,1280,1670
30606,1450,1890
30607,1160,1510
30608,1350,1760
30609,1280,1670
30619,1190,1550
30621,1370,1770
30622,1960,2550
30624,1110,1470
30627,1110,1470
30628,1110,1470
30629,1110,1470
30630,1110,1470
30633,1110,1470
30638,1650,2150
30645,1650,2150
30646,1160,1510
30647,1130,1470
30648,1110,1470
30660,1110,1470
30662,1110,1470
30666,1410,1720
30667,1110,1470
30669,1110,1470
30677,1730,2250
30680,1440,1730
30683,1140,1490
30002,1270,1520
30003,1970,2360
30004,2110,2530
30005,2270,2720
30006,1900,2280
30007,1900,2280
30008,1660,1990
30009,2360,2830
30010,1970,2360
30011,2060,2470
30012,1390,1670
30013,1670,2000
30014,1430,1710
30015,1570,1880
30016,1850,2220
30017,2230,2670
30018,1430,1710
30019,2360,2830
30021,1580,1890
30022,2300,2760
30023,1920,2300
30024,2280,2730
30025,1320,1580
30028,2340,2810
30030,2330,2790
30031,1830,2190
30032,1550,1860
30033,1930,2310
30034,1590,1910
30035,1730,2070
30036,1830,2190
30037,1830,2190
30038,1750,2100
30039,2120,2540
30040,2160,2590
30041,2150,2580
30042,1970,2360
30043,2040,2450
30044,2110,2530
30045,2640,3170
30046,1690,2030
30047,1960,2350
30048,1970,2360
30049,1970,2360
30052,1980,2370
30054,1460,1750
30055,1750,2090
30056,1210,1440
30058,1720,2060
30060,1660,1990
30061,1900,2280
30062,2050,2460
30064,1850,2220
30065,1900,2280
30066,2080,2490
30067,2070,2480
30068,1950,2340
30070,1430,1710
30071,1820,2180
30072,1520,1820
30074,1830,2190
30075,2150,2580
30076,1920,2300
30077,1920,2300
30078,1970,2360
30079,1370,1640
30080,2070,2480
30081,1900,2280
30082,2020,2420
30083,1700,2040
30084,1870,2240
30085,1830,2190
30086,1830,2190
30087,2020,2420
30088,1670,2000
30090,1900,2280
30091,1970,2360
30092,2080,2490
30093,1950,2340
30094,1840,2210
30095,1970,2360
30096,2210,2650
30097,2170,2600
30101,1980,2370
30102,1680,2010
30103,1290,1600
30104,1080,1370
30106,1660,1990
30107,1320,1580
30108,970,1170
30109,1340,1610
30110,1090,1320
30111,1900,2280
30112,1340,1610
30114,1900,2280
30115,1950,2340
30116,1340,1610
30117,1290,1550
30118,1290,1550
30119,1340,1610
30120,1370,1640
30121,1410,1690
30122,1700,2040
30123,1370,1640
30126,1720,2060
30127,2110,2530
30132,1660,1990
30133,1660,1990
30134,1480,1770
30135,1790,2150
30137,1440,1730
30139,1220,1620
30141,1940,2330
30142,1970,2360
30143,1270,1520
30144,2220,2660
30145,1140,1390
30146,1970,2360
30148,1520,1820
30150,1340,1610
30151,1970,2360
30152,2010,2410
30153,1190,1480
30154,1660,1990
30156,1900,2280
30157,1780,2130
30160,1900,2280
30161,1210,1560
30168,1580,1890
30169,1970,2360
30170,1170,1400
30171,1640,1990
30175,1210,1470
30177,970,1170
30178,1260,1550
30179,1340,1610
30180,1680,2010
30182,1030,1250
30183,1570,1890
30184,1160,1390
30185,1040,1260
30187,1170,1410
30188,2060,2470
30189,2060,2470
30205,1550,1860
30206,1210,1450
30212,1270,1520
30213,2040,2450
30214,1870,2240
30215,2060,2470
30217,1030,1240
30220,1500,1850
30223,1230,1470
30224,1360,1630
30228,1820,2180
30229,1510,1810
30230,1170,1470
30233,1120,1460
30234,1350,1800
30236,1470,1760
30237,1510,1810
30238,1690,2030
30240,1140,1430
30248,1690,2030
30250,1820,2180
30252,2080,2490
30253,1810,2170
30256,1030,1290
30257,1000,1370
30258,1460,1800
30259,1450,1740
30260,1580,1890
30263,1570,1880
30264,1660,1990
30265,1980,2370
30266,1270,1520
30268,1410,1690
30269,2280,2730
30271,1660,1990
30272,1920,2300
30273,1580,1890
30274,1470,1760
30275,1570,1880
30276,1510,1810
30277,1570,1880
30281,1740,2090
30284,1510,1800
30285,970,1260
30287,1510,1810
30288,1300,1560
30289,1530,1850
30290,1310,1570
30291,1490,1790
30292,1110,1330
30294,1890,2270
30295,1160,1390
30296,1770,2120
30297,1320,1580
30298,1510,1810
30301,1920,2300
30302,1920,2300
30303,2020,2420
30304,1920,2300
30305,2430,2910
30306,2360,2830
30307,2330,2790
30308,2470,2960
30309,2730,3270
30310,1440,1730
30311,1370,1640
30312,2150,2580
30313,1890,2270
30314,1280,1530
30315,1220,1470
30316,1880,2250
30317,1930,2310
30318,2050,2460
30319,2620,3140
30320,1510,1810
30321,1920,2300
30322,2330,2790
30324,2650,3180
30325,1920,2300
30326,2450,2940
30327,2340,2810
30328,2560,3070
30329,2350,2820
30331,1600,1920
30332,2010,2410
30333,1830,2190
30334,1920,2300
30336,1630,1960
30337,1340,1610
30338,2480,2970
30339,2460,2950
30340,1760,2110
30341,2310,2770
30342,2130,2550
30343,1920,2300
30344,1680,2010
30345,2050,2460
30346,2270,2720
30349,1600,1920
30350,2250,2700
30354,1470,1760
30355,1920,2300
30356,1830,2190
30357,1920,2300
30358,1920,2300
30359,1830,2190
30360,1870,2240
30361,1920,2300
30362,1830,2190
30363,2380,2850
30364,1920,2300
30366,1830,2190
30368,1920,2300
30377,1920,2300
30380,1920,2300
30385,1920,2300
30388,1920,2300
30396,1920,2300
30398,1920,2300
30506,1530,1850
30515,1970,2360
30517,1850,2300
30518,1860,2240
30519,2230,2680
30533,1250,1580
30534,1700,2050
30536,1140,1490
30540,970,1270
30548,1400,1740
30620,1880,2250
30641,1280,1530
30650,1450,1750
30655,1330,1590
30656,1500,1800
30663,1460,1750
30734,1530,2050
31024,1140,1550
31038,1230,1490
31064,1270,1520
31085,1250,1500
31106,1920,2300
31107,1830,2190
31119,1830,2190
31126,1920,2300
31131,1920,2300
31139,1900,2280
31141,1830,2190
31145,1830,2190
31146,1830,2190
31150,1920,2300
31156,1920,2300
39901,1830,2190
30216,1050,1400
31029,1200,1440
30113,1170,1430
30125,1080,1350
30140,1110,1350
30176,1130,1370
30512,990,1350
30528,1360,1640
30564,1360,1640
30597,1250,1580
30218,1470,2040
30222,970,1350
30241,1240,1550
30251,1030,1430
30293,970,1350
31816,1120,1560
31822,1030,1320
31830,1000,1350
30623,1400,1760
30625,1230,1480
30642,1230,1480
08037,1780,2400
08094,1840,2220
08201,2300,3190
08203,2000,2770
08205,2120,2940
08213,1870,2590
08215,2200,3020
08217,1870,2530
08220,1870,2590
08221,2760,3820
08225,2110,2920
08231,1870,2590
08232,1680,2330
08234,2040,2830
08240,2140,2960
08241,2190,2980
08244,1760,2440
08270,1570,2170
08310,1550,2170
08317,1960,2710
08319,1660,2260
08326,2410,3340
08330,2140,2960
08340,1660,2290
08341,1550,2170
08342,1870,2590
08344,1900,2350
08346,1950,2560
08350,1670,2300
08360,1590,2180
08361,1830,2520
08401,1620,2240
08402,2120,2940
08403,2800,3880
08404,1870,2590
08406,2090,2890
08202,1990,2660
08204,1630,2180
08210,1970,2630
08212,1630,2180
08214,1790,2390
08218,1790,2390
08219,1790,2390
08223,2160,2890
08226,2130,2850
08230,2320,3100
08242,1750,2330
08243,2210,2950
08245,1970,2630
08246,1970,2630
08247,2030,2710
08248,2280,3040
08250,1790,2390
08251,1960,2620
08252,1790,2390
08260,1610,2150
36801,1100,1390
36803,1180,1490
36804,1060,1380
36830,1380,1750
36831,1180,1490
36832,1190,1510
36849,1270,1610
36850,1060,1380
36852,1170,1480
36854,1160,1470
36865,1190,1510
36866,1060,1380
36867,1060,1380
36870,1150,1470
36874,1170,1520
36877,1260,1590
36879,1060,1380
36013,1380,1750
36029,900,1130
36031,850,1020
36039,1020,1250
36075,1200,1470
36078,900,1130
36083,960,1180
36087,1000,1230
36088,1060,1300
36089,790,940
36860,1000,1320
29006,1020,1300
29105,1110,1430
29129,1020,1300
29137,970,1250
29138,1020,1300
29146,970,1190
29164,1080,1390
29801,1280,1650
29802,1200,1550
29803,1310,1690
29804,1200,1550
29805,1010,1300
29809,970,1260
29816,1140,1460
29821,1130,1460
29822,1200,1550
29824,1020,1300
29828,1240,1600
29829,1260,1630
29831,1180,1530
29832,1020,1300
29834,1100,1420
29835,970,1270
29838,1080,1400
29839,1200,1550
29841,1180,1520
29842,1010,1300
29845,1070,1400
29847,1060,1370
29851,1250,1610
29853,970,1190
29856,970,1260
29860,1290,1660
29861,1200,1550
30426,990,1270
30434,970,1190
30441,980,1260
30442,970,1350
30456,970,1260
30802,1240,1600
30805,990,1280
30808,1020,1320
30809,1890,2440
30812,1210,1560
30813,1680,2170
30814,970,1260
30815,1370,1770
30816,970,1250
30821,980,1270
30824,1010,1300
30828,980,1290
30830,1070,1380
30901,1100,1420
30903,1350,1770
30904,1200,1550
30905,1890,2440
30906,1210,1560
30907,1420,1830
30909,1480,1910
30912,1270,1640
30914,1270,1640
30916,1270,1640
30917,1570,2030
30919,1270,1640
30668,1030,1340
30817,1000,1310
76511,1760,2240
76527,1760,2240
76530,1760,2240
76537,1940,2460
76573,1760,2240
76574,1760,2240
76577,1760,2240
76578,1760,2240
78130,1620,2080
78132,1660,2130
78602,1760,2240
78605,1760,2240
78606,1120,1550
78610,1880,2380
78612,1760,2240
78613,2000,2530
78615,1760,2240
78616,1760,2240
78617,1760,2240
78619,1760,2240
78620,1850,2350
78621,1760,2240
78622,1760,2240
78623,1420,1820
78626,1970,2500
78627,1910,2420
78628,1760,2240
78630,1910,2420
78632,1760,2240
78633,2330,2950
78634,2230,2830
78636,1760,2240
78640,1810,2290
78641,2130,2700
78642,1760,2240
78644,1760,2240
78645,1760,2240
78646,1910,2420
78648,1230,1570
78650,1760,2240
78652,2780,3520
78653,1970,2510
78654,1760,2240
78655,1300,1650
78656,1760,2240
78659,1760,2240
78660,1980,2510
78661,1760,2240
78662,1760,2240
78663,1760,2240
78664,1790,2270
78665,2120,2690
78666,1480,1880
78667,1760,2240
78669,1760,2240
78674,1970,2500
78676,1560,1980
78680,1910,2420
78681,2090,2650
78683,1910,2420
78691,1890,2400
78701,2780,3520
78702,2540,3220
78703,2590,3280
78704,2100,2660
78705,2000,2530
78708,1890,2400
78709,1890,2400
78711,1890,2400
78712,2150,2730
78713,1890,2400
78714,1890,2400
78715,1890,2400
78716,1890,2400
78717,2010,2550
78718,1890,2400
78719,1780,2260
78720,1890,2400
78721,1900,2410
78722,2010,2550
78723,1760,2240
78724,1760,2240
78725,2540,3220
78726,1910,2420
78727,2100,2660
78728,1770,2240
78729,1850,2340
78730,1890,2400
78731,1810,2290
78732,1990,2520
78733,2780,3520
78734,2300,2910
78735,2210,2800
78736,2110,2670
78737,2480,3140
78738,2230,2830
78739,2780,3520
78741,1800,2280
78742,1760,2240
78744,1760,2240
78745,1930,2450
78746,2330,2950
78747,2100,2660
78748,2050,2600
78749,2110,2670
78750,2050,2600
78751,2260,2860
78752,1760,2240
78753,1760,2240
78754,1880,2380
78755,1890,2400
78756,1760,2240
78757,1800,2280
78758,1890,2400
78759,2070,2620
78760,1890,2400
78761,1890,2400
78762,1890,2400
78763,1890,2400
78764,1890,2400
78765,1890,2400
78766,1890,2400
78767,1890,2400
78768,1890,2400
78783,1890,2400
78799,1890,2400
78941,1760,2240
78942,1760,2240
78945,1760,2240
78953,1870,2370
78957,1760,2240
78959,1760,2240
93203,1350,1880
93204,1310,1830
93205,1250,1750
93206,1280,1780
93215,1350,1880
93219,1290,1780
93220,1480,2060
93222,2050,2850
93224,1540,2140
93225,1970,2690
93226,1490,2060
93238,1290,1780
93240,1320,1840
93241,1250,1750
93243,2070,2650
93249,1250,1750
93250,1340,1860
93251,1250,1750
93252,2430,3240
93255,1250,1750
93263,1490,2070
93268,1250,1750
93276,1250,1750
93280,1250,1750
93283,1250,1750
93285,1320,1840
93287,1480,2070
93301,1330,1850
93302,1480,2060
93303,1480,2060
93304,1430,1990
93305,1350,1880
93306,1520,2110
93307,1390,1930
93308,1580,2200
93309,1620,2250
93311,2140,2980
93312,2220,3090
93313,2220,3090
93314,2220,3090
93380,1480,2060
93384,1480,2060
93385,1480,2060
93386,1480,2060
93387,1480,2060
93388,1480,2060
93389,1480,2060
93390,1480,2060
93461,2530,3390
93501,1390,1930
93502,1480,2060
93504,1480,2060
93505,1300,1810
93516,2080,2780
93518,1700,2360
93519,1390,1930
93523,2220,3090
93524,2220,3090
93527,1290,1780
93528,1480,2060
93531,1600,2220
93536,2450,3110
93554,1480,2060
93555,2080,2780
93556,1480,2060
93560,2070,2650
93561,1530,2130
93581,1530,2130
20701,2700,3430
20711,1770,2280
20714,2110,2740
20723,2320,2950
20724,2610,3310
20733,2330,2960
20736,1780,2330
20751,2330,2960
20754,2530,3250
20755,2530,3210
20758,1990,2590
20759,2570,3260
20763,2300,2920
20764,2680,3400
20765,1770,2280
20776,2140,2720
20777,2720,3450
20778,2420,3110
20779,2050,2640
20794,2300,2920
20833,2530,3190
21001,1770,2280
21005,2280,2890
21009,1900,2410
21010,2790,3540
21012,2490,3160
21013,1770,2280
21014,1790,2280
21015,1990,2530
21017,2070,2630
21020,1800,2290
21022,1800,2290
21023,1860,2360
21028,2080,2680
21029,2790,3540
21030,1960,2490
21031,1960,2490
21032,2620,3330
21034,1770,2280
21035,2590,3290
21036,2690,3410
21037,2520,3200
21040,1770,2280
21041,2350,2980
21042,2480,3150
21043,2280,2890
21044,2480,3150
21045,2050,2600
21046,2490,3160
21047,2790,3540
21048,1770,2280
21050,1960,2490
21051,1770,2280
21052,1770,2280
21053,2660,3420
21054,2790,3540
21056,2350,2980
21057,2110,2710
21060,1920,2440
21061,2070,2630
21062,2330,2960
21071,1780,2280
21074,1770,2280
21075,2390,3030
21076,2700,3430
21077,2700,3430
21078,1770,2280
21082,1800,2290
21084,1840,2340
21085,1810,2300
21087,1930,2450
21090,2170,2760
21092,1800,2290
21093,1830,2320
21094,1800,2290
21102,1770,2280
21104,2360,3060
21105,1800,2290
21108,2310,2930
21111,1870,2430
21113,2570,3260
21114,2440,3100
21117,2190,2780
21120,2160,2790
21122,2350,2980
21123,2330,2960
21128,1950,2480
21130,1950,2470
21131,2660,3420
21132,1770,2280
21133,1820,2310
21136,1780,2280
21139,1800,2290
21140,2500,3180
21144,2240,2840
21146,2250,2880
21150,2350,2980
21152,1930,2450
21153,2060,2610
21154,1770,2280
21155,1770,2280
21156,1800,2290
21157,1770,2280
21158,2010,2550
21160,1770,2280
21161,1770,2280
21162,1870,2380
21163,1770,2280
21201,1950,2480
21202,2190,2780
21203,1770,2280
21204,2200,2790
21205,1770,2280
21206,1770,2280
21207,1770,2280
21208,2100,2670
21209,2060,2620
21210,1770,2280
21211,1900,2410
21212,1770,2280
21213,1770,2280
21214,1770,2280
21215,1770,2280
21216,1770,2280
21217,1770,2280
21218,1770,2280
21219,1770,2280
21220,1870,2370
21221,1770,2280
21222,1770,2280
21223,1770,2280
21224,2150,2730
21225,1770,2280
21226,1770,2280
21227,1770,2280
21228,1770,2280
21229,1770,2280
21230,2150,2730
21231,2200,2790
21233,1770,2280
21234,1830,2320
21236,1830,2320
21237,1770,2280
21239,1770,2280
21240,2330,2960
21244,1870,2370
21250,1770,2280
21251,1770,2280
21252,2180,2760
21263,1770,2280
21270,1770,2280
21282,1800,2290
21284,1800,2290
21285,2020,2570
21286,1900,2410
21287,1770,2280
21401,2480,3150
21402,2790,3540
21403,2230,2830
21404,2330,2960
21405,2520,3200
21409,2620,3330
21412,2330,2960
21607,1770,2280
21617,1770,2280
21619,2200,2790
21620,1770,2280
21623,1770,2280
21628,1770,2280
21638,2080,2680
21640,1840,2300
21644,1770,2280
21649,1990,2490
21651,1770,2280
21657,2040,2640
21658,1970,2500
21666,2270,2880
21668,1770,2280
21679,1800,2340
21723,2350,2980
21737,2350,2980
21738,2350,2980
21757,1480,1870
21765,2350,2980
21771,2220,2810
21776,1540,1980
21784,1970,2500
21787,1170,1500
21791,1490,1890
21794,2350,2980
21797,2150,2720
04401,1680,2160
04402,1610,2070
04412,1600,2060
04418,1320,1710
04428,1720,2220
04429,1840,2420
04444,1570,2020
04448,1430,1850
04450,1620,2080
04457,1290,1650
04460,1290,1650
04461,1610,2070
04468,1670,2160
04469,1740,2250
04473,1780,2290
04474,1780,2290
04489,2270,2920
04410,1420,1840
04411,1660,2150
04417,1160,1500
04419,1870,2420
04422,1770,2290
04427,1390,1800
04430,1140,1470
04434,1670,2160
04435,1980,2560
04449,1840,2380
04451,1510,1980
04453,1320,1710
04455,1630,2110
04456,1890,2440
04459,1590,2070
04462,1040,1310
04475,1360,1760
04487,1630,2110
04488,1580,2040
04493,1160,1500
04495,1630,2110
04497,1230,1680
04733,1220,1670
04765,1110,1460
04777,1630,2110
04921,1410,1830
04928,1570,2030
04930,1420,1830
04932,1930,2490
04933,1630,2110
04939,1530,1980
04953,1400,1810
04969,1420,1840
02360,2560,3080
02532,2560,3080
02534,2250,2780
02536,2510,3090
02537,2940,3620
02540,2120,2600
02541,2420,2980
02542,2870,3540
02543,2120,2810
02553,2120,2600
02556,2320,2860
02559,2130,2610
02561,2520,3100
02562,2420,2980
02563,2600,3200
02574,2420,2980
02601,2440,3010
02630,3260,4020
02631,2320,2860
02632,3210,3960
02633,2400,2960
02634,2420,2980
02635,2750,3390
02637,2940,3630
02638,2370,2920
02639,2180,2690
02641,2340,2880
02642,2520,3110
02643,2150,2660
02644,2520,3110
02645,2730,3360
02646,2620,3230
02647,2430,3000
02648,2830,3490
02649,2470,3040
02650,2400,2960
02651,2420,2980
02652,2120,2600
02653,2130,2630
02655,2580,3180
02657,2120,2600
02659,2120,2600
02660,2350,2900
02661,2420,2980
02662,2420,2980
02663,2120,2600
02664,2530,3120
02666,2120,2600
02667,2120,2600
02668,3080,3790
02669,2420,2980
02670,2200,2710
02671,2550,3140
02672,2730,3370
02673,2430,2990
02675,2540,3130
70346,1100,1380
70401,1100,1380
70403,1120,1400
70422,1100,1380
70436,1100,1380
70441,1100,1380
70443,1100,1380
70444,1100,1380
70449,1100,1380
70453,1100,1380
70456,1100,1380
70462,1140,1430
70466,1100,1380
70704,1200,1510
70706,1230,1540
70710,1190,1490
70711,1100,1380
70712,1180,1460
70714,1130,1420
70715,1100,1380
70718,1370,1720
70719,1120,1410
70722,1100,1380
70725,1100,1380
70726,1270,1590
70727,1230,1540
70728,1370,1720
70729,1100,1380
70730,1100,1380
70732,1100,1380
70733,1160,1460
70734,1400,1770
70736,1100,1380
70737,1550,1950
70739,1710,2150
70744,1100,1380
70747,1100,1380
70748,1100,1380
70749,1100,1380
70752,1100,1380
70753,1100,1380
70754,1280,1610
70755,1100,1380
70756,1100,1380
70757,1100,1380
70759,1150,1440
70760,1100,1380
70761,1100,1380
70762,1100,1380
70764,1100,1380
70767,1100,1380
70769,1360,1710
70770,1540,1930
70773,1100,1380
70774,1200,1510
70775,1150,1440
70777,1130,1420
70778,1200,1510
70782,1150,1440
70783,1100,1380
70784,1140,1430
70785,1170,1470
70786,1230,1540
70787,1150,1440
70789,1100,1380
70791,1450,1820
70801,1810,2270
70802,1110,1390
70803,1180,1480
70804,1200,1510
70805,1100,1380
70806,1250,1570
70807,1100,1380
70808,1350,1690
70809,1430,1790
70810,1420,1780
70811,1100,1380
70812,1300,1630
70813,1100,1380
70814,1150,1440
70815,1100,1380
70816,1220,1530
70817,1410,1770
70818,1350,1690
70819,1170,1460
70820,1110,1390
70821,1200,1510
70825,1200,1510
70827,1200,1510
70835,1200,1510
70836,1500,1880
70874,1200,1510
70879,1200,1510
70884,1200,1510
70892,1200,1510
70895,1200,1510
70896,1200,1510
70898,1200,1510
70301,1110,1340
70339,950,1300
70341,1160,1620
70372,1450,2020
70380,970,1280
70390,960,1340
70391,960,1340
70393,990,1380
70721,920,1280
70740,930,1270
70772,870,1210
70776,930,1280
70780,920,1270
70788,830,1170
48813,1100,1410
49011,1110,1410
49012,1170,1530
49014,1250,1500
49015,1210,1450
49016,1180,1410
49017,1150,1390
49021,1260,1620
49029,990,1190
49033,1170,1400
49034,1070,1410
49037,1090,1310
49051,1150,1380
49052,1070,1410
49068,1150,1380
49076,1090,1380
49092,1380,1710
49094,990,1300
49224,1060,1330
49237,1040,1370
49245,1130,1350
49252,1000,1330
49284,1170,1500
48604,1190,1530
48611,1020,1390
48613,1300,1770
48623,1330,1720
48631,990,1340
48634,1030,1330
48642,1340,1710
48650,1010,1380
48652,1330,1810
48658,970,1350
48659,1050,1460
48706,1070,1450
48707,1030,1400
48708,970,1320
48710,1030,1400
48732,990,1340
48747,1130,1530
48757,1030,1360
77369,1160,1530
77374,1030,1350
77376,1090,1390
77519,1030,1350
77564,1090,1470
77585,1030,1350
77611,1230,1610
77613,1060,1390
77619,1270,1660
77622,1170,1530
77625,1020,1340
77627,1350,1770
77629,1080,1430
77630,1090,1430
77631,1060,1390
77632,1090,1440
77639,1060,1390
77640,1200,1570
77641,1120,1470
77642,1060,1390
77643,1120,1470
77651,1150,1510
77655,1200,1570
77656,1010,1320
77657,1040,1360
77659,1220,1600
77662,970,1270
77663,1020,1340
77664,1050,1320
77665,1140,1530
77670,1060,1390
77701,980,1280
77702,1090,1430
77703,970,1280
77704,1120,1470
77705,970,1280
77706,1200,1570
77707,1230,1610
77708,1100,1440
77713,1410,1850
77720,1120,1470
77725,1120,1470
77726,1120,1470
25002,920,1200
25031,950,1260
25036,960,1250
25040,920,1200
25057,920,1200
25059,950,1230
25083,1010,1290
25085,920,1200
25090,920,1200
25115,920,1200
25118,920,1200
25119,920,1200
25136,950,1230
25139,920,1200
25152,920,1200
25161,920,1200
25173,920,1200
25185,920,1200
25186,870,1130
25801,950,1320
25812,870,1130
25831,920,1200
25837,920,1200
25840,1080,1410
25846,1010,1350
25854,1170,1530
25855,920,1200
25862,920,1200
25864,920,1240
25866,990,1290
25868,920,1200
25879,1000,1300
25880,1110,1510
25901,940,1230
25904,920,1200
25907,1130,1550
25917,920,1200
25936,1000,1300
25938,920,1200
25942,920,1200
25962,870,1110
25976,870,1140
25981,870,1110
25986,870,1130
26656,900,1170
26680,940,1210
26690,890,1160
25007,940,1310
25008,940,1310
25044,940,1310
25048,940,1310
25060,940,1310
25062,940,1310
25140,940,1310
25174,940,1310
25180,940,1310
25209,870,1200
25802,940,1310
25811,870,1170
25813,1200,1670
25817,940,1310
25818,880,1220
25823,940,1310
25825,940,1300
25827,940,1310
25832,870,1210
25836,940,1310
25839,940,1310
25841,900,1210
25843,940,1310
25844,870,1210
25849,940,1310
25851,940,1310
25853,940,1310
25857,940,1310
25865,940,1310
25871,940,1310
25873,960,1340
25878,1080,1500
25902,900,1220
25906,940,1310
25908,890,1240
25909,1080,1470
25911,1050,1470
25915,940,1310
25918,980,1360
25919,940,1310
25920,940,1310
25921,890,1240
25927,940,1310
25932,940,1310
25951,870,1160
25969,870,1160
25989,940,1310
98220,1580,2200
98225,1820,2530
98226,1760,2450
98227,1790,2490
98228,1790,2490
98229,1890,2630
98230,1710,2380
98231,1790,2490
98237,1680,2340
98240,1750,2440
98244,1480,2080
98247,1770,2460
98248,1770,2460
98262,1950,2710
98264,1940,2700
98266,1580,2200
98276,1980,2750
98281,1480,2080
98283,1680,2340
98284,1770,2460
98295,1540,2140
97701,1790,2490
97702,1910,2660
97703,1970,2740
97707,2050,2850
97708,1780,2480
97709,1780,2480
97712,1510,2110
97739,1510,2110
97756,1570,2180
97760,1620,2250
97751,1260,1750
97752,1390,1930
97753,1560,2170
97754,1380,1920
97711,1230,1710
97730,1840,2560
97734,1310,1820
97741,1440,2020
97761,1440,2020
59001,1280,1780
59002,1470,2020
59006,1240,1700
59007,1240,1700
59008,1490,2050
59013,1620,2240
59014,1240,1700
59015,1460,2010
59019,1240,1700
59024,1430,1970
59026,1410,1940
59029,1390,1910
59037,1370,1870
59041,1670,2300
59044,1360,1870
59057,1440,1990
59063,1430,1990
59064,1280,1700
59068,1240,1700
59070,1550,2130
59071,1240,1700
59079,1980,2730
59088,1390,1910
59101,1350,1860
59102,1480,2040
59103,1430,1970
59104,1430,1970
59105,1600,2200
59106,1730,2380
59107,1430,1970
59108,1430,1970
59011,1160,1540
59028,1460,2030
59046,1440,2000
59061,1530,2120
59067,1400,1920
59069,1840,2510
59074,1280,1780
13730,1070,1380
13732,1170,1500
13734,1170,1490
13736,1540,1850
13737,1100,1410
13743,1070,1380
13744,1070,1380
13745,1100,1410
13746,1070,1390
13748,1070,1380
13749,1100,1410
13754,1070,1380
13760,1080,1380
13761,1100,1410
13762,1100,1410
13777,1070,1380
13778,1070,1380
13783,1210,1680
13787,1070,1380
13790,1130,1450
13794,1100,1410
13795,1120,1430
13797,1070,1380
13802,1070,1380
13803,1140,1440
13811,1120,1430
13812,1280,1640
13813,1070,1380
13826,1070,1380
13827,1110,1420
13833,1310,1690
13835,1170,1490
13840,1110,1420
13841,1210,1670
13845,1110,1420
13848,1100,1410
13850,1270,1630
13851,1100,1410
13862,1070,1380
13863,1250,1550
13864,1540,1850
13865,1070,1380
13901,1070,1380
13902,1270,1630
13903,1070,1380
13904,1090,1400
13905,1190,1520
14817,2030,2440
14859,1390,1760
14883,1540,1850
14889,1310,1640
14892,1160,1470
35004,1520,1900
35005,1160,1450
35006,1020,1280
35007,1420,1780
35013,1020,1280
35016,1020,1280
35020,1040,1300
35021,1260,1580
35022,1090,1360
35023,1310,1640
35031,1020,1280
35034,1020,1280
35035,1020,1280
35036,1120,1400
35040,1640,2050
35042,1020,1280
35043,1470,1840
35048,1260,1580
35049,1020,1280
35051,1020,1280
35052,1230,1540
35054,1410,1760
35060,1110,1400
35061,1370,1710
35062,1020,1280
35063,1020,1390
35064,1200,1500
35068,1280,1600
35071,1290,1610
35073,1100,1380
35074,1070,1340
35077,1020,1280
35078,1020,1280
35079,1020,1280
35080,1780,2230
35091,1050,1320
35094,1090,1360
35097,1220,1530
35111,1200,1510
35112,1110,1390
35114,1310,1640
35115,1020,1280
35116,1100,1380
35117,1160,1450
35118,1070,1340
35119,1260,1580
35120,1110,1390
35121,1020,1280
35124,1610,2010
35125,1140,1430
35126,1320,1650
35127,1400,1750
35128,1310,1640
35130,1020,1280
35131,1020,1280
35133,1020,1280
35135,1250,1560
35143,1020,1280
35146,1020,1280
35147,1820,2280
35148,1020,1390
35172,1020,1280
35173,1490,1860
35176,1020,1280
35178,1020,1280
35180,1020,1280
35181,1160,1450
35184,1020,1280
35185,1460,1830
35186,1290,1610
35188,1040,1300
35201,1260,1580
35202,1260,1580
35203,1020,1280
35204,1020,1280
35205,1400,1750
35206,1150,1440
35207,1020,1280
35208,1070,1340
35209,1580,1980
35210,1230,1540
35211,1150,1440
35212,1020,1280
35213,1900,2380
35214,1100,1380
35215,1260,1580
35216,1590,1990
35217,1040,1300
35218,1030,1290
35219,1260,1580
35220,1260,1580
35221,1120,1400
35222,1170,1460
35223,1900,2380
35224,1110,1390
35226,1620,2030
35228,1150,1440
35229,1580,1980
35231,1260,1580
35232,1260,1580
35233,1730,2160
35234,1020,1280
35235,1360,1700
35236,1260,1580
35238,1460,1830
35242,1800,2250
35243,1690,2110
35244,1560,1950
35249,1730,2160
35253,1260,1580
35254,1020,1280
35255,1260,1580
35259,1260,1580
35260,1260,1580
35261,1260,1580
35266,1260,1580
35285,1260,1580
35293,1260,1580
35294,1260,1580
35295,1260,1580
35444,1240,1580
35456,1170,1490
35906,1110,1350
35952,1020,1280
35953,1220,1530
35957,1020,1280
35972,1020,1280
35976,1020,1280
35980,1020,1280
35987,1050,1300
36750,1140,1500
36792,1060,1390
36793,1040,1370
35045,1020,1340
35046,800,1090
35085,980,1290
35171,1060,1390
36006,990,1280
36051,1020,1310
36091,940,1230
36758,900,1170
36790,990,1350
35033,1020,1330
35038,890,1240
35501,920,1280
35502,890,1240
35503,860,1190
35504,870,1210
35541,900,1240
35546,1030,1310
35549,780,1080
35550,800,1110
35554,780,1080
35573,780,1080
35578,1160,1610
35579,1030,1310
35580,900,1250
35584,1140,1590
35587,810,1130
58477,1170,1630
58494,1350,1880
58501,1140,1590
58502,1170,1630
58503,1310,1820
58504,1140,1590
58505,1170,1630
58506,1170,1630
58507,1170,1630
58520,960,1340
58521,1120,1560
58523,1160,1400
58524,930,1290
58530,1030,1290
58532,1050,1460
58535,1130,1570
58545,1180,1440
58554,1190,1660
58558,1180,1640
58560,1170,1620
58563,950,1320
58566,1180,1640
58569,930,1290
58570,980,1310
58571,1030,1290
58572,1170,1630
58579,980,1360
58631,1030,1370
58638,1030,1320
24059,1210,1640
24060,1390,1870
24061,1390,1870
24062,1290,1730
24063,1290,1730
24068,1290,1730
24070,1110,1530
24073,1230,1650
24087,1120,1510
24111,1290,1730
24128,1110,1490
24129,1110,1490
24138,1110,1490
24141,1110,1490
24142,1110,1490
24149,1540,2100
24162,1110,1490
24347,1110,1490
24072,1080,1360
24079,1130,1440
24091,1100,1320
24105,950,1190
24120,910,1160
24352,910,1210
24380,970,1170
24086,990,1180
24093,980,1220
24124,1000,1210
24134,1030,1230
24136,920,1100
24147,990,1190
24150,940,1160
24167,1030,1230
24315,910,1280
24058,1160,1560
24084,910,1250
24126,920,1250
24132,1070,1380
24301,960,1310
24313,910,1240
24324,930,1250
60936,980,1290
61701,1260,1660
61702,1300,1710
61704,1430,1890
61705,1620,2140
61720,1470,1940
61722,1460,1930
61723,1020,1290
61724,1000,1320
61725,1220,1590
61726,1080,1410
61728,1060,1400
61729,1060,1380
61730,1230,1620
61731,1160,1510
61732,1450,1910
61736,1370,1810
61737,1280,1690
61738,1040,1350
61739,980,1290
61744,980,1290
61745,1300,1710
61748,980,1290
61752,1030,1350
61753,1070,1410
61754,1500,1970
61755,1040,1350
61759,980,1290
61761,1230,1620
61770,1160,1530
61772,1510,1980
61774,1420,1870
61776,1260,1660
61790,1300,1710
61842,1210,1460
61843,980,1290
61845,980,1290
61854,1170,1500
46151,1230,1590
47264,1040,1310
47401,1230,1600
47402,1210,1570
47403,1110,1460
47404,1240,1610
47405,1210,1570
47406,1210,1570
47407,1210,1570
47408,1200,1560
47421,990,1260
47426,1210,1570
47429,1110,1460
47433,1100,1440
47434,1110,1460
47436,1100,1380
47448,1290,1670
47458,1230,1600
47460,1110,1460
47462,1030,1290
47464,1110,1460
47468,1220,1580
46120,1100,1440
46166,1190,1530
47424,1010,1270
47427,960,1170
47431,960,1170
47455,960,1160
47456,1100,1440
47459,1020,1290
47471,960,1200
47833,1010,1220
47841,960,1150
47868,1020,1260
83302,1660,2320
83316,1660,2320
83602,1660,2320
83604,1660,2320
83605,1660,2320
83606,1660,2320
83607,1710,2380
83616,2220,3110
83622,1660,2320
83624,1660,2320
83626,1790,2490
83627,1660,2320
83628,1660,2320
83629,1660,2320
83630,1660,2320
83631,1660,2320
83634,2070,2900
83637,2240,3120
83639,1660,2320
83641,1660,2320
83642,1840,2560
83644,1660,2320
83646,2090,2930
83647,1660,2320
83650,1660,2320
83651,1660,2320
83653,1660,2320
83656,1660,2320
83660,1660,2320
83666,1660,2320
83669,1880,2610
83670,1660,2320
83676,1660,2320
83680,1710,2400
83686,1660,2320
83687,1660,2320
83701,1710,2400
83702,1660,2320
83703,1660,2320
83704,1660,2320
83705,1660,2320
83706,1750,2450
83707,1710,2400
83709,2040,2840
83711,1710,2400
83712,1660,2320
83713,1960,2740
83714,1680,2350
83715,1710,2400
83716,2240,3120
83717,1710,2400
83719,1710,2400
83720,1710,2380
83724,1710,2400
83725,1710,2380
89832,1660,2320
97910,1660,2320
83617,1190,1610
83636,1190,1610
83655,1220,1700
83657,1190,1640
01431,2560,3080
01432,2560,3080
01434,2560,3080
01450,2560,3080
01451,2560,3080
01460,2560,3080
01462,2620,3370
01463,2560,3080
01464,2560,3080
01469,2560,3080
01474,3270,3920
01503,2560,3080
01504,2560,3080
01701,2750,3300
01702,2650,3180
01703,2980,3570
01704,2980,3570
01718,2620,3140
01719,2560,3080
01720,2620,3140
01721,3270,3920
01730,3330,3990
01731,4410,5290
01741,2560,3080
01742,3500,4200
01746,2560,3080
01748,3220,3860
01749,2560,3080
01752,2560,3080
01754,2560,3080
01756,2640,3670
01760,2910,3490
01770,2920,3500
01773,2920,3500
01775,2560,3080
01776,3130,3750
01778,2990,3590
01784,2980,3570
01801,3150,3780
01803,3460,4150
01821,2940,3530
01824,2900,3480
01833,3000,3600
01845,2990,3590
01860,2560,3080
01864,3170,3800
01867,2620,3140
01876,3250,3900
01880,2590,3110
01886,3450,4140
01887,3480,4170
01888,2980,3570
01889,2980,3570
01890,3110,3730
01901,2560,3080
01902,2560,3080
01903,2560,3080
01904,2560,3080
01905,2560,3080
01906,2690,3230
01907,3090,3700
01908,2590,3110
01913,2560,3080
01915,2680,3210
01921,2560,3080
01922,2560,3080
01923,2690,3230
01929,2560,3080
01930,2560,3080
01931,2560,3080
01936,2560,3080
01937,2690,3230
01938,2560,3080
01940,3250,3900
01944,2660,3190
01945,2560,3080
01949,2560,3080
01950,2560,3080
01951,2700,3240
01952,2590,3110
01960,2560,3080
01961,2560,3080
01965,2660,3180
01966,2560,3080
01969,2560,3080
01970,2560,3080
01971,2560,3080
01982,2560,3080
01983,2560,3080
01984,2560,3080
02018,2560,3080
02019,2590,3110
02020,2560,3080
02021,3140,3760
02025,3170,3800
02026,2870,3440
02027,2900,3480
02030,3680,4410
02032,2860,3430
02035,2560,3080
02038,2560,3080
02041,2560,3080
02043,2930,3510
02045,2640,3170
02047,2560,3080
02048,2560,3080
02050,2560,3080
02051,2560,3080
02052,2560,3080
02053,2560,3080
02054,2580,3090
02056,2560,3080
02059,2560,3080
02060,2560,3080
02061,2930,3510
02062,2820,3380
02065,2560,3080
02066,2560,3080
02067,3300,3960
02070,2900,3480
02071,2580,3090
02072,2750,3300
02081,2620,3140
02090,3210,3850
02093,2560,3080
02108,3670,4400
02109,4410,5290
02110,4410,5290
02111,3700,4440
02112,3040,3640
02113,3600,4320
02114,4410,5290
02115,3330,3990
02116,4170,5000
02117,3040,3640
02118,2630,3150
02119,2560,3080
02120,2860,3430
02121,2560,3080
02122,2800,3360
02123,3040,3640
02124,2560,3080
02125,2560,3080
02126,2560,3080
02127,3790,4540
02128,2740,3290
02129,4020,4820
02130,3410,4090
02131,2830,3390
02132,2880,3450
02133,3890,4660
02134,3300,3960
02135,3250,3900
02136,2580,3090
02137,3040,3640
02138,4230,5070
02139,4000,4800
02140,3650,4380
02141,3800,4560
02142,4010,4810
02143,3470,4160
02144,3640,4360
02145,3350,4020
02148,3030,3630
02149,2760,3310
02150,2630,3150
02151,2570,3080
02152,2620,3140
02155,3250,3900
02163,4290,5140
02169,2940,3530
02170,2560,3080
02171,3030,3630
02176,2820,3380
02180,2670,3200
02184,2760,3310
02185,2900,3480
02186,2560,3080
02188,2710,3250
02189,2560,3080
02190,2610,3130
02191,2560,3080
02196,3040,3640
02199,4410,5290
02201,3040,3640
02203,3040,3640
02205,3040,3640
02210,3910,4680
02215,3820,4580
02217,3040,3640
02222,3040,3640
02238,2980,3570
02269,2900,3480
02302,2560,3080
02322,2560,3080
02327,2560,3080
02330,2630,3150
02331,2560,3080
02332,2620,3140
02338,2560,3080
02339,2560,3080
02341,3130,3910
02343,2560,3080
02345,2560,3080
02346,2560,3080
02356,2560,3080
02358,2560,3080
02359,2940,3530
02361,2560,3080
02362,2560,3080
02364,2560,3080
02366,2560,3080
02367,2560,3080
02368,2880,3450
02370,2560,3080
02381,2560,3080
02420,3650,4380
02421,4200,5040
02445,3960,4750
02446,4250,5100
02447,2900,3480
02451,3520,4220
02452,3200,3840
02453,3060,3670
02454,2980,3570
02455,2980,3570
02457,3960,4740
02458,3130,3750
02459,3430,4110
02460,3390,4060
02461,4350,5220
02462,3270,3920
02464,3570,4280
02465,3170,3800
02466,3240,3880
02467,4060,4870
02468,3670,4390
02471,2980,3570
02472,3210,3850
02474,3100,3720
02476,2580,3090
02478,3340,4000
02481,4030,4830
02482,3980,4770
02492,3600,4320
02493,3030,3630
02494,3040,3640
02538,2560,3080
02558,2560,3080
02571,2560,3080
02576,2560,3080
02738,2560,3080
02760,2560,3080
02762,2580,3090
03827,2560,3080
03833,2560,3080
03844,2560,3130
03858,2560,3080
03874,2560,3080
02301,2240,2800
02303,2330,2910
02304,2330,2910
02305,2330,2910
02324,2660,3330
02325,2660,3330
02333,2140,2680
02337,2330,2910
02347,2550,3190
02350,3130,3910
02351,2370,2960
02375,2880,3450
02379,2770,3460
02382,2360,2950
02702,2120,2540
02739,2300,2880
02767,2410,2910
02770,1980,2480
02779,2110,2580
01810,2940,3530
01826,2330,2790
01830,2210,2650
01831,2370,2840
01832,2240,2690
01834,2090,2510
01835,2240,2690
01840,2010,2410
01841,2010,2410
01842,2370,2840
01843,2390,2870
01844,2310,2770
01885,2370,2840
01985,3070,3680
03036,2440,3030
03038,2030,2550
03041,2220,2660
03042,2500,3070
03044,3020,3620
03053,2360,3260
03073,2220,2660
03076,1920,2550
03077,2160,2590
03079,2150,2580
03087,3410,4090
03290,2170,2780
03811,1910,2310
03819,2560,3070
03826,1770,2130
03841,1830,2190
03848,1810,2190
03859,2220,2660
03865,2160,2590
03873,2670,3200
01472,2960,3550
01822,2960,3550
01827,2380,2870
01850,2170,2600
01851,2270,2720
01852,2160,2590
01853,2960,3550
01854,2250,2700
01862,2470,2960
01863,2230,2670
01865,2960,3550
01866,2960,3550
01879,2550,3060
03032,2810,3880
03034,2350,3140
03037,2120,2930
03103,1820,2550
03104,2020,2550
03261,1820,2550
03291,2150,2970
03825,2530,3110
03884,2340,2870
03801,2520,3090
03802,2300,2820
03809,1770,2190
03815,2020,2480
03820,2120,2600
03821,2020,2480
03823,2260,2770
03824,2060,2530
03835,1770,2190
03839,1890,2320
03840,2870,3520
03842,2390,2930
03843,2300,2820
03851,1770,2190
03852,1770,2190
03854,3290,4040
03855,1990,2440
03856,2850,3500
03857,2280,2800
03861,1770,2190
03862,2740,3360
03866,2020,2480
03867,1840,2260
03868,1770,2190
03869,2010,2470
03870,2250,2760
03871,2250,2760
03878,2000,2460
03885,3000,3680
03887,2130,2620
80020,2360,3090
80025,2260,2980
80026,2220,2950
80027,2450,3250
80301,2280,3030
80302,2260,3000
80303,2300,3050
80304,2320,3080
80305,2510,3330
80306,2120,2810
80307,2120,2810
80308,2120,2810
80309,2120,2810
80310,2290,3040
80403,2230,2920
80422,1930,2520
80455,2240,2980
80466,1930,2520
80471,2120,2810
80474,1930,2520
80481,1990,2630
80501,1860,2440
80502,2120,2810
80503,2080,2760
80504,2050,2790
80510,2010,2700
80513,1860,2540
80516,2610,3560
80533,2120,2810
80540,2290,3070
80544,2120,2810
42101,1120,1340
42102,1160,1390
42103,1280,1540
42104,1190,1430
42122,1540,1850
42159,1330,1600
42160,1060,1280
42163,1060,1280
42170,1270,1580
42171,1060,1280
42206,1060,1280
42207,1060,1280
42210,1060,1280
42259,1060,1280
42274,1060,1280
42275,1060,1370
42285,1060,1280
42721,1060,1280
42729,1060,1280
42754,1060,1280
42120,1070,1360
42133,890,1180
42134,1050,1400
42153,1000,1230
42164,1000,1230
42201,870,1210
42219,870,1210
42252,870,1210
42256,880,1180
42261,870,1210
42273,870,1200
42276,920,1240
42288,870,1210
42320,880,1100
42333,870,1100
42339,890,1190
59086,1880,2640
59714,2030,2820
59715,1920,2670
59716,2310,3200
59718,2420,3370
59719,2150,2990
59729,1880,2640
59730,2290,3180
59741,2210,3070
59752,1920,2640
59758,1880,2640
59760,1880,2640
59771,2150,2990
59772,2150,2990
98061,2030,2670
98110,2460,3240
98310,1860,2420
98311,2080,2740
98312,1910,2520
98314,2870,3780
98315,2630,3460
98322,2030,2670
98329,2020,2800
98337,1860,2420
98340,2530,3330
98342,1860,2420
98345,2010,2620
98346,1880,2480
98353,2030,2670
98359,1860,2600
98364,2030,2670
98366,1950,2570
98367,2110,2780
98370,2140,2820
98380,2820,3720
98383,2380,3140
98384,2030,2670
98386,2030,2670
98392,1860,2420
98393,2030,2670
98528,1860,2600
06404,2760,3340
06440,2760,3340
06468,2270,2750
06470,2530,3060
06482,2530,3060
06484,2010,2480
06491,2540,3070
06601,2540,3070
06602,2540,3070
06604,2290,2770
06605,2230,2700
06606,2300,2780
06607,2250,2720
06608,2230,2700
06610,2130,2580
06611,3650,4410
06612,3770,4560
06614,2730,3300
06615,2360,2850
06752,3770,4560
06755,2710,3290
06776,2660,3220
06783,2370,3050
06784,2780,3370
06785,1600,2060
06794,2300,2960
06801,2040,2560
06804,2660,3220
06807,3040,3680
06810,2460,2970
06811,2380,2880
06812,2770,3350
06813,2760,3340
06820,3530,4300
06824,3500,4230
06825,2910,3520
06829,2420,2930
06830,2860,3460
06831,2980,3600
06836,2420,2930
06838,2420,2930
06840,3500,4230
06850,2720,3290
06851,2440,2950
06852,2420,2930
06853,3010,3670
06854,2350,2860
06855,2430,2940
06856,2420,2930
06870,2930,3540
06877,2870,3470
06878,2970,3600
06880,2750,3330
06881,2420,2930
06883,3110,3760
06890,3770,4560
06896,3150,3810
06897,2610,3170
06901,2780,3360
06902,2890,3490
06903,3200,3890
06904,2420,2930
06905,2830,3420
06906,2660,3220
06907,2510,3040
06911,2420,2930
06912,2420,2930
78520,1050,1420
78521,1050,1420
78522,1050,1420
78523,1050,1420
78526,1240,1670
78535,1150,1560
78550,1070,1440
78551,1050,1420
78552,1190,1610
78553,1050,1420
78559,1150,1550
78566,1000,1350
78567,990,1340
78569,1000,1370
78570,970,1260
78575,1250,1690
78578,970,1310
78583,1050,1420
78586,990,1340
78592,1070,1440
78593,990,1340
78597,1550,2090
31305,1140,1420
31323,1290,1740
31327,1140,1420
31331,1170,1460
31503,1140,1420
31520,1200,1440
31521,1370,1640
31522,1940,2330
31523,1450,1740
31524,1370,1640
31525,1460,1750
31527,1850,2220
31537,1140,1420
31542,1140,1420
31543,1140,1420
31553,1140,1420
31557,1140,1420
31561,1940,2330
31565,1140,1460
31566,1140,1420
14001,1110,1350
14004,1100,1360
14006,1330,1620
14008,1200,1470
14009,1090,1480
14010,1380,1690
14012,1070,1290
14013,1200,1440
14025,1180,1440
14026,2010,2450
14027,1250,1540
14028,1320,1610
14030,1040,1280
14031,1220,1490
14032,2010,2450
14033,1390,1700
14034,1280,1560
14035,1280,1560
14036,1160,1390
14037,1120,1420
14038,1380,1690
14043,1380,1690
14047,1280,1560
14051,2010,2450
14052,1260,1540
14055,1160,1420
14057,1290,1580
14059,1760,2150
14061,1220,1510
14067,1310,1600
14068,1760,2150
14069,1170,1430
14070,980,1200
14072,1630,1990
14075,1520,1860
14080,1130,1380
14081,1220,1510
14085,1940,2370
14086,1290,1580
14091,2010,2450
14092,1310,1600
14094,1240,1510
14095,1180,1440
14098,1400,1690
14102,1330,1630
14103,1320,1590
14105,1070,1290
14107,1180,1440
14108,1090,1330
14109,1270,1550
14110,1380,1690
14111,1170,1430
14112,1580,1930
14120,1270,1550
14126,1320,1610
14127,1540,1880
14129,1060,1300
14131,1170,1430
14132,1240,1510
14134,1050,1300
14139,1030,1260
14140,1380,1690
14141,990,1210
14144,1180,1440
14145,970,1330
14150,1420,1730
14151,1380,1690
14169,1260,1540
14170,1220,1490
14172,1290,1580
14173,1050,1320
14174,1440,1760
14201,1360,1660
14202,1370,1670
14203,1910,2330
14204,1140,1390
14205,1380,1690
14206,1180,1440
14207,1160,1420
14208,1260,1540
14209,1340,1640
14210,1200,1470
14211,1300,1590
14212,1180,1440
14213,1310,1600
14214,1440,1760
14215,1210,1480
14216,1510,1840
14217,1310,1600
14218,1160,1420
14219,1230,1500
14220,1260,1540
14221,1820,2220
14222,1520,1860
14223,1270,1550
14224,1480,1810
14225,1260,1540
14226,1500,1830
14227,1510,1840
14228,1700,2080
14231,1380,1690
14233,1380,1690
14240,1380,1690
14260,1700,2080
14261,1730,2110
14263,1380,1690
14272,1380,1690
14273,1380,1690
14280,1380,1690
14301,1070,1310
14302,1070,1310
14303,1130,1380
14304,1180,1440
14305,1230,1500
27201,1470,1820
27202,1240,1540
27215,1470,1820
27216,1350,1670
27217,1180,1460
27243,1690,2110
27244,1240,1540
27249,1170,1490
27253,1270,1570
27258,1160,1440
27298,1330,1670
27302,1690,2110
27312,1690,2110
27340,1270,1570
27344,1330,1670
27349,1690,2110
27359,1350,1670
05401,2340,3000
05402,2210,2840
05403,2410,3090
05404,2330,2990
05405,2340,3010
05406,2210,2840
05407,2210,2840
05408,2220,2850
05439,2030,2610
05440,1750,2250
05441,1750,2250
05444,1750,2250
05445,1820,2340
05446,1930,2480
05447,1750,2250
05448,1750,2250
05449,2210,2840
05450,1750,2250
05451,2210,2840
05452,2070,2660
05453,2210,2840
05454,1750,2250
05455,1750,2250
05457,2010,2580
05458,1770,2270
05459,1950,2510
05460,1750,2250
05461,2140,2740
05462,1890,2370
05463,1930,2480
05464,1750,2250
05465,1830,2350
05468,2180,2800
05470,1750,2250
05471,1750,2250
05474,2290,2940
05476,1750,2250
05477,2240,2870
05478,1770,2270
05481,1750,2250
05482,1960,2510
05483,1960,2510
05485,1960,2510
05486,2020,2590
05487,1750,2250
05488,1940,2490
05489,1930,2430
05490,2210,2840
05494,1790,2300
05495,2450,3140
05676,1760,2250
43903,1110,1430
43908,970,1280
43945,1060,1340
43986,1030,1360
43988,1100,1440
44427,1210,1520
44607,1150,1440
44608,1300,1650
44612,970,1250
44613,1100,1390
44615,970,1230
44618,980,1200
44620,1040,1310
44621,970,1250
44624,1070,1350
44625,1270,1590
44626,1180,1490
44630,1210,1520
44634,970,1220
44639,970,1260
44640,1380,1740
44641,1040,1310
44643,1060,1340
44644,990,1250
44646,1080,1360
44647,1180,1490
44648,1090,1380
44650,1090,1380
44651,1030,1300
44652,1040,1310
44656,970,1250
44657,1020,1290
44662,1020,1280
44666,1050,1320
44669,1010,1270
44670,1030,1290
44675,1390,1760
44688,1020,1290
44689,1180,1480
44695,970,1270
44702,970,1230
44703,1030,1300
44704,1060,1340
44705,1100,1390
44706,1090,1380
44707,1020,1290
44708,1140,1440
44709,1030,1300
44710,1150,1450
44711,1090,1380
44714,1100,1390
44718,1080,1360
44721,1060,1340
44730,1070,1350
44735,1090,1380
44750,1090,1380
44767,1090,1380
44799,1090,1380
33901,1740,2270
33902,1960,2560
33903,1660,2180
33904,2020,2640
33905,1910,2490
33906,1960,2560
33907,2010,2620
33908,2260,2950
33909,2170,2830
33910,1960,2560
33912,2180,2850
33913,2360,3080
33914,2100,2740
33915,1960,2560
33916,1760,2300
33917,1660,2180
33918,1960,2560
33919,2010,2620
33920,1660,2180
33921,1660,2300
33922,1660,2180
33924,2300,3010
33928,2550,3330
33929,1960,2560
33931,1960,2560
33932,1960,2560
33936,1660,2180
33945,1960,2560
33955,1760,2420
33956,2940,3840
33957,2900,3790
33965,2050,2690
33966,2080,2720
33967,2130,2780
33970,1960,2560
33971,2090,2730
33972,1910,2490
33973,1780,2320
33974,2100,2740
33976,2130,2780
33990,2040,2660
33991,2430,3170
33993,2520,3290
33994,1960,2560
34110,2230,2900
34119,2120,2760
34133,1960,2560
34134,2150,2810
34135,2190,2860
34136,1960,2560
62914,920,1270
62952,920,1250
62957,1050,1460
62962,920,1250
62969,930,1300
62988,920,1270
62990,920,1270
62992,920,1270
62993,920,1270
63645,940,1250
63655,920,1250
63662,1020,1360
63701,1010,1400
63702,1000,1390
63703,960,1340
63730,940,1270
63732,920,1250
63739,1050,1450
63740,980,1250
63743,960,1350
63744,960,1340
63745,1010,1400
63747,960,1300
63750,1020,1350
63751,1120,1560
63752,1000,1390
63755,1150,1600
63760,920,1270
63764,920,1270
63766,960,1340
63769,940,1320
63770,930,1280
63771,920,1250
63775,950,1260
63779,1000,1390
63780,920,1250
63781,1180,1630
63782,930,1260
63785,1020,1380
63787,990,1350
63960,920,1250
89423,2160,3000
89701,1550,2160
89702,1550,2160
89703,1550,2150
89705,1580,2200
89706,1570,2180
89711,1550,2160
89712,1550,2160
89713,1550,2160
89714,1550,2160
89721,1550,2160
82601,970,1350
82602,1080,1500
82604,1270,1770
82605,1080,1500
82609,1110,1540
82620,1050,1420
82630,1080,1500
82635,1080,1500
82636,1120,1560
82638,1080,1500
82639,1360,1680
82642,960,1340
82643,960,1340
82644,960,1340
82646,1140,1600
82648,1080,1500
52202,930,1300
52203,1000,1400
52205,1110,1460
52213,1180,1630
52214,1110,1540
52218,920,1270
52219,960,1340
52227,1110,1540
52228,1610,2230
52233,970,1350
52253,1000,1400
52302,1040,1450
52305,920,1260
52310,920,1260
52314,1000,1400
52324,1130,1520
52328,1190,1670
52332,1120,1420
52333,1220,1700
52336,1120,1560
52338,1070,1490
52341,1100,1520
52344,920,1270
52351,1420,1930
52352,920,1260
52401,970,1350
52402,1130,1570
52403,1080,1500
52404,1080,1500
52405,1220,1700
52406,1070,1490
52408,1070,1490
52409,1070,1490
52410,1070,1490
52411,1040,1450
52498,1070,1490
50651,950,1220
52206,920,1160
52208,920,1170
52209,1000,1280
52210,1080,1470
52224,920,1150
52225,1050,1320
52229,1070,1350
52249,1190,1500
52257,1020,1310
52301,930,1290
52313,1140,1440
52315,920,1160
52318,1280,1670
52345,940,1190
52346,1200,1520
52349,920,1160
52354,1040,1360
52032,920,1200
52033,970,1300
52212,960,1260
52216,960,1250
52237,920,1190
52252,930,1230
52306,1140,1480
52309,960,1230
52312,1110,1460
52320,1040,1370
52321,940,1240
52323,920,1190
52362,920,1210
17021,1120,1440
17201,1470,1950
17202,1400,1850
17210,1190,1560
17214,1080,1440
17217,1380,1830
17219,1280,1650
17220,1380,1830
17221,1190,1570
17222,1340,1770
17224,1320,1750
17225,1370,1810
17231,1380,1830
17232,1430,1880
17233,1080,1440
17235,1540,2060
17236,1330,1750
17237,1600,2120
17240,1670,2160
17244,1290,1710
17246,1290,1700
17247,1830,2420
17250,1430,1890
17251,1400,1840
17252,1410,1870
17254,1400,1850
17256,1380,1830
17257,1370,1780
17261,1370,1810
17262,1080,1440
17263,1400,1860
17265,1280,1690
17268,1430,1890
17271,1080,1440
60949,1010,1340
60957,1020,1410
60960,980,1270
61801,1090,1400
61802,1090,1400
61803,1120,1430
61810,1030,1300
61813,980,1270
61815,1050,1340
61816,1080,1380
61818,1120,1430
61820,1270,1630
61821,1160,1480
61822,1430,1830
61824,1120,1430
61825,1120,1430
61826,1120,1430
61830,1130,1450
61839,980,1270
61840,1140,1470
61844,1250,1510
61847,980,1270
61849,1040,1330
61851,1010,1300
61852,1050,1380
61853,1360,1740
61855,1040,1330
61856,1140,1460
61859,1320,1690
61862,980,1270
61863,980,1270
61864,1180,1510
61866,1010,1290
61871,1130,1450
61872,1020,1310
61873,980,1270
61874,1020,1310
61875,1210,1580
61877,1230,1570
61878,980,1270
61880,980,1270
61882,1080,1310
61884,1120,1430
61913,980,1270
61929,980,1270
61936,1030,1360
61937,980,1270
61953,990,1340
61956,980,1270
60911,1060,1310
60917,1280,1690
60918,970,1200
60919,1130,1490
60921,920,1140
60927,1020,1260
60929,1060,1320
60933,1010,1400
60941,1310,1720
60946,1070,1490
60948,980,1280
60952,920,1270
60955,920,1140
60959,920,1270
60962,1070,1490
60968,920,1180
61773,1100,1530
61775,1200,1490
25003,950,1230
25015,1060,1360
25019,950,1230
25025,1180,1510
25030,950,1230
25035,1040,1330
25039,1010,1290
25043,950,1230
25045,1000,1290
25054,1040,1330
25061,1040,1330
25063,950,1230
25064,1070,1370
25067,980,1250
25071,950,1230
25075,1040,1330
25079,1040,1330
25086,970,1240
25088,950,1230
25102,1040,1330
25103,950,1230
25107,1040,1330
25110,990,1270
25111,950,1230
25112,1070,1370
25113,950,1230
25124,1120,1470
25125,950,1230
25126,950,1230
25132,1010,1290
25133,950,1230
25134,1040,1330
25141,950,1230
25143,1050,1370
25156,950,1230
25159,1170,1600
25160,1040,1330
25162,950,1230
25164,950,1230
25177,1000,1370
25201,1280,1640
25202,960,1240
25211,950,1230
25214,970,1240
25235,950,1230
25248,1000,1370
25285,950,1230
25286,970,1250
25301,950,1230
25302,1010,1290
25303,1110,1420
25304,1160,1480
25305,1040,1330
25306,1440,1840
25309,950,1230
25311,1030,1320
25312,1010,1370
25313,1040,1330
25314,1240,1590
25315,970,1240
25320,1030,1320
25321,1040,1330
25322,1040,1330
25323,1040,1330
25324,1040,1330
25325,1040,1330
25326,1040,1330
25327,1040,1330
25328,1040,1330
25329,1040,1330
25330,1040,1330
25331,1040,1330
25332,1040,1330
25333,1040,1330
25334,1040,1330
25335,1040,1330
25336,1040,1330
25337,1040,1330
25338,1040,1330
25339,1040,1330
25356,1040,1330
25361,1040,1330
25362,1040,1330
25364,1040,1330
25387,1140,1460
25389,1040,1330
25526,1000,1370
26617,950,1230
25009,870,1200
25021,870,1200
25024,870,1200
25028,870,1200
25047,870,1200
25049,870,1200
25051,870,1200
25053,960,1320
25081,870,1200
25093,870,1200
25108,870,1200
25114,870,1200
25130,930,1280
25142,870,1200
25148,870,1200
25149,870,1200
25154,870,1200
25165,870,1200
25169,870,1200
25181,870,1200
25193,870,1200
25203,950,1310
25204,870,1200
25205,940,1290
25206,870,1200
25208,870,1200
25508,870,1210
25524,970,1210
25529,870,1200
25565,870,1140
29018,1300,1620
29059,1300,1620
29401,2320,2890
29402,1820,2260
29403,2190,2720
29404,2160,2690
29405,1540,1920
29406,1690,2100
29407,1880,2340
29409,2190,2720
29410,1660,2060
29412,2130,2650
29413,1820,2260
29414,2110,2620
29415,1820,2260
29416,1820,2260
29417,1820,2260
29418,1560,1940
29419,1820,2260
29420,1790,2230
29422,1820,2260
29423,1820,2260
29424,2270,2830
29425,1820,2260
29426,1520,1890
29429,2080,2590
29431,1320,1640
29432,1300,1620
29434,1410,1760
29436,1300,1620
29437,1300,1620
29438,1370,1680
29439,2530,3150
29445,1770,2200
29448,1300,1620
29449,1300,1620
29450,1810,2250
29451,2680,3330
29453,1430,1780
29455,1800,2240
29456,1780,2210
29457,1820,2260
29458,2130,2630
29461,1460,1820
29464,2530,3150
29465,1820,2260
29466,2540,3160
29468,1300,1620
29469,1350,1690
29470,1300,1620
29471,1300,1620
29472,1370,1690
29477,1300,1620
29479,1300,1620
29481,1300,1620
29482,2540,3160
29483,1510,1880
29484,1650,2050
29485,1760,2190
29486,1850,2300
29487,1690,2100
29492,2250,2800
28006,1240,1640
28012,1480,1820
28016,1060,1300
28021,1030,1320
28025,1440,1770
28026,1510,1860
28027,1660,2040
28031,1890,2330
28032,1330,1630
28033,960,1270
28034,1050,1290
28035,1790,2200
28036,1940,2410
28052,1270,1560
28053,1290,1590
28054,1500,1850
28055,1290,1590
28056,1300,1600
28070,1790,2200
28071,1160,1540
28075,2530,3120
28077,930,1140
28078,2090,2570
28079,2220,2730
28080,1280,1780
28081,1250,1580
28082,1510,1860
28083,1330,1670
28086,970,1320
28092,1010,1400
28097,950,1290
28098,1420,1750
28101,1350,1660
28103,1200,1480
28104,2040,2510
28105,1880,2320
28106,1790,2200
28107,1300,1610
28108,1860,2290
28110,1550,1910
28111,1640,2020
28112,1280,1580
28120,1370,1690
28124,1260,1570
28126,1790,2200
28130,1790,2200
28133,1200,1440
28134,1890,2330
28135,1230,1470
28138,1240,1620
28164,1260,1620
28173,1990,2450
28174,1250,1530
28202,2530,3120
28203,2530,3120
28204,2320,2860
28205,1620,2000
28206,1470,1810
28207,1840,2270
28208,1470,1810
28209,1870,2300
28210,1880,2320
28211,1990,2450
28212,1700,2090
28213,1580,1950
28214,1810,2230
28215,1730,2130
28216,1780,2190
28217,1960,2410
28219,1790,2200
28220,1790,2200
28221,1790,2200
28222,1790,2200
28223,1850,2280
28224,1790,2200
28226,1720,2120
28227,1820,2240
28228,1790,2200
28229,1790,2200
28230,1790,2200
28231,1790,2200
28232,1790,2200
28233,1790,2200
28234,1790,2200
28235,1790,2200
28236,1790,2200
28237,1790,2200
28241,1790,2200
28244,1790,2200
28246,1790,2200
28247,1790,2200
28254,1790,2200
28256,1790,2200
28262,1990,2450
28266,1790,2200
28269,1990,2450
28270,2030,2500
28271,1790,2200
28273,2130,2620
28274,1840,2270
28277,2330,2870
28278,2080,2560
28280,1790,2200
28281,1790,2200
28282,1790,2200
28284,1790,2200
28285,1790,2200
28287,1790,2200
28297,1790,2200
28299,1790,2200
29702,930,1160
29703,1530,1880
29704,1120,1400
29706,990,1380
29708,1870,2300
29710,1610,1980
29712,1330,1730
29715,1790,2200
29716,1530,1880
29717,1270,1560
29726,1090,1340
29730,1510,1860
29731,1530,1880
29732,1510,1860
29733,1510,1860
29734,1530,1880
29742,1330,1650
29743,970,1200
29745,1110,1370
28007,1100,1320
28091,1110,1330
28102,1250,1520
28119,1340,1610
28170,1110,1330
27013,1250,1720
27020,990,1350
27028,1060,1380
27055,990,1350
28010,1340,1810
28115,1370,1850
28117,2010,2710
28123,1340,1810
28125,1320,1740
28166,1490,2010
28625,1110,1500
28634,1010,1370
28636,1250,1720
28660,1250,1720
28677,1250,1720
28678,1250,1720
28687,1340,1810
28688,1340,1810
28689,1020,1360
28037,1250,1720
28090,1060,1470
28093,1060,1470
28168,1060,1470
28650,1060,1470
28673,1640,2050
27054,1160,1530
28023,1160,1530
28039,1250,1640
28041,1160,1530
28072,1160,1530
28088,1210,1560
28127,970,1340
28137,1160,1590
28144,1250,1640
28145,1200,1580
28146,1160,1530
28147,1220,1610
28159,1290,1700
29014,1170,1500
29031,1170,1520
29055,1170,1500
29714,1380,1920
29724,1180,1650
29729,1340,1860
29058,1000,1370
29067,1000,1370
29707,1520,2080
29718,1000,1370
29720,1000,1370
29721,1010,1380
22901,1940,2360
22902,2050,2490
22903,1890,2300
22904,1890,2300
22905,1740,2120
22906,1740,2120
22908,1740,2120
22911,2120,2580
22920,1560,1940
22922,1560,1940
22923,1850,2330
22924,1930,2350
22931,1560,1940
22932,2150,2610
22935,1680,2090
22936,1970,2400
22937,1560,1940
22938,1560,1940
22940,1980,2420
22942,1560,1940
22943,1750,2160
22945,1930,2350
22946,1560,1940
22947,1990,2440
22949,1560,1940
22952,1560,1940
22958,1560,1940
22959,1560,1940
22963,2020,2460
22964,1560,1940
22965,1660,2020
22967,1560,1940
22968,1560,1940
22969,1560,1940
22971,1560,1940
22973,1560,1940
22974,1820,2270
22976,1560,1940
23022,1620,2030
23038,1560,1950
23055,1620,2010
23084,1560,1950
23093,1560,1950
24464,1560,1940
24483,1560,1940
24521,1560,1940
24553,1560,1940
24562,1560,1940
24581,1560,1940
24590,1560,1940
24599,1560,1940
30707,1160,1450
30710,1210,1580
30725,1100,1390
30726,1260,1570
30728,1070,1330
30731,1010,1360
30736,1250,1560
30738,1170,1520
30739,1350,1700
30740,1070,1390
30741,1270,1580
30742,1250,1560
30746,1090,1440
30747,970,1350
30750,1270,1580
30752,1130,1410
30753,970,1330
30755,1060,1360
30757,1200,1490
37110,970,1170
37302,1310,1630
37304,1480,1850
37308,1060,1360
37311,1220,1570
37315,1870,2330
37327,1080,1340
37336,1250,1610
37338,1010,1270
37340,1180,1480
37341,1510,1880
37343,1570,1960
37347,1100,1370
37350,1900,2370
37351,1480,1850
37353,1290,1650
37356,970,1220
37363,1870,2330
37365,970,1220
37366,1160,1460
37367,980,1190
37373,1450,1810
37374,1150,1430
37375,1460,1930
37377,1570,1960
37379,1260,1570
37380,1210,1510
37384,1480,1850
37387,970,1220
37396,1210,1510
37397,1030,1300
37401,1480,1850
37402,1520,1900
37403,1650,2060
37404,1300,1620
37405,1720,2150
37406,1200,1500
37407,1180,1470
37408,1660,2070
37409,1450,1810
37410,1100,1370
37411,1340,1670
37412,1390,1730
37414,1480,1850
37415,1580,1970
37416,1360,1700
37419,1260,1570
37421,1830,2280
37422,1480,1850
37424,1480,1850
37450,1480,1850
38585,970,1260
82001,1210,1680
82003,1170,1630
82005,1200,1670
82007,1240,1720
82009,1180,1640
82010,1170,1630
82050,1110,1540
82052,1030,1440
82053,1470,2040
82054,1170,1630
82059,1320,1830
82060,1310,1810
82061,1180,1640
82081,1090,1510
82082,1380,1930
82210,1080,1440
82221,1030,1440
60002,1500,1930
60004,2190,2820
60005,1940,2500
60006,1750,2250
60007,1990,2560
60008,1940,2500
60009,1750,2250
60010,2670,3440
60011,1790,2310
60012,2000,2570
60013,1940,2500
60014,1810,2330
60015,2670,3440
60016,1890,2430
60017,1750,2250
60018,1460,1880
60020,1650,2120
60021,2670,3440
60022,2390,3080
60025,2100,2700
60026,2390,3080
60029,2290,2950
60030,1980,2550
60031,2030,2610
60033,1450,1870
60034,1400,1800
60035,2460,3170
60037,1810,2330
60039,1720,2210
60040,2240,2880
60041,1320,1700
60042,2250,2900
60043,2540,3270
60044,2100,2700
60045,2670,3440
60046,2040,2630
60047,2350,3030
60048,2000,2580
60050,1900,2450
60051,2040,2630
60053,2670,3440
60055,1750,2250
60056,1910,2460
60060,1990,2560
60061,2390,3080
60062,2370,3050
60064,1430,1840
60065,1750,2250
60067,1900,2450
60068,1940,2500
60069,2670,3440
60070,1710,2200
60071,1480,1910
60072,1520,1950
60073,1910,2460
60074,1900,2450
60075,1590,2100
60076,1950,2510
60077,1800,2320
60078,1750,2250
60079,1810,2330
60081,1510,1940
60083,2250,2900
60084,1640,2110
60085,1540,1980
60087,1630,2100
60088,2340,3010
60089,2560,3300
60090,1960,2520
60091,2620,3370
60093,2410,3100
60095,1750,2250
60096,1510,1940
60097,1640,2110
60098,1530,1970
60099,1490,1920
60101,1570,2020
60102,2420,3120
60103,2290,2950
60104,1490,1920
60106,1720,2210
60107,2340,3010
60108,2030,2610
60109,1470,1890
60110,1830,2360
60117,2010,2590
60118,1780,2290
60119,2110,2720
60120,1640,2110
60121,1750,2250
60122,2010,2590
60123,1590,2050
60124,2530,3260
60126,2360,3040
60130,1680,2160
60131,1450,1870
60133,1890,2430
60134,2270,2920
60135,1440,1910
60136,2370,3050
60137,1640,2110
60138,2010,2590
60139,1930,2490
60140,2170,2790
60141,1220,1550
60142,1910,2460
60143,2130,2740
60144,1450,1870
60147,1750,2250
60148,2190,2820
60151,2050,2660
60152,1320,1700
60153,1520,1960
60154,2190,2820
60155,1420,1830
60156,2100,2700
60157,2040,2630
60159,1750,2250
60160,1520,1960
60161,1750,2250
60162,1760,2270
60163,1410,1820
60164,1390,1790
60165,1520,1960
60168,1750,2250
60169,2060,2650
60171,1590,2050
60172,2000,2580
60173,2340,3010
60174,2170,2790
60175,2670,3440
60176,1580,2030
60177,2090,2690
60178,1410,1870
60180,1600,2060
60181,2010,2590
60183,2670,3440
60184,2080,2680
60185,1750,2250
60186,2010,2590
60187,2130,2740
60188,1810,2330
60189,2190,2820
60190,2090,2660
60191,2100,2700
60192,2670,3440
60193,2280,2940
60194,2330,3000
60195,2110,2720
60196,1750,2250
60199,2010,2590
60201,2370,3050
60202,2170,2790
60203,2390,3080
60204,1750,2250
60208,2370,3050
60301,2670,3440
60302,1790,2310
60303,1750,2250
60304,1630,2100
60305,1800,2320
60401,1410,1820
60402,1460,1880
60403,1690,2180
60404,2390,3080
60406,1350,1740
60407,1590,2120
60408,1510,1940
60409,1450,1870
60410,2100,2750
60411,1470,1890
60412,1750,2250
60415,1490,1920
60416,1400,1900
60417,1570,2020
60418,1570,2020
60419,1880,2420
60421,1380,1780
60422,2670,3440
60423,1840,2370
60425,2050,2640
60426,1340,1730
60428,2090,2690
60429,1820,2340
60430,1750,2250
60431,1880,2460
60432,1560,2010
60433,1590,2050
60434,1760,2270
60435,1630,2100
60436,1660,2140
60438,1570,2020
60439,1550,2000
60440,2060,2650
60441,1880,2420
60442,1390,1790
60443,2000,2580
60445,1460,1880
60446,2310,2970
60447,1790,2420
60448,1850,2380
60449,1500,1930
60451,1630,2100
60452,1610,2070
60453,1640,2110
60454,1750,2250
60455,1400,1800
60456,1680,2160
60457,1360,1750
60458,1570,2020
60459,1590,2050
60461,2670,3440
60462,1790,2310
60463,2240,2880
60464,2260,2900
60465,1620,2090
60466,1810,2330
60467,2330,3000
60468,1330,1710
60469,1670,2150
60471,1660,2140
60472,1620,2090
60473,2400,3090
60475,1270,1640
60476,1480,1910
60477,1760,2270
60478,2240,2880
60480,1780,2290
60481,1290,1660
60482,1470,1890
60484,1840,2370
60487,1760,2270
60490,2670,3440
60491,2070,2670
60499,1750,2250
60501,1320,1700
60502,2420,3120
60503,2500,3290
60504,2420,3120
60505,1610,2070
60506,1690,2180
60507,1750,2250
60510,1620,2090
60511,1770,2350
60513,1580,2030
60514,1540,1980
60515,2110,2720
60516,2080,2680
60517,1880,2420
60519,2420,3120
60520,1910,2540
60521,2450,3160
60522,2010,2590
60523,1170,1510
60525,1770,2280
60526,1720,2210
60527,2010,2590
60532,2040,2630
60534,1360,1750
60538,2120,2860
60539,1770,2280
60540,2370,3050
60542,2020,2600
60543,1660,2280
60544,2330,3000
60545,1870,2570
60546,1600,2060
60554,1440,1850
60555,2150,2770
60558,2640,3400
60559,1900,2450
60561,2190,2820
60563,2400,3090
60564,2670,3440
60565,2270,2920
60566,2010,2590
60567,1960,2530
60585,2670,3470
60586,2600,3380
60598,2010,2590
60599,2010,2590
60601,2670,3440
60602,2670,3440
60603,2670,3440
60604,2670,3440
60605,2670,3440
60606,2670,3440
60607,2670,3440
60608,1500,1930
60609,1290,1660
60610,2670,3440
60611,2670,3440
60612,1840,2370
60613,2640,3400
60614,2670,3440
60615,2160,2780
60616,1970,2540
60617,1310,1690
60618,1990,2560
60619,1450,1870
60620,1450,1870
60621,1330,1710
60622,2470,3180
60623,1320,1700
60624,1540,1980
60625,2100,2700
60626,2000,2580
60628,1490,1920
60629,1360,1750
60630,1840,2370
60631,1880,2420
60632,1300,1670
60633,1450,1870
60634,1680,2160
60636,1320,1700
60637,1530,1970
60638,1590,2050
60639,1560,2010
60640,2300,2960
60641,1720,2210
60642,2670,3440
60643,1680,2160
60644,1450,1870
60645,1930,2490
60646,1720,2210
60647,2220,2860
60649,1520,1960
60651,1530,1970
60652,1740,2240
60653,1360,1750
60654,2670,3440
60655,1730,2230
60656,1750,2250
60657,2670,3440
60659,1830,2360
60660,2150,2770
60661,2670,3440
60666,1750,2250
60669,1750,2250
60670,1750,2250
60673,1750,2250
60674,1750,2250
60675,1750,2250
60678,1750,2250
60682,1750,2250
60685,1750,2250
60686,1750,2250
60687,1750,2250
60688,1750,2250
60689,1750,2250
60690,1750,2250
60693,1750,2250
60694,1750,2250
60695,1750,2250
60697,1750,2250
60699,1750,2250
60701,1750,2250
60706,1580,2030
60707,1670,2150
60712,2670,3440
60714,1560,2010
60803,1380,1780
60804,1490,1920
60805,1650,2120
60827,1450,1870
60935,1440,1890
60940,1420,1870
60950,1220,1610
61012,1170,1550
61038,1260,1660
60111,1370,1820
60112,1900,2530
60115,1320,1750
60129,1290,1710
60145,1250,1710
60146,1440,1910
60150,1370,1820
60518,1250,1710
60530,1260,1720
60531,1660,2220
60548,1700,2380
60550,1250,1710
60552,1630,2170
60553,1370,1910
60556,1250,1710
61052,1320,1710
61068,1250,1710
61353,1250,1710
46301,1210,1510
46302,1320,1620
46303,1410,1730
46304,1410,1730
46307,1510,1850
46308,1310,1600
46310,1160,1500
46311,1450,1770
46312,1040,1270
46319,1340,1640
46320,1130,1380
46321,1680,2060
46322,1470,1800
46323,1420,1740
46324,1350,1650
46325,1310,1600
46327,1290,1580
46341,1120,1370
46342,1340,1640
46347,1240,1550
46348,1290,1630
46349,1180,1440
46355,1310,1600
46356,1460,1790
46360,1090,1370
46368,1330,1630
46372,1060,1300
46373,1160,1420
46375,1480,1810
46376,1220,1490
46377,1460,1790
46379,1220,1490
46381,1270,1600
46383,1350,1650
46384,1360,1660
46385,1470,1800
46390,1490,1880
46391,1420,1780
46393,1390,1700
46394,1160,1420
46401,1310,1600
46402,1120,1370
46403,1140,1400
46404,1200,1470
46405,1350,1650
46406,1170,1430
46407,1070,1310
46408,1210,1480
46409,1410,1730
46410,1590,1950
46411,1310,1600
47922,1200,1470
47942,960,1150
47943,1130,1430
47948,960,1180
47951,980,1200
47963,970,1190
47964,1010,1250
47978,1150,1500
60420,1360,1800
60424,1360,1800
60437,1360,1800
60444,1360,1800
60450,1700,2380
60470,1360,1800
60474,1600,2170
60479,1510,2050
60541,1860,2550
60961,1560,2050
61360,1360,1800
60512,1860,2520
60536,1700,2380
60537,1700,2380
60551,1700,2380
60560,1880,2590
46374,1050,1370
46380,1170,1530
46392,1210,1580
47946,1370,1890
47957,1160,1610
47959,1100,1370
47977,1050,1370
47995,1090,1370
95901,1510,2100
95914,1580,2200
95916,1320,1850
95917,1770,2460
95926,1670,2320
95927,1630,2270
95928,1710,2380
95929,1630,2270
95930,1630,2270
95938,1630,2270
95940,1630,2270
95941,1630,2270
95942,1600,2230
95948,1460,2030
95954,1530,2130
95958,1630,2270
95965,1360,1890
95966,1400,1950
95967,1630,2270
95968,1320,1850
95969,1440,2000
95973,1810,2520
95974,1360,1890
95978,1530,2130
41001,1350,1780
41002,980,1290
41003,980,1320
41004,1020,1340
41005,1690,2230
41006,1060,1400
41007,1440,1900
41011,1390,1830
41012,1290,1700
41014,1200,1580
41015,1220,1610
41016,1130,1490
41017,1240,1640
41018,1340,1770
41022,1540,2030
41025,1540,2030
41030,1200,1470
41033,1120,1450
41034,980,1290
41035,1160,1390
41040,1140,1500
41042,1560,2060
41043,1100,1450
41044,980,1290
41045,1130,1410
41046,1360,1780
41048,1730,2280
41051,1550,2050
41053,1290,1700
41059,980,1290
41061,1000,1320
41063,1200,1560
41064,980,1290
41071,1370,1810
41072,1330,1750
41073,1350,1780
41074,1290,1700
41075,1370,1810
41076,1400,1850
41080,1700,2240
41083,1140,1440
41085,980,1290
41086,1070,1410
41091,2030,2680
41092,1270,1680
41094,1460,1930
41095,1020,1350
41097,1090,1310
41099,1330,1750
45001,1040,1370
45002,1320,1740
45003,1000,1330
45005,1290,1700
45011,1290,1700
45012,1400,1850
45013,1260,1660
45014,1470,1940
45015,1400,1850
45018,1400,1850
45030,1400,1850
45032,1200,1580
45033,1320,1740
45034,1910,2520
45036,1360,1790
45039,1980,2610
45040,2030,2680
45041,1320,1740
45042,1270,1670
45044,1230,1620
45050,1800,2370
45051,1200,1580
45052,1350,1780
45053,1280,1690
45054,1440,1900
45055,1290,1700
45056,1320,1740
45061,1400,1850
45062,1210,1610
45063,1400,1850
45064,1170,1550
45065,1770,2340
45066,1970,2590
45067,1710,2260
45068,1630,2150
45069,1880,2480
45070,1380,1840
45071,1400,1850
45102,1190,1570
45103,1330,1750
45106,1020,1350
45107,1060,1390
45111,1780,2350
45112,980,1290
45113,1210,1590
45118,1360,1830
45120,980,1290
45121,980,1310
45122,1490,1970
45130,1070,1440
45140,1710,2260
45147,1840,2430
45150,1310,1730
45152,1400,1850
45153,1680,2220
45156,1450,1920
45157,1080,1420
45158,1190,1570
45160,980,1290
45162,1540,2030
45174,2030,2680
45176,1130,1510
45201,1310,1730
45202,2030,2680
45203,1120,1480
45204,1020,1350
45205,1150,1520
45206,1220,1610
45207,1220,1610
45208,1670,2200
45209,1770,2340
45211,1140,1500
45212,1350,1780
45213,1210,1600
45214,1080,1420
45215,1260,1660
45216,1200,1580
45217,1170,1540
45218,1340,1770
45219,1580,2080
45220,1390,1830
45222,1310,1730
45223,1180,1560
45224,1130,1490
45225,1030,1360
45226,1520,2010
45227,1540,2030
45229,1120,1480
45230,1210,1600
45231,1460,1930
45232,980,1290
45233,1230,1620
45234,1310,1730
45235,1310,1730
45236,1360,1790
45237,1160,1530
45238,1220,1610
45239,1230,1620
45240,1530,2020
45241,1490,1970
45242,2030,2680
45243,2030,2680
45244,1370,1810
45245,1420,1870
45246,1600,2110
45247,1320,1740
45248,1370,1810
45249,1830,2410
45250,1310,1730
45251,1630,2150
45252,1260,1660
45253,1310,1730
45254,1310,1730
45255,1570,2070
45258,1310,1730
45262,1310,1730
45263,1310,1730
45267,1370,1810
45327,1180,1530
45342,1540,2000
45458,1610,2090
45999,1290,1700
47001,1190,1570
47011,1010,1340
47012,1030,1360
47017,1020,1310
47018,1180,1560
47022,1120,1480
47025,1140,1500
47031,1140,1500
47032,1190,1560
47038,980,1300
47040,1010,1330
47041,1060,1400
47060,1250,1650
46173,970,1260
47003,960,1260
47006,1050,1390
47010,1070,1400
47016,1100,1450
47024,1330,1750
47030,1160,1530
47035,1230,1620
47036,1210,1600
47240,1100,1440
47331,960,1260
47353,970,1260
45101,970,1310
45115,1020,1350
45119,1070,1440
45131,1040,1400
45133,970,1170
45142,980,1190
45144,970,1230
45148,970,1280
45154,1000,1340
45167,970,1310
45168,1070,1440
45171,1120,1480
45697,970,1240
41010,1050,1430
41052,1190,1500
37010,1360,1850
37015,1460,1870
37032,1320,1660
37035,1640,2100
37040,1380,1920
37041,1410,1960
37042,1400,1950
37043,1440,2000
37050,1110,1550
37051,1320,1660
37052,1320,1660
37061,1110,1550
37079,1120,1560
37142,1110,1550
37171,1320,1670
37191,1280,1790
42038,1110,1550
42211,1110,1550
42215,1110,1550
42217,1110,1550
42220,1110,1550
42223,1610,2240
42232,1110,1550
42236,1110,1550
42240,1190,1650
42241,1220,1700
42254,1110,1550
42262,1340,1860
42266,1110,1550
42286,1110,1550
42408,1110,1550
42442,1110,1550
42445,1110,1550
42453,1110,1550
42464,1110,1550
37023,1430,1990
37028,1080,1500
37058,1040,1450
37175,1010,1370
37178,980,1330
44001,1190,1530
44011,1780,2290
44012,1860,2390
44017,1280,1650
44021,1190,1530
44022,1850,2380
44023,1920,2470
44024,1350,1740
44026,1560,2000
44028,1890,2430
44033,1250,1610
44035,1150,1480
44036,1190,1530
44039,1320,1700
44040,1920,2470
44041,1030,1250
44044,1260,1620
44045,1140,1470
44046,1150,1480
44049,1090,1400
44050,1370,1760
44052,1140,1470
44053,1080,1390
44054,1360,1750
44055,1130,1450
44057,1330,1710
44060,1440,1850
44061,1340,1720
44062,1050,1350
44064,1350,1740
44065,1090,1400
44070,1350,1740
44072,1870,2410
44074,1180,1520
44077,1230,1580
44080,1090,1380
44081,1100,1420
44086,1230,1580
44089,1350,1710
44090,1010,1300
44092,1320,1700
44094,1480,1900
44095,1250,1610
44096,1340,1720
44099,1110,1400
44101,1610,2080
44102,1130,1450
44103,1070,1380
44104,980,1260
44105,1070,1380
44106,1450,1870
44107,1360,1750
44108,1160,1490
44109,1080,1390
44110,1100,1420
44111,1180,1520
44112,1080,1390
44113,1920,2470
44114,1780,2290
44115,1540,1980
44116,1410,1810
44117,1080,1390
44118,1490,1920
44119,1180,1520
44120,1210,1560
44121,1420,1830
44122,1840,2370
44123,1280,1650
44124,1480,1900
44125,1390,1790
44126,1210,1560
44127,970,1250
44128,1250,1610
44129,1250,1610
44130,1380,1780
44131,1840,2370
44132,1270,1630
44133,1320,1700
44134,1410,1810
44135,1280,1650
44136,1500,1930
44137,1610,2070
44138,1500,1930
44139,1780,2290
44140,1750,2250
44142,1350,1740
44143,1200,1540
44144,1150,1480
44145,1760,2260
44146,1240,1600
44147,1350,1740
44149,1570,2020
44181,1280,1650
44199,1280,1650
44212,1440,1850
44214,1120,1370
44215,1350,1740
44217,1020,1250
44233,1170,1510
44235,1150,1460
44251,1920,2470
44253,1270,1630
44254,1090,1400
44258,1370,1760
44270,990,1220
44273,1170,1500
44274,1280,1650
44275,1370,1760
44280,1920,2470
44282,1370,1760
44287,1010,1270
44851,970,1220
44859,980,1270
44880,1070,1370
44889,1150,1440
44003,1090,1320
44004,1000,1210
44010,1080,1310
44030,970,1180
44032,1130,1370
44047,1160,1410
44048,970,1180
44068,980,1190
44076,1020,1240
44082,1020,1280
44084,1150,1390
44085,1270,1540
44088,1040,1260
44093,970,1180
44428,970,1270
37307,1090,1430
37309,1090,1430
37310,1110,1430
37312,1420,1820
37316,1090,1430
37317,1090,1430
37320,1270,1630
37323,1220,1570
37325,1090,1430
37326,1090,1430
37331,1090,1430
37333,1090,1430
37361,1090,1430
37362,1090,1430
37364,1270,1630
37369,1090,1430
37385,1090,1430
37391,1130,1450
83801,1500,2080
83803,1320,1850
83810,1320,1850
83814,1540,2140
83815,1640,2280
83816,1550,2160
83833,1320,1850
83835,1860,2590
83842,1320,1850
83851,1320,1850
83854,1530,2130
83858,1490,2070
83861,1320,1850
83869,1320,1850
83876,1320,1850
83877,1550,2160
76556,1090,1530
76567,1090,1530
76629,1090,1530
76653,1250,1610
76687,1100,1530
77801,1090,1530
77802,1380,1920
77803,1160,1610
77805,1200,1670
77806,1200,1670
77807,1280,1780
77808,1250,1740
77836,1090,1530
77837,1090,1530
77840,1200,1670
77841,1200,1670
77842,1200,1670
77843,1210,1690
77845,1300,1810
77852,1090,1530
77856,1090,1530
77859,1090,1530
77863,1090,1530
77865,1310,1730
77866,1200,1670
77867,1090,1530
77868,1030,1250
77878,1090,1530
77879,1100,1530
77881,1200,1670
77882,1090,1530
80106,1350,1840
80118,2390,3120
80132,2320,3230
80133,1810,2520
80808,1130,1570
80809,2010,2800
80817,1940,2700
80819,1530,2120
80829,1290,1790
80831,2530,3520
80832,1190,1620
80833,1120,1460
80835,1440,1890
80840,2320,3230
80841,1740,2420
80863,1620,2250
80864,1610,2250
80901,1740,2420
80902,2200,3060
80903,1620,2250
80904,1530,2130
80905,1540,2140
80906,1880,2610
80907,1430,1990
80908,1900,2680
80909,1500,2090
80910,1590,2210
80911,1810,2520
80912,1740,2420
80913,2080,2890
80914,2110,2970
80915,1570,2180
80916,1650,2290
80917,1550,2160
80918,1790,2490
80919,1910,2660
80920,2150,2990
80921,2310,3210
80922,2130,2960
80923,2140,2980
80924,2400,3360
80925,2430,3380
80926,1710,2380
80927,2600,3620
80928,1820,2530
80929,2270,3150
80930,2170,3020
80931,1740,2420
80932,1740,2420
80933,1740,2420
80934,1740,2420
80935,1740,2420
80936,1740,2420
80937,1740,2420
80938,2390,3320
80939,1740,2420
80949,1740,2420
80951,2320,3230
80960,1740,2420
80962,1740,2420
80970,1740,2420
81008,1650,2100
80135,2100,2750
80813,1320,1850
80814,1430,1980
80816,1930,2520
80827,1930,2520
80860,1320,1850
80866,1490,2070
65010,1290,1750
65039,910,1230
65201,1160,1570
65202,1190,1610
65203,1190,1610
65205,1160,1570
65211,1160,1570
65215,1160,1570
65216,1160,1570
65240,910,1230
65243,910,1230
65255,1030,1400
65256,1150,1520
65279,1240,1640
65284,990,1340
65299,1160,1570
65018,940,1280
65025,890,1180
65046,890,1210
65068,890,1100
65081,890,1200
65233,990,1220
65237,890,1100
65276,890,1100
65287,970,1250
65301,990,1280
65322,1230,1520
65347,910,1170
65348,940,1170
65350,980,1270
65354,1290,1680
65230,890,1060
65248,1070,1280
65250,1000,1210
65254,950,1150
65257,900,1200
65274,940,1130
65281,990,1370
29002,1320,1680
29015,1170,1500
29016,1410,1790
29030,1170,1500
29033,1430,1820
29036,1880,2390
29037,1170,1500
29044,1170,1500
29045,1430,1760
29047,1170,1500
29052,1170,1500
29053,1170,1500
29054,1170,1500
29061,1460,1860
29063,1730,2200
29065,1170,1500
29070,1170,1500
29071,1220,1550
29072,1430,1820
29073,1170,1500
29075,1170,1500
29078,1170,1500
29112,1170,1500
29118,1170,1500
29123,1170,1500
29127,1170,1500
29130,1170,1500
29135,1170,1500
29160,1170,1500
29166,1170,1500
29169,1220,1550
29170,1170,1500
29171,1220,1550
29172,1170,1500
29177,1840,2340
29180,1170,1500
29201,1720,2190
29202,1320,1680
29203,1250,1590
29204,1170,1500
29205,1340,1700
29206,1490,1900
29207,1330,1690
29208,1720,2190
29209,1390,1770
29210,1360,1730
29211,1320,1680
29212,1460,1860
29214,1270,1620
29215,1320,1680
29216,1320,1680
29217,1320,1680
29218,1320,1680
29220,1320,1680
29221,1320,1680
29222,1320,1680
29223,1390,1770
29224,1320,1680
29225,1720,2190
29226,1320,1680
29227,1320,1680
29229,1770,2250
29230,1320,1680
29240,1320,1680
29250,1320,1680
29260,1320,1680
29290,1320,1680
29666,1170,1500
29848,1170,1500
29009,1310,1580
29010,920,1160
29020,970,1170
29021,1010,1220
29032,970,1170
29074,940,1210
29128,1170,1410
29175,960,1230
31805,1000,1320
31814,970,1290
31815,970,1290
31821,970,1290
31825,1070,1390
39854,1000,1250
39867,1000,1250
31006,970,1350
31801,1000,1320
31810,970,1320
31812,970,1350
31826,1060,1420
31827,970,1350
31831,1000,1320
31836,1020,1380
31058,1000,1320
31803,1000,1320
31804,1070,1420
31807,1170,1560
31808,1560,2070
31811,1160,1540
31820,1630,2160
31823,1150,1520
31829,1190,1590
31833,1030,1320
31901,1000,1320
31902,1120,1490
31903,1000,1320
31904,1170,1550
31905,1630,2160
31906,1000,1320
31907,1270,1690
31908,1120,1490
31909,1500,1990
31914,1120,1490
31917,1120,1490
31995,1330,1770
31998,1120,1490
31999,1120,1490
36027,1000,1320
36053,1000,1320
36851,1000,1320
36856,1260,1680
36858,1000,1320
36868,1000,1320
36869,1000,1320
36871,1000,1320
36875,1000,1320
46124,1100,1440
47201,1430,1720
47202,1420,1700
47203,1220,1460
47226,1150,1390
47232,1150,1390
47234,1260,1580
47236,1150,1390
47244,1440,1730
47246,1260,1510
47247,1150,1390
47273,1150,1390
47274,1100,1440
47280,1200,1470
47283,1150,1390
43001,1300,1560
43002,1870,2240
43003,1190,1430
43004,1610,1930
43008,1070,1280
43011,1070,1280
43013,1320,1580
43015,1410,1690
43016,1920,2300
43017,1740,2090
43018,1550,1860
43019,1080,1380
43021,1520,1820
43023,1290,1550
43025,1070,1280
43026,1680,2010
43027,1280,1570
43029,1280,1560
43030,1180,1430
43031,1310,1570
43032,1640,1970
43033,1380,1650
43035,1790,2150
43040,1430,1710
43044,1070,1330
43046,1260,1510
43050,1070,1380
43054,2040,2450
43055,1120,1340
43056,1310,1570
43058,1210,1450
43061,1410,1680
43062,1550,1860
43064,1600,1920
43065,1830,2190
43066,1290,1550
43068,1470,1760
43071,1090,1310
43073,1210,1450
43074,1820,2180
43076,1190,1450
43080,1280,1570
43081,1700,2040
43082,1890,2270
43085,1620,1940
43086,1560,1870
43101,1070,1340
43102,1080,1310
43103,1170,1400
43105,1070,1280
43107,1140,1370
43109,1320,1580
43110,1430,1710
43112,1240,1490
43113,1120,1340
43115,1390,1740
43116,1670,2000
43117,1090,1310
43119,1520,1820
43123,1430,1710
43125,1420,1700
43126,1340,1610
43130,1170,1400
43135,1070,1310
43136,1430,1710
43137,1380,1650
43140,1160,1390
43143,1180,1430
43145,1150,1410
43146,1090,1310
43147,1830,2190
43148,1230,1480
43150,1070,1280
43151,1180,1410
43153,1330,1610
43154,1260,1510
43155,1120,1450
43156,1070,1280
43157,1240,1490
43162,1170,1400
43164,1240,1490
43194,1450,1740
43195,1450,1740
43201,1540,1850
43202,1380,1650
43203,1140,1370
43204,1300,1560
43205,1210,1450
43206,1450,1740
43207,1240,1490
43209,1340,1610
43210,1070,1280
43211,1180,1410
43212,1580,1890
43213,1290,1550
43214,1430,1710
43215,2150,2580
43216,1450,1740
43217,1330,1590
43218,1450,1740
43219,1420,1700
43220,1480,1770
43221,1750,2100
43222,1080,1290
43223,1260,1510
43224,1190,1430
43226,1450,1740
43227,1350,1620
43228,1350,1620
43229,1300,1560
43230,1700,2040
43231,1350,1620
43232,1250,1500
43234,1450,1740
43235,1690,2030
43236,1450,1740
43240,1750,2100
43314,1070,1280
43315,1160,1390
43317,1210,1450
43320,1190,1440
43321,1100,1320
43325,1070,1300
43334,1130,1350
43338,1120,1340
43342,1250,1500
43344,1070,1280
43350,1380,1650
43356,1160,1390
43721,1190,1460
43739,1200,1470
43740,1150,1450
43746,1130,1470
43760,1120,1400
43822,1070,1280
43830,1120,1520
44813,1070,1370
44833,1070,1300
44903,1070,1350
44904,1070,1290
45369,1120,1370
45644,1070,1280
43111,970,1210
43127,970,1270
43138,970,1330
43144,970,1340
43149,1230,1690
43152,990,1280
43158,1200,1650
43766,990,1230
45622,990,1220
45654,1130,1410
45732,970,1190
45764,970,1210
43701,1010,1370
43730,970,1200
43731,970,1200
43748,970,1200
43761,990,1220
43764,1010,1250
43777,970,1270
43782,1000,1240
43783,1090,1350
43007,1430,1710
43036,1290,1550
43045,1360,1630
43060,1290,1610
43067,1330,1600
43077,1370,1640
43084,1290,1550
43302,1290,1550
43319,1290,1550
43340,1290,1550
43345,1370,1710
43358,1300,1580
78330,1260,1640
78335,1420,1870
78336,1370,1830
78339,1260,1640
78343,1260,1640
78347,1360,1790
78351,1260,1640
78352,1260,1640
78359,1260,1640
78362,1430,1880
78363,1260,1640
78368,1260,1640
78370,1260,1660
78373,2050,2690
78374,1800,2370
78380,1260,1640
78383,1260,1640
78387,1260,1640
78390,1390,1830
78401,1260,1640
78402,1410,1860
78403,1360,1790
78404,1290,1700
78405,1260,1640
78406,1780,2340
78407,1260,1640
78408,1260,1640
78409,1260,1640
78410,1360,1790
78411,1330,1750
78412,1580,2080
78413,1430,1880
78414,1650,2170
78415,1360,1790
78416,1260,1640
78417,1350,1770
78418,1430,1880
78419,2030,2670
78426,1360,1790
78427,1360,1790
78460,1360,1790
78463,1360,1790
78465,1360,1790
78466,1360,1790
78467,1360,1790
78468,1360,1790
78469,1360,1790
78480,1360,1790
77950,1310,1800
78358,1520,2060
78381,1410,1910
78382,1550,2100
97324,1480,2080
97326,1650,2280
97330,1860,2590
97331,1890,2630
97339,1820,2530
97361,1480,2080
97370,1780,2470
97448,1480,2080
97456,1750,2430
32433,1420,1970
32531,1450,1970
32536,1670,2290
32539,1580,2170
32540,1790,2460
32541,2380,3260
32542,2420,3320
32544,2370,3250
32547,1690,2320
32548,1780,2440
32549,1790,2460
32564,1550,2090
32567,1420,1970
32569,1710,2350
32578,2120,2910
32579,1970,2700
32580,1630,2240
32588,1790,2460
32413,1840,2370
32422,1360,1890
32435,1090,1530
32439,1330,1850
32455,1090,1530
32459,1820,2530
32461,2050,2850
32462,1450,1930
32464,1090,1530
32550,1970,2740
75001,2500,3150
75002,2490,3140
75006,2010,2530
75007,1990,2510
75009,2370,2980
75010,2220,2800
75011,1910,2400
75013,2250,2830
75014,1840,2320
75015,1840,2320
75016,1840,2320
75017,1840,2320
75019,2240,2820
75022,2680,3390
75023,2200,2770
75024,2580,3250
75025,2480,3120
75026,2240,2820
75027,2020,2540
75028,2800,3520
75029,2020,2540
75030,1840,2320
75032,2370,2980
75033,2550,3210
75034,2540,3200
75035,2780,3500
75036,2790,3510
75038,2090,2630
75039,2720,3420
75040,1930,2430
75041,1680,2120
75042,1650,2080
75043,1880,2370
75044,2130,2680
75045,1840,2320
75046,1840,2320
75047,1840,2320
75048,2330,2930
75049,1840,2320
75050,1840,2340
75051,1530,1930
75052,2100,2700
75053,1800,2310
75054,2500,3300
75056,2220,2800
75057,2000,2520
75058,1720,2390
75060,1750,2200
75061,1720,2170
75062,1820,2290
75063,2310,2910
75065,2040,2570
75067,2070,2610
75068,2680,3370
75069,1990,2510
75070,2230,2810
75071,2640,3320
75072,2900,3650
75074,2130,2680
75075,2070,2610
75077,2280,2870
75078,2790,3510
75080,2160,2720
75081,2200,2770
75082,2460,3100
75083,1840,2320
75085,1840,2320
75086,2240,2820
75087,2100,2640
75088,2470,3110
75089,2440,3070
75093,2480,3120
75094,2900,3650
75097,2240,2820
75098,2490,3140
75099,1840,2320
75101,1500,1890
75104,2330,2930
75106,1840,2320
75114,1780,2240
75115,1900,2390
75116,1830,2300
75118,1730,2180
75119,1550,1950
75123,1840,2320
75125,1480,1860
75126,2480,3120
75132,2320,2920
75134,2060,2590
75135,1830,2300
75137,2230,2810
75138,1840,2320
75141,1910,2400
75142,1590,2000
75143,1300,1670
75146,1930,2430
75147,1090,1390
75149,1770,2230
75150,1830,2300
75152,2010,2530
75154,1860,2340
75156,1030,1300
75157,1470,1850
75158,1470,1850
75159,1700,2140
75160,1520,1910
75161,1130,1420
75164,2000,2510
75165,1810,2280
75166,2360,2970
75167,2500,3150
75168,1790,2250
75169,1070,1390
75172,1550,1950
75173,1720,2170
75180,1610,2030
75181,2480,3120
75182,1870,2340
75185,1840,2320
75187,1840,2320
75189,2470,3110
75201,2900,3650
75202,2580,3250
75203,1460,1840
75204,2770,3490
75205,2880,3630
75206,2420,3050
75207,2370,2980
75208,1970,2480
75209,2260,2850
75210,1220,1540
75211,1530,1930
75212,1530,1930
75214,2170,2730
75215,1540,1940
75216,1370,1720
75217,1410,1780
75218,2090,2630
75219,2390,3010
75220,1680,2120
75221,1840,2320
75222,1840,2320
75223,1740,2190
75224,1490,1880
75225,2900,3650
75226,2110,2660
75227,1590,2000
75228,1590,2000
75229,1920,2420
75230,1850,2330
75231,1740,2190
75232,1640,2060
75233,1620,2040
75234,2150,2710
75235,2030,2560
75236,1610,2030
75237,1490,1880
75238,1660,2090
75240,1790,2250
75241,1580,1990
75242,1840,2320
75243,1820,2290
75244,2350,2960
75246,1380,1740
75247,1570,1980
75248,2270,2860
75249,2450,3080
75250,1840,2320
75251,2200,2770
75252,1720,2170
75253,1730,2180
75254,2160,2720
75261,1830,2310
75270,1840,2320
75287,2150,2710
75313,1840,2320
75315,1840,2320
75336,1840,2320
75339,1840,2320
75342,1840,2320
75354,1840,2320
75355,1840,2320
75356,1840,2320
75357,1840,2320
75360,1840,2320
75367,1840,2320
75370,2240,2820
75371,1840,2320
75372,1840,2320
75374,1840,2320
75376,1840,2320
75378,1840,2320
75379,2240,2820
75380,1840,2320
75381,1840,2320
75382,1840,2320
75390,1840,2320
75398,1840,2320
75401,1480,1860
75402,1760,2220
75403,1510,1900
75404,1510,1900
75407,2280,2870
75409,2490,3140
75422,1450,1830
75423,1370,1720
75424,1720,2170
75428,1240,1560
75429,1510,1900
75433,1130,1420
75442,1820,2290
75448,1140,1490
75449,1120,1510
75452,1080,1490
75453,1430,1830
75454,2890,3640
75458,1510,1900
75469,1130,1420
75474,1400,1760
75485,2240,2820
75491,1090,1520
75495,1570,2170
75496,1260,1610
76041,1840,2310
76050,1480,1950
76051,2330,3070
76052,2460,3230
76055,1310,1650
76063,2100,2770
76064,1900,2390
76065,2160,2720
76078,1610,2210
76084,1970,2570
76092,2290,2980
76177,2120,2770
76201,1640,2060
76202,2020,2540
76203,1640,2060
76204,2020,2540
76205,1710,2150
76206,2020,2540
76207,2020,2540
76208,1980,2490
76209,1740,2190
76210,2210,2780
76226,2900,3650
76227,2470,3110
76234,1240,1710
76247,2620,3300
76249,2000,2520
76258,1530,1940
76259,1670,2100
76262,2110,2690
76266,1830,2300
76272,1210,1530
76623,1550,1950
76626,1170,1600
76641,1310,1650
76651,1460,1840
76670,1150,1480
76001,2250,2970
76002,2580,3400
76003,1730,2280
76004,1730,2280
76005,2580,3400
76006,1900,2510
76007,1730,2280
76008,2580,3400
76009,1480,1950
76010,1570,2070
76011,1710,2260
76012,1590,2100
76013,1560,2060
76014,1790,2360
76015,1870,2470
76016,2210,2920
76017,1800,2380
76018,2250,2970
76019,1730,2280
76020,1540,2040
76021,1820,2400
76022,1730,2280
76023,1190,1650
76028,1760,2320
76031,1440,1900
76033,1550,2040
76034,2580,3400
76035,1650,2100
76036,2010,2650
76039,2230,2940
76040,1550,2050
76044,1660,2190
76049,1600,1930
76053,1610,2120
76054,1830,2410
76058,1660,2190
76059,1190,1570
76060,1540,2030
76061,1620,2140
76066,1110,1460
76067,1080,1420
76070,1250,1650
76071,1210,1680
76082,1490,1980
76085,1890,2490
76086,1660,2190
76087,1950,2570
76088,1640,2160
76093,1460,1920
76094,1730,2280
76095,1730,2280
76096,1730,2280
76097,1620,2140
76098,1680,2220
76099,1730,2280
76101,1730,2280
76102,2030,2680
76103,1370,1810
76104,1650,2180
76105,1410,1860
76106,1450,1910
76107,1820,2400
76108,1720,2270
76109,2020,2670
76110,1530,2020
76111,1520,2010
76112,1620,2140
76113,1730,2280
76114,1450,1910
76115,1420,1870
76116,1520,2010
76117,1450,1910
76118,1730,2280
76119,1400,1850
76120,1620,2140
76121,1730,2280
76123,2580,3400
76124,1730,2280
76126,1960,2590
76127,2420,3190
76129,2020,2670
76130,1730,2280
76131,2150,2840
76132,1890,2490
76133,1710,2260
76134,1610,2120
76135,1490,1970
76136,1730,2280
76137,2070,2730
76140,1790,2360
76147,1730,2280
76148,2210,2920
76155,1690,2230
76161,1730,2280
76162,1730,2280
76163,1730,2280
76164,1360,1790
76179,2260,2980
76180,1940,2560
76182,2100,2770
76185,1730,2280
76244,2340,3090
76248,2420,3190
76439,1680,2220
76462,1360,1760
76485,1680,2220
76486,970,1320
76487,2320,3100
76490,1080,1450
76073,1200,1670
76225,1080,1510
76246,1210,1680
76267,1240,1710
76270,1110,1540
76426,1130,1570
76431,1210,1680
76458,1080,1510
30719,1120,1460
30720,1190,1550
30721,1100,1440
30722,1120,1460
30735,1240,1700
30756,1210,1580
30705,1000,1390
30708,980,1340
30711,970,1350
30724,1000,1390
30751,970,1340
36480,1120,1400
36502,1120,1400
36507,1120,1400
36511,1260,1590
36526,1520,1910
36527,1580,1990
36530,1130,1420
36532,1570,1980
36533,1350,1700
36535,1200,1510
36536,1350,1700
36542,1410,1770
36547,1450,1830
36549,1330,1720
36550,1120,1400
36551,1290,1620
36555,1200,1510
36559,1550,1950
36561,1470,1850
36562,1120,1400
36564,1350,1700
36567,1170,1470
36574,1230,1550
36576,1160,1460
36577,1350,1700
36578,1160,1450
36579,1120,1400
36580,1120,1400
52722,1370,1800
52726,1470,1920
52728,1010,1320
52729,930,1210
52745,1060,1390
52746,1200,1550
52747,1010,1310
52748,1160,1520
52753,1220,1600
52756,1710,2240
52758,1590,2080
52765,1490,1950
52767,1330,1750
52768,1180,1520
52769,1180,1540
52773,1030,1350
52801,1170,1530
52802,1210,1590
52803,1110,1450
52804,1150,1510
52805,1180,1550
52806,1180,1550
52807,1110,1450
52808,1180,1550
52809,1180,1550
61201,1120,1470
61204,1120,1470
61231,1030,1350
61232,1040,1360
61233,1080,1420
61234,930,1210
61235,1180,1550
61236,1050,1370
61237,1120,1470
61238,1250,1640
61239,1210,1590
61240,1710,2240
61241,1110,1450
61242,1170,1530
61244,1030,1350
61250,930,1210
61254,1150,1510
61256,1240,1630
61257,1710,2240
61258,930,1210
61259,1150,1500
61260,930,1210
61262,980,1280
61263,980,1280
61264,1250,1640
61265,1150,1510
61266,1120,1470
61272,1070,1400
61273,1070,1400
61274,1150,1510
61275,990,1300
61276,1040,1370
61277,930,1210
61278,1390,1820
61279,1280,1680
61281,1000,1310
61282,1210,1590
61283,1010,1310
61284,1390,1810
61344,1250,1540
61361,1070,1320
61401,930,1210
61412,960,1240
61413,1150,1510
61414,980,1280
61419,1080,1420
61434,980,1280
61442,930,1210
61443,1050,1380
61465,930,1210
61466,1010,1320
61468,990,1300
61472,930,1210
61476,970,1270
61486,1060,1390
61490,930,1210
43128,980,1260
45169,970,1270
45301,1680,2180
45304,1040,1380
45305,1500,1950
45307,1070,1390
45308,1110,1460
45309,1230,1590
45312,1320,1710
45314,1130,1470
45315,1200,1560
45316,1080,1360
45317,1030,1320
45318,990,1280
45322,1340,1740
45324,1330,1720
45325,1380,1790
45326,970,1260
45335,1000,1300
45337,1140,1500
45338,1030,1370
45339,1220,1580
45343,1250,1620
45344,1060,1310
45345,1070,1390
45354,1460,1890
45356,1220,1580
45359,970,1260
45361,1740,2260
45365,1020,1370
45368,970,1190
45370,1200,1560
45371,1410,1830
45373,1190,1540
45374,1230,1600
45377,1100,1430
45378,1150,1530
45381,1010,1340
45383,1130,1470
45384,1190,1540
45385,1190,1540
45387,1150,1490
45401,1250,1620
45402,1340,1740
45403,990,1280
45404,1210,1570
45405,1070,1390
45406,1160,1500
45409,1440,1870
45410,1250,1620
45413,1250,1620
45414,1170,1520
45415,1190,1540
45416,1480,1920
45417,1170,1520
45419,1210,1570
45420,1270,1650
45422,1250,1620
45423,1250,1620
45424,1400,1820
45426,1180,1530
45428,1170,1520
45429,1290,1670
45430,1670,2170
45431,1600,2080
45432,1160,1500
45433,1800,2330
45434,1710,2220
45435,1330,1720
45437,1250,1620
45439,1260,1630
45440,1390,1800
45441,1250,1620
45449,1300,1690
45459,1490,1930
45469,1440,1870
45470,1250,1620
45475,1250,1620
45481,1380,1790
45490,1250,1620
35019,840,1100
35058,870,1130
35087,970,1260
35175,900,1230
35179,840,1100
35540,840,1100
35565,840,1100
35601,990,1300
35602,980,1290
35603,1000,1310
35618,840,1100
35619,1170,1540
35621,1230,1620
35622,1010,1320
35640,950,1250
35643,880,1160
35650,840,1100
35651,840,1100
35654,880,1100
35670,900,1180
35672,880,1100
35673,890,1170
35754,890,1170
35775,1280,1670
61749,950,1190
61756,1040,1340
61914,970,1340
61925,920,1240
62501,1330,1720
62513,1570,2030
62514,1100,1430
62521,1140,1480
62522,1040,1350
62523,920,1190
62524,1060,1370
62525,1060,1370
62526,1100,1430
62532,1110,1430
62535,1150,1560
62537,1050,1370
62539,1020,1380
62543,920,1190
62544,1080,1400
62547,1310,1570
62549,990,1280
62550,1150,1380
62551,960,1240
62554,1180,1530
62573,950,1230
32102,1520,1920
32105,1700,2240
32112,1550,2040
32114,1670,2200
32115,1700,2240
32117,1730,2280
32118,1600,2110
32119,1760,2320
32120,1700,2240
32121,1700,2240
32122,1700,2240
32124,2360,3110
32125,1700,2240
32126,1700,2240
32127,1720,2270
32128,2050,2700
32129,1850,2440
32130,1720,2270
32132,1550,2040
32136,1560,2130
32141,1760,2320
32168,1980,2610
32169,2180,2870
32170,1700,2240
32173,1700,2240
32174,1610,2120
32175,1700,2240
32176,1790,2360
32180,1550,2090
32190,1550,2040
32713,1930,2540
32720,1520,1940
32721,1700,2240
32723,1700,2240
32724,1560,2060
32725,1860,2450
32728,1700,2240
32738,1870,2460
32739,1700,2240
32744,1550,2040
32753,1700,2240
32754,1380,1880
32759,1560,2060
32763,1770,2330
32764,1810,2390
32774,1700,2240
32080,1900,2340
32086,1800,2220
32110,1530,2090
32135,1810,2470
32137,1920,2620
32143,1810,2470
32145,1280,1580
32164,1840,2510
80001,2060,2700
80002,1930,2530
80003,1960,2570
80004,1940,2540
80005,2380,3110
80006,2060,2700
80007,3040,3980
80010,1930,2520
80011,1950,2550
80012,2060,2700
80013,2280,2980
80014,2220,2910
80015,2470,3230
80016,2390,3130
80017,1960,2570
80018,2710,3550
80019,1930,2520
80021,2490,3260
80022,1930,2520
80023,2410,3150
80024,1930,2520
80030,1930,2520
80031,2180,2850
80033,1930,2520
80034,2060,2700
80035,1980,2590
80036,1980,2590
80037,1980,2590
80038,2350,3080
80040,1980,2590
80041,2080,2720
80042,1980,2590
80044,2080,2720
80045,2340,3060
80046,2080,2720
80047,2080,2720
80101,1930,2520
80102,1930,2520
80103,1930,2520
80104,2170,2840
80105,1930,2520
80107,2110,2760
80108,2280,2980
80109,2550,3340
80110,1930,2520
80111,2540,3320
80112,2330,3050
80113,1930,2520
80116,2050,2700
80117,1930,2520
80120,1930,2520
80121,1950,2550
80122,2400,3140
80123,2400,3140
80124,2340,3060
80125,3090,4040
80126,2670,3490
80127,2400,3140
80128,2250,2940
80129,2550,3340
80130,3010,3940
80131,2440,3190
80134,2330,3050
80136,1930,2520
80137,1930,2520
80138,2260,2960
80150,2080,2720
80151,2080,2720
80155,2080,2720
80160,2080,2720
80161,2080,2720
80162,2060,2700
80163,2390,3130
80201,2070,2710
80202,3030,3970
80203,2460,3220
80204,2230,2920
80205,2280,2980
80206,2350,3080
80207,2150,2810
80209,2250,2940
80210,2340,3060
80211,2540,3320
80212,2110,2760
80214,1930,2520
80215,1950,2550
80216,2200,2880
80217,2070,2710
80218,2020,2640
80219,1930,2520
80220,1930,2520
80221,1930,2520
80222,2040,2670
80223,2060,2700
80224,1930,2520
80225,2060,2700
80226,1930,2520
80227,2060,2700
80228,2260,2960
80229,2130,2790
80230,2350,3080
80231,2170,2840
80232,1940,2540
80233,2210,2890
80234,2050,2680
80235,1980,2590
80236,2010,2630
80237,2330,3050
80238,2420,3170
80239,2190,2870
80241,2330,3050
80246,2200,2880
80247,2050,2680
80248,2070,2710
80249,2480,3250
80250,2070,2710
80260,1930,2520
80264,2070,2710
80265,2070,2710
80266,2070,2710
80290,2890,3780
80293,2070,2710
80294,2070,2710
80299,2070,2710
80401,2150,2810
80402,2060,2700
80419,2060,2700
80420,1970,2580
80421,2300,3010
80425,2100,2750
80427,1930,2520
80432,2040,2670
80433,2700,3530
80436,1930,2520
80437,2060,2700
80438,1930,2520
80439,2290,3000
80440,1930,2520
80444,1930,2520
80448,2110,2700
80449,1930,2520
80452,1930,2520
80453,2260,2960
80454,2460,3220
80456,2040,2670
80457,2290,3000
80465,2490,3260
80470,1950,2550
80475,2300,3010
80476,1930,2520
80601,1980,2590
80602,2910,3810
80603,1970,2680
80614,1980,2590
80640,2460,3220
80642,1930,2520
80643,1930,2520
80654,1930,2520
80701,1930,2520
80820,2040,2670
80828,1930,2520
80830,1930,2520
50028,1040,1390
50054,1030,1380
50106,920,1210
50112,980,1300
50127,980,1310
50135,970,1300
50137,1000,1340
50141,1040,1380
50153,920,1230
50162,1440,1900
50168,970,1300
50169,960,1310
50170,950,1260
50208,1010,1350
50214,1030,1300
50228,1070,1420
50232,1180,1580
50234,1070,1430
50237,920,1250
50242,980,1290
50251,1000,1330
50001,1640,2230
50002,1050,1380
50003,1130,1540
50007,1240,1700
50009,1410,1920
50020,940,1300
50021,1680,2290
50023,1440,1960
50025,920,1200
50026,980,1340
50029,1000,1360
50032,1390,1890
50033,1060,1440
50035,1340,1820
50038,1200,1630
50047,1460,1990
50048,1050,1410
50058,930,1200
50061,1280,1750
50063,960,1310
50066,1110,1520
50069,1020,1390
50070,1200,1630
50072,1170,1590
50073,1410,1920
50076,920,1200
50109,1220,1660
50111,1290,1760
50115,950,1290
50118,1380,1880
50125,1150,1570
50128,920,1250
50129,920,1280
50131,1510,2060
50139,1090,1430
50145,1140,1520
50146,1640,2230
50149,1000,1330
50151,1480,1900
50155,1060,1420
50160,990,1350
50164,1030,1380
50166,1090,1480
50167,1080,1470
50174,970,1290
50210,1260,1710
50211,1300,1770
50213,920,1220
50216,1190,1620
50218,1240,1690
50222,1120,1520
50225,960,1200
50229,1170,1590
50233,1270,1720
50240,1060,1440
50241,1380,1880
50250,1040,1390
50252,1060,1370
50257,1030,1410
50261,1100,1500
50263,1490,2030
50265,1270,1730
50266,1590,2160
50273,1240,1690
50277,1040,1420
50301,1300,1770
50302,1300,1770
50303,1300,1770
50304,1300,1770
50305,1300,1770
50309,1370,1860
50310,1280,1740
50311,1150,1570
50312,1250,1700
50313,1290,1760
50314,1140,1550
50315,1230,1670
50316,1160,1580
50317,1200,1630
50318,1300,1770
50319,1300,1770
50320,1260,1720
50321,1330,1810
50322,1330,1810
50323,1620,2210
50324,1500,2040
50325,1320,1800
50327,1390,1890
50363,1300,1770
50368,1300,1770
50380,1300,1770
50391,1300,1770
50395,1300,1770
50858,920,1200
50947,1300,1770
48001,1150,1400
48002,1440,1770
48003,1240,1510
48004,1240,1510
48005,1330,1620
48006,1240,1510
48009,2120,2590
48012,1580,1930
48014,1060,1300
48015,1060,1300
48017,1410,1720
48021,1580,1930
48022,1160,1420
48023,1520,1860
48025,2120,2590
48026,1060,1300
48027,1140,1420
48028,1150,1400
48030,1500,1830
48032,1200,1470
48033,1540,1880
48034,1620,1980
48035,1360,1660
48036,1220,1490
48037,1580,1930
48038,1650,2020
48039,1100,1340
48040,1170,1430
48041,1060,1300
48042,1760,2150
48043,1130,1380
48044,1610,1970
48045,1280,1560
48046,1410,1720
48047,1300,1590
48048,1570,1920
48049,1290,1580
48050,1460,1800
48051,1320,1610
48054,1330,1620
48059,1190,1450
48060,1170,1430
48061,1240,1510
48062,1060,1300
48063,1320,1610
48064,1060,1300
48065,1300,1590
48066,1430,1750
48067,1770,2160
48068,1580,1930
48069,2120,2590
48070,2120,2590
48071,1380,1690
48072,1700,2080
48073,1620,1980
48074,1370,1670
48075,1600,1950
48076,1700,2080
48079,1400,1710
48080,1360,1660
48081,1460,1780
48082,1550,1890
48083,1750,2140
48084,2000,2440
48085,2120,2590
48088,1350,1650
48089,1390,1700
48090,1410,1720
48091,1470,1800
48092,1460,1780
48093,1330,1620
48094,1550,1890
48095,1060,1300
48096,1480,1810
48097,1060,1300
48098,1940,2370
48099,1580,1930
48101,1400,1710
48112,1340,1640
48117,1340,1620
48120,1800,2200
48121,1340,1640
48122,1400,1710
48123,1340,1640
48124,1550,1890
48125,1570,1920
48126,1380,1690
48127,1470,1800
48128,2030,2480
48134,1380,1690
48135,1270,1550
48136,1340,1640
48138,1670,2040
48141,1410,1720
48146,1190,1450
48150,1600,1950
48151,1340,1640
48152,1600,1950
48153,1340,1640
48154,1490,1820
48164,1880,2300
48165,1700,2080
48173,1340,1640
48174,1340,1640
48180,1210,1480
48183,1220,1490
48184,1140,1390
48185,1420,1730
48186,1340,1640
48188,1880,2300
48192,1170,1430
48193,1270,1550
48195,1330,1620
48201,1250,1530
48202,1290,1580
48203,1070,1310
48204,1200,1470
48205,1300,1590
48206,1110,1360
48207,1330,1620
48208,1110,1360
48209,1060,1300
48210,1160,1420
48211,1170,1430
48212,1090,1330
48213,1090,1330
48214,1070,1310
48215,1190,1450
48216,1130,1380
48217,1370,1670
48218,1060,1300
48219,1370,1670
48220,1540,1880
48221,1380,1690
48223,1230,1500
48224,1360,1660
48225,1620,1980
48226,2120,2590
48227,1220,1490
48228,1230,1500
48229,1150,1400
48230,1770,2160
48231,1340,1640
48232,1340,1640
48233,1340,1640
48234,1170,1430
48235,1330,1620
48236,1910,2330
48237,1660,2030
48238,1160,1420
48239,1650,2020
48240,1600,1950
48242,1340,1640
48243,1340,1640
48244,1340,1640
48301,2120,2590
48302,2060,2520
48303,1580,1930
48304,1880,2300
48306,1670,2040
48307,1810,2210
48308,1580,1930
48309,1810,2210
48310,1610,1970
48311,1410,1720
48312,1370,1670
48313,1420,1730
48314,1590,1940
48315,1390,1700
48316,1590,1940
48317,1520,1860
48318,1410,1720
48320,1460,1780
48321,1580,1930
48322,2120,2590
48323,1970,2400
48324,1750,2140
48325,1580,1930
48326,1640,2000
48327,1260,1540
48328,1350,1650
48329,1720,2100
48330,1580,1930
48331,2120,2590
48332,1580,1930
48333,1580,1930
48334,1850,2260
48335,1890,2310
48336,1370,1670
48340,1320,1610
48341,1120,1370
48342,1250,1530
48343,1580,1930
48346,1630,1990
48347,1580,1930
48348,1460,1780
48350,1550,1890
48356,1200,1470
48357,1270,1550
48359,1540,1880
48360,1580,1930
48361,1580,1930
48362,1370,1670
48363,1490,1820
48366,1580,1930
48367,1370,1670
48370,1390,1690
48371,1410,1720
48374,2120,2590
48375,2120,2590
48376,1580,1930
48377,1550,1890
48380,1880,2380
48381,1470,1800
48382,2010,2460
48383,1550,1890
48386,1710,2090
48387,1580,1930
48390,1960,2390
48393,1130,1380
48412,1460,1780
48416,1060,1300
48421,1060,1300
48423,1060,1300
48428,1360,1660
48430,1490,1930
48435,1300,1660
48438,1440,1770
48439,1080,1330
48440,1300,1590
48442,1440,1760
48444,1060,1300
48446,1220,1490
48453,1060,1300
48455,1390,1700
48461,1060,1300
48462,1170,1430
48463,1060,1300
48464,1090,1380
48727,1060,1300
48744,1070,1410
48760,1080,1380
48114,1600,2230
48116,1390,1930
48139,1440,1890
48143,1600,2210
48353,1490,2070
48418,1520,2000
48451,1270,1780
48816,1710,2380
48836,1270,1780
48843,1520,2110
48844,1460,2030
48855,1710,2380
48872,1270,1780
48892,1270,1780
36301,910,1230
36302,970,1320
36303,960,1300
36304,970,1320
36305,1260,1710
36312,900,1220
36313,870,1190
36314,810,1110
36316,910,1250
36318,830,1140
36319,890,1150
36320,900,1220
36321,900,1220
36322,810,1110
36340,810,1110
36343,1020,1380
36344,850,1150
36345,950,1190
36350,810,1110
36352,810,1110
36370,810,1110
36375,900,1220
36376,910,1230
36442,830,1110
36453,810,1110
36467,810,1110
36477,810,1110
36016,810,1060
36310,780,960
36317,840,1080
36353,980,1230
36373,830,1030
19901,1540,2140
19902,1540,2140
19903,1470,2040
19904,1400,1950
19934,1620,2250
19936,1350,1880
19938,1850,2540
19943,1370,1910
19946,1390,1930
19950,1470,1900
19952,1380,1920
19953,1360,1890
19954,1410,1960
19955,1850,2540
19961,1470,2040
19962,1400,1950
19963,1350,1880
19964,1620,2190
19977,1630,2220
19979,1730,2410
19980,1440,2000
52001,1080,1450
52002,1170,1570
52003,1100,1480
52004,1080,1450
52031,980,1260
52039,1090,1460
52040,1090,1440
52045,990,1330
52046,1090,1470
52052,950,1190
52053,920,1210
52054,940,1210
52056,1000,1310
52065,1020,1370
52068,1080,1450
52073,1180,1590
52078,920,1220
52079,930,1210
52099,1080,1450
54820,1030,1390
54830,1030,1390
54836,1110,1500
54838,1040,1400
54842,1120,1540
54849,1030,1390
54854,1030,1390
54859,1060,1390
54864,1340,1840
54873,1030,1390
54874,1220,1670
54880,1150,1580
54890,1150,1580
55602,1250,1710
55616,1380,1660
55702,1230,1690
55703,1030,1400
55705,1030,1390
55706,1030,1390
55707,1210,1660
55708,1030,1390
55710,1050,1430
55711,1170,1600
55713,1240,1700
55717,1710,2340
55718,1080,1480
55719,1030,1390
55720,1260,1730
55723,1030,1390
55724,1250,1710
55725,1040,1410
55726,1140,1560
55731,1120,1390
55732,1030,1390
55733,1740,2380
55734,1100,1510
55736,1030,1390
55738,1030,1390
55741,1030,1390
55746,1030,1390
55749,1180,1550
55750,1250,1710
55751,1090,1490
55756,1150,1440
55757,1150,1530
55758,1160,1590
55763,1030,1390
55765,1030,1390
55767,1160,1580
55768,1130,1550
55769,1030,1390
55771,1060,1450
55772,1070,1390
55779,1850,2540
55780,1220,1680
55781,1630,2220
55782,1030,1390
55783,1220,1470
55787,1030,1430
55790,1030,1390
55792,1080,1480
55796,1120,1470
55797,1380,1890
55798,1030,1390
55802,1330,1820
55803,1710,2340
55804,1650,2260
55805,1290,1770
55806,1160,1590
55807,1190,1630
55808,1230,1690
55810,1360,1860
55811,1570,2150
55812,1490,2040
55814,1570,2150
55816,1250,1710
56649,1030,1390
56669,1040,1390
27207,1690,2110
27208,1330,1670
27213,1690,2110
27231,1690,2110
27252,1690,2110
27256,1690,2110
27278,1690,2110
27314,1690,2110
27325,1330,1670
27330,1690,2110
27355,1330,1670
27502,2140,2690
27503,1690,2110
27510,1790,2210
27514,1910,2360
27515,1730,2160
27516,1710,2120
27517,1940,2420
27519,2240,2810
27523,2110,2640
27540,2110,2650
27541,1690,2110
27559,1690,2110
27560,2230,2790
27562,2020,2530
27572,1690,2110
27583,1690,2110
27599,1730,2160
27613,1740,2180
27617,2010,2520
27701,1690,2110
27702,1730,2140
27703,1750,2160
27704,1690,2110
27705,1700,2110
27706,1730,2140
27707,1730,2140
27708,1700,2110
27709,1730,2140
27710,1730,2140
27712,2000,2500
27713,1900,2350
27715,1730,2140
27717,1730,2140
27722,1730,2140
27291,1010,1370
27305,1390,1910
27343,1100,1500
27565,1200,1580
27573,930,1310
27574,1200,1580
78852,970,1340
78853,970,1340
78860,1150,1540
78877,970,1340
54433,990,1360
54701,1200,1610
54702,1180,1580
54703,1210,1620
54720,1280,1710
54722,1000,1360
54724,1010,1360
54726,990,1360
54727,990,1360
54729,1230,1650
54730,990,1360
54732,1040,1390
54738,990,1360
54739,1150,1530
54741,990,1360
54742,1370,1840
54745,1110,1480
54748,1180,1580
54755,990,1360
54757,990,1360
54758,990,1360
54766,1020,1360
54768,1040,1380
54770,990,1360
92004,1460,1950
92222,1240,1690
92225,2080,2780
92227,1280,1730
92231,1480,2000
92232,1360,1840
92233,1240,1690
92243,1350,1830
92244,1360,1840
92249,1440,1950
92250,1240,1690
92251,1790,2420
92257,1240,1690
92259,1620,2180
92266,1240,1690
92273,1250,1690
92274,2080,2780
92275,1440,1950
92281,1240,1690
92283,1240,1690
40051,970,1360
40052,970,1360
40060,970,1360
40115,1100,1520
40121,1180,1640
40122,1060,1470
40140,1050,1460
40150,1070,1390
40159,1060,1470
40160,980,1360
40162,1170,1630
40175,1380,1900
40177,1070,1390
42701,1160,1610
42702,1060,1470
42712,970,1360
42716,970,1360
42718,970,1360
42724,970,1360
42732,970,1360
42740,970,1360
42748,970,1360
42757,970,1360
42764,970,1360
42776,970,1360
42784,970,1360
42788,970,1360
46507,1220,1600
46514,1240,1630
46515,1180,1550
46516,1150,1510
46517,1060,1390
46526,1250,1640
46527,1180,1550
46528,1220,1600
46530,1860,2270
46540,1250,1630
46542,1160,1420
46543,1170,1500
46550,1080,1400
46553,1090,1430
46561,1390,1700
46565,960,1240
46567,1100,1350
46573,1240,1610
46767,1040,1250
14805,1370,1730
14812,1240,1600
14814,1450,1850
14816,1250,1560
14824,1580,2040
14825,1160,1470
14830,1250,1630
14838,1160,1470
14845,1430,1790
14861,1360,1700
14864,1530,1940
14867,1540,1850
14871,1350,1690
14872,1160,1470
14894,1420,1780
14901,1160,1470
14902,1280,1600
14903,1170,1470
14904,1260,1580
14905,1370,1710
79821,1170,1600
79835,1100,1510
79836,1080,1490
79838,1080,1490
79849,1080,1490
79853,1120,1540
79901,1080,1490
79902,1080,1490
79903,1080,1490
79904,1080,1490
79905,1080,1490
79906,1700,2330
79907,1080,1490
79908,1790,2450
79910,1190,1630
79911,1670,2290
79912,1430,1960
79913,1190,1630
79914,1190,1630
79915,1080,1490
79916,1480,2030
79917,1190,1630
79918,1730,2370
79920,1080,1490
79922,1550,2130
79923,1190,1630
79924,1230,1690
79925,1160,1590
79926,1190,1630
79927,1160,1590
79928,1270,1740
79929,1190,1630
79930,1080,1490
79931,1190,1630
79932,1210,1660
79934,1560,2140
79935,1240,1700
79936,1420,1950
79937,1190,1630
79938,1540,2110
79940,1190,1630
79941,1190,1630
79942,1190,1630
79943,1190,1630
79944,1190,1630
79945,1190,1630
79946,1190,1630
79947,1190,1630
79948,1190,1630
79949,1190,1630
79950,1190,1630
79951,1190,1630
79952,1190,1630
79953,1190,1630
79954,1190,1630
79955,1190,1630
79968,1190,1630
79995,1190,1630
79996,1190,1630
79997,1190,1630
79837,970,1180
79839,1300,1580
79847,1230,1690
79851,1320,1580
79855,1010,1310
73056,1030,1350
73073,990,1290
73701,940,1220
73702,1030,1340
73703,1130,1470
73705,1100,1430
73718,1040,1300
73720,1070,1380
73727,1090,1410
73730,1040,1350
73733,1030,1340
73735,990,1290
73736,1010,1300
73738,1070,1390
73739,950,1220
73742,1020,1300
73743,1130,1470
73753,1060,1390
73754,970,1250
73757,990,1240
73761,990,1350
73773,1110,1440
74630,940,1140
74640,990,1310
16401,1010,1260
16403,1010,1290
16407,1090,1360
16410,1170,1450
16411,1370,1690
16412,1210,1500
16413,1210,1500
16415,1610,1990
16417,1010,1260
16421,1140,1410
16423,1120,1390
16426,1250,1550
16427,1130,1400
16428,1060,1310
16430,1360,1680
16434,1070,1430
16435,1010,1300
16438,1050,1320
16441,1350,1670
16442,1540,1900
16443,1120,1380
16444,1210,1500
16475,1010,1260
16501,1130,1400
16502,1140,1410
16503,1130,1400
16504,1320,1630
16505,1130,1400
16506,1540,1900
16507,1270,1570
16508,1120,1390
16509,1410,1740
16510,1220,1510
16511,1340,1660
16512,1210,1500
16514,1210,1500
16515,1210,1500
16541,1210,1500
16544,1210,1500
16546,1320,1630
16550,1210,1500
16563,1220,1510
16565,1210,1500
97390,1350,1890
97401,1820,2530
97402,1710,2380
97403,1810,2520
97404,1730,2410
97405,1810,2520
97408,2140,2980
97409,1690,2350
97412,1380,1920
97413,1350,1890
97419,1450,2020
97424,1490,2070
97426,1700,2360
97430,1380,1920
97431,2530,3520
97434,1490,2070
97437,1620,2250
97438,2530,3520
97439,1580,2200
97440,1690,2350
97451,1580,2190
97452,1370,1910
97453,1380,1920
97454,1790,2490
97455,2010,2790
97461,1690,2350
97463,1350,1890
97475,1690,2350
97477,1610,2240
97478,1720,2390
97480,1460,2030
97487,1750,2430
97488,1530,2150
97489,1720,2390
97490,1690,2350
97492,1730,2410
97493,1430,1990
97498,1740,2400
47523,980,1330
47537,960,1300
47541,1010,1410
47601,1020,1260
47610,1090,1340
47612,960,1180
47613,1150,1420
47616,970,1270
47618,1130,1390
47619,970,1190
47620,960,1180
47629,1170,1440
47630,1280,1580
47631,1050,1290
47633,960,1180
47637,960,1200
47638,1020,1250
47639,1010,1280
47660,1020,1290
47701,1130,1390
47702,1130,1390
47703,1130,1390
47704,1130,1390
47705,1130,1390
47706,1130,1390
47708,1320,1620
47710,1040,1280
47711,1140,1400
47712,1110,1370
47713,1080,1330
47714,1120,1380
47715,1240,1530
47716,1130,1390
47719,1130,1390
47720,1220,1500
47721,1130,1390
47724,1130,1390
47725,1580,1940
47728,1130,1390
47730,1130,1390
47731,1130,1390
47732,1130,1390
47733,1130,1390
47734,1130,1390
47735,1130,1390
47736,1130,1390
47737,1130,1390
47747,1130,1390
47750,1130,1390
99701,1510,2110
99702,2320,3230
99703,2430,3380
99705,1710,2380
99706,1510,2110
99707,1680,2340
99708,1680,2340
99709,1510,2110
99710,1680,2340
99712,1510,2110
99714,1750,2450
99725,1510,2110
99760,1510,2110
99775,1580,2200
99790,1510,2110
56514,1010,1400
56519,1460,1820
56525,1170,1630
56529,1150,1600
56536,970,1350
56546,1290,1690
56547,1030,1430
56549,980,1360
56552,970,1330
56554,970,1270
56560,1170,1630
56561,1180,1640
56562,1170,1630
56563,1170,1630
56572,980,1360
56574,1110,1340
56580,970,1350
56584,1330,1590
56585,970,1340
56594,1130,1560
58002,1100,1530
58004,1100,1530
58005,1100,1530
58006,970,1350
58007,1100,1530
58011,1100,1530
58012,970,1350
58015,1210,1670
58021,1180,1650
58027,970,1270
58029,980,1360
58031,1010,1280
58035,990,1360
58036,1100,1530
58038,970,1310
58042,1230,1700
58046,970,1330
58047,1050,1460
58048,970,1350
58051,970,1350
58052,1180,1640
58059,1440,2000
58064,1010,1390
58068,1020,1370
58071,970,1350
58078,1240,1720
58079,1100,1530
58102,1030,1430
58103,1040,1450
58104,1300,1810
58105,1030,1430
58106,1100,1530
58107,1100,1530
58108,1100,1530
58109,1100,1530
81137,1440,1770
86514,1370,1840
87037,1100,1470
87313,970,1310
87325,1050,1330
87328,1050,1410
87364,970,1350
87401,1150,1600
87402,1200,1670
87410,1030,1430
87412,1020,1420
87413,1020,1420
87415,1630,2270
87416,1230,1710
87417,970,1350
87418,1150,1530
87419,1180,1510
87420,970,1350
87421,1170,1620
87455,970,1350
87461,970,1350
87499,1050,1460
28301,1120,1520
28302,1250,1670
28303,1260,1680
28304,1440,1920
28305,1150,1530
28306,1120,1520
28307,1470,1960
28308,1280,1730
28309,1250,1670
28310,1350,1820
28311,1270,1690
28312,1120,1520
28314,1380,1840
28318,1120,1520
28331,1120,1520
28334,1350,1660
28342,1120,1520
28344,1120,1520
28348,1280,1710
28356,1120,1520
28371,1150,1520
28382,1120,1520
28384,1120,1520
28390,1160,1590
28391,1120,1520
28395,1150,1530
28399,1120,1520
28441,1120,1520
28315,1160,1610
28357,930,1250
28364,930,1250
28376,1110,1540
28377,930,1250
28386,930,1250
72632,1000,1410
72701,1360,1890
72702,1250,1740
72703,1310,1820
72704,1470,2040
72711,1470,2040
72712,1520,2110
72713,1580,2200
72714,1560,2170
72715,1600,2230
72716,1470,2040
72717,1250,1740
72718,2020,2810
72719,1700,2360
72721,1110,1500
72722,1030,1430
72727,1330,1850
72728,1250,1740
72729,1090,1430
72730,1660,2310
72732,1200,1670
72733,1470,2040
72734,1310,1820
72735,1250,1740
72736,1310,1820
72737,1250,1740
72738,1000,1410
72739,1370,1910
72740,1000,1410
72741,1250,1740
72742,1000,1410
72744,1320,1840
72745,1370,1910
72747,1150,1560
72749,1250,1740
72751,1860,2590
72752,920,1290
72753,1140,1590
72756,1130,1570
72757,1470,2040
72758,1590,2210
72760,1000,1410
72761,1190,1660
72762,1390,1930
72764,1270,1770
72765,1250,1740
72766,1250,1740
72768,1000,1410
72769,1220,1670
72770,1250,1740
72773,1070,1490
72774,1440,2000
72776,1000,1410
72852,910,1290
72948,1010,1410
72959,1080,1500
85928,1750,2150
85931,1750,2150
86001,2160,2630
86002,1920,2340
86003,2010,2440
86004,2060,2510
86005,1940,2370
86011,2160,2630
86015,2130,2590
86016,1920,2340
86017,1890,2490
86018,2080,2520
86020,1750,2150
86022,1870,2370
86023,1920,2340
86024,2110,2540
86030,1750,2150
86035,1750,2150
86036,1920,2340
86038,1960,2390
86040,1750,2150
86044,1750,2150
86045,1750,2150
86046,1750,2150
86047,1750,2150
86052,1920,2340
86053,1750,2150
86054,1750,2150
86320,1750,2210
86336,1880,2530
86337,1750,2150
86339,1920,2340
86434,1750,2150
86435,1920,2340
48411,1210,1490
48415,1180,1520
48417,1240,1600
48420,970,1210
48429,970,1300
48433,1100,1360
48436,1100,1370
48437,970,1200
48449,1180,1540
48457,990,1230
48458,1000,1230
48460,970,1280
48473,1180,1450
48480,1030,1270
48501,1030,1270
48502,980,1210
48503,970,1200
48504,1010,1240
48505,970,1200
48506,1010,1240
48507,1030,1270
48509,1150,1420
48519,1060,1300
48529,1060,1300
48531,1030,1270
48532,980,1210
48550,1030,1270
48746,1040,1370
29114,1030,1310
29161,1100,1400
29501,1250,1600
29502,1120,1440
29503,1120,1440
29505,1380,1770
29506,980,1260
29530,960,1230
29541,1230,1580
29554,1080,1300
29555,1080,1300
29560,960,1230
29583,960,1230
29591,960,1230
29069,1030,1230
29079,1090,1310
29101,950,1200
29532,1110,1330
29540,1040,1250
29550,1090,1310
29551,1100,1320
29593,1110,1370
35582,880,1080
35610,1130,1450
35614,1240,1600
35616,980,1220
35630,1050,1300
35631,980,1220
35632,1050,1300
35633,990,1230
35634,1090,1350
35645,1080,1340
35646,880,1080
35648,880,1080
35652,1130,1450
35653,880,1080
35660,1010,1250
35661,1170,1450
35662,1030,1280
35674,980,1220
35677,1020,1260
38852,880,1120
53006,1190,1590
53010,1200,1550
53011,1150,1400
53019,1240,1600
53023,1020,1260
53040,1180,1460
53048,1200,1620
53057,970,1260
53065,1150,1490
53919,1020,1320
53931,1300,1680
53946,980,1290
53963,970,1290
54904,1140,1530
54932,1050,1360
54935,1140,1480
54936,1180,1530
54937,1330,1720
54964,1220,1630
54971,970,1270
54974,1090,1410
54979,1160,1500
80430,1530,2140
80512,1730,2380
80515,1580,2170
80517,1530,2140
80521,1580,2180
80522,1730,2380
80523,1730,2380
80524,1630,2250
80525,1900,2620
80526,1660,2290
80527,1730,2380
80528,2010,2770
80532,1730,2380
80534,1840,2550
80535,1530,2140
80536,1730,2390
80537,1620,2230
80538,1810,2490
80539,1730,2380
80545,1730,2380
80547,1970,2710
80549,2440,3360
80550,1860,2580
80612,1720,2380
82063,1530,2140
72901,940,1270
72902,940,1270
72903,940,1270
72904,940,1270
72905,940,1270
72906,940,1270
72908,980,1320
72913,940,1270
72914,940,1270
72916,1180,1590
72917,940,1270
72918,940,1270
72921,960,1300
72923,1070,1450
72927,940,1300
72930,940,1210
72932,1040,1410
72933,940,1190
72934,940,1270
72935,940,1270
72936,950,1280
72937,940,1270
72938,940,1270
72940,940,1270
72941,940,1270
72944,940,1260
72945,1050,1420
72946,1000,1350
72947,940,1240
72952,970,1310
72955,970,1310
72956,940,1270
72957,940,1270
74435,940,1250
74931,1070,1340
74936,940,1270
74945,940,1270
74946,940,1270
74948,940,1270
74954,940,1270
74955,970,1310
74962,940,1260
46562,960,1160
46704,1410,1750
46706,970,1210
46723,1090,1360
46725,1070,1330
46733,960,1230
46741,1470,1820
46743,1150,1440
46745,970,1210
46748,1670,2070
46750,960,1240
46764,1160,1430
46765,1360,1690
46773,970,1210
46774,1110,1400
46777,1070,1300
46783,1000,1260
46787,980,1230
46788,1180,1470
46797,1130,1400
46798,1340,1690
46799,1060,1350
46802,1010,1250
46803,1010,1250
46804,1260,1560
46805,980,1220
46806,970,1200
46807,1100,1370
46808,1040,1290
46809,960,1190
46814,1650,2050
46815,1090,1350
46816,970,1200
46818,1410,1750
46819,1090,1350
46825,1260,1560
46835,1230,1530
46845,1580,1960
46850,1120,1390
46851,1120,1390
46852,1120,1390
46853,1120,1390
46854,1120,1390
46855,1120,1390
46856,1120,1390
46857,1120,1390
46858,1120,1390
46859,1120,1390
46860,1120,1390
46861,1120,1390
46862,1120,1390
46863,1120,1390
46864,1120,1390
46865,1120,1390
46866,1120,1390
46867,1120,1390
46868,1120,1390
46869,1120,1390
46885,1120,1390
46895,1120,1390
46898,1120,1390
46899,1120,1390
46962,1000,1200
46714,960,1160
46731,1000,1220
46740,960,1230
46759,970,1220
46766,990,1220
46770,970,1190
46778,960,1160
46781,960,1160
46791,1140,1380
46792,1100,1410
46952,960,1260
46991,1040,1370
47326,960,1260
47348,960,1270
47359,980,1280
93210,2690,3630
93234,1380,1920
93242,1450,2020
93602,1820,2540
93603,1510,2070
93605,1910,2660
93606,1360,1900
93608,1360,1900
93609,1570,2180
93611,2500,3480
93612,1820,2530
93613,1660,2310
93616,1490,2070
93618,1410,1940
93619,2500,3480
93620,1360,1900
93621,1590,2200
93622,1360,1900
93624,1360,1900
93625,1550,2160
93626,2210,3070
93627,1360,1900
93628,1660,2310
93630,1620,2250
93631,1490,2080
93634,1700,2270
93640,1360,1900
93641,1640,2280
93642,1660,2310
93646,1360,1900
93647,1360,1900
93648,1410,1960
93649,1660,2310
93650,1550,2160
93651,2000,2780
93652,1360,1900
93654,1560,2160
93656,1360,1900
93657,1520,2110
93660,1480,2060
93662,1570,2180
93664,1770,2460
93667,2030,2820
93668,1650,2290
93675,1490,2070
93701,1360,1900
93702,1530,2130
93703,1560,2170
93704,1870,2600
93705,1650,2290
93706,1400,1950
93707,1660,2310
93708,1660,2310
93709,1660,2310
93710,1600,2230
93711,2080,2890
93712,1660,2310
93714,1660,2310
93715,1660,2310
93716,1660,2310
93717,1660,2310
93718,1660,2310
93720,2470,3430
93721,1360,1900
93722,1750,2430
93723,2500,3480
93724,1660,2310
93725,1600,2230
93726,1620,2250
93727,1660,2310
93728,1610,2240
93729,1660,2310
93730,2500,3480
93737,2210,3070
93740,1600,2230
93741,1770,2470
93744,1660,2310
93745,1660,2310
93747,1660,2310
93755,1660,2310
93771,1660,2310
93772,1660,2310
93773,1660,2310
93774,1660,2310
93775,1660,2310
93776,1660,2310
93777,1660,2310
93778,1660,2310
93779,1660,2310
93790,1660,2310
93791,1660,2310
93792,1660,2310
93793,1660,2310
93794,1660,2310
93888,1660,2310
93601,1560,2170
93604,1400,1950
93610,1360,1880
93614,1810,2520
93623,1570,2180
93636,1740,2420
93637,1390,1930
93638,1350,1880
93639,1380,1920
93643,1290,1810
93644,1630,2270
93645,1550,2160
93653,1510,2100
93669,1300,1820
35901,900,1090
35902,930,1130
35903,930,1130
35904,900,1090
35907,1260,1530
35954,850,1030
35956,920,1120
35961,850,1030
35990,850,1030
32618,1430,1820
32621,970,1240
32625,1080,1370
32626,1000,1270
32639,980,1260
32644,970,1240
32668,1200,1530
32669,1780,2230
32683,1000,1270
32693,1430,1820
32696,1430,1820
34431,1200,1530
34449,1080,1520
34498,1210,1540
32008,1430,1820
32044,1460,1870
32601,1430,1820
32603,1430,1820
32604,1500,1880
32605,1750,2190
32606,1890,2360
32607,1560,1950
32608,1670,2090
32609,1430,1820
32610,1510,1890
32611,1500,1880
32612,1480,1850
32614,1500,1880
32615,1430,1820
32616,1430,1820
32619,1430,1820
32622,1430,1820
32627,1500,1880
32631,1440,1840
32633,1500,1880
32635,1500,1880
32640,1430,1820
32641,1430,1820
32643,1560,1950
32653,1430,1820
32655,1500,1880
32658,1430,1820
32666,1100,1390
32667,1430,1820
32694,1430,1820
30501,1540,1870
30502,1510,1830
30503,1510,1830
30504,1540,1870
30507,1360,1650
30510,1360,1640
30527,1360,1640
30531,1360,1640
30542,1840,2230
30543,1460,1790
30554,1360,1640
30566,1550,1880
30567,1360,1640
30575,1360,1640
17019,1240,1670
17301,1430,1910
17303,1170,1540
17304,1530,2040
17306,1350,1800
17307,1130,1510
17310,1370,1830
17316,1210,1640
17320,1520,2030
17324,1100,1440
17325,1240,1660
17331,1390,1870
17337,1370,1830
17340,1470,1960
17343,1240,1660
17344,1570,2100
17350,1520,2030
17353,1740,2320
17372,1370,1830
17375,1370,1830
12801,1340,1730
12804,1570,2030
12808,1260,1590
12809,1240,1600
12810,1390,1800
12811,1310,1690
12814,1310,1690
12815,1270,1640
12816,1260,1630
12817,1220,1580
12819,1470,1900
12820,1470,1900
12821,1240,1600
12823,1280,1650
12824,1330,1720
12827,1300,1680
12832,1220,1580
12834,1450,1870
12836,1350,1750
12837,1410,1820
12838,1320,1710
12839,1300,1680
12841,1390,1790
12843,1340,1730
12844,1340,1730
12845,1360,1760
12846,1220,1580
12848,1270,1640
12849,1220,1580
12853,1320,1700
12854,1220,1580
12856,1220,1580
12857,1220,1580
12860,1240,1580
12861,1220,1580
12862,1220,1580
12865,1280,1650
12870,1260,1580
12873,1220,1580
12874,1330,1710
12878,1250,1620
12883,1220,1580
12885,1340,1730
12886,1320,1700
12887,1240,1600
27524,1350,1660
27530,1160,1390
27531,1330,1600
27532,1240,1490
27533,1160,1390
27534,1450,1740
27542,1350,1660
27569,1350,1660
27830,1070,1320
27851,1070,1320
27863,1350,1660
27883,1070,1320
28333,1110,1330
28365,1100,1320
28551,1070,1320
28578,1110,1360
56517,1000,1330
56523,970,1350
56535,970,1350
56540,970,1340
56542,1010,1400
56556,970,1350
56568,990,1380
56592,970,1350
56621,1010,1250
56644,970,1250
56646,990,1380
56651,1110,1450
56684,1000,1310
56701,1130,1500
56710,1120,1370
56715,970,1280
56716,1030,1430
56721,990,1380
56722,1030,1360
56723,1170,1630
56736,1020,1410
56742,1010,1330
56744,1140,1520
56750,980,1280
56762,1010,1250
58201,1180,1640
58202,1470,2040
58203,1030,1430
58204,1630,2270
58205,1140,1600
58206,1110,1540
58207,1110,1540
58208,1110,1540
58212,970,1320
58214,970,1350
58228,970,1350
58231,970,1290
58233,970,1290
58235,1170,1630
58240,970,1350
58244,1110,1540
58251,1050,1460
58256,1320,1840
58258,1130,1580
58261,970,1280
58266,1040,1450
58267,970,1350
58275,1240,1720
58278,970,1350
68801,1220,1540
68802,1220,1540
68803,1220,1540
68810,1200,1510
68824,1080,1360
68831,1180,1430
68832,1320,1660
68865,1020,1390
68869,1020,1290
68872,1270,1550
68876,1020,1340
68883,1210,1530
68901,1020,1290
68956,1020,1290
68980,1420,1730
68816,1130,1520
68817,960,1340
68820,960,1150
68835,1030,1230
68838,1020,1260
68864,1230,1640
68873,1020,1220
68875,960,1150
68882,1020,1220
68601,1060,1400
68628,1160,1560
68638,960,1160
68640,1070,1280
68663,1060,1410
68826,960,1320
68827,1290,1780
81501,1230,1710
81502,1250,1740
81503,1220,1700
81504,1480,2060
81505,1570,2180
81506,1310,1820
81507,1720,2390
81520,1170,1630
81521,1570,2180
81522,1250,1740
81523,1630,2250
81524,1500,2080
81525,1250,1740
81526,1160,1610
81527,1300,1800
81624,1130,1580
81630,1440,2020
81635,1440,2020
81643,1210,1680
81646,1130,1580
48809,1300,1700
48815,1300,1700
48838,1300,1700
49301,2300,2970
49302,1470,1900
49303,1300,1700
49306,1740,2240
49315,1680,2170
49316,1720,2220
49318,1520,1860
49319,1390,1800
49321,1340,1730
49323,1310,1700
49325,1300,1700
49326,1300,1700
49327,1300,1700
49330,1520,1970
49331,1440,1850
49333,1570,2040
49341,1670,2160
49343,1300,1700
49345,1300,1700
49347,1330,1700
49348,1400,1760
49351,1530,1980
49403,1340,1700
49418,1550,2000
49435,1300,1700
49468,1530,1980
49501,1530,1980
49503,1610,2080
49504,1430,1850
49505,1570,2030
49506,1700,2200
49507,1530,1980
49508,1550,2000
49509,1320,1710
49510,1530,1980
49512,1530,1980
49514,1530,1980
49515,1530,1980
49516,1530,1980
49518,1530,1980
49519,1490,1930
49525,1810,2340
49534,1530,1970
49544,1450,1870
49546,1670,2160
49548,1430,1850
49588,1530,1980
48834,1300,1600
48837,1200,1540
48845,1060,1320
48846,1160,1420
48849,1150,1420
48851,1290,1580
48860,1060,1290
48861,1260,1610
48865,1120,1370
48870,1300,1600
48873,1060,1320
48875,1450,1780
48881,1060,1290
48890,1210,1530
48894,1060,1320
49401,1680,2130
49404,1330,1680
49409,1500,1900
49415,1410,1700
49417,1450,1840
49422,1520,1930
49423,1480,1870
49424,1500,1910
49426,1590,2020
49428,1560,1980
49429,1520,1930
49430,1280,1620
49434,1490,1880
49448,1230,1580
49451,1240,1580
49456,1500,1900
49460,1660,2110
49464,1360,1720
48897,1020,1320
49035,1330,1730
49046,1420,1850
49050,1070,1390
49058,1320,1720
49060,1230,1610
49073,1160,1500
49080,1170,1480
49083,1070,1410
49344,1490,1900
48811,1050,1290
48812,1200,1470
48818,1160,1420
48829,1060,1300
48850,1020,1250
48852,1060,1300
48877,980,1270
48884,1230,1510
48885,1230,1520
48886,1380,1700
48888,1240,1520
48889,1080,1440
48891,1160,1420
49310,1210,1570
49322,1620,1980
49329,1270,1570
49336,1090,1380
49337,1090,1450
49339,1190,1460
97497,1320,1840
97523,1420,1970
97526,1320,1840
97527,1560,2170
97528,1360,1890
97530,2010,2800
97531,1420,1970
97532,1230,1710
97533,1360,1890
97534,1340,1860
97538,1400,1940
97543,1350,1890
97544,1860,2590
59401,1130,1570
59403,1280,1780
59404,1430,1990
59405,1290,1790
59406,1280,1780
59412,1300,1810
59414,1140,1590
59421,1370,1900
59436,1500,2080
59440,1530,2070
59443,1390,1940
59463,1280,1780
59465,1280,1780
59468,1370,1900
59472,1290,1790
59477,1340,1840
59480,1300,1810
59483,1340,1860
59485,1380,1910
59487,1220,1700
80514,1880,2610
80520,1840,2560
80530,2340,3250
80542,1870,2570
80543,1720,2380
80546,1790,2480
80610,1470,2050
80611,1380,1930
80615,1600,2230
80620,1580,2200
80621,1470,2040
80622,1380,1930
80623,1870,2600
80624,1380,1930
80631,1380,1930
80632,1560,2170
80633,1560,2170
80634,1680,2340
80639,1560,2170
80644,1380,1930
80645,1420,1970
80646,1560,2170
80648,1460,2030
80649,1380,1930
80650,1660,2310
80651,1560,2170
80652,1490,2040
80729,1560,2170
80732,1560,2170
80741,1380,1930
80742,1380,1930
80745,1380,1930
80754,1380,1930
54126,1070,1420
54141,1160,1520
54162,1040,1370
54173,1570,2080
54201,1040,1370
54205,1060,1400
54208,1040,1370
54213,1090,1370
54216,1040,1370
54217,1130,1490
54227,1040,1370
54229,1370,1820
54230,1040,1370
54241,1040,1370
54301,1150,1530
54302,1040,1370
54303,1070,1420
54304,1160,1540
54305,1170,1550
54307,1150,1530
54308,1170,1550
54311,1270,1690
54324,1170,1550
54101,1150,1500
54104,1000,1210
54111,1120,1430
54112,970,1180
54114,970,1170
54124,970,1270
54137,1020,1330
54138,1130,1480
54139,970,1270
54149,1020,1290
54153,980,1280
54154,970,1270
54157,970,1170
54161,970,1200
54171,1120,1460
54174,980,1280
54175,1090,1420
54491,970,1170
27203,1040,1330
27205,1060,1360
27214,1410,1800
27230,1080,1380
27233,1260,1610
27235,1900,2430
27239,960,1290
27248,1330,1700
27260,1180,1510
27261,1370,1750
27262,1300,1670
27263,1170,1500
27264,1370,1750
27265,1530,1980
27268,1260,1610
27282,1670,2140
27283,1420,1820
27284,1350,1760
27292,1050,1440
27301,2000,2560
27310,1420,1830
27313,1110,1420
27316,1040,1330
27317,1050,1340
27320,1070,1330
27341,1120,1470
27342,1180,1500
27350,1140,1460
27357,1080,1370
27358,1470,1870
27360,1010,1380
27370,1220,1560
27371,960,1250
27377,1500,1920
27401,1170,1500
27402,1370,1750
27403,1280,1640
27404,1370,1750
27405,1260,1610
27406,1370,1750
27407,1440,1840
27408,1400,1790
27409,1410,1810
27410,1750,2240
27411,1190,1530
27412,1280,1640
27413,1370,1750
27415,1370,1750
27416,1370,1750
27417,1370,1750
27419,1370,1750
27420,1370,1750
27425,1370,1750
27429,1370,1750
27435,1370,1750
27438,1370,1750
27455,1500,1920
27495,1370,1750
27498,1370,1750
27499,1370,1750
27025,930,1180
27027,940,1190
27048,1060,1310
27288,1040,1290
27289,1040,1290
27311,940,1260
27326,940,1190
27375,1040,1290
27812,990,1340
27817,990,1340
27827,990,1340
27828,1070,1420
27829,990,1340
27833,1100,1470
27834,1120,1500
27835,1100,1470
27836,1100,1470
27837,990,1340
27852,1050,1410
27858,1180,1580
27871,990,1340
27879,1060,1430
27884,990,1340
27886,1000,1360
27888,990,1340
27889,990,1340
28513,990,1340
28530,1190,1600
28586,1190,1600
28590,1170,1570
29611,1270,1530
29620,930,1260
29621,1240,1610
29622,1170,1520
29623,1170,1520
29624,980,1270
29625,1210,1570
29626,1140,1480
29627,1180,1440
29630,1180,1440
29631,1200,1440
29642,1180,1440
29643,990,1230
29654,1180,1440
29655,940,1230
29657,1180,1440
29669,1180,1440
29670,1310,1700
29673,1200,1510
29677,1170,1520
29684,1100,1420
29689,1000,1290
29697,1170,1520
29322,1180,1440
29356,1180,1440
29601,1930,2320
29602,1380,1660
29603,1380,1660
29604,1380,1660
29605,1210,1460
29606,1380,1660
29607,1610,1940
29608,1380,1660
29609,1240,1490
29610,1380,1660
29612,1380,1660
29613,1210,1450
29614,1380,1660
29615,1560,1880
29616,1380,1660
29617,1190,1440
29633,1180,1440
29634,1180,1440
29635,1180,1440
29636,1380,1660
29640,1180,1440
29641,1180,1440
29644,1270,1530
29645,1190,1440
29650,1600,1930
29651,1190,1440
29652,1380,1660
29661,1180,1440
29662,1560,1880
29667,1180,1440
29671,1180,1440
29678,1180,1440
29680,1650,1990
29681,1800,2170
29682,1180,1440
29683,1180,1440
29685,1180,1440
29687,1360,1640
29688,1380,1660
29690,1180,1440
29178,910,1090
29325,1150,1380
29332,1200,1440
29335,1090,1350
29351,900,1080
29355,910,1090
29360,1090,1310
29370,1110,1340
29384,930,1120
29388,1090,1350
29692,900,1110
00704,530,740
00714,480,640
00723,600,780
00784,520,730
00785,480,640
39426,1060,1460
39466,1010,1320
39470,1010,1320
39501,1080,1390
39502,1150,1480
39503,1170,1510
39505,1150,1480
39506,1150,1480
39507,1160,1500
39520,1120,1450
39522,1090,1410
39525,1580,2040
39529,1090,1410
39530,1010,1310
39531,1140,1470
39532,1140,1490
39533,1150,1480
39534,1010,1310
39535,1150,1480
39540,1230,1590
39556,1190,1540
39560,1270,1640
39565,1100,1490
39571,1080,1390
39572,1120,1450
39573,1010,1320
39574,1090,1410
39576,1010,1310
39455,1030,1320
39561,930,1160
39577,1030,1320
39452,990,1320
39552,1070,1450
39553,1030,1400
39562,990,1330
39563,1040,1410
39564,1270,1720
39566,1070,1450
39567,990,1330
39569,1070,1450
39581,990,1320
39595,990,1330
25411,1090,1510
25422,1420,1760
25427,1240,1690
25434,1420,1760
25401,1100,1520
25402,1230,1700
25403,1350,1860
25404,1220,1680
25405,1520,2100
25413,1350,1860
25419,1180,1630
25420,1360,1830
25421,1240,1690
25428,1380,1900
25430,1450,2010
25443,1240,1720
21711,1160,1570
21713,1500,2030
21715,1920,2470
21719,1320,1720
21720,1260,1700
21722,1120,1540
21733,1380,1850
21734,1120,1540
21740,1240,1670
21742,1440,1940
21746,1240,1670
21750,1150,1550
21755,1340,1690
21756,1600,2160
21758,1920,2470
21767,1120,1540
21769,1770,2230
21779,1660,2180
21780,1340,1690
21781,1240,1670
21782,1310,1770
21783,1300,1740
21795,1270,1710
70402,1080,1350
70404,1100,1370
70421,1100,1370
70433,1520,1940
70435,1340,1710
70437,1340,1710
70438,1340,1710
70442,1010,1270
70446,990,1230
70451,1000,1250
70454,1230,1540
70455,1120,1420
70465,990,1230
93201,1310,1830
93202,1560,2170
93212,1310,1830
93230,1450,2020
93232,1470,2040
93239,1310,1830
93245,1790,2490
93246,1580,2200
93266,1650,2290
93274,1590,2190
17001,1530,1970
17005,1300,1670
17006,1390,1790
17007,1220,1570
17011,1620,2090
17013,1340,1720
17015,1490,1920
17017,1040,1340
17018,1290,1660
17020,1130,1450
17022,1500,1940
17023,1040,1340
17024,1340,1720
17025,1430,1840
17027,1520,1980
17028,1390,1780
17030,1040,1340
17032,1060,1360
17033,1610,2070
17034,1310,1690
17035,1040,1340
17036,1790,2300
17037,1070,1370
17040,1220,1570
17043,1250,1610
17045,1040,1340
17047,1060,1360
17048,1300,1670
17050,1880,2420
17053,1230,1580
17055,1670,2140
17057,1450,1870
17061,1060,1360
17062,1080,1390
17065,1210,1560
17068,1240,1600
17069,1220,1570
17070,1210,1590
17071,1040,1340
17072,1530,1970
17074,1040,1340
17078,1620,2060
17080,1040,1340
17081,1490,1920
17089,1530,1970
17090,1040,1340
17093,1410,1800
17097,1520,1960
17098,1140,1470
17101,1250,1610
17102,1400,1800
17103,1300,1670
17104,1260,1620
17105,1500,1930
17106,1500,1930
17108,1500,1930
17109,1560,2010
17110,1710,2200
17111,1650,2120
17112,1750,2250
17113,1470,1890
17120,1500,1930
17121,1500,1930
17122,1500,1930
17123,1500,1930
17124,1500,1930
17125,1500,1930
17126,1500,1930
17127,1500,1930
17129,1500,1930
17241,1230,1580
17266,1100,1410
17938,1040,1340
17978,1080,1390
17980,1070,1390
19405,1880,2250
22801,1580,2150
22802,1270,1730
22803,1340,1830
22807,1580,2150
22811,1300,1770
22812,1320,1800
22815,1260,1700
22820,1300,1770
22821,1260,1700
22827,1260,1700
22830,1260,1700
22831,1260,1700
22832,1470,2000
22833,1300,1770
22834,1360,1840
22840,1900,2590
22841,1290,1760
22844,1260,1700
22846,1560,2130
22848,1300,1770
22849,1260,1700
22850,1540,2100
22853,1260,1700
24441,1270,1730
24471,1340,1820
24486,1310,1800
06413,1820,2180
06417,1900,2280
06001,2240,2690
06002,2370,2840
06010,1880,2320
06013,1780,2290
06016,2190,2630
06019,1930,2310
06020,1860,2230
06022,1930,2310
06023,1840,2210
06026,1600,1920
06029,2260,2710
06032,2430,2910
06033,2330,2790
06034,1860,2230
06035,1950,2340
06037,1910,2290
06040,1860,2230
06041,1860,2230
06042,2230,2670
06043,1630,1950
06045,1860,2230
06050,1860,2230
06051,1500,1800
06052,1700,2040
06053,1760,2110
06059,1930,2310
06060,1960,2410
06062,1540,1850
06066,1960,2350
06067,2320,2780
06070,2710,3250
06071,1750,2100
06072,1880,2250
06073,2020,2420
06074,2310,2770
06075,1880,2250
06076,1600,1930
06077,1880,2250
06078,1880,2250
06080,1880,2250
06081,1700,2040
06082,2020,2420
06083,1860,2230
06084,2030,2430
06085,1770,2120
06088,1930,2310
06089,2770,3320
06090,2060,2530
06092,2440,2930
06093,1790,2160
06095,2180,2610
06096,1790,2150
06101,1860,2230
06102,1860,2230
06103,2400,2880
06105,1770,2120
06106,1640,1970
06107,2450,2940
06108,1650,1980
06109,1750,2100
06110,2160,2590
06111,2020,2420
06112,1800,2160
06114,1780,2130
06115,1860,2230
06117,2360,2830
06118,1810,2170
06119,2140,2570
06120,1770,2120
06123,1860,2230
06126,1860,2230
06127,1860,2230
06128,1860,2230
06129,1860,2230
06131,1860,2230
06132,1860,2230
06133,1860,2230
06134,1860,2230
06137,1860,2230
06138,1860,2230
06141,1860,2230
06142,1860,2230
06143,1860,2230
06144,1860,2230
06145,1860,2230
06146,1860,2230
06147,1860,2230
06152,1860,2230
06153,1860,2230
06154,1860,2230
06155,1860,2230
06156,1860,2230
06160,1860,2230
06161,1860,2230
06167,1860,2230
06199,1860,2230
06226,1760,2270
06231,1770,2120
06232,1740,2080
06237,1300,1560
06238,1890,2270
06248,1880,2250
06250,2250,2700
06251,1880,2250
06268,1970,2360
06269,2800,3360
06279,1630,1950
06371,2430,2910
06376,2430,2910
06410,1680,2080
06412,1870,2240
06414,1750,2090
06415,1880,2420
06416,1930,2310
06420,1950,2510
06422,2370,2840
06423,2040,2450
06424,1920,2300
06426,2130,2550
06438,2350,2820
06439,2430,2910
06441,1650,1980
06442,1730,2070
06444,2200,2670
06447,1910,2290
06451,1750,2160
06455,1650,2000
06456,1920,2300
06457,1930,2310
06459,1930,2310
06467,2240,2700
06469,1690,2030
06479,2360,2830
06480,1640,1970
06481,1610,1930
06489,1930,2310
06498,1790,2150
06409,1520,1980
06419,2250,2740
06475,2420,2900
39401,1030,1320
39402,1260,1620
39403,1030,1320
39404,1030,1320
39406,1030,1320
39423,1030,1320
39425,1030,1320
39429,1030,1320
39437,1030,1320
39456,1030,1320
39459,1030,1320
39462,1030,1320
39464,1030,1320
39465,1030,1320
39475,1040,1330
39476,1030,1320
39482,1030,1320
59635,1550,2100
59641,1750,2100
59643,1780,2290
59644,1780,2130
59645,1530,1920
59647,1740,2170
59601,1640,2240
59631,1380,1910
59632,1230,1720
59634,1750,2430
59638,1560,2160
59701,1420,1970
59721,1350,1730
59759,1450,2000
59410,1270,1730
59602,2040,2790
59604,1650,2250
59620,1650,2250
59623,1650,2250
59624,1650,2250
59625,1640,2240
59626,1650,2250
59633,1510,2070
59636,1910,2610
59639,1180,1610
59640,2040,2790
59648,1690,2310
28601,1260,1580
28602,1140,1430
28603,1170,1470
28605,1200,1540
28606,950,1210
28609,1370,1720
28610,1140,1430
28611,1030,1290
28612,1080,1350
28613,1070,1340
28619,950,1210
28624,970,1260
28628,1090,1370
28630,1110,1390
28633,980,1230
28637,970,1220
28638,950,1210
28641,950,1210
28645,1150,1400
28647,1080,1350
28654,1200,1600
28657,950,1210
28658,1200,1500
28661,980,1230
28666,1100,1370
28667,1030,1290
28671,1080,1350
28680,1080,1350
28681,980,1230
28682,1640,2050
28690,1090,1370
28761,990,1260
29901,1820,2180
29902,1640,1980
29903,1820,2180
29904,1650,1980
29905,1640,2020
29906,1650,1980
29907,2040,2450
29909,2570,3080
29910,2250,2700
29915,1970,2360
29920,1640,1980
29925,1820,2180
29926,1920,2300
29928,1900,2280
29935,1670,2000
29936,1640,1980
29938,1820,2180
29940,1640,1980
29941,1640,1980
29945,1640,1980
29912,1400,1680
29916,1140,1590
29922,1140,1590
29927,1660,1990
29934,1260,1590
29943,1510,1810
29944,1140,1590
31301,1290,1740
31309,1620,2150
31310,1410,1870
31313,1410,1870
31314,1540,2040
31315,1740,2310
31316,1320,1740
31320,1370,1820
31324,2180,2900
31333,1290,1740
30427,1010,1220
34423,1230,1710
34428,1080,1520
34429,1240,1720
34433,1510,2100
34434,1430,1990
34436,1080,1520
34441,1230,1710
34442,1100,1530
34445,1380,1920
34446,1240,1720
34447,1230,1710
34448,1080,1520
34450,1140,1590
34451,1230,1710
34452,1330,1850
34453,1190,1660
34460,1230,1710
34461,1220,1700
34464,1230,1710
34465,1330,1850
34487,1230,1710
34601,1460,1870
71901,1000,1280
71902,1090,1390
71903,1090,1390
71909,1350,1760
71910,1090,1390
71913,1130,1440
71914,1090,1390
71933,940,1180
71949,1190,1530
71956,940,1180
71964,1080,1380
71968,1250,1600
72087,980,1290
72104,940,1240
70030,1780,2260
70302,1050,1270
70310,1110,1340
70343,1040,1250
70344,1040,1250
70345,1040,1250
70352,1040,1250
70353,1040,1250
70354,1040,1260
70355,1240,1540
70356,1040,1250
70357,1040,1250
70359,1230,1480
70360,1180,1420
70361,1130,1360
70363,1150,1390
70364,1130,1360
70371,1050,1270
70373,1040,1250
70374,1040,1250
70375,1040,1250
70377,1040,1250
70394,1040,1250
70395,1040,1250
70397,1090,1310
77001,1540,2070
77002,2360,3170
77003,1920,2580
77004,1580,2130
77005,2360,3170
77006,2360,3170
77007,2360,3170
77008,1870,2520
77009,1370,1840
77010,2360,3170
77011,1110,1490
77012,1070,1440
77013,1310,1760
77014,1390,1870
77015,1400,1880
77016,1320,1780
77017,1250,1680
77018,1500,2020
77019,2360,3170
77020,1110,1490
77021,1420,1910
77022,1220,1640
77023,1230,1650
77024,2140,2880
77025,1760,2370
77026,1050,1410
77027,2350,3160
77028,1310,1760
77029,1260,1700
77030,1930,2600
77031,1260,1700
77032,1430,1920
77033,1410,1900
77034,1380,1860
77035,1350,1820
77036,1380,1860
77037,1150,1550
77038,1430,1920
77039,1350,1820
77040,1530,2060
77041,1940,2610
77042,1670,2250
77043,1650,2220
77044,2010,2700
77045,1580,2130
77046,2100,2830
77047,1900,2560
77048,1470,1980
77049,1690,2270
77050,1330,1790
77051,1460,1960
77052,1540,2070
77053,1800,2420
77054,1910,2570
77055,1460,1960
77056,2360,3170
77057,1810,2430
77058,1610,2170
77059,2050,2760
77060,1330,1790
77061,1120,1510
77062,1540,2070
77063,1720,2310
77064,1740,2340
77065,1660,2230
77066,1710,2300
77067,1310,1760
77068,1510,2030
77069,1700,2290
77070,1820,2450
77071,1260,1700
77072,1440,1940
77073,1500,2020
77074,1340,1800
77075,1420,1910
77076,1350,1820
77077,1920,2580
77078,1500,2020
77079,1860,2500
77080,1450,1950
77081,1340,1800
77082,1650,2220
77083,1600,2150
77084,1810,2430
77085,1560,2100
77086,1400,1880
77087,1170,1570
77088,1370,1840
77089,1660,2230
77090,1540,2070
77091,1260,1700
77092,1380,1860
77093,1260,1700
77094,1970,2650
77095,1840,2480
77096,1510,2030
77098,2360,3170
77099,1500,2020
77204,1570,2110
77205,1540,2070
77206,1540,2070
77207,1540,2070
77208,1540,2070
77210,1540,2070
77215,1540,2070
77217,1540,2070
77218,1540,2070
77219,1540,2070
77220,1540,2070
77221,1540,2070
77222,1540,2070
77223,1540,2070
77224,1540,2070
77225,1540,2070
77226,1540,2070
77227,1540,2070
77228,1540,2070
77230,1540,2070
77231,1540,2070
77233,1540,2070
77234,1540,2070
77235,1540,2070
77236,1540,2070
77237,1540,2070
77238,1540,2070
77240,1540,2070
77241,1540,2070
77242,1540,2070
77243,1540,2070
77244,1540,2070
77245,1540,2070
77248,1540,2070
77249,1540,2070
77251,1540,2070
77252,1540,2070
77253,1540,2070
77254,1540,2070
77255,1540,2070
77256,1540,2070
77257,1540,2070
77258,1540,2070
77259,1540,2070
77261,1540,2070
77262,1540,2070
77263,1540,2070
77265,1540,2070
77266,1540,2070
77267,1540,2070
77268,1540,2070
77269,1540,2070
77270,1540,2070
77271,1540,2070
77272,1540,2070
77273,1540,2070
77274,1540,2070
77275,1540,2070
77277,1540,2070
77279,1540,2070
77280,1540,2070
77282,1540,2070
77284,1540,2070
77287,1540,2070
77288,1540,2070
77289,1540,2070
77290,1540,2070
77291,1540,2070
77292,1540,2070
77293,1540,2070
77301,1420,1910
77302,1590,2140
77303,1400,1880
77304,1570,2110
77305,1690,2270
77306,1070,1440
77315,1540,2070
77316,1690,2270
77318,1480,1990
77325,1540,2070
77327,1160,1560
77328,1260,1690
77336,1560,2100
77338,1540,2070
77339,1840,2480
77345,2310,3110
77346,1980,2660
77347,1540,2070
77353,1690,2270
77354,1870,2520
77355,1590,2140
77356,1880,2530
77357,1490,2000
77358,1310,1760
77362,1750,2360
77363,1330,1610
77365,1550,2090
77368,1200,1610
77371,1170,1570
77372,1440,1940
77373,1950,2620
77375,1760,2370
77377,1920,2580
77378,1550,2090
77379,1840,2480
77380,1990,2680
77381,2060,2770
77382,2260,3040
77383,1540,2070
77384,1660,2230
77385,1950,2620
77386,2160,2910
77387,1690,2270
77388,2100,2830
77389,2130,2870
77391,1540,2070
77393,1690,2270
77396,1690,2270
77401,2360,3170
77402,1540,2070
77406,2190,2950
77407,2120,2850
77410,1540,2070
77411,1540,2070
77413,1540,2070
77417,1180,1590
77420,1240,1620
77423,1500,2020
77429,1890,2540
77430,1280,1730
77433,2180,2930
77435,1220,1660
77441,2190,2950
77444,1250,1680
77445,1300,1750
77446,1140,1530
77447,1730,2330
77449,2040,2740
77450,1940,2610
77451,1280,1720
77459,2350,3160
77461,1390,1870
77464,1390,1870
77466,1480,2000
77469,1740,2340
77471,1530,2060
77476,1560,2110
77477,1670,2250
77478,2000,2690
77479,2360,3170
77481,1720,2310
77484,1300,1740
77485,970,1330
77487,2000,2690
77489,2030,2730
77491,1540,2070
77492,1540,2070
77493,2030,2730
77494,2360,3170
77496,2000,2690
77497,2000,2690
77498,2100,2830
77501,1540,2070
77502,1370,1840
77503,1360,1830
77504,1390,1870
77505,1760,2370
77506,1260,1700
77507,1960,2640
77508,1540,2070
77510,1200,1610
77511,1230,1660
77514,1510,2030
77517,1150,1530
77518,1400,1880
77520,1330,1790
77521,1540,2070
77522,1540,2070
77523,1590,2140
77530,1240,1670
77532,1360,1830
77533,1130,1520
77535,1300,1750
77536,1570,2110
77538,1130,1510
77539,1600,2150
77545,2360,3170
77546,1980,2660
77547,1320,1780
77549,1560,2100
77550,1380,1860
77551,1590,2140
77552,1560,2100
77553,1560,2100
77554,1650,2220
77555,1380,1860
77560,1340,1800
77561,1070,1440
77562,1330,1790
77563,1500,2020
77565,1910,2570
77568,1420,1910
77571,1590,2140
77572,1540,2070
77573,1910,2570
77574,1560,2100
77575,1070,1440
77580,1570,2110
77581,1510,2050
77582,1070,1440
77583,1260,1700
77584,1720,2330
77586,1700,2290
77587,1380,1860
77590,1370,1840
77591,1410,1900
77592,1560,2100
77597,1250,1680
77598,1720,2310
77617,1560,2100
77623,1140,1530
77650,1560,2100
77661,1140,1530
77873,1310,1690
77422,1150,1560
77431,1360,1840
77480,1140,1520
77486,1330,1800
77512,1360,1840
77515,1140,1520
77516,1360,1840
77531,1200,1620
77534,1260,1710
77541,1140,1520
77542,1360,1840
77566,1410,1910
77577,1140,1520
77578,1570,2120
77588,1360,1840
77418,980,1360
77426,1200,1600
77473,1250,1740
77474,1250,1740
77833,1280,1650
77835,1380,1800
78931,1140,1510
78933,1200,1620
78940,1070,1440
78944,1280,1650
78950,1070,1400
78954,1230,1650
75862,1010,1250
77320,1230,1630
77331,1060,1420
77359,1160,1540
77364,1000,1340
40351,890,1130
41132,970,1280
41141,1100,1430
41142,870,1190
41143,970,1350
41146,970,1350
41164,870,1190
41168,990,1310
41173,870,1210
41179,970,1280
41180,920,1160
41181,970,1350
25504,1000,1280
25506,970,1180
25507,970,1250
25510,1110,1460
25511,1000,1280
25512,980,1230
25514,1040,1330
25517,970,1250
25520,1050,1340
25530,970,1250
25534,1000,1280
25535,990,1270
25537,1090,1390
25541,1000,1370
25545,1170,1500
25555,970,1250
25557,970,1170
25559,970,1220
25562,1000,1280
25570,990,1270
25669,970,1210
25671,970,1170
25674,970,1190
25699,1000,1280
25701,980,1260
25702,980,1260
25703,970,1250
25704,1000,1280
25705,1060,1360
25706,990,1270
25707,990,1270
25708,990,1270
25709,990,1270
25710,990,1270
25711,990,1270
25712,990,1270
25713,990,1270
25714,990,1270
25715,990,1270
25716,990,1270
25717,990,1270
25718,990,1270
25719,990,1270
25720,990,1270
25721,990,1270
25722,990,1270
25723,990,1270
25724,990,1270
25725,990,1270
25726,990,1270
25727,990,1270
25728,990,1270
25729,990,1270
25755,970,1250
25772,990,1270
25773,990,1270
25774,990,1270
25775,990,1270
25776,990,1270
25777,990,1270
25778,990,1270
25779,990,1270
41101,1000,1280
41102,980,1260
41105,970,1250
41121,970,1260
41129,970,1240
41139,1020,1310
41144,970,1250
41166,1030,1330
41169,970,1250
41174,970,1250
41175,970,1250
41183,970,1250
45619,970,1250
45623,1100,1400
45629,1000,1360
45638,970,1250
45645,1030,1320
45656,970,1260
45658,980,1260
45659,1020,1310
45669,970,1250
45678,1040,1330
45680,970,1250
45682,970,1320
45688,1000,1300
45696,1020,1310
25011,1000,1370
25033,1000,1370
25070,1070,1480
25082,1000,1370
25109,1100,1520
25123,1270,1610
25168,1100,1530
25213,1110,1540
25245,1000,1370
25523,1000,1370
25560,1580,2190
25569,1050,1460
41124,870,1040
41159,880,1120
41160,930,1120
41201,910,1090
41230,930,1120
41232,920,1140
41254,870,1160
41262,910,1140
41264,930,1120
35611,1130,1450
35612,1130,1450
35613,1400,1810
35615,1950,2520
35620,1160,1500
35647,1180,1490
35649,1950,2520
35671,1280,1660
35739,1130,1450
35741,1460,1880
35742,1130,1450
35748,1130,1450
35749,1510,1950
35750,1280,1650
35756,1950,2520
35757,1720,2220
35758,1590,2050
35759,1620,2090
35760,1130,1450
35761,1230,1590
35762,1340,1730
35763,1970,2540
35773,1280,1650
35776,1130,1450
35801,1430,1850
35802,1280,1650
35803,1390,1790
35804,1340,1730
35805,1130,1450
35806,1530,1970
35807,1340,1730
35808,1970,2540
35809,1340,1730
35810,1250,1610
35811,1240,1600
35812,1340,1730
35813,1340,1730
35814,1340,1730
35815,1340,1730
35816,1130,1450
35824,1490,1920
35896,1360,1750
83120,1470,2040
83274,1180,1660
83285,1180,1660
83401,1330,1850
83402,1180,1660
83403,1300,1810
83404,1220,1700
83405,1300,1810
83406,1500,2090
83423,1180,1660
83425,1330,1860
83427,1700,2370
83428,1350,1840
83431,1180,1660
83434,1350,1870
83435,1900,2650
83442,1380,1920
83443,1230,1710
83444,1520,2110
83449,1260,1730
83450,1330,1850
83454,1330,1850
83213,1190,1660
83244,1180,1660
83255,1480,2050
46001,1100,1450
46011,1380,1820
46012,1270,1680
46013,1160,1530
46015,1210,1600
46016,1200,1590
46017,1240,1640
46018,1210,1600
46036,1100,1440
46040,1530,1980
46044,1180,1560
46048,1690,2230
46051,1420,1880
46056,1350,1780
46060,1590,2060
46063,1090,1440
46064,1430,1890
46070,1120,1480
46928,980,1290
47342,970,1250
47356,980,1250
46030,1240,1610
46031,1410,1800
46032,2040,2640
46033,2070,2680
46034,1500,1940
46035,1100,1440
46037,1920,2490
46038,1940,2510
46041,1100,1440
46049,1370,1790
46050,1100,1440
46052,1230,1590
46055,1910,2470
46061,1850,2400
46062,1730,2240
46069,1180,1520
46071,1270,1640
46072,1370,1790
46074,1900,2460
46075,2150,2780
46077,2120,2750
46082,1850,2400
46102,1430,1850
46103,1430,1850
46106,2030,2630
46107,1350,1750
46110,1130,1470
46111,1360,1760
46112,1740,2250
46113,1750,2270
46115,1100,1440
46117,1160,1440
46118,1240,1610
46121,1420,1880
46122,1430,1850
46123,1850,2400
46125,1230,1590
46126,1100,1440
46130,1180,1530
46131,1430,1850
46140,1370,1770
46142,1410,1830
46143,1770,2290
46144,1300,1690
46147,1260,1630
46148,1100,1440
46149,1500,1940
46150,1220,1550
46154,1370,1770
46157,1100,1440
46158,1370,1770
46160,1110,1440
46161,1300,1690
46162,1480,1910
46163,1380,1780
46164,1160,1510
46165,1810,2360
46167,1430,1850
46168,1610,2080
46176,1240,1610
46180,1230,1610
46181,1460,1890
46182,1560,2020
46183,1560,2020
46184,2200,2850
46186,1320,1710
46201,1280,1660
46202,1850,2400
46203,1320,1710
46204,2170,2810
46205,1500,1940
46206,1410,1830
46208,1350,1750
46214,1350,1750
46216,1650,2140
46217,1730,2240
46218,1260,1630
46219,1340,1740
46220,1690,2190
46221,1440,1860
46222,1370,1770
46224,1370,1770
46225,1330,1720
46226,1340,1740
46227,1320,1710
46228,1780,2300
46229,1300,1680
46230,1410,1830
46231,2040,2640
46234,1780,2300
46235,1250,1620
46236,2120,2750
46237,1620,2100
46239,1640,2120
46240,1740,2250
46241,1410,1830
46242,1410,1830
46244,1410,1830
46247,1410,1830
46250,1630,2110
46251,1410,1830
46253,1410,1830
46254,1440,1860
46256,1430,1850
46259,1600,2070
46260,1490,1930
46268,1530,1980
46278,1720,2230
46280,2040,2640
46282,1410,1830
46290,1840,2380
47235,1100,1440
47272,1110,1440
47384,1100,1440
47435,1270,1650
47933,1230,1610
47968,1210,1600
46039,1090,1380
46045,1100,1320
46047,1100,1320
46068,1160,1390
46076,1190,1430
46902,1140,1410
46936,1180,1460
46979,1170,1450
52235,1170,1630
52236,1000,1400
52240,1210,1680
52241,1140,1590
52242,1190,1660
52244,1140,1590
52245,1290,1790
52246,1160,1610
52247,1000,1400
52317,1290,1790
52322,1000,1400
52325,1080,1500
52327,1130,1440
52340,1270,1770
52356,1000,1400
52358,1100,1440
52755,1000,1400
52766,1000,1400
52776,1000,1400
52201,920,1140
52248,920,1170
52353,1030,1270
52359,970,1220
52540,930,1130
52585,930,1170
52621,1040,1290
52641,960,1270
52654,930,1200
52738,920,1120
13045,1540,1850
13053,1540,1850
13062,1540,1850
13068,1540,1850
13073,1540,1850
13081,1690,2200
13092,1540,1850
13102,1540,1850
14850,1890,2270
14851,1750,2100
14852,1750,2100
14853,1890,2270
14854,1650,2040
14881,1980,2380
14882,1740,2090
14886,1560,1950
48827,1210,1550
49201,1160,1530
49202,1080,1420
49203,1260,1660
49204,1170,1540
49233,1290,1620
49234,1390,1830
49241,1160,1530
49246,1140,1510
49249,1130,1420
49250,1040,1330
49251,1310,1680
49254,1200,1580
49259,1060,1400
49261,1160,1530
49263,1170,1540
49264,1020,1330
49269,1130,1490
49272,1270,1670
49277,1550,2040
49283,1170,1540
39041,840,1010
39042,1330,1590
39043,1450,1740
39044,990,1260
39045,1010,1260
39046,1080,1290
39047,1830,2190
39051,950,1150
39056,1400,1680
39058,1400,1680
39059,860,1030
39060,1250,1500
39066,1030,1230
39071,1190,1440
39073,1140,1380
39078,860,1050
39079,840,1110
39083,840,1010
39086,940,1170
39094,960,1150
39110,1930,2310
39114,900,1240
39117,990,1190
39130,1300,1560
39144,840,1110
39145,1030,1230
39146,1080,1390
39148,1140,1380
39154,1330,1590
39157,1440,1730
39158,1300,1560
39167,1450,1740
39170,1160,1390
39174,1060,1270
39175,1070,1290
39191,1050,1290
39193,1350,1620
39201,1570,1880
39202,1090,1310
39203,890,1070
39204,1080,1290
39205,1250,1500
39206,1280,1530
39207,1250,1500
39208,1350,1620
39209,1150,1380
39210,1130,1350
39211,1460,1750
39212,1350,1620
39213,990,1190
39215,1250,1500
39216,1360,1630
39217,940,1130
39218,1340,1610
39225,1250,1500
39232,1700,2040
39236,1250,1500
39269,1250,1500
39272,1590,1910
39282,1250,1500
39283,1250,1500
39284,1250,1500
39286,1250,1500
39288,1450,1740
39289,1250,1500
39296,1250,1500
39298,1450,1740
39654,840,1070
39668,850,1080
38924,1200,1580
38954,1030,1290
39038,860,1140
39063,990,1300
39095,910,1110
39169,840,1110
39192,970,1270
39057,880,1150
39074,960,1150
39092,850,1020
39152,960,1150
39189,940,1130
39359,940,1130
39365,930,1150
39062,840,1180
39082,990,1230
39111,850,1180
39119,840,1180
39140,990,1280
39149,930,1240
39039,1020,1270
39040,1080,1330
39088,910,1140
39162,1010,1250
39166,910,1150
39173,980,1200
39179,1100,1350
39194,960,1180
38006,1150,1490
38044,1120,1510
38301,1230,1640
38302,1290,1720
38303,1290,1720
38305,1430,1900
38308,1290,1720
38313,1130,1510
38315,1120,1510
38332,1120,1510
38334,1120,1510
38340,1120,1510
38343,1120,1510
38345,1120,1510
38347,1120,1510
38348,1120,1510
38351,1120,1510
38352,1120,1510
38355,1230,1700
38356,1120,1510
38359,1120,1510
38362,1530,2040
38366,1120,1510
38368,1120,1510
38371,1120,1510
38391,1310,1740
38392,1060,1440
38059,990,1310
38220,930,1150
38233,930,1240
38259,930,1220
38316,930,1290
38330,930,1290
38338,1200,1670
38358,930,1290
38369,930,1290
38382,930,1290
38389,970,1300
38001,1000,1280
38021,970,1230
38034,970,1200
38040,970,1240
38050,1010,1300
38336,1080,1390
38337,1080,1390
32003,2310,2850
32004,2030,2500
32006,1720,2120
32009,1190,1490
32011,1180,1450
32033,2050,2530
32034,1500,1850
32035,1510,1860
32041,1510,1860
32043,1630,2010
32046,1100,1380
32050,1720,2120
32058,1230,1570
32065,1930,2380
32067,1720,2120
32068,1670,2060
32073,1640,2020
32079,2010,2520
32081,2340,2930
32082,2210,2720
32084,1650,2030
32085,2030,2500
32091,1080,1380
32092,2470,3040
32095,1690,2080
32097,2000,2460
32131,1570,1980
32140,1380,1730
32160,1720,2120
32202,1380,1700
32203,1630,2010
32204,1410,1740
32205,1510,1860
32206,1150,1420
32207,1500,1850
32208,1450,1790
32209,1200,1480
32210,1410,1740
32211,1360,1680
32212,2380,2930
32214,1630,2010
32216,1530,1890
32217,1380,1700
32218,1670,2060
32219,1410,1740
32220,1490,1840
32221,1920,2370
32222,2000,2460
32223,1800,2220
32224,1930,2380
32225,1930,2380
32226,2490,3070
32227,2270,2840
32228,2270,2840
32229,1630,2010
32233,1740,2140
32234,1130,1390
32235,1630,2010
32236,1630,2010
32238,1630,2010
32239,1630,2010
32240,1630,2010
32241,1630,2010
32244,1710,2110
32245,1630,2010
32246,2050,2530
32247,1630,2010
32250,2210,2720
32254,1300,1600
32255,1630,2010
32256,2000,2460
32257,1620,2000
32258,2240,2760
32259,2490,3070
32260,2030,2500
32266,1810,2230
32277,1500,1850
32656,1230,1520
32040,1130,1550
32063,1270,1740
32072,1070,1400
32087,1020,1380
28445,1370,1910
28454,1710,2370
28460,1470,2040
28518,1040,1460
28521,1210,1460
28539,1140,1590
28540,1140,1590
28541,1170,1630
28542,1760,2450
28543,1380,1920
28544,1120,1560
28545,1170,1630
28546,1140,1590
28547,1440,2000
28555,1210,1640
28572,1040,1460
28574,1150,1600
28582,1320,1780
28584,1470,1950
53114,1070,1360
53190,1090,1390
53501,1250,1590
53502,1140,1370
53505,1870,2400
53511,1220,1560
53512,1250,1600
53520,1040,1360
53521,1510,1910
53525,1280,1640
53534,1360,1750
53536,1210,1550
53537,1050,1360
53538,1160,1540
53545,1260,1610
53546,1270,1630
53547,1250,1600
53548,1250,1600
53563,1210,1550
53576,1410,1810
53585,1130,1420
53589,1470,1940
65001,920,1250
65013,890,1210
65014,890,1200
65016,890,1230
65023,1060,1470
65024,890,1230
65032,940,1190
65035,890,1240
65040,920,1270
65048,890,1230
65051,890,1230
65053,890,1230
65054,890,1230
65058,890,1190
65061,910,1270
65062,900,1230
65074,900,1250
65076,1010,1400
65085,890,1230
65101,900,1230
65102,920,1280
65103,920,1280
65104,920,1280
65105,920,1280
65109,950,1320
65110,920,1280
65582,970,1310
63361,900,1210
63384,900,1210
63388,970,1220
65043,1110,1330
65059,1120,1340
65063,1060,1270
65067,1180,1410
65069,1020,1300
65077,1120,1340
65080,1050,1300
65231,900,1090
65251,1020,1220
65262,970,1170
65264,900,1130
65265,900,1140
65011,980,1280
65026,910,1100
65034,930,1230
65042,920,1260
65050,910,1220
65055,920,1260
65064,900,1180
65084,890,1170
37601,1200,1480
37602,1190,1470
37604,1270,1570
37605,1190,1470
37614,1270,1570
37615,1230,1520
37640,1010,1260
37641,1010,1260
37643,1010,1260
37644,1010,1260
37650,1010,1260
37656,1070,1350
37657,1050,1300
37658,1010,1260
37659,1300,1610
37663,1080,1380
37681,1010,1260
37682,1200,1480
37683,1010,1280
37684,1190,1470
37686,1430,1830
37687,1080,1350
37688,1010,1320
37690,1140,1430
37692,1110,1370
37694,1010,1260
15714,970,1340
15722,970,1340
15724,970,1310
15737,970,1340
15738,970,1340
15760,1060,1460
15762,1190,1640
15773,970,1340
15775,1030,1420
15901,970,1340
15902,1020,1410
15904,1170,1620
15905,1140,1570
15906,970,1340
15907,1040,1440
15909,1010,1400
15915,1040,1440
15921,1030,1420
15922,1080,1490
15925,1040,1440
15927,1080,1490
15930,1000,1370
15931,1080,1490
15934,1040,1440
15938,1050,1450
15940,1110,1530
15942,1150,1590
15943,1110,1530
15945,1010,1400
15948,1100,1510
15951,990,1360
15952,1040,1430
15955,1030,1420
15956,970,1340
15957,1040,1430
15958,1050,1450
15960,1100,1520
15961,1010,1390
15962,1550,2140
15963,970,1320
16619,970,1340
16624,1050,1450
16627,1040,1370
16629,1040,1440
16630,970,1340
16639,970,1340
16640,1330,1840
16644,1040,1440
16646,970,1340
16668,970,1340
16675,970,1340
16699,1040,1440
72401,1000,1350
72402,1040,1400
72403,1040,1400
72404,1070,1440
72405,1180,1590
72411,1130,1520
72414,880,1190
72416,1020,1370
72417,1070,1440
72419,880,1190
72421,910,1220
72427,890,1180
72437,930,1250
72438,880,1180
72442,880,1180
72447,880,1190
72450,930,1290
72467,1030,1400
72472,950,1250
72476,890,1180
72479,880,1180
72324,940,1310
72354,940,1240
72365,880,1160
72377,940,1240
72386,1060,1390
72429,880,1160
72432,960,1270
72475,880,1160
64748,940,1220
64755,940,1200
64801,990,1290
64802,970,1270
64803,970,1270
64804,940,1230
64830,1060,1350
64832,1160,1540
64833,940,1200
64834,1200,1570
64835,940,1200
64836,960,1250
64840,940,1200
64841,940,1200
64842,940,1200
64843,1050,1450
64844,940,1200
64848,940,1220
64849,940,1200
64850,940,1200
64855,940,1210
64857,960,1250
64858,940,1200
64859,940,1200
64861,940,1230
64862,950,1240
64864,940,1200
64865,940,1210
64866,940,1200
64867,960,1290
64870,1030,1350
64873,940,1210
65723,940,1200
65734,940,1310
66713,930,1230
66724,880,1220
66725,880,1160
66728,880,1160
66739,880,1160
66753,880,1200
66762,930,1290
66770,900,1180
66773,880,1160
66778,880,1160
66781,1120,1480
66782,880,1190
67336,880,1050
67356,880,1050
96708,3260,4220
96713,3120,4190
96729,2080,2800
96732,2150,2800
96733,2620,3390
96748,2110,2800
96753,3130,4050
96757,2120,2800
96761,2890,3740
96763,2080,2800
96767,2620,3390
96768,2600,3370
96770,2080,2800
96779,3510,4550
96784,2620,3390
96788,2620,3390
96790,2780,3600
96793,2430,3150
96742,2490,3220
49001,1140,1500
49002,1070,1410
49003,1160,1530
49004,1190,1570
49005,1160,1530
49006,1070,1410
49007,1160,1530
49008,1110,1460
49009,1230,1620
49019,1160,1530
49024,1320,1740
49041,1160,1530
49048,1150,1520
49053,1070,1410
49065,1070,1410
49071,1230,1620
49072,1090,1480
49074,1160,1540
49077,1160,1530
49078,1410,1770
49081,1160,1530
49087,1070,1410
49088,1170,1540
49097,1070,1410
60901,1240,1630
60910,1140,1500
60913,1310,1710
60914,1490,1960
60915,1360,1790
60922,1210,1560
60954,1130,1490
60958,1130,1490
60964,1130,1490
60969,1310,1720
64001,1030,1350
64011,1030,1350
64012,1440,1880
64013,1300,1690
64014,1420,1850
64015,1300,1690
64016,1140,1480
64017,1030,1350
64018,1460,1900
64020,1030,1350
64021,1220,1590
64022,1030,1350
64024,1090,1420
64028,1390,1810
64029,1490,1940
64030,1110,1450
64034,2000,2600
64035,1190,1550
64036,1030,1350
64037,1030,1350
64040,1030,1350
64048,1150,1500
64050,1050,1370
64051,1300,1690
64052,1230,1600
64053,1090,1420
64054,1240,1610
64055,1230,1600
64056,1420,1850
64057,1300,1690
64058,1290,1680
64060,1350,1760
64061,1030,1350
64062,1290,1680
64063,1310,1710
64064,1550,2020
64065,1630,2130
64066,1170,1520
64067,1030,1350
64068,1280,1670
64069,1360,1770
64070,1300,1700
64071,1030,1350
64072,1170,1520
64073,1360,1770
64074,1970,2570
64075,1120,1460
64076,1070,1400
64077,1130,1470
64078,1350,1760
64079,1590,2070
64080,1290,1680
64081,1480,1930
64082,1990,2590
64083,1490,1940
64084,1070,1390
64085,1030,1350
64086,1490,1940
64088,1170,1520
64089,1310,1710
64090,1090,1440
64092,1430,1860
64096,1030,1350
64097,1190,1550
64098,1190,1550
64101,1370,1780
64102,1620,2100
64105,1880,2450
64106,1490,1940
64108,1860,2420
64109,1090,1420
64110,1370,1780
64111,1580,2060
64112,1570,2040
64113,1590,2070
64114,1590,2070
64116,1310,1710
64117,1180,1540
64118,1330,1730
64119,1420,1850
64120,1540,2010
64121,1300,1690
64123,1130,1470
64124,1060,1380
64125,1080,1410
64126,1090,1420
64127,1070,1390
64128,1080,1410
64129,1160,1510
64130,1160,1510
64131,1400,1820
64132,1180,1540
64133,1280,1670
64134,1420,1850
64136,1520,1980
64137,1290,1680
64138,1260,1640
64139,1770,2310
64141,1300,1690
64144,1360,1770
64145,1620,2110
64146,1870,2440
64147,1220,1590
64148,1300,1690
64149,1610,2100
64150,1030,1350
64151,1490,1940
64152,1390,1810
64153,1350,1760
64154,1560,2030
64155,1510,1970
64156,1660,2160
64157,2040,2660
64158,1610,2100
64161,1560,2030
64163,1030,1350
64164,1210,1580
64165,1450,1890
64166,1460,1900
64167,1590,2070
64168,1430,1860
64170,1300,1690
64171,1300,1690
64188,1360,1770
64190,1430,1860
64197,1300,1690
64198,1300,1690
64429,1220,1570
64439,1160,1500
64440,1030,1350
64444,1180,1540
64454,1030,1350
64465,1030,1350
64474,1030,1350
64477,1030,1350
64484,1040,1350
64490,1030,1350
64492,1090,1420
64493,1140,1480
64624,1030,1350
64625,1030,1350
64637,1030,1350
64644,1030,1350
64649,1040,1350
64650,1030,1350
64668,1030,1350
64671,1030,1350
64701,1090,1420
64720,1030,1350
64725,1210,1580
64734,1330,1730
64739,1030,1350
64742,1030,1350
64743,1160,1510
64746,1110,1450
64747,1030,1350
64999,1300,1690
65321,1030,1350
65327,1030,1350
65351,1030,1350
66002,1030,1350
66007,1310,1710
66010,1030,1350
66012,1310,1710
66013,1570,2050
66014,1030,1350
66018,1190,1550
66020,1030,1350
66021,1330,1750
66025,1480,2060
66026,1140,1480
66027,2040,2660
66030,1480,1930
66031,1360,1780
66033,1030,1350
66036,1260,1640
66039,1030,1350
66040,1110,1450
66042,1070,1370
66043,1310,1710
66044,1130,1570
66048,1100,1430
66051,1530,1990
66052,1300,1720
66053,1710,2230
66054,1160,1520
66056,1030,1350
66061,1280,1670
66062,1560,2030
66063,1530,1990
66064,1080,1410
66071,1190,1550
66072,1230,1600
66075,1030,1350
66079,1120,1390
66083,1250,1630
66085,1860,2420
66086,1320,1720
66092,1370,1670
66097,1030,1350
66101,1030,1350
66102,1170,1520
66103,1340,1750
66104,1190,1550
66105,1030,1350
66106,1180,1540
66109,1870,2440
66110,1250,1630
66111,1220,1590
66112,1270,1650
66115,1250,1630
66117,1250,1630
66118,1250,1630
66119,1250,1630
66160,1340,1750
66201,1530,1990
66202,1350,1760
66203,1320,1720
66204,1460,1900
66205,1740,2270
66206,2040,2660
66207,2040,2660
66208,1890,2460
66209,1580,2060
66210,1730,2250
66211,1670,2180
66212,1610,2100
66213,1940,2530
66214,1230,1600
66215,1560,2030
66216,1430,1860
66217,1460,1900
66218,1920,2500
66219,1640,2140
66220,1470,1910
66221,1810,2360
66223,1810,2360
66224,1910,2490
66225,1530,1990
66226,1450,1890
66227,2040,2660
66250,1530,1990
66251,1670,2170
66276,1530,1990
66282,1530,1990
66283,1530,1990
66285,1530,1990
66286,1530,1990
66738,1030,1350
66754,1280,1530
66767,1030,1350
64722,920,1220
64723,910,1210
64724,890,1080
64730,890,1180
64745,890,1170
64752,1170,1540
64770,940,1230
64779,890,1170
64780,910,1190
64788,930,1230
98930,1360,1830
98944,1430,1990
99301,1520,2050
99302,1510,2030
99320,1480,1990
99326,1430,1930
99330,1440,1940
99335,1360,1810
99336,1500,2020
99337,1690,2280
99338,1740,2340
99343,1360,1810
99344,1360,1810
99345,1360,1810
99346,1490,2010
99350,1360,1810
99352,1760,2370
99353,1950,2630
99354,1610,2170
99371,1360,1810
53101,1400,1900
53104,1630,2210
53105,1310,1750
53109,1400,1900
53128,1370,1750
53139,1610,2090
53140,1310,1760
53141,1400,1900
53142,1580,2140
53143,1430,1940
53144,1360,1840
53152,1400,1900
53158,1730,2340
53159,1400,1900
53168,1510,2050
53170,1310,1750
53171,1400,1900
53177,1540,1990
53179,1310,1770
53181,1320,1790
53182,1310,1750
53192,1320,1760
53194,1400,1900
53403,1310,1750
76501,1060,1470
76502,1490,2070
76503,1240,1720
76504,1370,1900
76513,1300,1800
76519,1060,1470
76522,1180,1640
76525,1060,1470
76528,1060,1470
76533,1240,1720
76534,1210,1680
76538,1060,1470
76539,1180,1640
76540,1240,1720
76541,1130,1570
76542,1360,1890
76543,1190,1650
76544,1340,1860
76547,1240,1720
76548,1200,1670
76549,1350,1870
76554,1290,1790
76557,1240,1640
76559,1220,1690
76561,1240,1600
76566,1060,1470
76569,1110,1520
76570,1060,1470
76571,1570,2010
76579,1170,1630
76596,1190,1650
76597,1190,1650
76598,1060,1470
76599,1190,1650
76634,1060,1470
76638,1500,1930
76656,1170,1630
76657,1360,1770
76689,1240,1600
76550,1020,1400
76824,1050,1380
76844,970,1350
76853,1090,1450
24201,1080,1380
24202,1060,1360
24203,1090,1400
24209,1090,1400
24210,1030,1320
24211,1180,1510
24212,1060,1360
24219,940,1220
24221,940,1230
24224,1040,1320
24230,1010,1310
24236,970,1240
24244,970,1250
24245,940,1210
24250,940,1210
24251,940,1210
24258,1000,1290
24270,1020,1310
24271,990,1270
24290,1010,1290
24292,1170,1530
24319,970,1270
24327,1050,1340
24340,1000,1280
24361,1130,1450
24370,940,1210
37617,990,1270
37618,1100,1410
37620,1090,1400
37621,1050,1350
37625,1050,1350
37642,1130,1450
37645,980,1260
37660,1100,1410
37662,1050,1350
37664,990,1270
37665,1000,1280
37669,1050,1350
37711,970,1270
37731,950,1210
37745,970,1340
37811,940,1210
37857,940,1210
37869,940,1210
37873,960,1230
37881,940,1210
37891,1000,1270
12401,1870,2310
12402,1820,2250
12404,1620,2060
12406,1620,2060
12409,2030,2510
12410,1820,2250
12411,1770,2180
12412,1870,2310
12414,1620,2060
12416,1820,2250
12417,1990,2450
12419,1950,2410
12420,1720,2140
12428,1620,2060
12429,2010,2480
12432,1680,2070
12433,2140,2650
12435,1620,2060
12440,1890,2390
12441,1620,2060
12443,1720,2140
12446,1620,2060
12448,1820,2250
12449,2120,2620
12453,1680,2070
12455,1620,2060
12456,1680,2070
12457,1960,2420
12458,1620,2060
12461,1620,2060
12463,1620,2060
12464,1680,2130
12465,1620,2060
12466,2100,2590
12471,2150,2660
12472,1620,2060
12475,2080,2630
12477,1680,2070
12480,1640,2090
12481,1820,2250
12483,1620,2060
12484,1750,2170
12486,2380,2940
12487,2010,2480
12489,1620,2060
12490,1820,2250
12491,1890,2330
12493,2210,2730
12494,1620,2060
12495,1820,2250
12498,2180,2690
12515,1620,2060
12525,1940,2400
12528,2240,2770
12542,1970,2440
12547,2590,3200
12548,2090,2580
12561,2120,2620
12566,2000,2510
12568,1820,2250
12586,1900,2410
12588,1820,2250
12589,1720,2190
12725,1730,2170
12740,1620,2060
12758,1620,2060
12763,1950,2710
12789,1620,2060
13731,1620,2060
10512,2510,3130
10910,2020,2560
10912,2020,2560
10914,2050,2590
10915,2020,2560
10916,2000,2540
10917,2430,3090
10918,2130,2700
10919,2020,2590
10921,2370,3010
10922,1890,2410
10924,1950,2470
10925,1880,2390
10926,2550,3240
10928,2200,2790
10930,2440,3100
10932,2050,2600
10933,2170,2750
10940,2050,2600
10941,2070,2630
10949,2020,2560
10950,2140,2720
10953,2150,2730
10958,2640,3350
10959,2020,2560
10963,1720,2190
10969,1960,2480
10973,2390,3030
10974,3530,4420
10975,2730,3460
10979,2040,2570
10981,2020,2560
10985,1960,2490
10987,2510,3120
10988,1860,2360
10990,1740,2210
10992,1940,2460
10996,2970,3770
10998,2080,2640
12501,1720,2190
12504,1950,2470
12506,1940,2460
12507,2650,3360
12508,2150,2730
12510,1940,2460
12511,1940,2460
12512,2120,2690
12514,1730,2200
12518,2200,2790
12520,1830,2320
12522,1720,2190
12524,2510,3120
12527,2150,2730
12531,2510,3120
12533,2510,3120
12537,1940,2460
12538,1720,2190
12540,2500,3170
12543,1970,2500
12545,1720,2190
12546,1720,2190
12549,2040,2590
12550,1880,2390
12551,2020,2560
12552,2020,2560
12553,1960,2490
12555,2020,2560
12564,2510,3120
12567,1910,2410
12569,2330,2960
12570,2210,2800
12571,1770,2240
12572,1990,2530
12574,1990,2530
12575,1960,2490
12577,2420,3070
12578,2040,2590
12580,1720,2190
12581,1720,2190
12582,2510,3120
12583,2160,2690
12584,2020,2560
12585,2030,2570
12590,2120,2690
12592,1720,2190
12594,1720,2190
12601,1780,2260
12602,1940,2460
12603,2050,2600
12604,2050,2600
12721,1720,2350
12729,1780,2260
12746,1720,2190
12771,1720,2190
12780,1720,2190
12785,1720,2220
37701,1470,1860
37705,1680,2130
37709,1070,1400
37710,1030,1320
37716,1210,1530
37717,1290,1630
37721,1380,1780
37737,1410,1790
37742,1240,1570
37754,1360,1720
37764,1260,1660
37769,990,1290
37771,1280,1620
37772,1710,2170
37774,1310,1660
37777,1080,1380
37779,1090,1380
37801,1360,1720
37802,1340,1700
37803,1410,1790
37804,1470,1860
37806,1080,1380
37807,1180,1490
37825,990,1290
37828,1330,1680
37830,1360,1740
37831,1290,1630
37840,1080,1410
37846,1040,1340
37848,1070,1370
37849,1330,1680
37853,1070,1370
37865,1440,1870
37866,1020,1290
37870,990,1290
37871,1100,1430
37874,990,1290
37878,1330,1700
37882,1310,1660
37885,1180,1560
37886,1340,1700
37888,1020,1290
37901,1530,1940
37902,1840,2330
37909,1470,1860
37912,1380,1750
37914,1330,1680
37915,1220,1550
37916,1500,1900
37917,1630,2070
37918,1440,1820
37919,1690,2140
37920,1330,1680
37921,1530,1940
37922,2090,2650
37923,1660,2100
37924,1310,1660
37927,1530,1940
37928,1530,1940
37929,1530,1940
37930,1530,1940
37931,1840,2330
37932,1910,2420
37933,1530,1940
37934,2210,2800
37938,1460,1860
37939,1530,1940
37940,1530,1940
37950,1530,1940
37995,1530,1940
37996,1530,1940
37997,1530,1940
37998,1530,1940
37708,930,1220
37861,930,1220
37714,1020,1350
37715,930,1180
37729,950,1250
37756,930,1160
37757,930,1230
37762,930,1220
37766,960,1270
37819,930,1180
37847,930,1190
37719,1080,1420
37726,1030,1360
37733,930,1160
37748,1080,1420
37770,980,1280
37829,1210,1600
37845,1050,1370
37852,930,1160
37854,1040,1370
37872,1110,1470
37887,930,1220
37763,1110,1460
37880,990,1260
46901,1050,1290
46903,1120,1380
46904,1120,1380
46919,960,1200
46929,960,1200
46932,960,1270
46937,1140,1410
46965,1140,1410
46995,1120,1380
54601,1180,1530
54602,1180,1530
54603,1080,1430
54614,1080,1430
54619,1080,1430
54623,1130,1430
54636,1280,1660
54642,1210,1460
54644,1180,1520
54650,1290,1680
54653,1220,1580
54656,1080,1430
54658,1220,1540
54661,1180,1560
54667,1080,1430
54669,1310,1700
55919,1080,1430
55921,1080,1430
55931,1080,1430
55941,1080,1430
55943,1080,1430
55947,1140,1480
55954,1080,1430
55971,1110,1470
55974,1110,1450
53929,990,1240
53968,1050,1300
54621,970,1220
54624,970,1210
54628,970,1170
54632,970,1220
54634,970,1210
54638,970,1270
54639,970,1220
54651,1090,1390
54652,980,1230
54655,970,1170
54664,1120,1370
54665,1010,1270
70501,950,1210
70502,1030,1320
70503,1140,1460
70504,1030,1320
70505,1030,1320
70506,1090,1390
70507,960,1230
70508,1220,1560
70509,1030,1320
70512,950,1190
70517,950,1200
70518,1020,1300
70519,950,1190
70520,950,1210
70521,950,1190
70525,950,1190
70529,950,1190
70555,1180,1550
70558,1200,1550
70560,950,1190
70563,1020,1340
70578,950,1190
70582,950,1190
70583,950,1190
70592,1180,1510
70596,1030,1320
70598,1030,1320
70515,900,1150
70516,920,1110
70526,920,1100
70531,900,1100
70534,830,1000
70535,850,1080
70537,900,1200
70543,830,1000
70546,920,1260
70556,830,1000
70559,860,1100
70510,850,1120
70528,850,1130
70533,840,1110
70542,1030,1250
70548,830,1110
70575,840,1110
47906,1270,1520
47917,1050,1290
47918,1050,1260
47921,1110,1340
47932,960,1190
47944,1050,1260
47970,1050,1270
47975,1050,1330
47982,960,1330
47991,960,1330
47993,1010,1400
46058,1130,1490
46923,1050,1270
47901,1130,1350
47902,1250,1500
47903,1250,1500
47904,1140,1370
47905,1270,1520
47907,1250,1500
47909,1270,1520
47920,1130,1370
47924,1270,1520
47930,1130,1420
47941,1130,1350
47955,1050,1310
47962,1250,1500
47967,1080,1310
47971,1050,1260
47981,1170,1440
47983,1270,1520
47986,1050,1260
47992,1210,1450
47996,1250,1500
46065,1160,1520
46913,990,1240
46915,960,1200
46916,970,1220
46917,980,1250
46920,1040,1350
46947,970,1290
46977,970,1220
47923,1020,1230
47926,1020,1240
47950,1130,1350
47960,1010,1220
47997,960,1200
70549,1030,1250
70601,1070,1280
70602,1220,1460
70605,1520,1820
70606,1220,1460
70607,1150,1380
70609,1340,1600
70611,1350,1620
70612,1220,1460
70615,1200,1440
70616,1220,1460
70629,1220,1460
70630,1050,1330
70631,1130,1390
70632,1030,1250
70633,1030,1250
70643,1030,1250
70645,1400,1670
70646,1030,1250
70647,1210,1510
70657,1030,1250
70661,1030,1250
70663,1070,1280
70664,1220,1460
70665,1550,1860
70668,1060,1270
70669,1120,1340
70532,880,1140
70581,880,1210
70591,830,1160
70640,830,1140
70648,830,1140
70650,1040,1350
85360,1340,1870
86021,1640,2110
86401,1400,1950
86402,1370,1900
86403,1430,1990
86404,1810,2520
86405,1370,1900
86406,1640,2280
86409,1230,1700
86411,1330,1850
86413,1320,1830
86426,1310,1820
86427,1370,1900
86429,1340,1860
86430,1370,1900
86431,1320,1830
86432,1560,2060
86433,1340,1860
86436,1460,2010
86437,1250,1740
86438,1550,2160
86439,1370,1900
86440,1380,1920
86441,1370,1900
86442,1310,1820
86443,1370,1900
86444,1240,1730
86445,1370,1900
86446,1370,1900
33547,2970,3790
33801,1440,1950
33802,1500,2030
33803,1720,2320
33804,1500,2030
33805,1460,1970
33806,1500,2030
33807,1500,2030
33809,1700,2300
33810,1680,2270
33811,1490,2010
33812,1840,2490
33813,1950,2630
33815,1250,1690
33820,1500,2030
33823,1220,1650
33825,1210,1620
33827,1850,2500
33830,1250,1690
33831,1500,2030
33834,1330,1800
33835,1390,1880
33836,1500,2030
33837,2050,2770
33838,1550,2090
33839,1560,2110
33840,1720,2320
33841,1210,1620
33843,1210,1620
33844,1400,1890
33845,1500,2030
33846,1500,2030
33847,1210,1620
33849,1550,2060
33850,1260,1700
33851,1450,1960
33853,1220,1650
33854,1210,1620
33855,1320,1790
33856,1210,1620
33858,2250,2990
33859,1360,1840
33860,1390,1880
33863,1500,2030
33867,1330,1800
33868,1280,1730
33877,1450,1960
33880,1340,1810
33881,1370,1850
33882,1500,2030
33883,1500,2030
33884,1750,2360
33885,1500,2030
33896,2280,3020
33897,2230,3010
33898,1330,1800
34714,2000,2510
34759,1910,2550
17073,1600,2040
17501,1410,1830
17502,1260,1640
17503,1530,1990
17504,1610,2090
17505,2140,2780
17506,1570,2030
17507,1270,1650
17508,1390,1800
17509,1280,1660
17512,1310,1700
17516,1420,1840
17517,1360,1760
17518,1300,1690
17519,1690,2190
17520,1650,2140
17521,1530,1990
17522,1290,1670
17527,1510,1940
17528,1530,1990
17529,1700,2210
17532,1260,1640
17533,1530,1990
17534,1520,1970
17535,1640,2130
17536,1130,1470
17537,1530,1990
17538,1260,1640
17540,1630,2110
17543,1550,2010
17545,1530,1990
17547,1340,1740
17550,1340,1740
17551,2000,2590
17552,1540,2000
17554,1560,2020
17555,1280,1670
17557,1470,1910
17560,1330,1730
17562,1350,1750
17563,1600,2080
17564,1530,1990
17565,1460,1890
17566,1390,1800
17567,1530,1990
17568,1830,2390
17569,1440,1850
17570,1500,1950
17572,1260,1640
17575,1530,1990
17576,1650,2140
17578,1260,1640
17579,1380,1790
17580,1530,1990
17581,1260,1640
17582,1590,2070
17584,2190,2840
17585,1530,1990
17601,1740,2260
17602,1610,2090
17603,1610,2090
17604,1530,1990
17605,1530,1990
17606,1550,2010
17608,1530,1990
19310,1800,2170
19344,1500,1800
19362,1490,1840
19363,1530,1840
19501,1260,1640
19540,1440,1770
19543,1650,2040
19551,1380,1700
48805,1270,1630
48807,1020,1320
48808,1430,1830
48819,1020,1320
48820,1290,1660
48821,1280,1640
48822,1600,2050
48823,1450,1860
48824,1440,1840
48825,1450,1860
48826,1270,1630
48831,1020,1320
48835,1020,1320
48840,1250,1610
48842,1410,1810
48848,1040,1380
48853,1050,1350
48854,1330,1710
48864,1510,1940
48866,1020,1320
48871,1150,1540
48876,1170,1500
48879,1080,1390
48895,1230,1580
48901,1270,1630
48906,1270,1630
48908,1240,1590
48909,1270,1630
48910,1240,1590
48911,1130,1450
48912,1290,1660
48915,1300,1670
48917,1300,1670
48924,1270,1630
48933,1110,1420
48956,1270,1630
49096,1110,1420
78019,1060,1350
78040,1160,1500
78041,1180,1520
78042,1160,1500
78043,1170,1510
78044,1120,1450
78045,1560,2010
78046,1170,1510
78344,1200,1570
78369,1170,1510
78371,1160,1500
87936,1040,1440
87937,970,1350
87940,1060,1480
87941,1040,1450
88001,1090,1520
88002,1480,2060
88003,1090,1520
88004,1040,1450
88005,1040,1450
88007,970,1350
88008,1190,1660
88011,1170,1630
88012,1380,1920
88013,1040,1450
88021,970,1350
88024,970,1350
88027,970,1350
88032,1040,1450
88033,1040,1450
88044,1000,1380
88046,1120,1560
88047,1070,1490
88048,970,1350
88052,1240,1720
88063,970,1350
88072,970,1350
88081,970,1350
89002,2080,2890
89004,2600,3620
89005,1580,2210
89006,1740,2420
89007,1580,2210
89009,1740,2420
89011,1930,2680
89012,2270,3160
89014,1970,2740
89015,1580,2210
89016,1740,2420
89018,1580,2210
89019,2080,2780
89021,1580,2210
89024,1740,2420
89025,1580,2210
89026,1580,2210
89027,1580,2210
89028,1740,2420
89029,1580,2210
89030,1580,2210
89031,1800,2500
89032,1830,2550
89033,1740,2420
89034,2160,3000
89036,1740,2420
89037,1740,2420
89039,1580,2210
89040,1580,2210
89044,2380,3310
89046,1580,2210
89052,2230,3100
89053,1740,2420
89054,2390,3320
89070,1740,2420
89074,2120,2950
89077,1740,2420
89081,2080,2890
89084,2140,2980
89085,2600,3620
89086,1870,2600
89087,1740,2420
89101,1580,2210
89102,1580,2210
89103,1620,2250
89104,1580,2210
89105,1740,2420
89106,1580,2210
89107,1590,2210
89108,1690,2350
89109,1580,2210
89110,1580,2210
89111,1740,2420
89112,1740,2420
89113,1990,2770
89114,1740,2420
89115,1580,2210
89116,1740,2420
89117,1960,2730
89118,1880,2610
89119,1580,2210
89120,1610,2240
89121,1580,2210
89122,1590,2210
89123,1990,2770
89124,1700,2370
89125,1740,2420
89126,1740,2420
89127,1740,2420
89128,1790,2490
89129,1900,2640
89130,1880,2610
89131,1910,2660
89132,1740,2420
89133,1740,2420
89134,2300,3200
89135,2600,3620
89136,1740,2420
89137,1740,2420
89138,2600,3620
89139,1880,2610
89140,1740,2420
89141,2350,3270
89142,1660,2310
89143,2110,2930
89144,2200,3060
89145,1800,2500
89146,1700,2360
89147,2050,2850
89148,1970,2740
89149,2060,2860
89150,1740,2420
89151,1740,2420
89152,1740,2420
89153,1740,2420
89156,1580,2210
89157,1740,2420
89158,2600,3620
89160,1740,2420
89161,1940,2700
89162,1740,2420
89165,1740,2420
89166,2040,2840
89169,1580,2210
89170,1740,2420
89173,1740,2420
89178,2270,3160
89179,2400,3340
89180,1740,2420
89183,1820,2530
89191,1580,2210
89193,1740,2420
89195,1740,2420
89199,1740,2420
66006,1030,1440
66045,1180,1640
66046,1080,1500
66047,1250,1740
66049,1240,1720
66050,1090,1510
66409,1030,1440
66524,1030,1440
66542,1040,1440
73006,940,1220
73017,940,1220
73055,940,1300
73062,940,1290
73082,940,1250
73501,940,1310
73502,1000,1390
73503,1370,1910
73505,1020,1420
73506,1000,1390
73507,980,1360
73527,940,1300
73528,940,1290
73538,1250,1740
73540,1020,1410
73541,990,1380
73543,1220,1670
73552,990,1380
73557,1340,1860
73559,940,1300
73567,990,1380
73572,960,1220
73529,940,1300
73531,940,1120
73533,940,1300
73546,1020,1410
73548,950,1180
73562,940,1130
73568,940,1120
17003,1400,1780
17010,1620,2060
17016,2120,2700
17026,1240,1580
17038,1150,1460
17039,1600,2040
17041,1620,2060
17042,1430,1820
17046,1360,1730
17064,1760,2240
17067,1410,1790
17077,1360,1720
17083,1410,1800
17085,1410,1800
17087,1260,1590
17088,1520,1930
17963,1150,1450
83501,1190,1660
83524,1230,1710
83535,1250,1730
83537,1090,1530
83540,1250,1740
83541,1180,1640
83545,1310,1820
83548,1210,1680
83555,1090,1530
83832,1390,1930
99347,1090,1530
99401,1230,1710
99402,1300,1810
99403,1270,1770
04210,1560,2020
04211,1590,2060
04212,1590,2060
04220,1440,2000
04222,1920,2480
04223,1590,2060
04228,1590,2060
04230,1590,2060
04236,1640,2120
04238,1530,2080
04239,1150,1500
04240,1570,2030
04241,1590,2060
04243,1590,2060
04250,1550,2000
04252,1910,2470
04253,1480,1930
04254,1340,1730
04256,1880,2430
04258,1530,1980
04260,1770,2300
04263,1690,2180
04266,1590,2060
04270,1670,2320
04274,1810,2240
04280,1600,2070
04282,1800,2330
04288,1590,2060
04291,1590,2060
40311,1050,1430
40312,1050,1430
40324,1310,1800
40339,1180,1610
40340,1160,1590
40347,1150,1570
40348,1050,1430
40353,1050,1430
40356,1180,1620
40357,1050,1430
40361,1050,1430
40370,1380,1900
40374,1050,1430
40379,1190,1620
40383,1170,1600
40390,1050,1440
40391,1070,1470
40392,1070,1470
40502,1260,1730
40503,1460,2000
40504,1210,1660
40505,1110,1520
40506,1310,1800
40507,1150,1580
40508,1250,1710
40509,1610,2210
40510,1430,1960
40511,1390,1900
40512,1310,1800
40513,1650,2260
40514,1770,2430
40515,1540,2110
40516,1300,1780
40517,1390,1900
40522,1310,1800
40523,1310,1800
40524,1310,1800
40526,1250,1710
40533,1310,1800
40536,1310,1800
40544,1310,1800
40555,1310,1800
40574,1310,1800
40575,1310,1800
40576,1310,1800
40577,1310,1800
40578,1310,1800
40579,1310,1800
40580,1310,1800
40581,1310,1800
40582,1310,1800
40583,1310,1800
40588,1310,1800
40591,1310,1800
40601,1090,1420
41031,1050,1430
20610,1840,2400
20615,1860,2390
20629,2540,3320
20639,1520,1990
20657,1860,2430
20676,1970,2560
20678,1470,1920
20685,1860,2390
20688,3000,3920
20689,1790,2340
20732,1980,2590
20606,1830,2260
20609,1830,2260
20618,1650,2060
20619,2050,2530
20620,1650,2060
20621,1800,2230
20622,1790,2240
20624,1830,2260
20626,1650,2060
20627,1830,2260
20628,1830,2260
20630,1830,2260
20634,1680,2070
20636,1650,2060
20650,1950,2410
20653,1770,2190
20656,1950,2410
20659,1890,2340
20660,1920,2370
20667,1770,2190
20670,2250,2780
20674,1860,2300
20680,1830,2260
20684,1830,2260
20686,1830,2260
20687,1830,2260
20690,1860,2300
20692,1820,2240
43310,1240,1520
45801,1070,1290
45802,1110,1340
45804,1090,1320
45805,1160,1400
45806,1160,1440
45807,1180,1420
45808,1180,1420
45809,1180,1420
45810,990,1250
45812,1010,1280
45817,1040,1270
45820,1020,1230
45830,1120,1350
45833,1040,1280
45844,970,1170
45850,1100,1340
45854,1180,1420
45877,1150,1380
45887,1030,1260
45894,1090,1360
45895,1030,1430
45896,1100,1400
68003,1040,1370
68017,1140,1520
68065,1020,1420
68301,1140,1420
68317,1280,1780
68331,1390,1670
68333,1020,1420
68336,1220,1700
68339,1020,1420
68347,960,1280
68358,1070,1460
68360,1160,1620
68366,1260,1670
68368,1080,1500
68372,1560,2170
68402,1130,1580
68404,1100,1520
68419,1270,1680
68423,1020,1420
68428,1530,2140
68430,1120,1570
68438,1450,2020
68461,1410,1950
68462,1120,1560
68465,1050,1460
68501,1140,1590
68502,1020,1420
68503,1030,1430
68504,1040,1450
68505,1210,1680
68506,1220,1700
68507,1020,1420
68508,1020,1420
68510,1020,1420
68512,1370,1910
68514,1190,1660
68516,1320,1840
68517,1100,1520
68520,1660,2310
68521,1290,1790
68522,1330,1850
68523,1270,1760
68524,1050,1460
68526,1440,2000
68527,1240,1710
68528,1380,1920
68529,1140,1590
68531,1210,1700
68532,1330,1850
68542,1140,1590
68588,1140,1590
68313,1450,2020
68314,980,1330
68330,1040,1440
68343,960,1340
68359,1040,1440
68364,970,1350
68367,960,1190
68405,960,1340
68434,970,1350
68439,960,1340
68456,960,1340
68460,1050,1350
68669,1250,1650
72001,930,1240
72002,1120,1500
72007,1290,1730
72011,1040,1400
72015,1140,1530
72016,930,1240
72018,1110,1490
72019,1120,1500
72022,1100,1480
72023,1140,1530
72024,930,1240
72025,930,1240
72032,1150,1540
72033,1100,1480
72034,1150,1540
72035,1150,1540
72037,1110,1490
72039,1140,1540
72045,1080,1410
72046,930,1240
72047,930,1240
72053,1030,1380
72058,1080,1450
72061,1050,1390
72064,1010,1320
72065,1090,1460
72070,930,1240
72072,930,1240
72076,1070,1440
72078,1170,1570
72083,970,1300
72086,1100,1480
72089,1110,1490
72099,1070,1440
72103,1170,1570
72106,990,1330
72111,930,1240
72113,1220,1640
72114,1090,1460
72115,1170,1570
72116,1170,1570
72117,1230,1650
72118,1130,1520
72119,1170,1570
72120,1160,1560
72122,1090,1460
72124,1170,1570
72125,930,1240
72126,930,1240
72131,1010,1320
72132,1180,1540
72135,980,1320
72142,930,1240
72160,930,1240
72164,1170,1570
72167,930,1240
72173,1120,1500
72176,1150,1540
72180,1090,1460
72181,1110,1490
72183,1030,1380
72190,1170,1570
72199,1140,1540
72201,1480,1990
72202,1190,1600
72203,1170,1570
72204,1190,1600
72205,1230,1650
72206,1030,1380
72207,1130,1520
72209,1090,1460
72210,1090,1460
72211,1250,1680
72212,1250,1680
72214,1170,1570
72215,1170,1570
72216,1170,1570
72217,1170,1570
72219,1170,1570
72221,1170,1570
72222,1170,1570
72223,1410,1890
72225,1170,1570
72227,1140,1530
72231,1170,1570
72255,1170,1570
72260,1170,1570
72853,930,1240
72857,930,1240
71602,940,1230
71603,960,1250
72057,950,1210
72079,1060,1380
72084,1110,1440
72128,1190,1510
72129,880,1110
72150,970,1230
83228,1060,1480
83232,1080,1510
83237,1320,1840
83241,1190,1660
83263,1060,1480
83283,1060,1480
83286,1450,2020
84304,1120,1560
84305,1190,1660
84308,1060,1480
84312,1060,1480
84318,1280,1780
84319,1400,1950
84320,1060,1480
84321,1180,1640
84322,1250,1740
84323,1250,1740
84325,1060,1480
84326,1290,1790
84327,1180,1640
84328,1400,1950
84332,1550,2160
84333,1080,1500
84335,1320,1840
84338,1150,1600
84339,1070,1490
84341,1300,1810
75451,1080,1460
75494,1090,1460
75601,1080,1460
75602,1090,1460
75603,1080,1460
75604,1190,1590
75605,1340,1770
75606,1200,1610
75607,1200,1610
75608,1200,1610
75615,1200,1610
75640,1310,1710
75641,1110,1460
75644,1120,1500
75645,1280,1710
75647,1200,1600
75660,1200,1610
75662,1200,1600
75663,1200,1610
75683,1270,1680
75686,1080,1460
75691,1130,1460
75693,1320,1770
75755,1140,1520
75765,1080,1460
75639,1140,1400
75642,1300,1560
75650,1430,1710
75651,1330,1600
75657,1080,1300
75659,1530,1840
75661,1180,1460
75670,1190,1430
75671,1260,1510
75672,1260,1510
75688,1260,1510
75692,1530,1840
75694,1260,1510
75633,1000,1260
75652,1150,1420
75654,1170,1450
75658,1160,1430
75666,1180,1460
75667,1120,1380
75669,1060,1350
75680,1180,1460
75681,1200,1480
75682,1150,1430
75684,1200,1600
75687,1180,1460
75689,1160,1440
75760,1150,1430
75784,1040,1350
75789,1200,1600
75946,1130,1370
75975,1000,1340
98581,1530,2090
98601,1800,2470
98603,1550,2130
98609,1450,2020
98611,1670,2320
98616,2110,2880
98625,1540,2120
98626,1440,2000
98632,1450,2020
98645,1670,2320
98649,1280,1780
98674,1800,2470
90001,2220,2810
90002,2220,2810
90003,2150,2730
90004,3050,3870
90005,3130,3970
90006,2480,3140
90007,2270,2880
90008,2490,3160
90009,2900,3680
90010,3870,4910
90011,2250,2850
90012,3050,3870
90013,3200,4060
90014,3820,4840
90015,4350,5520
90016,2720,3450
90017,3500,4440
90018,2470,3130
90019,2880,3650
90020,3070,3890
90021,2150,2730
90022,2270,2880
90023,2180,2760
90024,4300,5450
90025,4290,5440
90026,2880,3650
90027,3440,4360
90028,3060,3880
90029,2860,3630
90030,2900,3680
90031,2140,2710
90032,2260,2870
90033,2270,2880
90034,3580,4540
90035,3910,4960
90036,4340,5500
90037,2240,2840
90038,3320,4210
90039,3120,3960
90040,2150,2730
90041,2850,3610
90042,2890,3660
90043,2370,3000
90044,2280,2890
90045,4210,5340
90046,3660,4640
90047,2410,3060
90048,3880,4920
90049,4350,5520
90050,2900,3680
90051,2900,3680
90052,2900,3680
90053,2900,3680
90054,2900,3680
90055,2900,3680
90056,3430,4350
90057,2710,3440
90058,2070,2650
90059,2220,2810
90060,2900,3680
90061,2330,2950
90062,2420,3070
90063,2180,2760
90064,4350,5520
90065,2770,3510
90066,3540,4490
90067,4220,5350
90068,3690,4680
90069,4150,5260
90070,2900,3680
90071,3340,4230
90072,2900,3680
90073,4320,5480
90074,2900,3680
90075,2900,3680
90076,2900,3680
90077,4350,5520
90078,2900,3680
90079,2900,3680
90081,2900,3680
90082,2900,3680
90083,2900,3680
90084,2900,3680
90086,2900,3680
90087,2900,3680
90089,2270,2880
90091,2900,3680
90093,2900,3680
90094,3970,5030
90095,2900,3680
90099,2900,3680
90201,2430,3080
90202,2900,3680
90209,2900,3680
90210,4350,5520
90211,4070,5160
90212,4160,5270
90213,2900,3680
90220,2310,2930
90221,2330,2950
90222,2420,3070
90223,2900,3680
90224,2900,3680
90230,3790,4810
90231,2900,3680
90232,3930,4980
90239,2900,3680
90240,3020,3830
90241,2850,3610
90242,2780,3520
90245,4030,5110
90247,2630,3330
90248,2480,3140
90249,2500,3170
90250,2690,3410
90251,2900,3680
90254,4260,5400
90255,2300,2920
90260,2790,3540
90261,2900,3680
90262,2370,3000
90263,4340,5510
90264,2900,3680
90265,4340,5510
90266,4350,5520
90267,2900,3680
90270,2330,2950
90272,4350,5520
90274,4350,5520
90275,4350,5520
90277,3950,5010
90278,3470,4400
90280,2330,2950
90290,4350,5520
90291,4350,5520
90292,4350,5520
90293,4130,5240
90294,2900,3680
90295,2900,3680
90296,2900,3680
90301,2670,3390
90302,2790,3540
90303,2520,3190
90304,2210,2800
90305,2870,3640
90306,2900,3680
90307,2900,3680
90308,2900,3680
90309,2900,3680
90310,2900,3680
90401,4150,5260
90402,3800,4820
90403,4090,5190
90404,3320,4210
90405,3550,4500
90406,2900,3680
90408,2900,3680
90409,2900,3680
90501,2870,3640
90502,2860,3630
90503,3530,4480
90504,3370,4270
90505,3470,4400
90506,2900,3680
90507,2900,3680
90508,2900,3680
90509,2900,3680
90510,2900,3680
90601,2750,3490
90602,2760,3500
90603,3430,4350
90604,2780,3520
90605,2790,3540
90606,2930,3710
90607,2900,3680
90608,2900,3680
90609,2900,3680
90610,2900,3680
90623,2960,4020
90630,3170,4300
90631,2760,3730
90637,2900,3680
90638,3330,4220
90639,3330,4220
90640,2670,3390
90650,2800,3550
90651,2900,3680
90652,2900,3680
90660,2780,3520
90661,2900,3680
90662,2900,3680
90670,2950,3740
90671,2900,3680
90701,3360,4260
90702,2900,3680
90703,4350,5520
90704,2970,3770
90706,2720,3450
90707,2900,3680
90710,2360,2990
90711,2900,3680
90712,3590,4550
90713,3950,5010
90714,2900,3680
90715,3290,4170
90716,2770,3510
90717,2840,3600
90723,2620,3320
90731,2670,3390
90732,3950,5010
90733,2900,3680
90734,2900,3680
90744,2420,3070
90745,2810,3560
90746,4280,5430
90747,4280,5430
90748,2900,3680
90749,2900,3680
90755,2810,3560
90801,2900,3680
90802,3080,3900
90803,3790,4810
90804,2800,3550
90805,2560,3250
90806,2470,3130
90807,2870,3640
90808,3410,4320
90809,2900,3680
90810,2360,2990
90813,2510,3180
90814,3130,3970
90815,3320,4210
90822,3320,4220
90831,2900,3680
90832,2900,3680
90833,2900,3680
90840,2900,3680
90853,2900,3680
91001,3360,4260
91003,2900,3680
91006,3150,3990
91007,3170,4020
91008,3130,3960
91009,2900,3680
91010,3170,4020
91011,4350,5520
91012,2900,3680
91016,3030,3840
91017,2900,3680
91020,3230,4100
91021,2900,3680
91023,2900,3680
91024,3130,3970
91025,2900,3680
91030,3440,4360
91031,2900,3680
91040,2910,3690
91041,2900,3680
91042,2740,3470
91043,2900,3680
91046,3680,4670
91066,2900,3680
91077,2900,3680
91101,3830,4860
91102,2900,3680
91103,2800,3550
91104,3060,3880
91105,4350,5520
91106,3420,4340
91107,3480,4410
91108,3280,4160
91109,2900,3680
91114,2900,3680
91115,2900,3680
91116,2900,3680
91117,2900,3680
91118,2900,3680
91123,2900,3680
91125,3420,4340
91129,2900,3680
91185,2900,3680
91201,3180,4030
91202,3450,4370
91203,3350,4250
91204,3140,3980
91205,3090,3920
91206,3520,4460
91207,3480,4410
91208,3550,4500
91209,2900,3680
91210,3550,4510
91214,3740,4740
91221,2900,3680
91222,2900,3680
91224,2900,3680
91225,2900,3680
91226,2900,3680
91301,4350,5520
91302,4350,5520
91303,3110,3940
91304,2980,3780
91305,2900,3680
91306,2670,3390
91307,3540,4520
91308,2900,3680
91309,2900,3680
91310,2900,3680
91311,3390,4300
91313,2900,3680
91316,3180,4030
91321,3080,3900
91322,2900,3680
91324,3400,4310
91325,3050,3870
91326,4350,5520
91327,2900,3680
91328,2900,3680
91330,3060,3880
91331,2570,3260
91333,2900,3680
91334,2900,3680
91335,2950,3740
91337,2900,3680
91340,2640,3350
91341,2900,3680
91342,2720,3450
91343,2730,3460
91344,3500,4440
91345,3020,3830
91346,2900,3680
91350,3780,4790
91351,3390,4300
91352,2570,3260
91353,2900,3680
91354,4350,5520
91355,4000,5070
91356,3030,3840
91357,2900,3680
91361,3570,4720
91362,3320,4490
91364,4350,5520
91365,2900,3680
91367,4320,5480
91371,2900,3680
91372,2900,3680
91376,2900,3680
91380,2900,3680
91381,4030,5110
91382,2900,3680
91383,2900,3680
91384,2830,3590
91385,2900,3680
91386,2900,3680
91387,3630,4600
91390,3490,4420
91392,2900,3680
91393,2900,3680
91394,2900,3680
91395,2900,3680
91396,2900,3680
91401,2940,3730
91402,2630,3330
91403,3910,4960
91404,2900,3680
91405,2900,3680
91406,2970,3770
91407,2900,3680
91408,2900,3680
91409,2900,3680
91411,3110,3940
91412,2900,3680
91413,2900,3680
91416,2900,3680
91423,3600,4560
91426,2900,3680
91436,4350,5520
91482,2900,3680
91499,2900,3680
91501,3330,4220
91502,3040,3850
91503,2900,3680
91504,3240,4110
91505,3900,4940
91506,3010,3820
91507,2900,3680
91508,2900,3680
91510,2900,3680
91601,3440,4360
91602,3640,4610
91603,2900,3680
91604,3910,4960
91605,2710,3440
91606,2830,3590
91607,3250,4120
91608,3700,4690
91609,2900,3680
91610,2900,3680
91614,2900,3680
91615,2900,3680
91617,2900,3680
91702,2740,3470
91706,2540,3220
91709,3300,4370
91710,2590,3430
91711,3340,4230
91714,2900,3680
91715,2900,3680
91716,2900,3680
91722,3020,3830
91723,2620,3320
91724,3200,4060
91731,2460,3120
91732,2590,3280
91733,2380,3020
91734,2900,3680
91735,2900,3680
91740,3280,4160
91741,3360,4260
91744,2730,3460
91745,2940,3730
91746,2700,3420
91747,2900,3680
91748,2920,3700
91750,3260,4130
91754,2630,3330
91755,2660,3370
91759,2510,3250
91765,3660,4640
91766,2500,3170
91767,2390,3030
91768,2440,3090
91769,2900,3680
91770,2540,3220
91773,3490,4420
91775,3110,3940
91776,2730,3460
91778,2900,3680
91780,2960,3750
91786,2740,3630
91788,2900,3680
91789,4330,5490
91790,3260,4130
91791,2930,3710
91792,3330,4220
91793,2900,3680
91801,2870,3640
91802,2900,3680
91803,2650,3360
91804,2900,3680
91896,2900,3680
91899,2900,3680
92301,2070,2650
92397,2070,2700
93063,3030,4110
93510,2620,3320
93532,2610,3310
93534,2230,2830
93535,2070,2650
93539,2900,3680
93543,2520,3190
93544,2090,2690
93550,2110,2680
93551,3340,4230
93552,2870,3640
93553,2900,3680
93563,2080,2700
93584,2900,3680
93586,2900,3680
93590,2900,3680
93591,2180,2760
93599,2900,3680
90620,3180,4320
90621,2770,3760
90622,3240,4400
90624,3240,4400
90632,3240,4400
90633,3240,4400
90680,2760,3750
90720,3160,4290
90721,3240,4400
90740,3290,4470
90742,2990,4060
90743,3220,4380
92530,2620,3540
92602,3940,5350
92603,4670,6340
92604,3870,5250
92605,3240,4400
92606,3890,5280
92607,3240,4400
92609,3240,4400
92610,4010,5440
92612,4110,5580
92614,3970,5390
92615,3240,4400
92616,3240,4400
92617,2620,3540
92618,4480,6080
92619,3240,4400
92620,4310,5850
92623,3240,4400
92624,3600,4890
92625,4540,6160
92626,3610,4900
92627,3190,4330
92628,3240,4400
92629,3800,5160
92630,3570,4850
92637,3050,4140
92646,3440,4670
92647,3220,4370
92648,3340,4530
92649,3340,4530
92650,3240,4400
92651,3940,5350
92652,3240,4400
92653,3570,4850
92654,3240,4400
92655,2620,3540
92656,3920,5320
92657,4630,6280
92658,3240,4400
92659,3240,4400
92660,4760,6460
92661,3890,5280
92662,3530,4790
92663,3580,4860
92672,3280,4440
92673,4740,6430
92674,3240,4400
92675,3370,4570
92676,2790,3790
92677,3840,5210
92678,3750,5070
92679,4410,5990
92683,2790,3790
92684,3240,4400
92685,3240,4400
92688,3540,4810
92690,3240,4400
92691,3530,4790
92692,3830,5200
92693,3240,4400
92694,4220,5730
92697,3240,4400
92701,2630,3570
92702,3240,4400
92703,2620,3560
92704,2840,3860
92705,3050,4140
92706,2690,3650
92707,2900,3940
92708,3440,4670
92711,3240,4400
92728,3240,4400
92735,3240,4400
92780,3090,4190
92781,3240,4400
92782,3770,5120
92799,3240,4400
92801,2860,3880
92802,2870,3900
92803,3240,4400
92804,2880,3910
92805,2840,3860
92806,3240,4400
92807,3900,5290
92808,3860,5240
92809,3240,4400
92811,3240,4400
92812,3240,4400
92814,3240,4400
92815,3240,4400
92816,3240,4400
92817,3240,4400
92821,3370,4570
92822,3240,4400
92823,4600,6240
92825,3240,4400
92831,3120,4240
92832,2870,3900
92833,2730,3710
92834,3240,4400
92835,3180,4320
92836,3240,4400
92837,3240,4400
92838,3240,4400
92840,2850,3870
92841,2700,3670
92842,3240,4400
92843,2640,3580
92844,2850,3870
92845,3770,5120
92846,3240,4400
92856,3240,4400
92857,3240,4400
92859,3240,4400
92861,2950,4010
92862,3240,4400
92863,3240,4400
92864,3240,4400
92865,3290,4470
92866,2710,3680
92867,2910,3950
92868,3390,4600
92869,3180,4320
92870,3010,4090
92871,3240,4400
92885,3240,4400
92886,4250,5770
92887,3470,4710
92899,3240,4400
40104,1000,1360
40108,1000,1360
40117,1170,1590
40142,1080,1470
40146,1000,1360
40155,1000,1360
40157,1060,1440
40161,1080,1470
40171,1000,1360
40176,1000,1360
40006,1070,1390
40007,1330,1690
40008,1080,1440
40010,1350,1730
40011,1070,1390
40013,1180,1580
40014,1390,1790
40018,1290,1650
40019,1070,1390
40023,1710,2190
40025,1490,1900
40026,1800,2330
40027,1290,1650
40031,1320,1690
40036,1080,1390
40041,1170,1490
40046,1080,1400
40047,1120,1430
40050,1070,1390
40055,1310,1690
40056,1440,1840
40057,1330,1690
40058,1070,1390
40059,1910,2440
40065,1150,1430
40068,1300,1650
40070,1100,1420
40071,1120,1430
40075,1070,1390
40076,1100,1390
40077,1220,1590
40109,1250,1590
40110,1140,1470
40118,1320,1690
40129,1210,1550
40165,1160,1480
40166,1210,1550
40201,1290,1650
40202,1390,1780
40203,1100,1410
40204,1430,1830
40205,1340,1710
40206,1400,1790
40207,1570,2010
40208,1080,1390
40209,1150,1470
40210,1150,1470
40211,1110,1420
40212,1080,1390
40213,1140,1460
40214,1180,1510
40215,1220,1560
40216,1080,1390
40217,1360,1740
40218,1300,1660
40219,1230,1570
40220,1460,1860
40221,1290,1650
40222,1490,1900
40223,1640,2090
40228,1600,2040
40229,1490,1900
40231,1290,1650
40232,1290,1650
40233,1290,1650
40241,1670,2130
40242,1470,1880
40243,1490,1900
40245,1800,2300
40250,1290,1650
40251,1290,1650
40252,1290,1650
40253,1290,1650
40255,1290,1650
40256,1290,1650
40257,1290,1650
40258,1290,1650
40259,1290,1650
40261,1290,1650
40268,1290,1650
40269,1290,1650
40270,1290,1650
40272,1380,1760
40280,1400,1790
40285,1290,1650
40291,1350,1720
40299,1470,1880
47104,1130,1440
47106,1070,1390
47107,1080,1390
47110,1110,1420
47111,1130,1440
47112,1110,1420
47114,1300,1670
47115,1070,1390
47117,1070,1390
47119,1430,1830
47120,1070,1390
47122,1140,1460
47124,1380,1760
47125,1190,1520
47126,1070,1390
47129,1180,1510
47130,1340,1710
47131,1240,1580
47135,1070,1390
47136,1180,1510
47137,1070,1430
47138,1430,1840
47141,1170,1520
47142,1080,1390
47143,1910,2440
47146,1190,1520
47147,1130,1470
47150,1250,1600
47151,1190,1520
47160,1070,1390
47161,1530,1970
47162,1240,1580
47163,1080,1390
47164,1070,1390
47165,1070,1390
47166,1460,1860
47172,1340,1710
47177,1070,1390
47190,1240,1580
47243,1070,1390
47108,1060,1270
47145,980,1300
47167,960,1150
47170,1100,1450
47281,1000,1230
47452,960,1320
40004,1030,1380
40012,900,1240
40020,1160,1540
40037,870,1140
40048,1020,1370
40069,900,1190
40107,980,1310
40003,1260,1560
40022,1140,1440
40066,1140,1410
40067,1380,1750
40342,1040,1320
79235,1080,1500
79243,1080,1500
79250,1080,1500
79311,1080,1500
79313,1080,1500
79322,1080,1500
79329,1080,1500
79343,1080,1500
79350,1080,1500
79356,1080,1500
79357,1080,1500
79358,1080,1500
79363,1160,1610
79364,1080,1500
79366,1310,1820
79370,1080,1500
79381,1080,1500
79382,1320,1840
79401,1110,1540
79402,1180,1640
79403,1080,1500
79404,1080,1500
79406,1180,1640
79407,1180,1630
79408,1180,1640
79409,1180,1640
79410,1390,1930
79411,1080,1500
79412,1080,1500
79413,1360,1890
79414,1240,1720
79415,1080,1500
79416,1290,1790
79423,1300,1810
79424,1170,1630
79430,1180,1640
79452,1180,1640
79453,1180,1640
79464,1180,1640
79490,1180,1640
79493,1180,1640
79499,1180,1640
79314,970,1170
79336,970,1350
79346,1000,1200
79379,970,1170
79330,1000,1390
79339,1020,1380
79353,990,1310
79367,1020,1420
79372,970,1350
79380,1000,1370
79316,990,1290
79331,1690,2120
79345,970,1260
79351,980,1210
79373,1020,1220
79383,990,1190
23958,1280,1640
23960,1080,1490
23963,1080,1490
24064,1400,1940
24095,1140,1570
24101,1100,1530
24104,1080,1490
24121,1320,1830
24122,1210,1670
24139,1080,1490
24174,1080,1490
24179,1140,1580
24501,1250,1720
24502,1490,2050
24503,1130,1560
24504,1260,1740
24505,1250,1720
24506,1250,1720
24513,1250,1720
24515,1490,2050
24517,1080,1490
24522,1090,1500
24523,1150,1580
24526,1110,1530
24528,1080,1490
24533,1080,1490
24536,1190,1630
24538,1080,1490
24550,1080,1490
24551,1310,1800
24554,1100,1520
24556,1210,1670
24569,1080,1490
24570,1230,1690
24571,1080,1490
24572,1080,1490
24574,1140,1570
24576,1080,1490
24588,1080,1490
24593,1150,1580
24595,1080,1490
31008,1390,1810
31014,1130,1360
31016,1130,1360
31017,1130,1430
31020,1160,1390
31030,1180,1570
31031,1130,1360
31032,1180,1410
31033,1240,1480
31044,1130,1360
31046,1270,1530
31050,1130,1360
31052,1200,1440
31061,1130,1360
31066,1190,1430
31078,1130,1360
31201,1270,1520
31202,1330,1590
31203,1330,1590
31204,1200,1440
31205,1330,1590
31206,1210,1450
31207,1260,1510
31208,1330,1590
31209,1330,1590
31210,1690,2030
31211,1170,1400
31213,1330,1590
31216,1430,1710
31217,1150,1380
31220,1650,1980
31221,1330,1590
30204,990,1350
31004,1170,1400
31097,990,1270
53507,1560,2050
53508,1330,1750
53515,1330,1750
53516,1330,1750
53517,1430,1880
53523,1330,1750
53527,1950,2570
53528,1610,2130
53529,1500,1980
53531,1330,1750
53532,1710,2260
53544,1330,1750
53555,1520,2090
53558,1860,2460
53559,1330,1750
53560,1350,1780
53562,1730,2280
53571,1630,2190
53572,1590,2100
53574,1330,1750
53575,1500,1980
53583,1330,1750
53590,1710,2260
53593,1910,2520
53594,1330,1750
53597,1670,2200
53598,1870,2470
53701,1690,2230
53703,2020,2670
53704,1610,2130
53705,1720,2270
53706,1940,2560
53707,1690,2230
53708,1690,2230
53711,1620,2140
53713,1500,1980
53714,1550,2050
53715,2100,2770
53716,1640,2170
53717,1780,2350
53718,1990,2630
53719,1890,2500
53725,1690,2230
53726,1880,2480
53744,1690,2230
53792,1690,2230
53911,1540,2120
53925,1330,1750
53960,1330,1750
53561,1190,1520
53578,1360,1730
53901,1230,1690
53913,1100,1390
53923,1090,1480
53926,1080,1370
53928,1030,1410
53932,1530,2100
53935,1180,1620
53954,1110,1520
53955,1120,1540
53956,980,1370
53965,1140,1490
53969,1080,1480
53504,970,1300
53522,970,1180
53550,1080,1290
53566,1090,1310
53570,1070,1280
53503,1220,1600
53506,1080,1420
53526,1270,1670
53533,1210,1590
53535,1170,1540
53543,970,1270
53553,1060,1380
53554,970,1220
53565,1020,1350
53569,1060,1340
53573,970,1210
53580,1280,1680
53582,1150,1510
53588,1140,1450
53818,1060,1330
03031,1920,2550
03045,2140,2570
03054,2360,3130
03070,1920,2550
03101,2740,3290
03102,1970,2360
03105,2130,2550
03108,2130,2550
03109,2300,2760
03110,2880,3450
03111,2130,2550
03281,2080,2490
03304,2370,3130
03033,3190,4230
03048,1920,2550
03049,2280,3030
03051,2100,2790
03052,2670,3540
03055,2030,2690
03057,2390,3150
03060,2070,2750
03061,1990,2640
03062,2240,2970
03063,2330,3090
03064,1970,2610
03071,1920,2550
03086,1920,2550
03043,1810,2170
03047,1530,1830
03082,2420,2900
03084,1960,2350
03242,1680,2220
03244,1700,2040
03280,1980,2560
03440,1550,1860
03442,1640,1970
03449,1790,2220
03452,1570,2050
03458,1830,2190
03468,2110,2530
66401,1090,1440
66441,1050,1460
66442,1320,1830
66502,1050,1460
66514,1020,1420
66834,1080,1410
66849,1040,1350
66872,1050,1260
67487,960,1270
66407,1340,1830
66411,1190,1580
66422,970,1340
66427,900,1230
66432,900,1230
66449,930,1290
66503,1220,1700
66505,1070,1490
66506,1050,1460
66517,1230,1710
66520,900,1230
66521,900,1230
66531,1190,1660
66535,1060,1470
66536,900,1240
66540,910,1230
66547,1060,1480
66548,920,1230
66549,960,1340
66554,1050,1460
66933,1040,1370
67432,960,1270
67447,950,1280
55332,1060,1490
55334,1060,1490
55335,1060,1490
56001,1290,1790
56002,1230,1710
56003,1060,1490
56010,1060,1490
56021,1150,1600
56024,1560,2170
56025,1460,1970
56034,1060,1490
56037,1060,1490
56041,1140,1490
56048,1060,1490
56050,1060,1490
56054,1060,1490
56055,1060,1490
56058,1070,1490
56060,1060,1490
56062,1060,1490
56063,1180,1630
56065,1060,1490
56068,1060,1490
56073,1060,1490
56074,1060,1490
56078,1540,2140
56080,1060,1490
56082,1110,1540
56088,1060,1490
56090,1200,1670
44805,970,1280
44822,1080,1450
44827,980,1300
44837,970,1230
44843,970,1310
44862,970,1310
44864,1020,1350
44865,1030,1340
44875,970,1310
44878,1130,1520
44901,970,1310
44902,1000,1350
44905,1050,1420
44906,970,1310
44907,970,1310
00623,550,680
00660,560,720
00681,530,680
00682,570,730
00683,520,660
00606,490,660
00622,560,700
00636,520,670
00637,510,630
00647,530,710
00653,530,740
00667,520,650
00698,520,710
78501,1160,1510
78502,1060,1380
78503,1240,1610
78504,1320,1710
78505,1060,1380
78516,970,1260
78537,970,1260
78538,970,1260
78539,1150,1490
78540,1010,1330
78541,1050,1360
78542,1010,1310
78543,970,1260
78549,1000,1320
78557,980,1270
78558,980,1270
78560,970,1260
78562,980,1280
78563,1050,1370
78565,970,1260
78572,1050,1360
78573,1000,1300
78574,970,1260
78576,970,1260
78577,1130,1470
78579,1040,1350
78589,1050,1360
78595,970,1260
78596,1070,1390
78599,1080,1400
97501,1510,2100
97502,1610,2240
97503,1400,1950
97504,1570,2180
97520,1600,2230
97522,1320,1840
97524,1530,2130
97525,1420,1970
97535,1440,2000
97536,1320,1840
97537,1430,1990
97539,1530,2130
97540,1670,2320
97541,1320,1840
38002,1870,2470
38004,1470,1940
38011,1130,1490
38015,1060,1390
38016,1570,2070
38017,1650,2180
38018,1730,2280
38019,1060,1390
38023,1300,1720
38027,1280,1690
38028,1430,1880
38029,1850,2440
38036,1780,2350
38039,1060,1390
38042,1180,1640
38046,1060,1390
38048,1060,1390
38049,1070,1410
38053,1260,1660
38054,1260,1660
38055,1280,1690
38057,1060,1390
38058,1220,1600
38060,1510,1980
38066,1060,1390
38068,1060,1390
38069,1060,1390
38075,1060,1390
38076,1080,1430
38083,1280,1690
38088,1280,1690
38101,1280,1690
38103,1910,2520
38104,1470,1940
38105,1060,1400
38106,1150,1520
38107,1080,1430
38108,1060,1390
38109,1080,1430
38111,1240,1640
38112,1080,1430
38113,1280,1690
38114,1090,1440
38115,1360,1800
38116,1250,1650
38117,1470,1940
38118,1230,1620
38119,1450,1920
38120,1600,2110
38122,1240,1640
38124,1280,1690
38125,1550,2050
38126,1060,1390
38127,1190,1570
38128,1350,1780
38130,1280,1690
38131,1280,1690
38132,1200,1580
38133,1590,2100
38134,1270,1680
38135,1820,2400
38137,1280,1690
38138,1850,2440
38139,1910,2520
38141,1540,2030
38152,1240,1640
38157,1280,1690
38166,1280,1690
38167,1280,1690
38168,1280,1690
38173,1280,1690
38174,1280,1690
38175,1280,1690
38177,1280,1690
38181,1280,1690
38182,1280,1690
38183,1280,1690
38184,1280,1690
38186,1280,1690
38187,1280,1690
38188,1280,1690
38190,1280,1690
38611,1330,1620
38618,1130,1390
38632,1290,1700
38637,1400,1850
38641,1150,1490
38651,1410,1860
38654,1690,2230
38671,1400,1850
38672,1910,2520
38680,1240,1640
72301,1060,1390
72325,1060,1390
72327,1060,1390
72331,1060,1390
72332,1060,1390
72338,1060,1390
72339,1060,1390
72346,1060,1390
72348,1060,1390
72364,1120,1480
72376,1060,1390
72384,1060,1390
38603,930,1280
38610,970,1260
38629,870,1160
38633,1020,1330
38635,1050,1270
38642,1020,1230
38647,890,1190
38650,850,1120
38659,1030,1260
38663,840,1120
38683,840,1160
38634,1110,1330
38649,1110,1330
38661,1180,1430
38685,1170,1470
38619,1170,1470
38665,1160,1460
38668,1060,1300
38621,1120,1340
38626,1120,1340
38664,1250,1500
38670,1120,1340
38676,1120,1340
93635,1760,2420
93661,1500,2060
93665,1450,2000
95301,1550,2130
95303,1360,1880
95312,1490,2050
95315,1430,1970
95316,1570,2180
95317,1360,1880
95322,1450,1990
95324,1810,2490
95333,1360,1880
95334,1610,2210
95340,1400,1930
95341,1450,1990
95343,1500,2060
95344,1500,2060
95348,1840,2530
95360,1520,2110
95365,1360,1880
95369,1360,1880
95374,1360,1880
95380,1630,2270
95388,1360,1880
33004,2130,2940
33008,2330,3210
33009,2390,3290
33018,2710,3480
33019,2500,3450
33020,2380,3280
33021,2710,3740
33022,2330,3210
33023,2230,3070
33024,2290,3160
33025,2540,3500
33026,2620,3610
33027,2300,3170
33028,3210,4420
33029,3230,4450
33056,2330,2990
33060,2030,2800
33061,2330,3210
33062,2810,3870
33063,2350,3240
33064,2460,3390
33065,2460,3390
33066,2240,3090
33067,2680,3690
33068,2490,3430
33069,2380,3280
33071,2660,3670
33073,2860,3940
33074,2330,3210
33075,2330,3210
33076,3500,4820
33077,2330,3210
33081,2330,3210
33082,2330,3210
33083,2330,3210
33084,2330,3210
33093,2330,3210
33097,2330,3210
33179,2670,3430
33301,3100,4270
33302,2330,3210
33303,2330,3210
33304,2580,3560
33305,2340,3230
33306,1800,2480
33307,2330,3210
33308,2840,3910
33309,2330,3210
33310,2330,3210
33311,1830,2520
33312,2140,2950
33313,2300,3170
33314,2620,3610
33315,2290,3160
33316,2530,3490
33317,2510,3460
33318,2330,3210
33319,2330,3210
33320,2330,3210
33321,2740,3780
33322,2730,3760
33323,3270,4510
33324,2950,4070
33325,2680,3690
33326,3090,4260
33327,3500,4820
33328,2750,3790
33329,2330,3210
33330,3500,4820
33331,3500,4820
33332,3500,4820
33334,2340,3230
33335,2330,3210
33338,2330,3210
33339,2330,3210
33345,2330,3210
33346,2330,3210
33348,2330,3210
33351,2480,3420
33355,2330,3210
33359,2330,3210
33388,2330,3210
33394,2330,3210
33432,3050,3950
33441,2060,2840
33442,2570,3540
33443,2330,3210
33002,2440,3130
33010,2230,2860
33011,2440,3130
33012,2450,3140
33013,2100,2700
33014,2690,3450
33015,2840,3650
33016,2610,3350
33017,2440,3130
33030,1940,2490
33031,2340,3010
33032,2290,2940
33033,2210,2840
33034,1920,2460
33035,2660,3410
33039,2440,3130
33054,1930,2480
33055,2310,2960
33090,2440,3130
33092,2440,3130
33101,2440,3130
33106,2440,3130
33109,3580,4590
33114,2440,3130
33116,2440,3130
33119,2440,3130
33122,3420,4390
33124,2440,3130
33125,2420,3110
33126,2650,3400
33127,2140,2750
33128,1910,2460
33129,3150,4040
33130,2710,3480
33131,3650,4680
33132,3540,4540
33133,3040,3900
33134,2890,3710
33135,2240,2870
33136,1890,2460
33137,3490,4480
33138,2160,2770
33139,3610,4630
33140,3080,3950
33141,2910,3730
33142,2090,2680
33143,2910,3730
33144,2390,3070
33145,2950,3790
33146,3650,4680
33147,2150,2760
33149,3450,4420
33150,1960,2520
33152,2440,3130
33153,2440,3130
33154,3070,3940
33155,2740,3520
33156,2810,3610
33157,2280,2930
33158,3650,4680
33160,3260,4180
33161,2420,3110
33162,2110,2710
33163,2440,3130
33164,2440,3130
33165,2560,3290
33166,2450,3140
33167,2080,2670
33168,2170,2790
33169,2170,2790
33170,2270,2910
33172,2920,3750
33173,2770,3560
33174,2550,3270
33175,2720,3490
33176,2610,3350
33177,2900,3720
33178,3650,4680
33180,3650,4680
33181,2250,2890
33182,3330,4270
33183,2630,3380
33184,2800,3590
33185,3650,4680
33186,2910,3730
33187,3070,3940
33189,2250,2890
33190,2410,3090
33191,2440,3130
33192,2440,3130
33193,2620,3360
33194,3650,4680
33195,2440,3130
33196,3000,3850
33197,2440,3130
33198,2440,3130
33222,2440,3130
33231,2440,3130
33233,2440,3130
33234,2440,3130
33238,2440,3130
33239,2440,3130
33242,2440,3130
33243,2440,3130
33245,2440,3130
33247,2440,3130
33255,2440,3130
33256,2440,3130
33257,2440,3130
33261,2440,3130
33265,2440,3130
33266,2440,3130
33269,2440,3130
33280,2440,3130
33283,2440,3130
33296,2440,3130
34141,1970,2540
33401,2270,2940
33402,2250,2920
33403,1820,2360
33404,1810,2350
33405,1810,2350
33406,2060,2670
33407,2170,2810
33408,2290,2970
33409,2280,2950
33410,2600,3370
33411,2360,3060
33412,2480,3210
33413,2530,3280
33414,2860,3710
33415,2130,2760
33416,2250,2920
33417,2310,2990
33418,2870,3720
33419,2250,2920
33420,2250,2920
33421,2250,2920
33422,2250,2920
33424,2250,2920
33425,2250,2920
33426,2440,3160
33427,2250,2920
33428,2820,3650
33429,2250,2920
33430,1050,1360
33431,2870,3720
33433,3050,3950
33434,1910,2470
33435,2470,3200
33436,2690,3490
33437,2420,3140
33438,1600,2070
33440,1200,1480
33444,2130,2760
33445,2440,3160
33446,2070,2680
33448,2250,2920
33449,3380,4380
33454,2250,2920
33458,2630,3410
33460,2070,2680
33461,2160,2800
33462,2040,2640
33463,2180,2820
33465,2250,2920
33466,2250,2920
33467,2270,2940
33468,2250,2920
33469,2370,3140
33470,3280,4250
33472,2920,3780
33473,2960,3860
33474,2250,2920
33476,1150,1490
33477,3050,3950
33478,2400,3170
33480,2410,3120
33481,2250,2920
33482,2250,2920
33483,3040,3940
33484,2140,2770
33486,2850,3690
33487,2870,3720
33488,2250,2920
33493,1420,1840
33496,3210,4160
33497,2250,2920
33498,2960,3860
46340,1030,1280
46345,1250,1580
46346,1100,1390
46350,1140,1440
46365,1170,1450
46371,1440,1820
46382,1190,1490
46532,1130,1370
46552,1160,1430
46554,1060,1290
46574,1040,1260
48612,1050,1450
48615,1030,1340
48618,1030,1330
48620,1270,1680
48626,1090,1410
48628,1450,1870
48637,1030,1330
48640,1140,1450
48641,1190,1510
48657,1140,1450
48662,1030,1330
48858,1030,1330
48880,1030,1350
48883,1030,1330
79701,1690,2160
79702,1780,2290
79703,1960,2520
79704,1780,2290
79705,1850,2380
79706,1690,2160
79707,1740,2230
79708,1780,2290
79710,1780,2290
79712,1780,2290
79755,1690,2160
79758,1720,2160
79765,1910,2320
79766,1690,2160
79782,1800,2250
79713,1690,2120
79720,1690,2120
79748,1690,2120
79749,1690,2120
79783,1690,2120
53002,1140,1410
53004,1200,1480
53005,2010,2480
53007,1190,1470
53008,1560,1920
53012,1270,1560
53013,1210,1460
53017,1610,1980
53018,1870,2300
53021,1230,1510
53022,1580,1950
53024,1310,1610
53027,1260,1550
53029,1370,1690
53033,1800,2220
53036,1340,1770
53037,1380,1700
53045,2010,2480
53046,1540,1900
53051,1640,2020
53052,1560,1920
53056,1560,1920
53058,1720,2120
53060,1340,1650
53064,1560,1920
53066,1470,1820
53069,1560,1930
53072,1610,1980
53074,1280,1580
53075,1140,1410
53076,1510,1860
53080,1160,1430
53086,1290,1590
53089,1560,1920
53090,1350,1660
53091,1140,1540
53092,2010,2480
53095,1250,1540
53097,1610,1980
53103,1260,1550
53108,1390,1770
53110,1190,1470
53118,1520,1880
53119,1170,1450
53122,1860,2290
53126,1280,1650
53127,1400,1730
53129,1410,1740
53130,1630,2010
53132,1630,2010
53146,1440,1770
53149,1340,1650
53150,1500,1850
53151,1830,2250
53153,1320,1630
53154,1770,2180
53172,1270,1560
53178,1240,1640
53183,1710,2110
53185,1420,1830
53186,1460,1800
53187,1560,1920
53188,1610,1980
53189,1460,1800
53201,1300,1600
53202,2010,2480
53203,2010,2480
53204,1140,1410
53205,1140,1410
53206,1140,1410
53207,1360,1670
53208,1220,1500
53209,1200,1480
53210,1210,1490
53211,1640,2020
53212,1280,1580
53213,1470,1810
53214,1310,1610
53215,1140,1410
53216,1140,1410
53217,1830,2250
53218,1160,1430
53219,1240,1530
53220,1340,1650
53221,1370,1690
53222,1270,1560
53223,1360,1670
53224,1400,1720
53225,1230,1510
53226,1540,1900
53227,1370,1690
53228,1510,1860
53233,1150,1420
53234,1300,1600
53235,1140,1410
53237,1300,1600
53278,1300,1600
53295,1310,1610
54002,1520,2020
54003,1520,2020
54005,1520,2020
54007,1520,2020
54011,1520,2020
54013,1520,2020
54014,1520,2020
54015,1520,2020
54016,1710,2260
54017,1520,2020
54020,1520,2020
54021,1550,2050
54022,1520,2020
54023,2000,2650
54025,1520,2020
54026,1520,2020
54027,1520,2020
54028,1520,2020
54082,1550,2060
54721,1520,2020
54723,1520,2020
54734,1520,2020
54740,1520,2020
54749,1520,2020
54750,1520,2020
54751,1520,2020
54759,1520,2020
54761,1520,2020
54767,1520,2020
54769,1520,2020
55001,1770,2350
55003,1590,2100
55005,2120,2810
55006,1520,2020
55008,1550,2050
55009,1520,2020
55010,1800,2380
55011,2160,2860
55012,1570,2080
55013,1520,2020
55014,1840,2440
55016,2100,2780
55017,2470,3270
55018,1640,2260
55020,2140,2830
55024,1700,2250
55025,1680,2220
55029,1550,2050
55031,1520,2020
55032,1790,2370
55033,1520,2020
55038,2200,2910
55040,1520,2020
55042,1770,2350
55043,1840,2440
55044,2180,2890
55045,1520,2020
55047,2560,3390
55054,2490,3300
55055,1520,2020
55056,1520,2020
55057,1520,2020
55065,1880,2490
55068,1990,2630
55069,1520,2020
55070,1520,2020
55071,2330,3080
55073,1520,2020
55074,1520,2020
55075,1520,2020
55076,1670,2210
55077,1760,2330
55079,1790,2370
55080,1710,2290
55082,1660,2200
55083,2000,2650
55084,1520,2020
55085,1520,2020
55088,1540,2050
55089,1520,2080
55090,2150,2850
55092,1520,2020
55101,2040,2700
55102,1770,2340
55103,1520,2020
55104,1530,2020
55105,1640,2170
55106,1520,2020
55107,1600,2120
55108,1730,2290
55109,1620,2140
55110,1820,2410
55111,1520,2020
55112,1570,2080
55113,1700,2250
55114,1960,2590
55115,2150,2850
55116,1720,2280
55117,1520,2020
55118,1550,2050
55119,1600,2120
55120,1520,2020
55121,1880,2490
55122,1810,2400
55123,1900,2510
55124,1960,2590
55125,2230,2950
55126,1820,2410
55127,1940,2570
55128,1700,2250
55129,2320,3070
55130,1520,2020
55150,1520,2020
55155,1580,2090
55301,1870,2470
55302,1520,2020
55303,1650,2180
55304,2080,2750
55305,2120,2810
55306,1920,2540
55308,1520,2020
55309,1780,2360
55311,2240,2960
55313,1520,2020
55315,1700,2250
55316,1910,2530
55317,2110,2790
55318,1730,2290
55319,1520,2020
55320,1520,2020
55321,1520,2020
55322,1620,2140
55323,1770,2340
55325,1520,2020
55327,1580,2090
55328,1520,2020
55330,1600,2120
55331,1520,2020
55337,1820,2410
55338,1520,2020
55339,1520,2020
55340,2040,2710
55341,1520,2020
55343,1800,2380
55344,2080,2750
55345,1920,2540
55346,2260,2990
55347,2370,3140
55349,1520,2020
55352,1530,2020
55356,2190,2900
55357,1520,2020
55358,1520,2020
55359,1520,2020
55360,1830,2420
55361,1770,2340
55362,1690,2240
55363,1560,2060
55364,1600,2120
55367,1520,2020
55368,1550,2050
55369,2180,2890
55371,1520,2020
55372,1710,2260
55373,1530,2020
55374,1840,2440
55375,1520,2020
55376,1520,2020
55378,2040,2700
55379,1860,2460
55381,1520,2020
55382,1590,2120
55384,1530,2020
55386,2560,3390
55387,1630,2160
55388,1520,2020
55390,1520,2020
55391,1950,2580
55395,1520,2020
55397,1520,2020
55398,1610,2130
55401,2560,3390
55402,2150,2850
55403,1700,2250
55404,1580,2090
55405,1630,2160
55406,1640,2170
55407,1520,2020
55408,1910,2530
55409,1650,2180
55410,1980,2620
55411,1620,2140
55412,1760,2330
55413,1830,2420
55414,1700,2250
55415,2500,3310
55416,2160,2860
55417,1690,2240
55418,1720,2280
55419,1840,2440
55420,1590,2100
55421,1530,2020
55422,1820,2410
55423,1660,2200
55424,2250,2980
55425,1790,2370
55426,1780,2360
55427,1740,2300
55428,1560,2060
55429,1550,2050
55430,1650,2180
55431,2100,2780
55432,1590,2100
55433,1640,2170
55434,2060,2730
55435,2110,2790
55436,2100,2780
55437,1940,2570
55438,1860,2460
55439,1970,2610
55440,1770,2340
55441,1860,2460
55442,2130,2820
55443,1570,2080
55444,1650,2180
55445,2560,3390
55446,2240,2960
55447,2060,2730
55448,2060,2730
55449,2140,2830
55450,1770,2340
55454,1520,2020
55455,1540,2040
55458,1770,2340
55479,1770,2340
55480,1770,2340
56011,1520,2020
56044,1520,2020
56071,1520,2020
56304,1520,2020
56329,1520,2020
56353,1520,2020
56358,1520,2020
56379,1520,2020
56017,980,1360
56028,1280,1780
56052,1660,2260
56057,1120,1560
56069,1140,1580
56096,1060,1410
55051,990,1350
56313,1260,1610
56330,1230,1490
56338,1240,1700
56342,990,1240
56357,1270,1610
56359,1100,1320
56363,1310,1570
56386,1040,1250
56450,1190,1430
58368,870,1210
58384,990,1340
58710,1380,1920
58712,1000,1390
58713,1000,1390
58723,890,1240
58731,1150,1600
58736,900,1250
58740,1180,1500
58741,1000,1390
58744,980,1360
58748,870,1160
58758,1080,1500
58762,880,1160
58768,1080,1480
58778,870,1210
58788,1040,1440
58789,980,1350
58790,940,1320
58792,1000,1390
58718,1040,1380
58725,1130,1480
58734,940,1320
58746,940,1320
58750,870,1160
58761,1130,1380
58782,870,1160
58787,970,1320
58701,1030,1430
58702,1170,1630
58703,1160,1610
58704,1620,2250
58705,1360,1890
58707,1160,1610
58716,970,1350
58721,960,1320
58722,1120,1560
58733,1100,1530
58735,940,1320
58756,1150,1590
58759,1010,1400
58771,1100,1440
58779,940,1320
58781,1080,1500
58785,1410,1980
59801,1640,2280
59802,1570,2180
59803,1750,2430
59804,1760,2450
59806,1660,2310
59807,1660,2310
59808,1780,2480
59812,1630,2270
59820,1450,2030
59821,1620,2130
59823,1570,2140
59825,1690,2350
59826,1490,2030
59833,1580,2200
59834,2480,3450
59846,1470,2030
59847,1630,2260
59851,1570,2180
59868,1660,2310
59830,1190,1440
59842,1360,1630
59859,1190,1440
59866,1440,1730
59867,1360,1630
59872,1190,1440
36505,1440,1890
36509,900,1180
36512,1180,1550
36513,960,1260
36521,940,1230
36522,900,1180
36523,1120,1460
36525,1020,1330
36528,1480,1930
36541,1080,1420
36544,900,1180
36560,1000,1310
36568,1000,1320
36571,1080,1410
36572,1330,1740
36575,1150,1500
36582,960,1250
36587,990,1290
36590,1080,1410
36601,1080,1410
36602,1020,1330
36603,900,1180
36604,950,1240
36605,1100,1440
36606,1020,1330
36607,1050,1370
36608,1240,1620
36609,1090,1420
36610,900,1180
36611,1040,1360
36612,900,1180
36613,1230,1610
36615,1080,1410
36616,1080,1410
36617,1140,1490
36618,1190,1550
36619,1130,1470
36633,1080,1410
36640,1080,1410
36652,1040,1360
36660,1080,1410
36663,980,1270
36670,1080,1410
36671,1080,1410
36685,1080,1410
36688,1240,1620
36689,1080,1410
36691,1080,1410
36693,1140,1490
36695,1270,1660
94550,3300,4220
95230,2430,3380
95304,2600,3620
95307,1760,2440
95313,1410,1980
95319,1410,1980
95323,1410,1980
95326,1950,2710
95328,1510,2100
95329,1790,2390
95350,1750,2430
95351,1620,2250
95352,1760,2440
95353,1760,2440
95354,1770,2460
95355,1930,2680
95356,1990,2760
95357,2310,3210
95358,1800,2500
95361,1760,2440
95363,2000,2780
95367,1820,2530
95368,2340,3250
95381,1760,2440
95382,1960,2720
95385,1540,2160
95386,1730,2400
95387,1620,2270
95397,1760,2440
71220,840,1150
71223,830,1150
71229,900,1150
71250,840,1120
71261,830,1150
71264,870,1120
71269,890,1080
71280,1330,1720
71201,1040,1340
71202,930,1200
71203,1090,1400
71207,1040,1340
71209,1090,1400
71210,1040,1340
71211,1040,1340
71212,1040,1340
71213,1040,1340
71222,900,1150
71225,990,1270
71227,970,1310
71234,1220,1570
71235,910,1220
71238,940,1240
71240,1040,1340
71241,900,1160
71256,900,1150
71260,900,1150
71277,900,1150
71281,1040,1340
71291,1120,1440
71292,940,1210
71294,1040,1340
71418,900,1150
71749,900,1150
71218,940,1130
71232,960,1170
71237,1090,1440
71259,1000,1200
71279,890,1070
48131,1480,1790
48133,1160,1420
48140,1350,1640
48144,1360,1650
48145,1430,1730
48157,1260,1520
48159,1280,1550
48161,1250,1510
48162,1210,1460
48166,1480,1790
48177,1540,1860
48179,1680,2030
48182,1540,1860
49228,1180,1510
49238,1140,1430
49267,1370,1710
49270,1310,1590
49276,1420,1770
35010,900,1130
35136,900,1130
36003,900,1130
36008,1180,1510
36020,940,1210
36022,980,1260
36024,900,1130
36025,1080,1390
36026,900,1130
36032,900,1130
36036,960,1200
36040,900,1130
36041,900,1130
36043,1000,1280
36046,900,1130
36047,900,1130
36052,1150,1460
36054,960,1230
36057,1300,1670
36064,1440,1850
36066,1240,1590
36067,1040,1340
36068,1180,1510
36069,900,1130
36080,1000,1280
36092,960,1230
36093,1050,1320
36101,900,1130
36102,1010,1300
36103,1010,1300
36104,900,1130
36105,930,1190
36106,1070,1370
36107,900,1130
36108,900,1130
36109,1030,1320
36110,960,1230
36111,1000,1280
36112,1290,1620
36113,1520,1950
36114,1010,1300
36115,1410,1810
36116,1040,1340
36117,1300,1670
36119,1010,1300
36120,1010,1300
36121,1010,1300
36123,1010,1300
36124,1010,1300
36125,1010,1300
36130,1010,1300
36131,1010,1300
36701,900,1180
36703,900,1130
36749,900,1130
36752,900,1130
36761,900,1130
36775,1230,1620
36785,900,1150
26287,960,1240
26354,960,1170
26374,1110,1360
26405,960,1160
26410,1270,1520
26425,960,1160
26440,1010,1280
26444,980,1180
26501,1070,1280
26504,1110,1330
26505,1190,1430
26506,1190,1430
26507,1110,1330
26508,1170,1400
26519,980,1180
26520,960,1160
26521,1110,1330
26524,960,1160
26525,960,1160
26527,1110,1330
26531,1110,1330
26534,1100,1320
26537,960,1160
26541,1040,1240
26542,1020,1230
26543,1110,1330
26544,960,1160
26546,1070,1280
26547,960,1160
26554,1090,1340
26562,970,1230
26570,960,1160
26575,960,1210
26582,960,1160
26585,1000,1230
26588,960,1160
26590,1110,1330
26705,960,1160
26716,960,1300
26764,970,1160
37725,1170,1490
37760,1120,1430
37813,1110,1410
37814,1150,1460
37815,1130,1440
37816,1130,1440
37820,1040,1360
37821,970,1270
37860,970,1270
37876,1130,1490
37877,1260,1600
37890,1150,1460
98221,1950,2710
98232,2160,3000
98233,1810,2520
98235,1610,2240
98238,1540,2150
98241,2160,2850
98255,1770,2460
98257,1540,2150
98263,1770,2460
98267,1540,2150
98273,1540,2150
98274,1990,2770
98292,2180,2850
46989,960,1260
47302,1020,1320
47303,1070,1380
47304,1120,1450
47305,960,1240
47306,1100,1430
47307,1040,1350
47308,1040,1350
47320,960,1240
47334,960,1240
47336,970,1280
47338,960,1240
47354,1160,1460
47367,1020,1320
47368,960,1260
47383,1110,1440
47386,990,1230
47396,1010,1310
49412,1040,1290
49425,1040,1270
49437,1040,1270
49440,1040,1270
49441,1310,1580
49442,1150,1390
49443,1220,1470
49444,1290,1550
49445,1460,1760
49457,1260,1520
49461,1130,1360
29511,1270,1600
29526,1270,1600
29527,1270,1600
29528,1470,1810
29544,1270,1600
29545,1270,1600
29566,1590,1960
29568,1610,1980
29569,1270,1600
29572,1440,1770
29575,1600,1970
29576,1680,2060
29577,1420,1750
29578,1470,1810
29579,1730,2130
29581,1270,1600
29582,1550,1910
29587,1470,1810
29588,1520,1870
29597,1470,1810
29598,1470,1810
94503,3710,4730
94508,2520,3280
94515,2690,3430
94534,2820,3770
94558,3470,4420
94559,3260,4150
94562,3320,4230
94567,3340,4250
94573,3190,4070
94574,2950,3760
94576,2950,3760
94581,3320,4230
94591,2520,3280
94599,3250,4140
95461,2520,3370
95476,2860,3930
34101,1990,2590
34102,1810,2350
34103,2210,2870
34104,1980,2570
34105,2320,3020
34106,1990,2590
34107,1990,2590
34108,2350,3050
34109,2100,2730
34112,1730,2250
34113,2090,2720
34114,2230,2900
34116,1890,2460
34117,2000,2600
34120,2460,3200
34137,1910,2480
34138,1990,2590
34139,1990,2590
34140,2330,3020
34142,1680,2210
34145,2340,3040
34146,1990,2590
37011,1770,2260
37012,1320,1660
37013,1870,2390
37014,2250,2880
37016,1360,1740
37018,1320,1760
37020,1360,1810
37022,1610,2030
37024,1770,2260
37025,1320,1660
37026,1320,1660
37027,2440,3120
37029,1320,1660
37031,1320,1670
37036,1320,1660
37037,2180,2790
37046,1880,2420
37048,1320,1660
37049,1320,1660
37055,1320,1660
37056,1320,1660
37057,1320,1660
37060,1600,2070
37062,1690,2130
37064,2150,2750
37065,2280,2910
37066,1550,1980
37067,2250,2880
37068,2280,2910
37069,2600,3320
37070,1770,2260
37072,1630,2080
37073,1390,1780
37074,1320,1660
37075,1890,2420
37076,1780,2280
37077,1590,2030
37080,1320,1660
37082,1510,1930
37085,1520,1940
37086,1990,2540
37087,1390,1780
37088,1630,2080
37089,1660,2120
37090,1640,2100
37095,1320,1660
37101,1320,1660
37115,1620,2070
37116,1770,2260
37118,1320,1660
37121,1630,2080
37122,2200,2810
37127,1560,1990
37128,1800,2300
37129,1800,2300
37130,1470,1880
37131,1660,2120
37132,1470,1880
37133,1660,2120
37135,2600,3320
37138,1730,2210
37141,1470,1880
37143,1490,1900
37146,1640,2100
37148,1320,1660
37149,1320,1660
37152,1410,1800
37153,1920,2450
37160,1320,1660
37165,1320,1660
37166,1320,1660
37167,1640,2100
37172,1410,1800
37174,2050,2610
37179,2440,3120
37180,1320,1660
37181,1320,1660
37184,1320,1660
37186,1320,1660
37187,1320,1660
37188,1680,2150
37189,1480,1890
37190,1320,1660
37201,2360,3020
37202,1770,2260
37203,1990,2540
37204,2280,2910
37205,2230,2850
37206,1840,2350
37207,1450,1850
37208,1880,2400
37209,1950,2490
37210,1580,2020
37211,1780,2280
37212,1820,2330
37213,1830,2340
37214,2000,2560
37215,2200,2810
37216,1810,2310
37217,1780,2280
37218,1580,2020
37219,2440,3120
37220,2470,3120
37221,2200,2810
37222,1770,2260
37224,1770,2260
37228,1730,2210
37229,1770,2260
37232,1770,2260
37236,1770,2260
37238,1770,2260
37243,1770,2260
37246,1770,2260
37357,1320,1660
38401,1320,1660
38476,1390,1770
37033,1070,1380
37078,1440,1810
37096,930,1120
37097,1040,1250
37098,930,1190
37137,1010,1300
37140,1070,1360
38454,1330,1690
38461,1330,1690
38462,970,1350
38487,1330,1690
37083,1000,1330
37145,950,1250
37150,950,1290
38588,950,1230
37091,1330,1690
38402,1350,1700
38451,1330,1690
38472,1330,1690
38474,1330,1690
38482,1440,1820
38483,1330,1690
37030,1050,1370
37151,1140,1480
38547,1010,1290
38548,950,1280
38552,1050,1370
38560,990,1290
38563,990,1290
38567,990,1250
38569,1020,1280
06401,1720,2130
06405,2020,2500
06418,1710,2090
06437,2250,2780
06443,2720,3360
06450,1780,2200
06460,2350,2900
06461,2700,3340
06471,2230,2760
06472,1960,2420
06473,2030,2510
06477,2650,3270
06492,1720,2130
06501,1950,2410
06502,1950,2410
06503,1950,2410
06504,1950,2410
06505,1950,2410
06506,1950,2410
06507,1950,2410
06508,1950,2410
06509,1950,2410
06510,2600,3210
06511,2040,2520
06512,1900,2350
06513,1790,2210
06514,2160,2670
06515,2080,2570
06516,1930,2380
06517,1860,2300
06518,2630,3250
06519,1880,2320
06520,1950,2410
06521,1950,2410
06524,2100,2600
06525,2410,2980
06530,1950,2410
06531,1950,2410
06532,1950,2410
06533,1950,2410
06534,1950,2410
06535,1950,2410
06536,1950,2410
06537,1950,2410
06538,1950,2410
06770,1830,2260
70001,1390,1770
70002,1340,1710
70003,1340,1710
70004,1340,1710
70005,1340,1710
70006,1340,1710
70009,1340,1710
70010,1340,1710
70011,1340,1710
70031,1340,1710
70032,1340,1710
70033,1340,1710
70036,1340,1710
70037,1830,2330
70038,1750,2230
70039,1340,1710
70040,1650,2100
70041,1750,2230
70043,1340,1710
70044,1340,1710
70047,1360,1740
70049,1340,1710
70050,1750,2230
70051,1340,1710
70053,1340,1710
70054,1340,1710
70055,1340,1710
70056,1340,1710
70057,1340,1710
70058,1350,1720
70059,1340,1710
70062,1340,1710
70063,1340,1710
70064,1340,1710
70065,1340,1710
70067,1340,1710
70068,1340,1710
70069,1340,1710
70070,1660,2110
70072,1340,1710
70073,1340,1710
70075,1340,1710
70076,1340,1710
70078,1340,1710
70079,1350,1710
70080,1360,1730
70082,1750,2230
70083,1750,2230
70084,1340,1710
70085,1340,1710
70087,1340,1710
70090,1340,1710
70091,1750,2230
70092,1340,1710
70094,1340,1710
70096,1340,1710
70112,1340,1710
70113,1340,1710
70114,1340,1710
70115,1720,2190
70116,1570,2000
70117,1340,1710
70118,1390,1770
70119,1510,1920
70121,1340,1710
70122,1380,1750
70123,1660,2120
70124,1930,2450
70125,1490,1890
70126,1340,1710
70127,1340,1710
70128,1380,1770
70129,1340,1710
70130,2000,2560
70131,1340,1710
70139,1370,1740
70145,1370,1740
70146,1370,1740
70148,1340,1710
70150,1370,1740
70151,1370,1740
70152,1370,1740
70153,1370,1740
70156,1370,1740
70157,1370,1740
70158,1370,1740
70163,1370,1740
70170,1370,1740
70172,1370,1740
70174,1370,1740
70175,1370,1740
70176,1370,1740
70177,1370,1740
70178,1370,1740
70179,1370,1740
70181,1340,1710
70182,1370,1740
70183,1340,1710
70184,1370,1740
70185,1370,1740
70186,1370,1740
70187,1370,1740
70189,1370,1740
70190,1370,1740
70358,1480,1890
70052,1130,1570
70071,970,1350
70086,880,1230
70723,1240,1730
70743,940,1310
70763,880,1230
70792,920,1280
07006,2670,3340
07009,2450,3070
07010,2400,2930
07011,2250,2740
07012,2260,2760
07013,2360,2880
07014,2620,3200
07015,2110,2570
07020,3490,4260
07022,2150,2620
07024,3310,4040
07026,2130,2600
07031,2240,2730
07032,2510,3060
07043,3310,4130
07047,2970,3620
07055,1890,2310
07057,2000,2440
07070,2390,2920
07071,2290,2790
07072,2170,2650
07073,2410,2940
07074,1490,1820
07075,2500,3050
07110,2280,2850
07401,3490,4260
07403,2480,3020
07407,2690,3280
07410,2620,3200
07417,3490,4260
07420,2430,2960
07421,3020,3690
07423,3410,4160
07424,2310,2820
07430,3030,3700
07432,2430,2960
07435,2240,2780
07436,2340,2850
07438,2290,2850
07442,2370,2890
07446,2910,3550
07450,3250,3960
07451,2480,3020
07452,2640,3220
07456,2860,3490
07458,3000,3670
07460,3220,4020
07463,3090,3770
07465,2900,3540
07470,2660,3240
07474,2110,2570
07480,2020,2460
07481,3200,3900
07495,2480,3020
07501,1900,2320
07502,1990,2430
07503,2120,2590
07504,1990,2430
07505,1620,1980
07506,2360,2880
07507,2110,2570
07508,2300,2810
07509,2110,2570
07511,2110,2570
07512,2220,2710
07513,2130,2600
07514,1980,2420
07522,1970,2400
07524,1960,2390
07538,2110,2570
07543,2110,2570
07544,2110,2570
07601,2500,3050
07602,2480,3020
07603,2380,2900
07604,2210,2700
07605,2660,3240
07606,2520,3070
07607,2680,3270
07608,2470,3010
07620,3280,4000
07621,2290,2790
07624,3490,4260
07626,3270,3990
07627,3350,4090
07628,2360,2880
07630,2770,3380
07631,2620,3200
07632,3050,3720
07640,3200,3900
07641,2850,3470
07642,2310,2820
07643,2280,2780
07644,2200,2680
07645,2840,3460
07646,2240,2730
07647,2500,3050
07648,2910,3550
07649,2720,3320
07650,2590,3160
07652,3490,4260
07653,2480,3020
07656,2630,3210
07657,2540,3100
07660,2160,2630
07661,2460,3000
07662,2350,2870
07663,2650,3230
07666,2400,2930
07670,3490,4260
07675,3030,3700
07676,2990,3650
07677,3000,3660
07699,2480,3020
07002,2430,2960
07029,2640,3220
07030,4140,5050
07086,3760,4580
07087,2380,2900
07093,2490,3030
07094,3450,4200
07096,2760,3360
07097,2760,3360
07099,2760,3360
07302,4140,5050
07303,2760,3360
07304,2460,3000
07305,2340,2850
07306,2530,3080
07307,2720,3310
07310,4140,5050
07311,4140,5050
07001,2540,3050
07008,2690,3230
07059,2850,3420
07060,2260,2790
07062,2340,2920
07063,2370,2950
07064,2470,2970
07065,2360,2960
07067,2600,3120
07069,3340,4000
07077,1970,2360
07080,2590,3110
07095,2810,3370
07721,2570,3360
07726,2470,3230
07735,2050,2650
07747,2590,3290
07751,3380,4420
07830,2090,2520
07920,3250,3900
07921,3000,3600
07922,2950,3640
07924,2790,3350
07931,2810,3420
07934,2530,3030
07938,2590,3110
07939,3250,3900
07977,2530,3030
07978,2590,3110
07979,2130,2570
08502,3290,3940
08504,2590,3110
08512,2090,2500
08520,1990,2390
08525,2290,2750
08528,2630,3150
08530,2370,2840
08536,2560,3070
08540,2630,3150
08551,3070,3680
08553,2240,2690
08556,2320,2780
08557,2320,2780
08558,2530,3030
08559,2240,2690
08560,2930,3510
08801,3010,3610
08805,2400,2880
08807,2720,3260
08809,2330,2790
08810,2710,3250
08812,2480,2970
08816,2760,3310
08817,2560,3070
08818,2470,2960
08820,2710,3250
08821,2880,3450
08822,2240,2690
08823,3000,3600
08824,2970,3560
08825,2280,2730
08826,2010,2410
08828,2640,3170
08829,2160,2590
08830,2770,3320
08831,2430,2910
08832,2370,2840
08833,2480,2970
08835,2380,2850
08836,2750,3300
08837,2370,2840
08840,2840,3410
08844,2880,3450
08846,2210,2650
08850,2440,2930
08852,2570,3080
08853,2500,3000
08854,2660,3190
08855,2470,2960
08857,2180,2610
08858,2320,2780
08859,2170,2600
08861,2080,2490
08862,2470,2960
08863,2630,3150
08867,2310,2770
08868,2320,2780
08869,2550,3060
08870,2320,2780
08872,2020,2420
08873,2660,3190
08875,2590,3110
08876,2370,2840
08879,2300,2760
08880,2370,2840
08882,2230,2670
08884,1960,2360
08885,2320,2780
08887,2340,2810
08888,2320,2780
08889,2460,2970
08890,2530,3030
08901,2380,2850
08902,2740,3290
08903,2470,2960
08904,2480,2970
08906,2470,2960
07701,2660,3480
07702,3490,4560
07703,2790,3640
07704,2690,3520
07710,2360,3090
07711,2350,3070
07712,2350,3070
07716,2430,3180
07717,2260,2950
07718,2300,3010
07719,2330,3050
07720,2290,2990
07722,3490,4560
07723,1860,2430
07724,2130,2780
07727,2070,2710
07728,2520,3290
07730,1740,2270
07731,3010,3930
07732,2530,3310
07733,3490,4560
07734,2250,2940
07737,1970,2580
07738,1230,1610
07739,2970,3880
07740,2360,3090
07746,3490,4560
07748,2100,2750
07750,2920,3820
07752,2360,3090
07753,2380,3110
07754,2360,3090
07755,3200,4180
07756,1730,2260
07757,2760,3680
07758,1660,2170
07760,2730,3570
07762,2320,3030
07763,2360,3090
07764,2730,3570
07765,2360,3090
08005,2480,3240
08006,2200,2870
08008,2260,2950
08050,2450,3200
08087,2310,3010
08092,1940,2540
08501,2000,2600
08510,2770,3610
08514,2060,2680
08527,2370,3100
08533,2010,2630
08535,3150,4120
08555,3430,4480
08562,1570,1890
08620,1740,2090
08691,2480,2980
08701,2030,2650
08720,2310,3030
08721,2180,2850
08722,2740,3580
08723,2240,2930
08724,2390,3120
08730,3470,4540
08731,2780,3630
08732,2230,2920
08733,2180,2850
08734,2300,3010
08735,2260,2960
08736,2210,2890
08738,2670,3490
08739,2300,3010
08740,2610,3410
08741,2320,3040
08742,2510,3280
08750,2720,3560
08751,1850,2420
08752,1960,2560
08753,2300,3010
08754,2300,3010
08755,2130,2780
08757,2280,2980
08758,2080,2720
08759,1790,2340
06390,2720,3530
11001,2750,3550
11002,2780,3610
11003,2890,3750
11004,3060,3830
11005,3480,4360
11010,2580,3350
11020,3310,4290
11021,2680,3480
11022,2780,3610
11023,2890,3750
11024,3230,4190
11030,3010,3900
11040,3060,3960
11042,3190,4110
11050,3120,4050
11096,2410,3130
11363,3580,4480
11501,2760,3580
11507,3360,4360
11509,3060,3960
11510,2400,3110
11514,2830,3670
11516,2650,3440
11518,2710,3520
11520,2510,3260
11530,3500,4530
11531,2780,3610
11542,2850,3700
11545,2620,3400
11547,2330,3020
11548,3380,4380
11549,2740,3550
11550,2380,3090
11551,2780,3610
11552,3380,4380
11553,2740,3550
11554,3440,4460
11556,2780,3610
11557,2840,3690
11558,2750,3570
11559,2560,3320
11560,2920,3790
11561,3080,4000
11563,2670,3460
11565,2380,3090
11566,3350,4350
11568,2870,3730
11569,3080,4000
11570,2470,3200
11571,2780,3610
11572,2670,3460
11575,3150,4090
11576,2890,3750
11577,2990,3880
11579,2860,3710
11580,2610,3390
11581,2550,3310
11582,2780,3610
11590,2980,3870
11596,2560,3320
11598,3110,4030
11691,2920,3660
11701,2630,3410
11702,2940,3810
11703,2690,3490
11704,2680,3480
11705,2710,3520
11706,2450,3180
11709,2480,3220
11710,3080,4000
11713,3510,4550
11714,2970,3850
11715,2660,3450
11716,2980,3870
11717,2330,3020
11718,2450,3180
11719,2480,3220
11720,2710,3520
11721,4120,5340
11722,2780,3610
11724,3170,4110
11725,3010,3900
11726,2390,3100
11727,3120,4050
11729,2330,3020
11730,3070,3980
11731,2790,3620
11732,3560,4620
11733,3080,4000
11735,2710,3520
11738,3410,4420
11739,3000,3890
11740,2670,3460
11741,2930,3800
11742,2790,3620
11743,2890,3750
11746,2600,3370
11747,3730,4840
11749,2330,3020
11751,2810,3640
11752,3100,4020
11753,3080,4000
11754,2330,3020
11755,2840,3680
11756,3000,3890
11757,2540,3290
11758,2970,3850
11762,3110,4030
11763,2920,3790
11764,3100,4020
11765,3060,3960
11766,3880,5030
11767,2750,3570
11768,2860,3710
11769,2890,3750
11770,2460,3190
11771,2490,3230
11772,2470,3200
11773,2780,3610
11776,2780,3610
11777,2830,3670
11778,2330,3020
11779,2600,3370
11780,2690,3490
11782,2820,3660
11783,3350,4350
11784,2770,3590
11786,3420,4440
11787,3160,4100
11788,3230,4190
11789,3330,4320
11790,3410,4420
11791,4120,5340
11792,3760,4880
11793,2960,3840
11794,3410,4420
11795,3010,3900
11796,2920,3790
11797,4120,5340
11798,2630,3410
11801,3470,4500
11802,2780,3610
11803,3340,4330
11804,3110,4040
11901,2580,3350
11930,3400,4400
11931,2580,3350
11932,2790,3600
11933,2780,3610
11934,2680,3480
11935,2760,3580
11937,3540,4590
11939,3000,3890
11940,2770,3590
11941,2690,3490
11942,2430,3150
11944,2560,3320
11946,2900,3760
11947,2580,3350
11948,2330,3020
11949,2700,3500
11950,2630,3410
11951,2700,3500
11952,2330,3020
11953,2580,3350
11954,3140,4070
11955,2670,3460
11956,2760,3580
11957,3000,3890
11958,2700,3500
11959,3830,4970
11960,2720,3530
11961,2330,3020
11962,2720,3530
11963,3720,4830
11964,3680,4770
11965,2910,3780
11967,2840,3680
11968,2750,3570
11969,2720,3530
11970,2720,3530
11971,2650,3440
11972,2720,3530
11973,2670,3460
11975,3550,4610
11976,3030,3940
11977,2690,3490
11978,2700,3500
11980,3200,4150
10001,4370,5470
10002,2510,3120
10003,4370,5470
10004,3590,4500
10005,3760,4680
10006,3760,4680
10007,3590,4500
10008,3590,4500
10009,3110,3890
10010,3760,4710
10011,4370,5470
10012,4370,5470
10013,4370,5470
10014,4370,5470
10016,4370,5470
10017,4370,5470
10018,4240,5310
10019,4080,5110
10020,3590,4500
10021,4370,5470
10022,4370,5470
10023,4370,5470
10024,4370,5470
10025,3060,3830
10026,3070,3840
10027,2700,3380
10028,4370,5470
10029,2510,3120
10030,2510,3120
10031,2740,3430
10032,2510,3120
10033,2600,3260
10034,2760,3460
10035,2560,3210
10036,4040,5060
10037,2580,3230
10038,4370,5470
10039,2510,3120
10040,2710,3390
10041,3590,4500
10043,3590,4500
10044,4370,5470
10045,3590,4500
10055,3590,4500
10065,4370,5470
10069,4370,5470
10075,3710,4650
10080,3590,4500
10081,3590,4500
10101,3590,4500
10103,3590,4500
10104,3590,4500
10105,3590,4500
10106,3590,4500
10107,3590,4500
10108,3590,4500
10110,3590,4500
10111,3590,4500
10112,3590,4500
10113,3590,4500
10115,3590,4500
10116,3590,4500
10117,3590,4500
10118,3590,4500
10119,3590,4500
10120,3590,4500
10121,3590,4500
10122,3590,4500
10123,3590,4500
10124,3590,4500
10125,3590,4500
10126,3590,4500
10128,4370,5470
10129,3590,4500
10131,3590,4500
10133,3590,4500
10138,3590,4500
10150,3590,4500
10151,3590,4500
10152,4370,5470
10153,3590,4500
10154,3590,4500
10155,3590,4500
10156,3590,4500
10157,3590,4500
10158,3590,4500
10159,3590,4500
10160,3590,4500
10162,3970,4970
10163,3590,4500
10164,3590,4500
10165,3590,4500
10166,3590,4500
10167,3590,4500
10168,3590,4500
10169,3590,4500
10170,3590,4500
10171,3590,4500
10172,3590,4500
10173,3590,4500
10174,3590,4500
10175,3590,4500
10176,3590,4500
10177,3590,4500
10178,3590,4500
10179,3590,4500
10185,3590,4500
10199,3590,4500
10203,3590,4500
10211,3590,4500
10212,3590,4500
10213,3590,4500
10258,3590,4500
10268,3590,4500
10269,3590,4500
10271,3590,4500
10272,3590,4500
10274,3590,4500
10275,3590,4500
10276,3590,4500
10277,3590,4500
10278,3590,4500
10279,3590,4500
10280,3590,4500
10281,3590,4500
10282,3760,4680
10285,3590,4500
10301,3040,3810
10302,2810,3520
10303,2840,3560
10304,2640,3310
10305,2630,3290
10306,2670,3340
10307,2510,3120
10308,2780,3480
10309,3290,4120
10310,2710,3390
10311,2720,3410
10312,2830,3540
10313,2720,3410
10314,2890,3620
10451,2510,3120
10452,2510,3120
10453,2510,3120
10454,2520,3160
10455,2510,3120
10456,2510,3120
10457,2530,3170
10458,2650,3320
10459,2510,3120
10460,2510,3120
10461,3020,3780
10462,2850,3570
10463,2860,3580
10464,2940,3680
10465,3040,3810
10466,2750,3440
10467,2730,3420
10468,2670,3340
10469,2830,3540
10470,2570,3220
10471,2720,3410
10472,2620,3280
10473,2510,3120
10474,2510,3120
10475,2510,3120
10501,3870,4850
10502,3430,4300
10503,3550,4450
10504,3760,4680
10505,2840,3540
10506,4370,5470
10507,2950,3690
10509,2820,3530
10510,3610,4520
10511,2700,3380
10514,4200,5260
10516,2750,3440
10517,2510,3120
10518,3980,4990
10519,3700,4630
10520,2840,3560
10521,2950,3690
10522,3520,4410
10523,4370,5470
10524,3690,4620
10526,3440,4310
10527,3730,4670
10528,4040,5060
10530,3390,4250
10532,3700,4610
10533,3550,4450
10535,3060,3830
10536,4370,5470
10537,3510,4400
10538,3280,4110
10540,3590,4490
10541,2940,3680
10542,2790,3490
10543,3210,4020
10545,3220,4030
10546,3610,4520
10547,3250,4070
10548,2760,3460
10549,2850,3570
10550,2730,3420
10551,2950,3690
10552,2730,3420
10553,2750,3440
10560,3520,4410
10562,3220,4030
10566,2960,3710
10567,3260,4080
10570,2970,3720
10573,3170,3970
10576,4000,4990
10577,3340,4180
10578,3950,4940
10579,3640,4560
10580,4370,5470
10583,3770,4720
10587,2950,3690
10588,2510,3120
10589,4370,5470
10590,3670,4600
10591,2980,3730
10594,3150,3940
10595,2540,3180
10596,2650,3320
10597,3650,4570
10598,3730,4670
10601,3360,4210
10602,2950,3690
10603,3060,3830
10604,3230,4040
10605,3400,4260
10606,3770,4720
10607,3130,3920
10701,2970,3720
10702,2950,3690
10703,2630,3290
10704,2890,3620
10705,2860,3580
10706,3150,3940
10707,3740,4680
10708,3210,4020
10709,3130,3920
10710,2790,3490
10801,2940,3680
10802,2950,3690
10803,3370,4220
10804,3470,4350
10805,2980,3730
10901,2920,3660
10911,3030,3780
10913,3420,4280
10920,3180,3980
10923,2820,3530
10927,2820,3530
10931,3130,3920
10952,2750,3440
10954,3510,4400
10956,3160,3960
10960,3390,4250
10962,2510,3120
10964,2870,3550
10965,2960,3710
10968,3240,4060
10970,2720,3410
10976,2930,3670
10977,2540,3180
10980,2720,3410
10982,2910,3640
10983,3380,4230
10984,2770,3470
10986,3030,3780
10989,3460,4330
10993,2580,3230
10994,2850,3550
11101,3850,4820
11102,3870,4850
11103,3460,4330
11104,3220,4030
11105,3670,4600
11106,3320,4160
11109,3850,4820
11201,4370,5470
11202,2910,3640
11203,2700,3380
11204,2800,3510
11205,3470,4350
11206,2650,3320
11207,2570,3220
11208,2680,3360
11209,3240,4060
11210,2800,3510
11211,3610,4520
11212,2510,3120
11213,2810,3520
11214,2810,3520
11215,4370,5470
11216,3670,4600
11217,4370,5470
11218,3190,3990
11219,2680,3360
11220,2590,3240
11221,3160,3960
11222,3980,4980
11223,2880,3610
11224,2510,3120
11225,2900,3630
11226,2800,3510
11228,2800,3510
11229,2860,3580
11230,3050,3820
11231,4370,5470
11232,2860,3580
11233,2730,3420
11234,2900,3630
11235,2850,3570
11236,2810,3520
11237,3020,3780
11238,4160,5210
11239,2510,3120
11241,2910,3640
11242,2910,3640
11243,2910,3640
11247,2910,3640
11249,3440,4310
11252,2910,3640
11256,2910,3640
11351,2990,3740
11352,2990,3740
11354,3020,3780
11355,3010,3770
11356,3250,4070
11357,3390,4250
11358,3230,4040
11359,2990,3740
11360,3670,4600
11361,3600,4510
11362,3910,4900
11364,3530,4420
11365,2720,3410
11366,3120,3910
11367,2730,3420
11368,3100,3880
11369,3060,3830
11370,3190,3990
11371,2990,3740
11372,3100,3880
11373,3170,3970
11374,3600,4510
11375,3650,4570
11377,3020,3780
11378,3090,3870
11379,3240,4060
11380,2990,3740
11385,2960,3710
11386,2990,3740
11411,2590,3240
11412,2580,3230
11413,3120,3910
11414,3090,3870
11415,3210,4020
11416,2930,3670
11417,2930,3670
11418,3010,3770
11419,3110,3890
11420,3150,3940
11421,3080,3860
11422,3460,4330
11423,2600,3260
11424,2990,3740
11426,3330,4170
11427,2650,3320
11428,2780,3480
11429,2600,3260
11430,2810,3540
11431,2990,3740
11432,3170,3970
11433,2610,3270
11434,2510,3120
11435,2940,3680
11436,3200,4010
11437,2990,3740
11439,3160,3960
11451,2990,3740
11692,2510,3120
11693,2510,3120
11694,2710,3390
11697,2710,3390
12563,2620,3280
07003,2490,3120
07004,3310,4140
07005,2430,3040
07007,2080,2600
07016,2790,3490
07017,1970,2470
07018,2080,2600
07019,2080,2600
07021,2850,3570
07023,3060,3830
07027,2300,2880
07028,2930,3670
07033,2770,3470
07034,1960,2450
07035,2410,3020
07036,2080,2600
07039,3310,4140
07040,2860,3580
07041,2680,3360
07042,2890,3620
07044,2820,3530
07045,2890,3640
07046,2490,3110
07050,2190,2740
07051,2080,2600
07052,2540,3180
07054,2580,3230
07058,3180,3980
07061,2240,2810
07066,2340,2930
07068,3310,4140
07076,2540,3180
07078,3010,3770
07079,3110,3890
07081,2920,3660
07082,2650,3320
07083,2640,3310
07088,2660,3330
07090,3060,3830
07091,2240,2810
07092,2950,3690
07101,2080,2600
07102,1930,2430
07103,1930,2430
07104,1930,2430
07105,1950,2440
07106,1930,2430
07107,1930,2430
07108,1930,2430
07109,2300,2880
07111,1940,2430
07112,1930,2430
07114,1930,2430
07201,1930,2430
07202,2060,2580
07203,2040,2550
07204,2050,2570
07205,2220,2780
07206,1980,2480
07207,2240,2810
07208,2050,2570
07405,2200,2750
07416,1930,2430
07418,2110,2640
07419,2360,2960
07422,2390,2990
07428,2110,2640
07439,2170,2720
07440,2620,3270
07444,2810,3520
07457,3310,4140
07461,2070,2590
07462,2170,2720
07801,2450,3070
07802,2580,3230
07803,2590,3240
07806,2580,3230
07822,2150,2690
07826,2350,2940
07827,1930,2430
07834,2510,3140
07836,2630,3290
07837,2110,2640
07839,2110,2640
07842,2510,3150
07843,2280,2860
07845,2580,3230
07847,2850,3570
07848,1940,2430
07849,2230,2790
07850,2370,2970
07851,1930,2430
07852,2380,2980
07853,2380,2980
07855,2110,2640
07856,3250,4070
07857,1930,2430
07866,2400,3010
07869,2450,3070
07870,2210,2770
07871,2550,3190
07875,2110,2640
07876,3100,3880
07877,2110,2640
07878,3220,4030
07879,2110,2640
07881,1930,2440
07885,2640,3310
07901,3000,3760
07902,2240,2810
07926,3240,4060
07927,3310,4140
07928,3190,3990
07930,2490,3120
07932,3310,4140
07933,2690,3340
07935,3220,4030
07936,3310,4140
07940,3040,3810
07945,3310,4140
07946,2920,3550
07950,3310,4140
07960,3240,4060
07961,3180,3990
07962,2580,3230
07963,2580,3230
07970,2990,3750
07974,2710,3390
07976,2580,3230
07980,2380,2980
07981,3310,4140
49022,1070,1410
49023,1180,1550
49038,1140,1500
49043,1110,1450
49047,1040,1340
49084,1070,1410
49085,1370,1800
49098,1400,1840
49101,1260,1660
49102,1290,1690
49103,1140,1500
49104,1140,1500
49106,1380,1810
49107,1070,1410
49111,1150,1500
49113,1150,1510
49115,1060,1390
49116,1190,1570
49117,1040,1340
49119,1140,1500
49120,1130,1470
49125,1040,1340
49126,1230,1620
49127,1360,1790
49128,1240,1630
49129,1040,1370
33598,1640,2100
34201,2410,3160
34202,2550,3300
34203,1680,2180
34204,1850,2400
34205,1570,2030
34206,1850,2400
34207,1670,2160
34208,1750,2270
34209,2100,2720
34210,1770,2290
34211,2440,3160
34212,2330,3020
34215,1920,2480
34216,2110,2730
34217,2110,2730
34219,2410,3120
34220,1850,2400
34221,1820,2360
34222,1700,2200
34223,1560,2050
34224,1370,1900
34228,2940,3810
34229,2290,2970
34230,2050,2660
34231,2050,2660
34232,2170,2810
34233,2200,2850
34234,1690,2190
34235,2100,2720
34236,2340,3030
34237,1850,2400
34238,2350,3040
34239,1970,2550
34240,2750,3560
34241,2350,3040
34242,2760,3580
34243,2400,3110
34249,2050,2660
34250,1820,2360
34251,2200,2870
34260,1850,2400
34264,1850,2400
34266,1490,1980
34270,1850,2400
34272,2050,2660
34274,2050,2660
34275,1940,2510
34276,2050,2660
34277,2050,2660
34280,1850,2400
34282,1850,2400
34284,2050,2660
34285,1750,2270
34286,2370,3070
34287,1630,2110
34288,2290,2970
34289,2060,2670
34290,2050,2660
34291,2150,2790
34292,2240,2900
34293,2170,2810
34295,2050,2660
06249,1890,2440
06254,1470,1900
06256,2070,2600
06266,2010,2590
06280,2410,3100
06320,1900,2450
06330,1780,2290
06333,2360,3040
06334,1810,2330
06335,2660,3430
06336,1820,2350
06338,1940,2500
06339,1940,2500
06340,1980,2550
06349,1860,2400
06350,1780,2290
06351,1610,2080
06353,1590,2050
06355,2240,2890
06357,2100,2710
06359,1850,2370
06360,1730,2230
06365,2110,2720
06370,1470,1900
06372,1860,2400
06374,1640,2110
06375,1580,2040
06378,2140,2760
06379,1760,2270
06380,1590,2050
06382,1720,2220
06383,1860,2400
06384,1470,1900
06385,2170,2800
06389,1700,2190
32111,1370,1770
32113,1200,1530
32133,1260,1630
32134,1520,1920
32162,1930,2420
32179,1260,1630
32182,1200,1530
32183,1370,1770
32192,1370,1770
32195,1520,1920
32617,1200,1530
32634,1200,1530
32663,1370,1770
32664,1280,1620
32681,1200,1530
32686,1200,1530
32702,1520,1920
32784,1520,1920
34420,1200,1530
34421,1370,1770
34430,1370,1770
34432,1210,1560
34470,1340,1730
34471,1420,1830
34472,1430,1850
34473,1610,2080
34474,1800,2320
34475,1200,1530
34476,1520,1960
34477,1370,1770
34478,1370,1770
34479,1460,1880
34480,1350,1740
34481,1400,1810
34482,1200,1530
34483,1370,1770
34484,1550,1930
34488,1270,1640
34489,1370,1770
34491,1300,1680
34492,1370,1770
79741,1600,1920
79759,1600,1920
79760,1600,1920
79761,1560,1870
79762,1680,2010
79763,1510,1810
79764,1510,1810
79768,1600,1920
79769,1600,1920
79776,1600,1920
84010,1680,2250
84011,1740,2330
84014,1800,2410
84015,1660,2230
84016,1740,2330
84017,1630,2160
84018,1380,1860
84025,1800,2410
84037,1750,2350
84040,2070,2770
84041,1590,2130
84050,1600,2140
84054,1850,2480
84056,1960,2630
84067,1680,2250
84075,2420,3240
84087,1970,2640
84089,1740,2330
84098,2780,3760
84116,1580,2120
84310,1580,2120
84315,1790,2400
84317,1550,2070
84401,1610,2160
84402,1480,1980
84403,1380,1850
84404,1470,1970
84405,1530,2050
84408,1380,1850
84409,1480,1980
84412,1480,1980
84414,1630,2180
84415,1480,1980
73002,940,1250
73003,1610,2170
73007,1090,1470
73008,1220,1640
73010,1190,1590
73012,1870,2520
73013,1700,2290
73014,1160,1560
73016,1450,1880
73019,1290,1740
73020,1530,2060
73022,1380,1860
73025,1480,1980
73026,1200,1620
73027,940,1280
73028,1100,1470
73031,1190,1590
73034,1370,1840
73036,1030,1390
73040,1020,1270
73044,1060,1430
73045,1150,1550
73047,1100,1380
73049,1060,1430
73050,940,1260
73051,1060,1430
73052,1030,1370
73054,1050,1410
73057,970,1300
73058,1010,1360
73059,1060,1390
73063,940,1270
73064,1460,1970
73065,1100,1480
73066,1400,1890
73068,1260,1700
73069,1210,1630
73070,1290,1740
73071,1290,1740
73072,1320,1780
73074,960,1280
73078,1870,2520
73080,1040,1400
73083,1220,1640
73084,1300,1750
73085,1380,1860
73090,1030,1390
73093,1350,1820
73095,1010,1360
73097,1620,2180
73099,1450,1950
73101,1220,1640
73102,1510,2030
73103,1390,1870
73104,1710,2300
73105,1270,1710
73106,1180,1590
73107,1160,1560
73108,1030,1390
73109,990,1330
73110,1170,1580
73111,1100,1480
73112,1290,1740
73113,1220,1640
73114,1290,1740
73115,1120,1510
73116,1310,1760
73117,1120,1510
73118,1210,1630
73119,1080,1450
73120,1290,1740
73121,1080,1450
73122,1110,1490
73123,1220,1640
73127,1100,1480
73128,1600,2150
73129,1050,1410
73130,1330,1790
73131,1870,2520
73132,1150,1550
73134,1370,1840
73135,1360,1830
73136,1220,1640
73137,1220,1640
73139,1070,1440
73140,1220,1640
73141,1040,1400
73142,1350,1820
73143,1220,1640
73144,1220,1640
73145,1850,2490
73146,1220,1640
73147,1220,1640
73148,1220,1640
73149,1130,1520
73150,950,1280
73151,1320,1770
73152,1220,1640
73153,1290,1740
73154,1220,1640
73155,1220,1640
73156,1220,1640
73157,1220,1640
73159,1260,1700
73160,1340,1800
73162,1300,1750
73165,1220,1640
73169,1380,1860
73170,1640,2210
73172,1220,1640
73173,1340,1810
73179,1870,2520
73184,1220,1640
73189,1290,1740
73190,1220,1640
73194,1220,1640
73195,1220,1640
73762,1060,1390
74059,990,1370
74831,990,1320
74851,940,1260
74852,940,1260
74857,1410,1890
74872,940,1240
74878,980,1320
74881,940,1260
73004,1250,1670
73011,990,1330
73018,1030,1380
73023,1000,1340
73067,1110,1490
73079,1120,1490
73089,1060,1420
73092,940,1240
74023,940,1300
74026,1040,1400
74028,940,1230
74079,940,1260
74824,1010,1350
74832,1060,1420
74834,970,1300
74855,1130,1520
74860,950,1190
74864,940,1260
74869,940,1260
74875,940,1260
98501,1910,2550
98502,1910,2550
98503,1990,2650
98505,1910,2550
98506,1840,2450
98507,1960,2610
98508,1960,2610
98509,1960,2610
98511,1960,2610
98512,1990,2650
98513,2250,3000
98516,2320,3090
98530,1660,2280
98531,1660,2280
98540,1960,2610
98556,1990,2650
98568,1660,2280
98576,1660,2280
98579,1660,2280
98589,1660,2280
98597,1890,2520
51501,1210,1600
51503,1160,1540
51510,1340,1780
51521,1010,1350
51523,980,1270
51525,960,1270
51526,1170,1550
51529,1040,1370
51532,960,1320
51533,1220,1630
51534,1040,1380
51535,1020,1400
51536,1020,1350
51540,1090,1440
51541,1060,1420
51542,1070,1430
51544,960,1320
51545,1000,1300
51546,1040,1380
51548,1110,1470
51549,960,1270
51550,1040,1380
51551,1090,1440
51552,960,1340
51553,960,1270
51554,1060,1400
51555,1040,1380
51556,1370,1820
51557,1080,1430
51558,960,1270
51559,1150,1520
51560,1060,1400
51561,1320,1750
51562,980,1340
51563,1180,1560
51564,960,1270
51565,960,1320
51566,960,1320
51570,960,1320
51571,1110,1470
51575,1220,1620
51576,1040,1380
51577,970,1280
51579,1060,1400
51645,1060,1410
51649,1260,1750
51653,1170,1590
68002,1130,1500
68005,1240,1640
68007,1720,2280
68008,1160,1540
68010,1390,1840
68016,1560,2070
68019,1160,1480
68022,1600,2120
68023,1160,1540
68025,1120,1350
68028,1720,2280
68029,1180,1560
68031,1010,1270
68034,1300,1720
68037,1240,1640
68044,1170,1430
68046,1440,1910
68048,1200,1590
68056,1240,1640
68058,1190,1580
68059,1480,1960
68064,1150,1520
68068,1610,2130
68069,1380,1830
68102,1700,2250
68103,1370,1820
68104,1250,1660
68105,1270,1680
68106,1470,1950
68107,1270,1680
68108,1360,1800
68109,1370,1820
68110,1140,1510
68111,1180,1560
68112,1450,1920
68113,1680,2230
68114,1550,2050
68116,1650,2190
68117,1560,2070
68118,2050,2720
68122,1560,2070
68123,1530,2030
68124,1440,1910
68127,1360,1800
68128,1470,1950
68130,1850,2450
68131,1280,1700
68132,1180,1560
68133,1580,2090
68134,1320,1750
68135,2050,2720
68136,1900,2520
68137,1590,2110
68138,1320,1750
68139,1370,1820
68142,1890,2510
68144,1300,1720
68145,1370,1820
68147,1410,1870
68152,1230,1630
68154,1370,1820
68157,1640,2170
68164,1560,2070
68175,1370,1820
68178,1150,1520
68179,1370,1820
68182,1320,1750
68183,1370,1820
68197,1370,1820
68198,1370,1820
68304,1110,1480
68307,1060,1400
68349,1010,1340
68403,1080,1430
68407,1140,1510
68409,1360,1800
68413,1340,1780
68418,1380,1840
68454,1210,1620
68455,1880,2490
68463,1020,1350
68014,1000,1320
68015,1230,1620
68018,1330,1750
68033,1090,1440
68036,1410,1860
68040,1240,1630
68041,1130,1490
68042,1040,1370
68050,1180,1560
68066,1100,1450
68070,1140,1500
68073,1470,1930
68626,1030,1360
68648,1240,1570
32158,1720,2160
32159,1570,1960
32163,2040,2550
32701,1880,2360
32703,1860,2330
32704,2000,2510
32707,1890,2370
32708,2100,2640
32709,1670,2190
32710,2000,2510
32712,2380,2990
32714,2100,2640
32715,2000,2510
32716,2000,2510
32718,2000,2510
32719,2000,2510
32726,1520,1920
32727,1720,2160
32730,1760,2210
32732,2360,2980
32733,2000,2510
32735,1980,2490
32736,1540,1930
32746,2280,2860
32747,2000,2510
32750,1940,2440
32751,2130,2670
32752,2000,2510
32756,1720,2160
32757,1730,2170
32762,2000,2510
32765,2390,3000
32766,2580,3240
32767,1520,1920
32768,2000,2510
32771,1860,2330
32772,2000,2510
32773,1780,2230
32776,1930,2420
32777,2000,2510
32778,1520,1920
32779,2320,2910
32789,2050,2570
32790,2000,2510
32791,2000,2510
32792,2040,2560
32793,2000,2510
32794,2000,2510
32795,2000,2510
32798,1520,1920
32801,2220,2790
32802,2000,2510
32803,2350,2950
32804,2060,2590
32805,1520,1920
32806,1820,2280
32807,1820,2280
32808,1740,2180
32809,1600,2010
32810,1890,2370
32811,1960,2460
32812,1820,2280
32814,2750,3450
32816,1910,2400
32817,2070,2600
32818,1760,2210
32819,2290,2870
32820,2160,2750
32821,2170,2720
32822,2010,2520
32824,2180,2740
32825,2100,2640
32826,1800,2260
32827,2740,3440
32828,2260,2840
32829,2320,2910
32830,2360,2960
32831,2210,2770
32832,2620,3290
32833,1700,2130
32835,2220,2790
32836,2480,3110
32837,2310,2900
32839,1850,2320
32853,2000,2510
32854,2000,2510
32855,2000,2510
32856,2000,2510
32857,2000,2510
32858,2000,2510
32859,2000,2510
32860,2000,2510
32861,2000,2510
32862,2000,2510
32867,2000,2510
32868,2000,2510
32869,2000,2510
32872,2000,2510
32877,2000,2510
32878,2000,2510
33848,1520,1920
34705,1520,1920
34711,2250,2820
34712,1720,2160
34713,1720,2160
34715,2360,2960
34729,2360,2960
34731,1520,1920
34734,2410,3030
34736,2000,2510
34737,2100,2640
34739,1960,2520
34740,2000,2510
34741,1950,2450
34742,1960,2460
34743,2040,2560
34744,1720,2160
34745,1960,2460
34746,2130,2670
34747,2220,2790
34748,1520,1920
34749,1720,2160
34753,1720,2160
34755,1720,2160
34756,1770,2220
34758,2070,2600
34760,2350,2950
34761,2140,2690
34762,1570,1970
34769,1620,2030
34770,1960,2460
34771,2030,2550
34772,2210,2770
34773,2760,3460
34777,2000,2510
34778,2000,2510
34786,2760,3460
34787,2350,2950
34788,1710,2150
34789,1720,2160
34797,2100,2640
34972,1520,1920
54901,1150,1540
54902,1040,1400
54903,1150,1540
54923,1020,1270
54927,1110,1490
54957,1150,1540
54963,1230,1650
54980,1230,1640
54985,1150,1540
54986,1040,1400
42301,1170,1550
42302,1120,1480
42303,1180,1560
42304,1120,1480
42322,1020,1350
42327,1020,1350
42330,1020,1350
42348,1020,1350
42350,1110,1470
42351,1020,1350
42352,1020,1350
42355,1020,1350
42356,1170,1550
42366,1110,1460
42371,1020,1350
42372,1020,1350
42376,1040,1350
42378,1020,1350
91319,2690,3650
91320,3190,4330
91358,2690,3650
91359,2690,3650
91360,2970,4030
91377,3690,5000
93001,2640,3580
93002,2690,3650
93003,2680,3630
93004,2890,3920
93005,2690,3650
93006,2690,3650
93007,2690,3650
93009,2690,3650
93010,2870,3890
93011,2690,3650
93012,3460,4690
93013,3520,4590
93015,2210,3000
93016,2690,3650
93020,2690,3650
93021,3090,4190
93022,2940,3990
93023,2300,3120
93024,2690,3650
93030,2350,3190
93031,2690,3650
93032,2690,3650
93033,2230,3020
93034,2690,3650
93035,2850,3860
93036,2610,3540
93040,2250,3050
93041,2550,3460
93042,2500,3360
93043,2550,3460
93044,2690,3650
93060,2190,2970
93061,2690,3650
93062,2690,3650
93064,2690,3650
93065,3320,4500
93066,2670,3620
93094,2690,3650
93099,2690,3650
62908,950,1270
62910,980,1350
62938,970,1300
62941,1280,1790
62943,950,1210
62953,1050,1460
62956,940,1310
62960,970,1350
42022,1200,1450
42024,900,1080
42053,1110,1330
42056,1240,1490
42060,1090,1320
42087,950,1140
42021,990,1270
42023,870,1120
42035,910,1170
42039,920,1220
42069,1060,1360
42028,990,1190
42045,1100,1320
42047,1110,1320
42058,1570,1880
42064,870,1040
42078,900,1080
42081,1180,1410
42083,1070,1290
42001,1150,1380
42002,1060,1270
42003,910,1100
42027,990,1290
42029,940,1270
42082,910,1190
42086,1160,1390
32775,1710,2330
32780,1480,2020
32781,1710,2330
32783,1710,2330
32796,1500,2050
32899,1710,2330
32901,1590,2170
32902,1710,2330
32903,2060,2810
32904,2080,2840
32905,1630,2220
32906,1710,2330
32907,1930,2630
32908,2020,2750
32909,1740,2370
32910,1710,2330
32911,1710,2330
32912,1710,2330
32920,1340,1830
32922,1290,1760
32923,1710,2330
32924,1710,2330
32925,2350,3200
32926,1520,2070
32927,1570,2140
32931,1860,2540
32932,1710,2330
32934,2120,2890
32935,1770,2410
32936,1710,2330
32937,2070,2820
32940,2310,3150
32941,1710,2330
32948,1270,1550
32949,1860,2540
32950,2100,2860
32951,2030,2770
32952,1630,2220
32953,1520,2070
32954,1710,2330
32955,1920,2620
32956,1710,2330
32959,1570,2140
32976,1570,2140
32401,1450,1930
32402,1680,2170
32403,2290,2950
32404,1600,2060
32405,1700,2190
32406,1680,2170
32407,2240,2890
32408,1640,2110
32409,1450,1930
32410,2070,2670
32411,1680,2170
32417,1680,2170
32428,1450,1930
32437,1450,1930
32438,1450,1930
32444,1830,2360
32456,1910,2300
32465,1450,1930
32466,1450,1930
32420,970,1280
32425,1090,1430
32427,1040,1290
32431,1160,1520
32463,970,1200
25252,870,1140
25270,870,1170
25275,960,1250
26101,920,1180
26102,930,1200
26103,930,1200
26104,870,1130
26105,980,1260
26121,930,1200
26133,1050,1360
26138,870,1150
26141,870,1160
26142,920,1230
26143,890,1140
26150,1010,1300
26152,870,1170
26160,870,1130
26161,870,1130
26164,1020,1330
26169,960,1230
26170,900,1200
26180,910,1170
26181,1080,1390
26184,910,1190
26187,990,1270
26337,870,1130
32501,1450,1940
32502,1450,1940
32503,1530,2030
32504,1460,1960
32505,1450,1940
32506,1510,2000
32507,1670,2220
32508,2000,2650
32509,1520,2030
32511,1580,2100
32512,1450,1940
32513,1450,1940
32514,1660,2200
32516,1450,1940
32522,1450,1940
32523,1450,1940
32524,1450,1940
32526,1520,2030
32530,1490,1980
32533,1450,1940
32534,1510,2000
32535,1450,1940
32560,1450,1940
32561,1970,2630
32562,1680,2230
32563,1910,2530
32565,1450,1940
32566,2040,2710
32568,1450,1940
32570,1510,2000
32571,1450,1940
32572,1680,2230
32577,1450,1940
32583,1490,1980
32591,1450,1940
61314,1080,1330
61321,920,1240
61334,1040,1390
61336,920,1240
61345,950,1170
61358,950,1240
61369,920,1190
61375,920,1190
61377,920,1240
61421,990,1270
61424,920,1190
61426,960,1230
61449,950,1240
61451,960,1250
61479,940,1220
61483,920,1190
61489,920,1200
61491,920,1190
61516,1060,1370
61517,990,1280
61520,920,1280
61523,1030,1330
61525,1420,1840
61526,1120,1450
61528,1180,1540
61529,920,1190
61530,970,1260
61531,980,1360
61533,920,1190
61534,970,1260
61535,1020,1330
61536,990,1280
61537,920,1190
61539,920,1200
61540,970,1260
61541,1180,1530
61545,1100,1420
61546,920,1240
61547,920,1190
61548,1240,1610
61550,1140,1480
61552,1110,1430
61554,960,1240
61555,1000,1300
61559,1100,1420
61560,950,1210
61561,1120,1450
61562,1030,1330
61564,920,1190
61565,920,1190
61568,1030,1330
61569,940,1220
61570,980,1270
61571,1100,1420
61601,1060,1370
61602,1220,1580
61603,1110,1440
61604,1050,1360
61605,970,1260
61606,1010,1310
61607,1090,1410
61610,920,1190
61611,1000,1300
61612,1060,1370
61613,1060,1370
61614,1030,1330
61615,1200,1550
61616,1020,1320
61625,1010,1310
61630,1060,1370
61651,1060,1370
61652,1060,1370
61653,1060,1370
61654,1060,1370
61655,1060,1370
61656,1060,1370
61721,1420,1840
61733,1250,1620
61734,970,1260
61740,960,1190
61742,1200,1550
61747,1000,1300
61760,1110,1440
61771,1060,1370
62635,1080,1350
62682,1040,1380
08001,1570,1980
08002,2360,2830
08003,2580,3090
08004,1960,2350
08007,1480,1770
08009,1830,2190
08010,1860,2230
08011,1890,2270
08012,1960,2350
08014,2120,2540
08015,1620,1940
08016,1710,2050
08018,1730,2070
08019,2720,3260
08020,2010,2400
08021,1870,2240
08022,1910,2290
08023,2030,2430
08025,1940,2330
08026,2360,2850
08027,1820,2180
08028,2070,2480
08029,1830,2200
08030,1950,2340
08031,1460,1750
08032,2010,2410
08033,1800,2160
08034,2120,2540
08035,1650,1980
08036,1520,1820
08038,1980,2370
08039,1980,2370
08041,1810,2170
08042,2260,2710
08043,2230,2670
08045,1460,1750
08046,2470,2960
08048,2160,2590
08049,1570,1880
08051,2110,2530
08052,2070,2480
08053,2560,3070
08054,2460,2950
08055,1950,2340
08056,1920,2300
08057,2030,2430
08059,1900,2280
08060,1980,2370
08061,2120,2570
08062,1650,1980
08063,1690,2030
08064,1550,1860
08065,2130,2550
08066,1480,1770
08067,2170,2600
08068,1490,1790
08069,1650,1980
08070,1620,1940
08071,1840,2210
08072,1460,1750
08073,2110,2530
08074,1940,2330
08075,1850,2220
08077,2480,2970
08078,1690,2030
08079,1460,1750
08080,2180,2610
08081,2010,2410
08083,1580,1890
08084,1490,1790
08085,2380,2850
08086,2180,2610
08088,2640,3170
08089,1800,2160
08090,2010,2410
08091,1730,2070
08093,1650,1980
08095,1730,2070
08096,1930,2310
08097,1670,2000
08098,1560,1870
08099,1730,2070
08101,1730,2070
08102,1710,2050
08103,1560,1870
08104,1420,1700
08105,1650,1980
08106,1400,1680
08107,1620,1940
08108,2050,2460
08109,1580,1890
08110,1590,1910
08224,2290,3010
08302,1690,2310
08312,1620,1940
08318,1820,2180
08322,1950,2340
08328,1930,2340
08343,2250,2710
08347,1600,1920
08505,1960,2350
08511,1390,1670
08515,2720,3260
08518,1600,1920
08554,2090,2510
08610,1820,2180
08640,2720,3260
08641,2720,3260
18039,1920,2300
18054,1790,2150
18070,1670,2040
18073,1770,2120
18074,1790,2150
18076,1670,2010
18081,1650,2100
18084,2010,2410
18901,2230,2670
18902,2560,3070
18910,1920,2300
18911,1920,2300
18912,2530,3040
18913,2490,2990
18914,2500,3000
18915,2430,2930
18916,1920,2300
18917,1700,2040
18918,2010,2410
18920,1990,2390
18921,1850,2210
18922,1920,2300
18923,2720,3260
18925,2720,3260
18927,2090,2510
18928,1920,2300
18929,2250,2700
18930,1780,2140
18931,1920,2300
18932,2210,2650
18933,2380,2850
18934,1920,2300
18935,1790,2150
18936,2160,2590
18938,2420,2900
18940,2710,3250
18942,1590,1910
18943,1920,2300
18944,1840,2210
18946,2670,3210
18947,2320,2780
18949,1920,2300
18950,2290,2740
18953,1920,2300
18954,2360,2830
18955,1910,2290
18956,1920,2300
18957,2010,2410
18958,2010,2410
18960,1940,2330
18962,1870,2250
18963,1920,2300
18964,1680,2010
18966,2170,2600
18968,1920,2300
18969,1770,2120
18970,1530,1830
18971,2010,2410
18972,1920,2300
18974,1890,2270
18976,2070,2480
18977,2530,3030
18979,2010,2410
18980,2710,3250
18981,1920,2300
19001,1690,2030
19002,1890,2270
19003,2040,2450
19004,2270,2720
19006,1940,2330
19007,1390,1670
19008,2040,2450
19009,1820,2180
19010,2420,2900
19012,1530,1830
19013,1430,1710
19014,1780,2130
19015,1550,1860
19016,1660,1990
19017,1980,2370
19018,1650,1980
19020,2100,2520
19021,1650,1980
19022,1390,1670
19023,1620,1940
19025,2720,3260
19026,1630,1950
19027,1790,2150
19028,1660,1990
19029,1790,2150
19030,1620,1940
19031,2020,2420
19032,1840,2210
19033,1750,2100
19034,1780,2130
19035,2060,2470
19036,1630,1950
19038,1780,2130
19040,2080,2490
19041,2380,2850
19043,1440,1730
19044,1820,2180
19046,1860,2230
19047,2300,2760
19050,1480,1770
19052,1910,2290
19053,1780,2130
19054,1890,2270
19055,1950,2340
19056,1790,2150
19057,1890,2270
19058,1920,2300
19060,2200,2630
19061,1610,1930
19063,1910,2290
19064,1920,2300
19066,2430,2930
19067,1960,2350
19070,1590,1910
19072,2400,2880
19073,2260,2710
19074,1670,2000
19075,1640,1970
19076,1510,1810
19078,1620,1940
19079,1670,2000
19081,1760,2110
19082,1590,1910
19083,1720,2060
19085,2470,2960
19086,1900,2280
19087,2580,3090
19090,1950,2340
19094,1560,1870
19095,2260,2710
19096,2690,3230
19101,1720,2060
19102,2720,3260
19103,2720,3260
19104,1800,2160
19105,1720,2060
19106,2720,3260
19107,2670,3200
19108,2470,2960
19109,1720,2060
19110,1720,2060
19111,1610,1930
19112,1720,2060
19113,1660,1990
19114,1740,2090
19115,1560,1870
19116,1560,1870
19118,2290,2750
19119,1630,1950
19120,1470,1760
19121,1570,1880
19122,1660,1990
19123,2310,2770
19124,1400,1680
19125,2300,2760
19126,1470,1760
19127,2300,2760
19128,2060,2470
19129,2010,2410
19130,2510,3010
19131,1800,2160
19132,1420,1700
19133,1280,1530
19134,1530,1830
19135,1610,1930
19136,1510,1810
19137,1590,1910
19138,1560,1870
19139,1500,1800
19140,1460,1750
19141,1370,1640
19142,1520,1820
19143,1520,1820
19144,1620,1940
19145,1800,2160
19146,2330,2790
19147,2380,2850
19148,1880,2250
19149,1810,2170
19150,1650,1980
19151,1460,1750
19152,1620,1940
19153,1790,2150
19154,1820,2180
19160,1720,2060
19176,1720,2060
19190,1720,2060
19192,1720,2060
19301,2350,2820
19311,1820,2180
19312,2230,2670
19316,1690,2020
19317,2480,2970
19318,2110,2530
19319,2650,3180
19320,1860,2230
19330,1480,1770
19331,1660,1990
19333,2320,2780
19335,2020,2420
19341,2550,3060
19342,2720,3260
19343,2280,2730
19345,2450,2940
19346,2110,2530
19347,2110,2530
19348,1710,2050
19350,1850,2220
19352,1880,2250
19354,2110,2530
19355,2450,2940
19357,2110,2530
19358,1660,1990
19360,2110,2530
19365,1640,1970
19366,2110,2530
19367,1780,2140
19369,1780,2130
19372,2650,3180
19373,2480,2980
19374,1360,1630
19375,1730,2070
19380,2510,3010
19381,2110,2530
19382,2160,2590
19383,2160,2590
19390,1740,2090
19395,2110,2530
19399,2110,2530
19401,1890,2270
19403,2000,2400
19404,2010,2410
19406,2490,2990
19407,2010,2410
19408,2010,2410
19409,2010,2410
19421,2110,2530
19422,2640,3170
19425,2720,3260
19426,2290,2750
19428,2500,3000
19435,1560,1890
19436,2020,2420
19437,2020,2430
19438,2200,2640
19440,1780,2130
19442,2110,2530
19443,2010,2410
19444,2530,3030
19446,2170,2600
19450,2010,2410
19451,2010,2410
19453,2200,2640
19454,2160,2590
19456,2180,2610
19457,1520,1820
19460,2070,2480
19462,2330,2790
19464,1610,1930
19465,1790,2150
19468,2180,2610
19472,1530,1860
19473,1910,2290
19474,2040,2440
19475,1250,1500
19477,1890,2270
19478,2010,2410
19480,2110,2530
19481,2110,2530
19482,2110,2530
19484,2010,2410
19486,2010,2410
19490,2160,2600
19492,1910,2290
19504,1480,1800
19505,1600,1970
19512,1580,1950
19518,1900,2340
19520,1400,1680
19525,1500,1800
19701,2220,2660
19702,1930,2310
19703,1640,1970
19706,1740,2090
19707,2060,2490
19708,1780,2130
19709,2010,2410
19710,1980,2390
19711,1830,2190
19713,1680,2010
19714,1780,2130
19715,1780,2130
19716,1780,2130
19717,1830,2190
19720,1640,1970
19721,1780,2130
19726,1780,2130
19730,1680,2010
19731,2010,2410
19732,2190,2630
19733,1750,2100
19734,1900,2280
19735,1780,2130
19736,2190,2630
19801,1610,1930
19802,1600,1920
19803,2190,2630
19804,1580,1890
19805,1550,1860
19806,1740,2090
19807,2190,2630
19808,1720,2060
19809,1780,2130
19810,1780,2130
19884,1780,2130
19899,1780,2130
21901,1830,2190
21902,1460,1750
21903,1460,1750
21904,1570,1880
21911,1570,1880
21912,1720,2060
21913,1190,1430
21914,1860,2230
21915,1310,1580
21917,1480,1770
21918,1350,1620
21919,2150,2580
21920,1820,2180
21921,1820,2180
21922,1760,2110
21930,2150,2580
85001,1840,2450
85002,1840,2450
85003,1730,2310
85004,2150,2870
85005,1840,2450
85006,1530,2070
85007,1530,2070
85008,1640,2190
85009,1530,2070
85010,1840,2450
85011,1840,2450
85012,2010,2680
85013,1990,2650
85014,1820,2430
85015,1560,2080
85016,2120,2830
85017,1530,2070
85018,1930,2570
85019,1570,2090
85020,1750,2330
85021,1590,2120
85022,1980,2640
85023,1640,2190
85024,2100,2800
85026,1840,2450
85027,1900,2530
85028,2200,2930
85029,1710,2280
85030,1840,2450
85031,1700,2270
85032,1750,2330
85033,1560,2080
85034,1610,2150
85035,1590,2120
85036,1840,2450
85037,1890,2520
85040,1530,2070
85041,1670,2230
85042,1780,2370
85043,1830,2440
85044,2250,3000
85045,2760,3680
85046,1840,2450
85048,2320,3090
85050,2600,3470
85051,1530,2070
85053,1570,2090
85054,2470,3290
85060,1840,2450
85061,1840,2450
85063,1840,2450
85064,1840,2450
85066,1840,2450
85067,1840,2450
85068,1840,2450
85069,1840,2450
85070,1840,2450
85071,1840,2450
85074,1840,2450
85076,1840,2450
85078,1840,2450
85079,1840,2450
85080,1840,2450
85082,1840,2450
85083,2510,3360
85085,2140,2850
85086,2560,3410
85087,2280,3060
85117,1740,2320
85118,1580,2120
85119,1530,2070
85120,1530,2070
85121,2290,3060
85122,1530,2070
85123,1530,2070
85127,1840,2450
85128,1530,2070
85130,1740,2320
85131,1530,2070
85132,1630,2170
85137,1570,2110
85138,2300,3070
85139,1840,2450
85140,2250,3000
85141,1530,2070
85142,2470,3290
85143,2140,2850
85144,1740,2320
85145,1830,2440
85147,1960,2620
85172,1530,2070
85173,1530,2070
85178,1740,2320
85191,1530,2070
85192,1530,2070
85193,1530,2070
85194,1540,2070
85201,1670,2230
85202,1850,2470
85203,1670,2230
85204,1700,2270
85205,1610,2150
85206,1990,2650
85207,1800,2400
85208,1770,2360
85209,2070,2760
85210,1730,2310
85211,1840,2450
85212,2360,3150
85213,1890,2520
85214,1840,2450
85215,2140,2850
85216,1840,2450
85224,2220,2960
85225,1910,2550
85226,2270,3030
85233,2230,2970
85234,2270,3030
85236,1840,2450
85244,1840,2450
85246,1840,2450
85248,2170,2890
85249,2760,3680
85250,2130,2840
85251,2200,2930
85252,1840,2450
85253,2500,3360
85254,2390,3190
85255,2760,3680
85256,1530,2070
85257,2120,2830
85258,2460,3280
85259,2040,2720
85260,2460,3280
85261,1840,2450
85262,2760,3680
85263,2540,3370
85264,2120,2800
85266,2760,3680
85267,1840,2450
85268,2080,2770
85269,1840,2450
85271,1840,2450
85274,1840,2450
85275,1840,2450
85277,1840,2450
85280,1840,2450
85281,2010,2680
85282,2010,2680
85283,2080,2770
85284,2550,3400
85285,1840,2450
85286,2440,3250
85287,1840,2450
85288,1840,2450
85295,2300,3070
85296,2470,3290
85297,2480,3310
85298,2760,3680
85299,1840,2450
85301,1550,2070
85302,1530,2070
85303,1800,2400
85304,1670,2230
85305,2130,2840
85306,1820,2430
85307,2040,2720
85308,2140,2850
85309,2290,3050
85310,2520,3380
85311,1840,2450
85312,1840,2450
85318,1840,2450
85320,1770,2380
85321,1530,2070
85322,1560,2080
85323,1890,2520
85326,1930,2570
85327,1840,2450
85329,1560,2080
85331,2760,3680
85333,1530,2070
85335,2030,2710
85337,1530,2070
85338,2150,2870
85339,2420,3230
85340,2260,3020
85342,1530,2070
85343,1930,2570
85345,1790,2390
85351,1670,2230
85353,1980,2640
85354,1630,2170
85355,2760,3680
85361,1530,2070
85363,1530,2070
85372,1840,2450
85373,1940,2590
85374,2190,2920
85375,1690,2250
85376,1840,2450
85377,2080,2800
85378,1630,2170
85379,2350,3130
85380,1840,2450
85381,1900,2530
85382,2130,2840
85383,2670,3560
85385,1840,2450
85387,2460,3280
85388,2470,3290
85390,1680,2260
85392,2090,2790
85395,2250,3020
85396,2460,3310
85539,1600,2070
85545,1530,2070
85602,1530,2070
85618,1530,2070
85623,2330,3110
85631,1530,2070
85634,1530,2070
85653,1620,2250
85658,2030,2820
85739,2030,2760
27209,1030,1440
27242,1110,1520
27259,1030,1440
27281,1140,1580
27356,1030,1440
27376,1080,1500
28326,1440,1970
28327,1640,2280
28347,1030,1440
28350,1620,2250
28370,1360,1890
28373,1170,1630
28374,1990,2770
28387,1350,1880
28388,1360,1890
28394,1720,2390
15001,1270,1620
15003,1090,1390
15004,1120,1430
15005,970,1240
15006,1330,1700
15007,1330,1700
15009,1010,1290
15010,1110,1420
15012,1090,1390
15014,980,1250
15015,1950,2490
15017,1300,1660
15018,1150,1470
15019,990,1270
15020,1090,1400
15021,1120,1430
15022,1070,1370
15024,1370,1750
15025,1400,1790
15026,1300,1650
15027,1110,1420
15028,1210,1540
15030,1170,1500
15031,1320,1680
15032,1390,1780
15033,1080,1380
15034,970,1240
15035,970,1240
15037,1130,1440
15038,1200,1530
15042,1950,2490
15043,1100,1410
15044,1330,1700
15045,1050,1340
15046,1270,1620
15047,1180,1510
15049,1180,1510
15050,1650,2110
15051,1420,1820
15052,1150,1470
15053,1040,1330
15054,1120,1430
15055,1410,1800
15056,1400,1790
15057,1240,1590
15059,1000,1280
15060,970,1240
15061,1200,1530
15062,1100,1410
15063,1080,1380
15064,1590,2030
15065,980,1250
15066,1120,1430
15067,970,1240
15068,1110,1420
15071,1750,2240
15072,1090,1390
15074,1020,1300
15075,1370,1750
15076,1190,1520
15077,1260,1600
15078,1120,1430
15081,1080,1380
15082,1270,1630
15083,1140,1460
15084,1020,1300
15085,1150,1470
15086,1480,1890
15087,1090,1390
15088,1030,1320
15089,1000,1280
15090,1950,2490
15091,1390,1780
15096,1390,1780
15101,1440,1840
15102,1450,1850
15104,1030,1320
15106,1220,1560
15108,1400,1790
15110,970,1240
15112,1040,1330
15116,1270,1620
15120,1180,1510
15122,1130,1440
15123,1130,1440
15126,1090,1390
15127,1390,1780
15129,1560,1990
15131,1230,1570
15132,1040,1330
15133,1160,1480
15134,1390,1780
15135,1180,1510
15136,1280,1640
15137,1110,1420
15139,1340,1710
15140,1020,1300
15142,1950,2490
15143,1580,2020
15144,1110,1420
15145,1200,1530
15146,1460,1870
15147,1230,1570
15148,1120,1430
15201,1770,2260
15202,1380,1760
15203,1850,2370
15204,1390,1780
15205,1520,1940
15206,1670,2140
15207,1350,1730
15208,1500,1920
15209,1260,1610
15210,1340,1710
15211,1590,2030
15212,1350,1730
15213,1680,2150
15214,1380,1760
15215,1310,1670
15216,1330,1700
15217,1620,2070
15218,1330,1700
15219,1380,1760
15220,1510,1930
15221,1400,1790
15222,1950,2490
15223,1290,1650
15224,1630,2080
15225,1100,1410
15226,1440,1840
15227,1100,1410
15228,1420,1820
15229,1420,1820
15230,1390,1780
15231,1390,1780
15232,1950,2490
15233,1350,1730
15234,1270,1620
15235,1330,1700
15236,1380,1760
15237,1580,2020
15238,1330,1700
15239,1430,1830
15240,1390,1780
15241,1950,2490
15243,1610,2060
15244,1390,1780
15253,1390,1780
15258,1390,1780
15259,1390,1780
15260,1390,1780
15262,1390,1780
15267,1390,1780
15272,1390,1780
15275,1600,2050
15276,1390,1780
15277,1390,1780
15282,1380,1760
15290,1390,1780
15295,1390,1780
15301,1200,1530
15311,1190,1510
15312,1360,1740
15313,1210,1550
15314,1020,1300
15317,1460,1870
15320,970,1170
15321,1950,2490
15322,1030,1270
15323,1080,1380
15324,1250,1600
15329,1140,1440
15330,1200,1530
15331,1260,1610
15332,1170,1500
15333,1090,1390
15336,1170,1500
15339,1170,1500
15340,1170,1500
15342,1310,1670
15345,1260,1610
15347,1210,1540
15348,1070,1350
15350,1460,1870
15358,1140,1460
15360,1210,1540
15361,1240,1590
15363,990,1270
15365,1190,1530
15366,1070,1370
15367,1330,1700
15368,1080,1380
15370,1110,1330
15376,1180,1510
15377,1290,1620
15378,1170,1500
15379,1360,1740
15401,1010,1290
15410,1020,1300
15412,1070,1370
15413,1100,1410
15415,1020,1300
15416,1010,1290
15417,980,1250
15419,1050,1340
15420,1220,1560
15421,1020,1300
15422,1110,1420
15423,1180,1510
15424,1010,1340
15425,980,1250
15427,1170,1500
15428,1040,1330
15429,980,1250
15430,1210,1550
15431,980,1250
15432,1180,1510
15433,1020,1300
15434,1120,1430
15435,1360,1740
15436,1030,1320
15437,1320,1690
15438,970,1240
15439,1020,1300
15440,1160,1460
15442,1210,1550
15443,1530,1950
15444,980,1250
15445,1220,1560
15446,1020,1300
15447,1120,1350
15448,1150,1470
15449,1100,1410
15450,1040,1320
15451,1130,1430
15454,1430,1820
15455,1090,1390
15456,1050,1340
15458,1740,2220
15459,970,1240
15460,1110,1420
15461,1130,1440
15462,1020,1300
15463,1030,1310
15464,1180,1510
15465,980,1250
15466,1520,1940
15467,1110,1400
15468,1360,1740
15469,970,1240
15470,1170,1500
15472,1010,1290
15473,970,1240
15474,1180,1510
15475,1080,1380
15476,1020,1300
15477,1050,1340
15478,1080,1380
15479,1160,1480
15480,1100,1410
15482,970,1240
15483,970,1240
15484,1010,1290
15486,1430,1830
15488,1100,1410
15489,990,1260
15490,1010,1290
15492,1040,1320
15501,970,1310
15531,1070,1440
15557,970,1310
15601,1170,1500
15606,1110,1420
15610,1090,1390
15611,970,1240
15612,1010,1280
15613,1150,1470
15615,1190,1530
15616,1310,1680
15617,970,1240
15618,970,1250
15619,1170,1500
15620,1250,1600
15621,1110,1420
15622,1030,1330
15623,1160,1480
15624,1170,1500
15625,1180,1510
15626,970,1240
15627,1020,1300
15628,1110,1420
15629,1150,1470
15631,1060,1360
15632,1510,1930
15633,1170,1500
15634,970,1240
15635,1170,1500
15636,1180,1510
15637,1320,1690
15638,1120,1430
15639,1950,2490
15640,1000,1280
15641,1000,1280
15642,1220,1560
15644,1160,1480
15646,1110,1420
15647,1220,1560
15650,1120,1430
15655,1100,1440
15656,1050,1350
15658,1130,1440
15660,1120,1440
15661,1130,1450
15662,1160,1490
15663,970,1240
15664,1110,1420
15665,1200,1530
15666,1020,1300
15668,1690,2160
15670,1130,1480
15671,1270,1620
15672,1280,1640
15674,1020,1300
15675,1190,1520
15676,1130,1440
15677,1060,1400
15678,1250,1600
15679,1160,1480
15680,970,1250
15681,1230,1620
15683,970,1240
15684,1280,1680
15685,1110,1420
15687,1060,1380
15688,1140,1450
15689,1150,1480
15690,990,1270
15691,1220,1560
15692,1110,1420
15693,1120,1430
15695,1070,1370
15696,1190,1520
15697,1030,1320
15698,1070,1360
15717,970,1300
15779,980,1280
15923,970,1240
15944,1040,1350
15954,970,1290
16001,1190,1520
16002,1060,1360
16003,1280,1640
16020,1140,1460
16022,1090,1390
16023,1420,1820
16024,1440,1840
16025,1020,1300
16027,1700,2170
16029,1090,1390
16030,970,1240
16033,1420,1820
16034,1240,1590
16035,1160,1490
16037,1340,1710
16038,1200,1530
16039,1280,1640
16040,1080,1380
16041,1100,1420
16045,1340,1710
16046,1950,2490
16048,1170,1500
16049,970,1230
16050,1210,1550
16051,970,1290
16052,1250,1600
16053,1300,1670
16055,1340,1710
16056,1200,1530
16057,1130,1460
16059,1950,2490
16061,1200,1530
16063,1280,1640
16066,1890,2420
16115,1080,1380
16117,1020,1380
16120,970,1350
16123,1170,1510
16127,1020,1420
16136,1140,1460
16141,990,1330
16157,970,1340
16229,1010,1300
16373,970,1220
15673,1010,1310
15682,1040,1330
15686,1040,1350
15732,970,1310
15736,1010,1310
15774,970,1290
16028,970,1220
16201,1000,1300
16210,970,1260
16212,970,1260
16218,970,1260
16222,970,1270
16223,970,1220
16224,970,1190
16226,1020,1320
16228,1030,1320
16236,1000,1290
16238,970,1260
16240,970,1220
16242,970,1220
16244,1040,1360
16245,970,1260
16249,1230,1600
16250,1120,1440
16253,970,1220
16259,970,1260
16262,1100,1430
16263,1100,1420
16101,970,1350
16102,1110,1540
16105,1250,1740
16112,970,1350
16116,1010,1400
16132,1000,1370
16140,970,1340
16142,970,1350
16143,970,1350
16155,1300,1810
16156,1140,1590
16159,970,1350
16160,970,1350
16172,970,1350
01201,1680,2180
01202,1650,2140
01220,1420,1820
01223,2240,2890
01224,1800,2280
01225,1590,2070
01226,1420,1820
01227,1650,2140
01229,1650,2140
01236,2090,2700
01237,1800,2280
01238,1970,2550
01240,1630,2110
01242,1820,2350
01254,1870,2380
01260,1910,2470
01262,1910,2470
01266,2490,3210
01008,1510,1830
01029,1660,2050
01222,1640,2110
01230,1830,2360
01244,1810,2330
01245,1640,2120
01247,1590,2050
01252,1640,2120
01253,1640,2120
01255,2100,2640
01256,1560,1950
01257,1630,2100
01258,1630,2080
01259,1710,2210
01264,1970,2550
01267,2070,2670
01343,1510,1850
01367,1510,1830
83201,1160,1610
83202,1250,1730
83204,1030,1440
83205,1170,1630
83206,1170,1630
83209,1030,1440
83214,1190,1650
83234,1310,1820
83245,1390,1930
83246,1150,1600
83250,1130,1570
83281,1160,1610
00624,540,750
00641,540,750
00715,550,760
00716,610,850
00717,540,750
00720,550,750
00728,570,790
00730,570,800
00731,540,750
00732,560,790
00733,560,790
00766,540,750
00780,760,1070
00795,540,760
00656,480,650
04004,1810,2220
04005,1810,2220
04013,2120,2580
04015,1810,2220
04017,2860,3480
04019,2990,3630
04021,2190,2660
04032,2210,2690
04033,2120,2580
04038,1960,2380
04039,1960,2380
04042,1810,2220
04048,1810,2220
04049,1810,2220
04050,3200,3890
04062,1810,2220
04063,1810,2250
04064,1810,2220
04070,2120,2580
04071,2040,2480
04072,1960,2620
04074,2450,2980
04077,2120,2580
04078,2120,2580
04082,2120,2580
04084,2020,2460
04085,2220,2700
04092,1960,2380
04093,2080,2530
04096,2390,2910
04097,2250,2740
04098,2120,2580
04101,2190,2660
04102,2280,2770
04103,2150,2620
04104,2120,2580
04105,2940,3580
04106,2370,2880
04107,3200,3890
04108,1980,2410
04109,2380,2890
04110,2560,3110
04112,2120,2580
04116,2120,2580
03804,1900,2300
03901,2070,2480
03902,2230,2770
03903,2470,2960
03904,2200,2640
03905,2920,3500
03906,1780,2300
03907,2510,3360
03908,2020,2420
03909,2190,2630
03910,2190,2630
03911,2190,2630
04003,2000,2550
04009,1620,2100
04011,1910,2480
04022,1600,2230
04024,1740,2260
04029,1800,2340
04040,1580,1980
04055,2230,2900
04057,1620,2100
04066,1770,2300
04069,2070,2580
04079,1860,2410
04091,1740,2270
04008,1660,2310
04086,1820,2530
04287,1680,2250
04345,1420,1820
04357,1520,2110
04530,1470,2040
04548,1480,2060
04562,1400,1950
04565,1580,2200
04579,2020,2810
04001,1520,2040
04002,1460,1930
04006,1660,2220
04014,1770,2370
04020,1710,2290
04027,1900,2540
04028,1770,2370
04030,1860,2490
04043,1930,2580
04046,1770,2370
04047,1740,2330
04054,1770,2370
04056,1670,2230
04061,1730,2290
04073,1630,2180
04076,1870,2500
04083,1700,2280
04087,1810,2420
04090,1730,2320
04094,1770,2370
04095,1730,2310
97002,1800,2470
97003,2170,2960
97004,1980,2720
97005,1880,2560
97006,2230,3040
97007,2100,2860
97008,1880,2560
97009,1940,2640
97010,1870,2550
97011,1890,2580
97013,1800,2470
97014,1830,2540
97015,2030,2770
97016,1800,2470
97017,1800,2470
97018,1800,2470
97019,2170,2960
97022,1800,2470
97023,1800,2470
97024,1800,2470
97027,1980,2700
97028,1890,2580
97030,1930,2630
97032,1800,2470
97034,2310,3150
97035,2280,3110
97036,1950,2660
97038,1800,2470
97042,1960,2670
97045,1940,2640
97048,1800,2470
97049,1970,2680
97051,1800,2470
97053,1800,2470
97054,1800,2470
97055,1870,2550
97056,1970,2680
97060,1800,2470
97062,2090,2850
97064,1800,2470
97067,1850,2520
97068,2330,3180
97070,2150,2930
97071,1800,2470
97075,2040,2780
97078,2080,2830
97080,1830,2490
97086,1910,2600
97089,2780,3790
97101,1800,2470
97106,1850,2520
97109,1960,2670
97111,1870,2550
97113,1800,2470
97114,1920,2620
97115,2260,3080
97116,1800,2470
97117,1800,2470
97119,1800,2470
97123,1980,2700
97124,2260,3080
97125,1800,2470
97127,1800,2470
97128,1800,2470
97129,2040,2780
97132,1800,2470
97133,2280,3110
97140,2420,3300
97144,2040,2780
97148,1920,2620
97201,2280,3110
97202,2050,2790
97203,1850,2520
97204,1800,2470
97205,1800,2470
97206,1870,2550
97207,1870,2550
97208,2330,3180
97209,2330,3180
97210,1850,2520
97211,2180,2970
97212,2110,2880
97213,2020,2750
97214,2300,3130
97215,1820,2480
97216,1800,2470
97217,2320,3160
97218,1840,2510
97219,2050,2790
97220,1800,2470
97221,1960,2670
97222,1870,2550
97223,2030,2770
97224,1950,2660
97225,1970,2680
97227,1930,2630
97228,1870,2550
97229,2150,2930
97230,1810,2470
97231,1800,2470
97232,1970,2680
97233,1800,2470
97236,1800,2470
97238,1870,2550
97239,2220,3030
97240,1870,2550
97242,1870,2550
97250,1870,2550
97251,1870,2550
97252,1870,2550
97253,1870,2550
97254,1870,2550
97258,1870,2550
97266,1850,2520
97267,1800,2470
97268,1950,2660
97269,1950,2660
97280,1870,2550
97281,2040,2780
97282,1870,2550
97283,1870,2550
97286,1870,2550
97290,1870,2550
97292,1870,2550
97293,1870,2550
97294,1870,2550
97296,1870,2550
97298,2040,2780
97304,1800,2470
97347,1800,2470
97362,1800,2470
97375,1800,2470
97378,1800,2470
97396,1800,2470
98604,1800,2470
98605,1800,2470
98606,1910,2600
98607,2110,2880
98610,1800,2470
98622,1920,2620
98629,2320,3160
98639,1800,2470
98642,2310,3150
98648,1800,2470
98651,1800,2470
98660,1800,2470
98661,1800,2470
98662,1980,2700
98663,1800,2470
98664,1860,2530
98665,1910,2600
98666,1920,2620
98668,1920,2620
98671,1800,2470
98672,1800,2470
98675,2110,2880
98682,1860,2530
98683,2030,2770
98684,2140,2920
98685,2160,2940
98686,2080,2830
98687,1920,2620
33455,1480,2040
33475,1750,2410
34945,1730,2250
34946,1470,2040
34947,1470,2040
34948,1760,2420
34949,1760,2420
34950,1470,2040
34951,1470,2040
34952,1880,2590
34953,2270,3130
34954,1760,2420
34956,1470,2040
34957,1790,2470
34958,1750,2410
34974,1470,2040
34979,1760,2420
34981,1660,2290
34982,1480,2040
34983,2080,2870
34984,2280,3140
34985,1760,2420
34986,1990,2740
34987,2500,3440
34988,1760,2420
34990,2200,3030
34991,1750,2410
34992,1750,2410
34994,1790,2470
34995,1750,2410
34996,1620,2230
34997,1750,2410
85324,1490,2010
85332,1540,2090
85362,1640,2280
86301,1920,2670
86302,1640,2280
86303,1540,2140
86304,1640,2280
86305,1450,2000
86312,1640,2280
86313,1920,2670
86314,1760,2450
86315,2460,3420
86321,1450,2000
86322,1450,2000
86323,1520,2110
86324,1450,2000
86325,1910,2660
86326,1480,2060
86327,1800,2500
86329,1510,2100
86331,1450,2000
86332,1450,2000
86333,1450,2000
86334,1450,2000
86335,1770,2460
86338,1450,2000
86340,1640,2280
86341,1640,2280
86342,1640,2280
86343,1450,2000
86351,1930,2680
02703,1980,2390
02715,1870,2300
02717,2350,2820
02720,1620,1960
02721,1460,1760
02722,1650,1990
02723,1510,1820
02724,1540,1860
02725,1710,2070
02726,1830,2210
02747,2090,2510
02748,1890,2270
02761,1650,1990
02763,1820,2200
02766,2840,3500
02769,1630,1970
02771,2370,2860
02777,1870,2260
02790,1750,2110
02791,1750,2110
02801,2330,2810
02802,1770,2130
02806,2290,2760
02808,1480,1850
02809,1830,2210
02812,1980,2410
02813,1960,2370
02814,1600,1930
02815,1930,2330
02816,1700,2050
02817,2590,3130
02818,2030,2450
02822,2190,2660
02823,2190,2640
02824,1590,1930
02825,2060,2520
02826,1460,1760
02827,2590,3130
02828,1810,2190
02829,1600,1930
02830,1460,1760
02831,2320,2800
02832,1650,2050
02835,2530,3050
02836,2170,2620
02837,2590,3130
02838,1740,2100
02839,2040,2460
02852,1780,2150
02857,1930,2330
02858,1480,1790
02859,1540,1860
02860,1610,1940
02861,1670,2020
02862,1730,2090
02863,1500,1810
02864,1630,1970
02865,1800,2170
02874,1880,2280
02875,2170,2620
02876,2590,3130
02877,1860,2250
02878,1980,2650
02879,1880,2270
02880,1860,2250
02881,1850,2230
02882,2260,2730
02883,1860,2250
02885,1690,2040
02886,1960,2370
02887,1810,2190
02888,1700,2050
02889,1840,2220
02891,1780,2220
02892,2270,2740
02893,1680,2030
02894,1820,2220
02895,1600,1930
02896,1580,1910
02898,1960,2390
02901,1730,2090
02903,2430,2930
02904,1740,2100
02905,1700,2050
02906,2340,2830
02907,1590,1920
02908,1730,2090
02909,1600,1930
02910,1800,2170
02911,1950,2350
02912,2350,2840
02914,1810,2190
02915,1960,2370
02916,1640,1980
02917,1460,1760
02918,1730,2090
02919,1720,2080
02920,1890,2280
02921,2140,2580
02940,1730,2090
02568,2000,2810
02712,1750,2170
02718,2440,3010
02764,2380,2930
02780,2170,2610
02334,2170,2610
02357,2520,3050
02768,2170,2610
02719,1470,1760
02740,1470,1760
02741,1640,1970
02742,1640,1970
02743,1520,1820
02744,1490,1790
02745,1490,1790
02746,1490,1790
02804,1790,2230
02807,1880,2340
02833,1730,2150
02873,1840,2290
02840,2380,3220
02841,2380,3220
02842,2290,3100
02871,2370,3210
02872,2250,3040
84003,1700,2360
84004,1640,2280
84005,1940,2700
84013,1940,2700
84020,2080,2790
84022,1220,1710
84034,1240,1710
84042,1510,2100
84043,1840,2560
84045,2110,2930
84057,1380,1920
84058,1470,2040
84059,1860,2590
84062,1580,2200
84097,1410,1960
84601,1330,1850
84602,1270,1770
84603,1470,2040
84604,1320,1840
84605,1470,2040
84606,1400,1950
84626,1230,1710
84628,1220,1710
84629,1240,1710
84633,1240,1720
84639,1220,1710
84645,1230,1710
84648,1220,1710
84651,1500,2090
84653,1550,2160
84655,1290,1790
84660,1410,1960
84663,1480,2060
84664,1290,1790
81001,1220,1550
81002,1270,1620
81003,1160,1480
81004,1230,1570
81005,1210,1540
81006,1270,1620
81007,1560,1990
81019,1440,1830
81022,1650,2100
81023,1180,1490
81025,1370,1740
81039,980,1300
81062,1290,1550
81069,1070,1350
81253,1170,1480
33938,1470,2040
33946,1540,2140
33947,1550,2150
33948,1540,2140
33949,1470,2040
33950,1500,2080
33951,1470,2040
33952,1380,1920
33953,1990,2760
33954,1940,2690
33980,1320,1850
33981,1660,2300
33982,1320,1850
33983,1510,2100
34269,1420,1950
53120,1570,1970
53138,1240,1600
53167,1150,1480
53401,1240,1600
53402,1270,1640
53404,1150,1480
53405,1190,1530
53406,1200,1550
53408,1240,1600
27501,1350,1660
27504,1350,1660
27508,1350,1660
27511,1620,2030
27512,1810,2270
27513,1920,2410
27518,1900,2380
27520,1630,2050
27522,1400,1830
27525,1350,1660
27526,1830,2330
27527,1910,2400
27528,1350,1660
27529,1660,2080
27537,1350,1660
27539,2040,2560
27544,1350,1660
27545,1790,2250
27549,1350,1660
27555,1350,1660
27557,1350,1660
27568,1350,1660
27571,1750,2210
27576,1350,1660
27577,1350,1660
27587,1750,2210
27588,1810,2270
27589,1350,1660
27591,1490,1870
27592,1350,1660
27593,1350,1660
27596,1390,1740
27597,1350,1660
27601,1840,2310
27602,1810,2270
27603,1670,2100
27604,1720,2160
27605,1930,2420
27606,1750,2200
27607,1780,2230
27608,1760,2210
27609,1820,2280
27610,1540,1930
27611,1810,2270
27612,2060,2580
27614,1860,2330
27615,1970,2470
27616,1820,2280
27619,1810,2270
27620,1810,2270
27622,1810,2270
27623,1810,2270
27624,1810,2270
27627,1810,2270
27628,1810,2270
27629,1810,2270
27636,1810,2270
27640,1810,2270
27656,1810,2270
27658,1810,2270
27661,1810,2270
27675,1810,2270
27676,1810,2270
27690,1810,2270
27695,1780,2230
27697,1810,2270
27699,1810,2270
27816,1350,1660
27844,1350,1660
27882,1350,1660
28366,1350,1660
57553,1010,1350
57701,1200,1570
57702,1410,1840
57703,1700,2220
57706,1770,2420
57709,1340,1750
57718,1230,1710
57719,1400,1860
57725,1340,1780
57730,1170,1620
57732,1010,1350
57744,1280,1760
57745,1300,1700
57750,1010,1350
57751,1010,1350
57754,1010,1350
57761,1060,1410
57767,1060,1410
57775,1010,1350
57780,1340,1750
57790,1010,1350
57791,1310,1760
57722,1150,1550
57735,990,1320
57738,1270,1740
57747,1140,1390
57773,1150,1500
82701,1040,1430
57626,1090,1450
57737,1270,1770
57741,990,1360
57748,1100,1440
57758,1240,1720
57769,1360,1890
57785,990,1360
57787,1270,1770
57788,1090,1420
57792,1270,1770
57793,1010,1380
18056,2210,2720
19503,1640,2020
19506,1530,1880
19507,1340,1650
19508,1440,1770
19510,1700,2090
19511,1520,1870
19516,1900,2340
19519,1580,1940
19522,1510,1860
19523,1480,1820
19526,1510,1860
19533,1340,1650
19534,1320,1620
19535,1820,2230
19536,1380,1700
19538,1570,1940
19541,1900,2340
19544,1410,1790
19545,1580,1950
19547,1720,2120
19548,1580,1940
19550,1350,1680
19554,1330,1640
19555,1470,1810
19559,1430,1760
19560,1960,2410
19562,1640,2020
19564,1520,1880
19565,1630,2000
19567,1550,1910
19601,1380,1700
19602,1370,1680
19603,1580,1940
19604,1500,1840
19605,1750,2150
19606,1750,2150
19607,1750,2150
19608,2050,2520
19609,1840,2260
19610,2170,2670
19611,1540,1890
19612,1580,1940
96001,1540,2140
96002,1530,2130
96003,1790,2490
96007,1460,2040
96008,1630,2270
96011,1460,2040
96013,1460,2040
96016,1590,2210
96017,1460,2040
96019,1590,2210
96022,1650,2280
96025,1460,2040
96028,1590,2210
96033,1620,2250
96040,1590,2210
96047,1490,2060
96049,1590,2210
96051,1460,2040
96056,1460,2040
96059,1460,2040
96062,1590,2210
96065,1460,2040
96069,1590,2210
96071,1590,2210
96073,2390,3320
96075,1460,2040
96076,1460,2040
96084,1460,2040
96087,1800,2520
96088,1590,2210
96089,1590,2210
96095,1590,2210
96096,1590,2210
96099,1590,2210
89402,2300,3110
89403,1550,2150
89405,1870,2540
89412,1870,2540
89424,1870,2540
89431,1580,2150
89432,1870,2540
89433,1550,2150
89434,2180,2960
89435,1870,2540
89436,2460,3340
89437,1550,2150
89439,1550,2150
89440,2260,3080
89441,2770,3760
89442,1550,2150
89450,2450,3330
89451,2450,3330
89501,1550,2150
89502,1620,2200
89503,1680,2280
89504,1870,2540
89505,1870,2540
89506,2090,2840
89507,1870,2540
89508,2380,3230
89509,1870,2540
89510,2100,2850
89511,2290,3110
89512,1700,2310
89513,1870,2540
89515,1870,2540
89519,2510,3410
89521,2590,3520
89523,2040,2770
89533,1870,2540
89557,1640,2230
89570,1870,2540
89595,1870,2540
89599,1870,2540
89704,1550,2150
89406,1420,1970
89408,1490,2070
89428,1580,2190
89429,1270,1770
89430,1190,1650
89444,1320,1850
89447,1130,1580
22546,1560,2170
23002,1570,1970
23005,1540,1950
23009,1600,2020
23011,1660,2200
23015,1380,1840
23024,1240,1690
23030,1540,1950
23039,1540,1950
23047,1540,2010
23058,1720,2150
23059,2200,2750
23060,1910,2390
23063,1540,1950
23065,1540,1950
23067,1840,2300
23069,1760,2250
23075,1540,1950
23083,1540,1950
23086,1540,1950
23089,1630,2100
23102,1700,2140
23103,1540,1950
23105,1540,1950
23106,1800,2260
23111,1800,2250
23112,1980,2480
23113,2000,2500
23114,1970,2470
23116,2200,2750
23117,1160,1590
23120,2480,3110
23124,1690,2130
23129,1640,2060
23139,1540,1950
23140,1850,2320
23141,1630,2040
23146,2170,2720
23147,1540,1950
23150,1540,1950
23153,1540,1950
23160,1550,1950
23162,1730,2170
23173,1800,2250
23177,1540,1950
23181,1580,1980
23185,1800,2500
23192,1540,1950
23218,1590,1990
23219,1710,2140
23220,2010,2520
23221,1990,2490
23222,1540,1950
23223,1550,1950
23224,1540,1950
23225,1650,2070
23226,2110,2640
23227,1540,1950
23228,1820,2280
23229,1630,2040
23230,1830,2290
23231,1540,1950
23232,1590,1990
23233,2030,2540
23234,1540,1950
23235,1910,2390
23236,1970,2470
23237,1640,2050
23238,1920,2400
23241,1590,1990
23242,1720,2150
23250,1720,2150
23255,1720,2150
23260,1590,1990
23261,1590,1990
23284,2010,2520
23286,1590,1990
23293,1590,1990
23294,1970,2470
23297,1800,2250
23298,1710,2140
23801,2220,2780
23803,1540,1950
23804,1540,1950
23805,1540,1950
23824,1540,1950
23829,970,1240
23830,1540,1950
23831,1840,2300
23832,2170,2720
23833,1540,1950
23834,1540,1950
23836,1930,2420
23837,1120,1440
23838,1740,2190
23840,1610,2020
23841,1560,1950
23842,1540,1950
23847,990,1380
23850,1540,1950
23860,1540,1950
23867,1020,1400
23872,1540,1950
23875,1540,1950
23881,1540,1950
23882,1540,1950
23884,1540,1950
23885,1540,1950
23888,1190,1520
23890,1540,1950
23891,1540,1950
23894,1540,1950
23897,1540,1950
23922,1540,1950
23966,1540,1950
22437,1200,1490
22514,1200,1490
22560,1200,1490
23023,1200,1490
23085,1250,1540
23091,1250,1540
23108,1250,1540
23110,1250,1540
23126,1220,1570
23148,1320,1620
23149,1470,1880
23156,1250,1540
23161,1250,1540
91701,2860,3780
91708,3300,4370
91729,2130,2820
91730,3220,4260
91737,3020,4000
91739,3040,4020
91743,2130,2820
91752,2600,3440
91761,2580,3410
91762,2450,3240
91763,2260,2990
91764,2780,3680
91784,3300,4370
91785,2130,2820
92028,2440,3250
92201,2080,2780
92202,2280,3020
92203,2370,3140
92210,2080,2780
92211,2330,3080
92220,2080,2780
92223,2080,2780
92226,2280,3020
92230,2080,2780
92234,2140,2830
92235,2280,3020
92236,2080,2780
92239,2080,2780
92240,2080,2780
92241,2080,2780
92242,2080,2780
92247,2280,3020
92248,2280,3020
92252,2080,2780
92253,2280,3020
92254,2080,2780
92255,2280,3020
92256,2080,2780
92258,2080,2780
92260,2320,3070
92261,2280,3020
92262,2140,2830
92263,2280,3020
92264,2340,3100
92267,2080,2780
92268,2080,2780
92270,2230,2950
92276,2080,2780
92277,2080,2780
92278,2080,2780
92280,2130,2820
92282,2080,2780
92284,2080,2780
92285,2080,2780
92286,2130,2820
92304,2130,2820
92305,2080,2780
92307,2080,2780
92308,2080,2780
92309,2080,2780
92310,2080,2780
92311,2080,2780
92312,2130,2820
92313,2190,2900
92314,2080,2780
92315,2080,2780
92316,2080,2780
92317,2160,2880
92318,2130,2820
92320,2330,3080
92321,2080,2780
92322,2240,2960
92323,2130,2820
92324,2240,2960
92325,2080,2780
92327,2080,2780
92329,2130,2820
92331,2130,2820
92332,2130,2820
92333,2080,2780
92334,2130,2820
92335,2290,3030
92336,2660,3520
92337,2660,3520
92338,2130,2820
92339,2190,2900
92340,2130,2820
92341,2080,2780
92342,2130,2840
92344,2640,3490
92345,2080,2780
92346,2080,2780
92347,2080,2780
92350,2280,3020
92352,2440,3230
92354,2280,3020
92356,2080,2780
92357,2130,2820
92358,2080,2780
92359,2080,2780
92363,2080,2780
92364,2130,2820
92365,2080,2780
92366,2130,2820
92368,2080,2780
92369,2080,2780
92371,2080,2780
92372,2080,2780
92373,2680,3550
92374,2520,3330
92375,2130,2820
92376,2160,2860
92377,2770,3660
92378,2080,2780
92382,2130,2820
92385,2080,2780
92386,2500,3310
92391,2080,2780
92392,2230,2950
92393,2130,2820
92394,2080,2780
92395,2080,2780
92398,2080,2780
92399,2100,2780
92401,2080,2780
92402,2130,2820
92403,2130,2820
92404,2080,2780
92405,2080,2780
92406,2130,2820
92407,2370,3140
92408,2080,2780
92410,2080,2780
92411,2080,2780
92413,2130,2820
92415,2130,2820
92423,2130,2820
92427,2130,2820
92501,2080,2780
92502,2280,3020
92503,2400,3180
92504,2230,2950
92505,2630,3480
92506,2300,3040
92507,2520,3330
92508,3280,4340
92509,2200,2910
92513,2280,3020
92514,2280,3020
92516,2280,3020
92517,2280,3020
92518,2260,2990
92519,2280,3020
92521,2280,3020
92531,2280,3020
92532,3050,4040
92536,1880,2510
92539,2080,2780
92543,2080,2780
92544,2080,2780
92545,2170,2870
92546,2280,3020
92548,2080,2780
92549,2080,2780
92551,2530,3350
92552,2280,3020
92553,2560,3390
92555,2930,3880
92556,2280,3020
92557,2440,3230
92561,2080,2780
92562,2780,3680
92563,3100,4100
92564,2280,3020
92567,2080,2780
92570,2080,2780
92571,2460,3250
92572,2280,3020
92581,2280,3020
92582,2950,3900
92583,2080,2780
92584,3000,3970
92585,2760,3650
92586,2080,2780
92587,2840,3790
92589,2280,3020
92590,1830,2440
92591,2800,3700
92592,3210,4250
92593,2280,3020
92595,2580,3410
92596,3160,4180
92599,2280,3020
92860,2530,3380
92877,2280,3020
92878,2280,3020
92879,2790,3690
92880,3300,4370
92881,2680,3550
92882,2720,3600
92883,3300,4370
93558,2130,2820
93562,2080,2780
93592,2130,2820
24001,1200,1670
24002,1200,1670
24003,1200,1670
24004,1200,1670
24005,1200,1670
24006,1200,1670
24007,1200,1670
24008,1200,1670
24009,1200,1670
24010,1200,1670
24011,1300,1810
24012,1250,1740
24013,1250,1740
24014,1140,1580
24015,1080,1500
24016,1180,1640
24017,1230,1710
24018,1460,2030
24019,1490,2070
24020,1490,2070
24022,1200,1670
24023,1200,1670
24024,1200,1670
24025,1200,1670
24026,1200,1670
24027,1200,1670
24028,1200,1670
24029,1200,1670
24030,1200,1670
24031,1200,1670
24032,1200,1670
24033,1200,1670
24034,1200,1670
24035,1200,1670
24036,1200,1670
24037,1200,1670
24038,1200,1670
24065,1030,1440
24066,1310,1830
24077,1440,2010
24083,1880,2610
24085,1080,1490
24090,1260,1750
24127,1030,1440
24130,1160,1610
24131,1030,1440
24153,1400,1950
24175,1170,1630
24422,1030,1440
24426,1030,1440
24438,1160,1610
24450,1040,1450
24579,1090,1510
24055,910,1110
24067,910,1280
24088,910,1280
24092,1050,1460
24102,910,1230
24112,950,1140
24137,1090,1510
24146,940,1310
24151,950,1320
24176,1420,1970
24184,910,1280
55901,1470,2040
55902,1690,2350
55903,1420,1970
55904,1410,1960
55905,1420,1970
55906,1230,1710
55917,1210,1700
55920,1210,1700
55923,1210,1700
55924,1210,1700
55927,1210,1700
55929,1210,1700
55932,1210,1700
55934,1210,1700
55940,1210,1700
55944,1210,1700
55946,1210,1700
55955,1210,1700
55956,1280,1720
55960,1490,2070
55963,1210,1700
55964,1210,1700
55972,1210,1700
55973,1580,2030
55976,1210,1700
55982,1210,1700
55985,1210,1700
55991,1210,1700
55922,970,1300
55935,970,1300
55939,1060,1420
55949,970,1300
55951,970,1260
55961,1190,1650
55962,1080,1420
55965,970,1300
55967,1450,1870
55975,1220,1630
55979,1430,1800
55990,1150,1540
55027,1270,1760
55041,1240,1660
55910,1300,1640
55945,1020,1360
55957,970,1300
55968,1300,1730
55981,1010,1350
13143,1350,1680
13146,1290,1550
13148,1290,1550
13154,1290,1550
13156,1290,1550
13165,1290,1550
14058,1290,1550
14125,1290,1550
14410,1610,1940
14411,1290,1550
14413,1740,2100
14414,1410,1700
14416,1290,1550
14420,1460,1760
14422,1290,1550
14423,1330,1600
14424,1610,1940
14425,2000,2410
14428,1640,1980
14429,1290,1550
14430,1610,1940
14432,1290,1550
14433,1290,1550
14435,1630,1960
14437,1310,1590
14445,1580,1900
14449,1350,1630
14450,1790,2160
14452,1290,1550
14453,1550,1870
14454,1620,1950
14456,1370,1660
14461,1550,1870
14462,1540,1860
14463,1370,1660
14464,1330,1600
14466,1290,1550
14467,1610,1940
14468,1630,1960
14469,1290,1550
14470,1290,1550
14471,1630,1960
14472,1500,1810
14475,1430,1730
14476,1290,1550
14477,1380,1660
14479,1290,1550
14480,1310,1580
14481,1340,1610
14482,1290,1550
14485,1290,1550
14486,1290,1550
14487,1290,1550
14488,1370,1650
14489,1400,1690
14502,1350,1630
14504,1600,1930
14505,1290,1550
14506,1880,2270
14508,1610,1940
14510,1290,1550
14511,1500,1810
14512,1290,1550
14513,1440,1730
14514,2100,2530
14515,1550,1870
14516,1760,2120
14517,1290,1550
14518,1550,1870
14519,1430,1720
14520,1350,1630
14522,1290,1550
14525,1290,1550
14526,1630,1960
14530,1290,1550
14532,1290,1550
14533,1290,1550
14534,2360,2840
14537,1290,1550
14538,1350,1630
14539,1290,1550
14542,1560,1870
14543,1410,1700
14544,1780,2150
14545,1410,1710
14546,1780,2140
14547,1550,1870
14548,1360,1640
14551,1290,1550
14555,1390,1680
14556,1290,1550
14558,1370,1650
14559,1680,2020
14560,1550,1870
14561,1460,1770
14563,1350,1630
14564,1910,2300
14568,1300,1570
14571,2040,2460
14572,1290,1550
14580,1980,2390
14585,1290,1550
14586,2200,2650
14589,1420,1710
14590,1320,1590
14592,1290,1550
14602,1610,1940
14603,1610,1940
14604,1870,2250
14605,1310,1580
14606,1430,1720
14607,1780,2140
14608,1430,1720
14609,1480,1780
14610,1650,1990
14611,1500,1810
14612,1510,1820
14613,1330,1600
14614,2360,2840
14615,1510,1820
14616,1570,1890
14617,1620,1950
14618,1880,2260
14619,1690,2040
14620,1740,2100
14621,1430,1720
14622,1490,1790
14623,1740,2100
14624,1770,2130
14625,1960,2360
14626,1630,1960
14627,1610,1940
14638,1610,1940
14639,1610,1940
14642,1610,1940
14643,1610,1940
14646,1610,1940
14647,1610,1940
14649,1610,1940
14651,1610,1940
14652,1610,1940
14653,1610,1940
14692,1610,1940
14822,1470,1870
14836,1290,1550
14846,1290,1550
14884,1290,1550
61008,1180,1560
61011,1760,2330
61016,1070,1410
61019,1330,1680
61020,1370,1690
61024,1070,1410
61039,1070,1410
61047,1360,1660
61063,1320,1730
61065,1760,2330
61072,1170,1550
61073,1560,2060
61077,1310,1720
61079,1070,1410
61080,1080,1430
61084,1200,1500
61088,1240,1640
61101,1170,1550
61102,1070,1410
61103,1110,1470
61104,1070,1410
61105,1170,1550
61107,1210,1600
61108,1180,1560
61109,1100,1460
61110,1170,1550
61111,1240,1640
61112,1090,1440
61114,1480,1960
61115,1350,1790
61125,1170,1550
61126,1170,1550
61130,1170,1550
61131,1170,1550
61132,1170,1550
27801,1110,1500
27802,1060,1440
27803,1210,1630
27804,1210,1640
27807,1100,1490
27809,970,1320
27815,1060,1440
27819,1420,1930
27822,980,1320
27843,970,1320
27856,1140,1550
27864,1070,1450
27868,1170,1590
27878,1130,1510
27880,1020,1320
27881,980,1320
27891,1300,1760
27896,1170,1490
30105,1080,1350
30124,1270,1640
30129,1190,1540
30147,1160,1500
30149,1220,1580
30162,1190,1540
30164,1190,1540
30165,1220,1580
30172,1190,1540
30173,1300,1670
30701,1080,1380
30733,1080,1350
94571,1580,2110
95602,2040,2750
95603,1910,2540
95604,2520,3350
95608,2190,2920
95609,2220,2960
95610,2410,3210
95611,2220,2960
95613,2080,2780
95614,3150,4190
95615,1350,1800
95619,2320,3090
95621,2180,2900
95623,2190,2920
95624,2510,3340
95626,2130,2830
95628,2480,3300
95629,1770,2340
95630,3010,4010
95631,2090,2780
95632,1950,2600
95633,2370,3220
95634,2410,3210
95635,2660,3540
95636,2010,2680
95638,2200,2930
95639,2710,3610
95640,1760,2300
95641,1370,1820
95648,2780,3700
95650,2320,3090
95651,2160,2880
95652,2470,3290
95655,3070,4090
95656,2170,2890
95658,2050,2730
95660,2090,2780
95661,2630,3500
95662,2440,3250
95663,2180,2900
95664,1880,2500
95666,1640,2280
95667,1940,2580
95668,2360,3280
95670,2160,2880
95671,3010,4010
95672,2650,3530
95673,2300,3060
95677,2780,3700
95678,2750,3660
95680,1950,2640
95681,2100,2800
95682,2310,3070
95683,3370,4490
95684,2010,2680
95690,1720,2290
95693,2480,3300
95701,2320,3150
95703,1860,2580
95709,1850,2460
95713,1990,2650
95714,1660,2210
95715,2610,3470
95717,1540,2180
95720,1640,2280
95721,2170,2890
95722,2610,3540
95726,1450,1930
95728,2420,3340
95735,2170,2890
95736,1940,2580
95741,2220,2960
95742,3380,4500
95746,3380,4500
95747,2870,3820
95757,3280,4370
95758,2460,3270
95759,2220,2960
95762,3210,4270
95763,2220,2960
95765,2980,3970
95811,2380,3170
95812,2220,2960
95813,2220,2960
95814,2120,2820
95815,1860,2480
95816,2730,3630
95817,2040,2720
95818,2520,3350
95819,2640,3510
95820,1980,2640
95821,1990,2650
95822,2090,2780
95823,1980,2640
95824,1800,2400
95825,2260,3010
95826,2180,2900
95827,2290,3050
95828,2100,2800
95829,2720,3620
95830,2730,3630
95831,2550,3390
95832,2470,3290
95833,2480,3300
95834,2310,3070
95835,2840,3780
95837,1990,2710
95838,2080,2770
95841,2100,2800
95842,2070,2760
95843,2680,3570
95851,2220,2960
95852,2220,2960
95853,2220,2960
95860,2220,2960
95864,2370,3150
95865,2220,2960
95866,2220,2960
96140,2520,3350
96141,2520,3360
96142,2260,3010
96143,1760,2340
96145,2420,3220
96146,2940,3910
96148,1940,2580
96150,1950,2600
96151,2170,2890
96155,1670,2280
96158,2170,2890
96161,2420,3340
95605,1910,2650
95606,2100,2910
95607,1910,2650
95612,2880,3990
95616,2510,3480
95617,2100,2910
95618,2650,3670
95620,2180,2920
95627,1910,2650
95637,2100,2910
95645,1910,2650
95653,1910,2650
95679,1910,2650
95691,1910,2650
95694,2180,2920
95695,1910,2650
95697,1950,2700
95698,1910,2650
95776,2020,2800
95798,2100,2910
95799,2100,2910
95912,1910,2650
95937,1910,2650
48601,1090,1400
48602,1090,1400
48603,1230,1590
48605,1120,1440
48606,1120,1440
48607,1210,1560
48608,1120,1440
48609,1080,1390
48614,1220,1570
48616,970,1250
48638,1130,1460
48649,970,1260
48655,970,1250
48722,1120,1440
48724,1150,1480
48734,990,1280
48768,970,1290
48841,1120,1490
48867,1030,1380
55329,1040,1400
55353,1040,1360
55389,1040,1360
56301,1310,1740
56302,1240,1650
56303,1170,1560
56307,1040,1360
56310,1040,1370
56312,1040,1360
56314,1090,1520
56316,1210,1560
56320,1360,1810
56321,1220,1630
56325,1040,1360
56331,1060,1410
56333,1100,1460
56335,1190,1580
56336,1040,1400
56340,1220,1630
56352,1190,1580
56356,1130,1500
56360,1040,1360
56362,1110,1480
56367,1260,1680
56368,1040,1360
56369,1040,1360
56371,1050,1400
56373,1040,1360
56374,1290,1720
56375,1040,1360
56376,1040,1360
56377,1390,1850
56378,1040,1360
56385,1200,1460
56387,1250,1660
56388,1240,1650
56395,1240,1650
56398,1240,1650
84720,1340,1780
84722,1580,2080
84725,1420,1870
84733,1580,2080
84737,1430,1880
84738,1770,2330
84745,1380,1820
84746,1430,1880
84757,1820,2400
84763,1340,1780
84765,2080,2740
84767,1340,1780
84770,1500,1970
84771,1580,2080
84774,1340,1780
84779,1340,1780
84780,1620,2130
84781,1580,2080
84782,1580,2080
84783,1670,2200
84784,1360,1790
84790,1720,2260
84791,1580,2080
64401,950,1200
64421,1490,1890
64422,1030,1310
64423,940,1190
64427,940,1190
64430,1110,1400
64436,1620,2050
64443,1060,1340
64448,990,1250
64449,940,1190
64455,940,1190
64457,940,1230
64459,1180,1490
64463,940,1270
64469,950,1260
64480,970,1240
64483,940,1190
64485,1030,1300
64494,1060,1340
64497,940,1190
64501,1030,1300
64502,1080,1370
64503,1170,1480
64504,1090,1380
64505,1160,1470
64506,1080,1370
64507,1110,1400
64508,1080,1370
64670,940,1190
66008,940,1210
66017,940,1220
66024,1090,1380
66035,940,1190
66041,940,1290
66087,940,1190
66090,970,1230
66094,940,1190
66532,940,1210
62001,990,1270
62002,1160,1490
62006,990,1270
62010,1020,1310
62012,1130,1440
62013,990,1270
62018,1160,1490
62021,1050,1330
62022,1040,1330
62024,990,1270
62025,1340,1720
62026,1340,1720
62028,990,1270
62030,1080,1390
62031,990,1270
62034,1240,1600
62035,1280,1650
62036,1200,1540
62037,990,1270
62040,1040,1340
62045,1030,1300
62046,1090,1400
62047,990,1270
62048,1070,1380
62052,990,1270
62053,990,1270
62054,990,1270
62058,990,1270
62059,990,1270
62060,1080,1390
62061,1050,1350
62062,1090,1400
62063,990,1270
62065,990,1270
62067,1160,1490
62070,990,1270
62071,1190,1530
62074,990,1270
62079,990,1270
62084,1060,1360
62086,990,1270
62087,990,1270
62088,1030,1290
62090,1000,1290
62095,1040,1340
62097,1110,1420
62201,990,1270
62202,1190,1530
62203,1130,1450
62204,990,1270
62205,1170,1510
62206,1190,1530
62207,990,1270
62208,1320,1700
62215,1290,1660
62216,1170,1510
62218,1020,1330
62219,1130,1450
62220,1080,1390
62221,1230,1580
62222,1190,1530
62223,1180,1520
62225,1830,2360
62226,1090,1400
62230,1020,1310
62231,1160,1490
62232,1220,1570
62234,1120,1440
62236,1220,1570
62239,1060,1360
62240,1180,1530
62243,1270,1630
62244,1160,1490
62245,990,1270
62246,990,1270
62248,990,1270
62249,990,1270
62250,990,1270
62252,1110,1430
62253,990,1270
62254,1340,1720
62255,1000,1290
62256,1160,1490
62257,990,1270
62258,1310,1690
62260,1300,1670
62264,1110,1430
62265,1350,1740
62266,1240,1610
62269,1420,1830
62275,1130,1440
62277,990,1270
62278,1000,1270
62279,990,1270
62281,1540,1980
62282,990,1270
62285,990,1270
62289,1010,1300
62293,990,1270
62294,1180,1520
62295,1460,1880
62298,1050,1350
62355,1260,1560
62366,990,1270
62801,990,1270
62875,1090,1410
62882,990,1270
63005,1670,2150
63006,1300,1670
63010,1210,1560
63011,1810,2330
63012,1380,1780
63013,990,1270
63014,990,1270
63015,1040,1340
63016,1010,1300
63017,1710,2200
63019,1070,1380
63020,1010,1300
63021,1440,1850
63022,1300,1670
63023,1230,1580
63024,1300,1670
63025,1370,1760
63026,1220,1570
63028,1070,1380
63030,1040,1290
63031,1440,1850
63032,1300,1670
63033,1250,1610
63034,1830,2360
63037,990,1270
63038,1500,1930
63039,1160,1500
63040,1620,2090
63041,1210,1550
63042,1110,1430
63043,1340,1720
63044,1150,1480
63045,1300,1670
63047,1100,1420
63048,1830,2360
63049,1080,1390
63050,1090,1400
63051,1200,1540
63052,1060,1360
63053,1080,1400
63055,1030,1330
63056,990,1270
63057,1100,1420
63060,1280,1650
63061,1280,1650
63065,1100,1420
63066,1100,1420
63068,990,1270
63069,1010,1300
63070,990,1270
63071,1070,1280
63072,1090,1400
63073,1280,1650
63074,1090,1400
63077,990,1270
63079,990,1280
63080,990,1280
63084,990,1270
63087,990,1270
63088,1420,1830
63089,1320,1700
63090,990,1270
63091,990,1270
63101,1460,1880
63102,1280,1650
63103,1310,1690
63104,1330,1710
63105,1730,2230
63106,990,1270
63107,1030,1330
63108,1810,2330
63109,1240,1600
63110,1440,1850
63111,990,1270
63112,1140,1470
63113,1110,1430
63114,1260,1620
63115,1060,1360
63116,1170,1510
63117,1360,1750
63118,1160,1490
63119,1280,1650
63120,1030,1330
63121,1110,1430
63122,1420,1830
63123,1230,1580
63124,1830,2360
63125,1110,1430
63126,1250,1610
63127,1290,1660
63128,1220,1570
63129,1200,1540
63130,1360,1750
63131,1830,2360
63132,1460,1880
63133,1160,1490
63134,1270,1630
63135,1290,1660
63136,1100,1420
63137,1170,1510
63138,1190,1530
63139,1340,1720
63140,990,1270
63141,1630,2100
63143,1010,1300
63144,1640,2110
63145,1300,1670
63146,1550,2000
63147,1090,1400
63151,1300,1670
63155,1130,1450
63156,1130,1450
63166,1130,1450
63177,1130,1450
63178,1130,1450
63180,1130,1450
63301,1220,1570
63302,1420,1830
63303,1490,1920
63304,1730,2230
63332,1550,2000
63333,990,1350
63334,990,1270
63338,1420,1830
63341,1580,2030
63342,1110,1430
63343,1150,1480
63344,1000,1270
63346,1420,1830
63347,1030,1330
63348,1750,2250
63349,1090,1400
63351,990,1270
63357,1220,1570
63359,990,1270
63362,1240,1600
63363,990,1270
63365,1380,1780
63366,1390,1790
63367,1680,2160
63368,1570,2020
63369,1210,1560
63373,1170,1510
63376,1350,1740
63377,990,1270
63378,1110,1430
63379,1160,1490
63380,1190,1530
63381,1110,1440
63383,1100,1420
63385,1380,1780
63386,1050,1350
63387,990,1270
63389,1020,1310
63390,1090,1400
63627,1010,1270
63628,990,1270
65041,990,1270
65066,990,1270
65441,990,1320
65453,990,1270
62017,1150,1380
62019,1080,1400
62077,1200,1470
62262,1090,1380
62273,1230,1550
62284,940,1180
62471,920,1180
62009,920,1150
62014,1030,1290
62023,920,1140
62033,920,1140
62044,1060,1270
62056,920,1100
62069,920,1140
62082,940,1130
62085,920,1140
62091,970,1200
62093,940,1170
62560,1060,1270
62572,920,1110
62626,920,1140
62630,950,1180
62638,1100,1370
62640,930,1160
62649,920,1140
62667,920,1140
62668,920,1140
62672,930,1160
62674,920,1140
62685,1010,1260
62690,1020,1380
62692,1020,1380
97020,1760,2430
97026,1810,2510
97137,1690,2340
97301,1490,2060
97302,1500,2080
97303,1540,2130
97305,1640,2270
97306,1650,2280
97307,1560,2160
97308,1560,2160
97309,1560,2160
97310,1600,2210
97317,1670,2310
97325,1860,2570
97338,1450,2010
97342,1920,2640
97344,1400,1940
97351,1810,2510
97371,1630,2240
97373,1390,1940
97381,1740,2410
97384,1390,1940
97385,1680,2330
97392,1390,1940
93426,2690,3630
93450,2690,3630
93451,2690,3630
93901,2690,3630
93902,2690,3630
93905,2690,3630
93906,2780,3750
93907,2820,3800
93908,3510,4860
93912,2690,3630
93915,2690,3630
93920,2690,3630
93921,3790,4980
93922,2690,3630
93923,3040,4100
93924,2970,4000
93925,2690,3630
93926,2690,3630
93927,2690,3630
93928,2690,3630
93930,2690,3630
93932,2690,3630
93933,2690,3630
93940,3210,4320
93942,2690,3630
93943,2840,3730
93944,3330,4480
93950,3560,4800
93953,3510,4860
93954,2690,3630
93955,2830,3820
93960,2690,3630
93962,3510,4860
95004,2950,3950
95012,2690,3630
95039,2690,3630
95076,3440,4400
21801,1350,1780
21802,1380,1820
21803,1380,1820
21804,1490,1970
21810,1380,1820
21814,1620,2240
21822,1350,1780
21826,1600,2110
21830,1380,1820
21837,1410,1860
21840,1380,1820
21849,1350,1780
21850,1380,1820
21856,1400,1850
21861,1350,1780
21865,1350,1790
21874,1570,2070
21875,1490,1970
21817,1130,1460
21821,1440,1960
21824,1170,1590
21838,1730,2350
21851,1150,1610
21853,1170,1590
21866,1170,1590
21867,1170,1590
21871,1350,1840
21890,1170,1590
84006,1690,2260
84009,2280,3040
84044,1810,2420
84047,1780,2380
84065,1990,2660
84070,1830,2440
84081,2010,2680
84084,1990,2660
84088,1770,2360
84090,1750,2340
84091,1750,2340
84092,2480,3310
84093,2420,3230
84094,2120,2830
84095,2070,2760
84096,2120,2830
84101,1630,2180
84102,1750,2340
84103,1810,2420
84104,1580,2120
84105,1750,2340
84106,1650,2200
84107,1680,2240
84108,1890,2520
84109,1960,2620
84110,1750,2340
84111,1750,2340
84112,1580,2120
84113,1580,2120
84114,1750,2340
84115,1580,2120
84117,1940,2590
84118,2060,2750
84119,1610,2150
84120,1710,2280
84121,2020,2700
84122,1750,2340
84123,1670,2230
84124,1690,2260
84125,1750,2340
84126,1750,2340
84127,1750,2340
84128,2180,2910
84129,1730,2310
84133,1750,2340
84134,1750,2340
84138,1750,2340
84150,1800,2410
84151,1750,2340
84152,1750,2340
84157,1750,2340
84158,1750,2340
84165,1750,2340
84170,1750,2340
84171,1750,2340
84180,1750,2340
84199,1750,2340
84029,1090,1490
84069,1170,1570
84071,1090,1490
84074,1320,1770
84080,1160,1560
84083,1090,1490
76861,1140,1530
76886,1340,1820
76901,1410,1920
76902,1340,1820
76903,1190,1620
76904,1360,1850
76905,1820,2470
76906,1340,1820
76908,1570,2130
76909,1370,1860
76930,1140,1530
76934,1230,1670
76935,1170,1570
76937,1310,1770
76939,1360,1850
76940,1540,2060
76941,1320,1790
76945,1140,1530
76955,1320,1790
76957,1620,2200
76958,1210,1620
78002,1330,1710
78003,1140,1460
78006,1710,2250
78009,1330,1750
78010,1270,1680
78015,1870,2390
78023,1930,2450
78028,1130,1490
78039,1320,1730
78052,1150,1510
78054,1410,1810
78055,1120,1460
78063,1410,1790
78064,1270,1660
78069,1090,1410
78070,1440,1830
78073,1180,1510
78101,970,1250
78108,2140,2750
78109,1740,2230
78112,1350,1730
78113,1320,1640
78114,1270,1630
78115,1540,1980
78121,1330,1690
78123,1260,1620
78124,1370,1760
78131,1610,2070
78133,1360,1740
78140,990,1380
78143,1160,1510
78147,1290,1660
78148,1380,1770
78150,1410,1810
78152,1890,2420
78154,1820,2330
78155,1260,1620
78156,1540,1980
78160,1210,1550
78161,1280,1630
78163,1620,2080
78201,1280,1640
78202,1350,1730
78203,1110,1420
78204,1570,2010
78205,1470,1890
78206,1410,1810
78207,1060,1360
78208,1020,1310
78209,1620,2080
78210,1230,1580
78211,1150,1480
78212,1400,1800
78213,1430,1830
78214,1080,1390
78215,1970,2530
78216,1490,1910
78217,1440,1850
78218,1320,1690
78219,1230,1580
78220,1350,1730
78221,1260,1620
78222,1390,1780
78223,1250,1600
78224,1260,1620
78225,1140,1460
78226,1150,1480
78227,1220,1570
78228,1220,1570
78229,1510,1940
78230,1530,1960
78231,1460,1870
78232,1660,2130
78233,1630,2090
78234,2140,2750
78235,1590,2040
78236,2140,2750
78237,1130,1450
78238,1300,1670
78239,1500,1920
78240,1590,2040
78241,1410,1810
78242,1300,1670
78243,1470,1890
78244,1710,2190
78245,1660,2130
78246,1410,1810
78247,1640,2100
78248,1500,1920
78249,1770,2270
78250,1640,2100
78251,1600,2050
78252,1920,2460
78253,1600,2050
78254,1870,2400
78255,1890,2420
78256,1680,2160
78257,1840,2360
78258,1820,2330
78259,1650,2120
78260,2140,2750
78261,1840,2360
78263,1320,1680
78264,1380,1770
78265,1410,1810
78266,2140,2750
78268,1410,1810
78269,1410,1810
78270,1410,1810
78278,1410,1810
78279,1410,1810
78280,1410,1810
78283,1410,1810
78284,1410,1810
78285,1410,1810
78288,1410,1810
78291,1410,1810
78292,1410,1810
78293,1410,1810
78294,1410,1810
78295,1410,1810
78296,1410,1810
78297,1410,1810
78298,1410,1810
78299,1410,1810
78638,1360,1730
78670,1670,2140
78883,1140,1480
78884,1090,1420
78885,1040,1360
78005,1070,1360
78008,1210,1520
78011,1070,1370
78012,1180,1530
78026,1070,1370
78050,1090,1420
78062,1190,1480
78065,1070,1340
78118,1070,1340
78004,1590,2070
78013,1560,2060
78027,1560,2060
78074,1560,2060
78624,1560,2060
78016,1080,1420
78056,1380,1790
78057,1080,1420
78059,1080,1420
78066,1460,1890
78850,1240,1640
78861,1280,1690
78886,1230,1630
91901,2830,3770
91902,3140,4180
91903,3000,4000
91905,2690,3580
91906,2210,2940
91908,3000,4000
91910,2780,3700
91911,2820,3760
91912,3000,4000
91913,4100,5460
91914,4500,5990
91915,4170,5560
91916,3130,4180
91917,2950,3930
91921,3000,4000
91931,3250,4320
91932,2790,3720
91933,3000,4000
91934,3000,4000
91935,2950,3930
91941,2780,3700
91942,3010,4010
91943,3000,4000
91944,3000,4000
91945,2460,3280
91946,3000,4000
91948,2930,3900
91950,2340,3120
91951,3000,4000
91962,3460,4610
91963,3000,4000
91976,3000,4000
91977,2570,3420
91978,3210,4280
91979,3000,4000
91980,3000,4000
92003,2910,3880
92007,3830,5100
92008,3470,4620
92009,3970,5290
92010,3780,5040
92011,4280,5700
92013,3000,4000
92014,4500,5990
92018,3000,4000
92019,3050,4060
92020,2670,3560
92021,2590,3450
92022,3000,4000
92023,3000,4000
92024,3870,5160
92025,2760,3680
92026,2980,3970
92027,2670,3560
92029,3340,4450
92030,3000,4000
92033,3000,4000
92036,2290,3050
92037,3510,4680
92038,3000,4000
92039,3000,4000
92040,2630,3500
92046,3000,4000
92049,3000,4000
92051,3000,4000
92052,3000,4000
92054,2840,3780
92055,3450,4650
92056,3500,4660
92057,3190,4250
92058,3200,4260
92059,2210,2940
92060,2130,2840
92061,2790,3720
92064,3130,4170
92065,2780,3700
92066,1790,2390
92067,3880,5170
92068,3000,4000
92069,2940,3920
92070,2500,3330
92071,2930,3900
92072,3000,4000
92074,3000,4000
92075,4200,5600
92078,3380,4500
92079,3000,4000
92081,3380,4500
92082,2110,2810
92083,2940,3920
92084,2780,3700
92085,3000,4000
92086,1970,2620
92088,3000,4000
92091,3890,5210
92092,3000,4000
92093,3510,4680
92096,3000,4000
92101,4310,5740
92102,2800,3730
92103,3390,4520
92104,3090,4120
92105,2430,3240
92106,3190,4250
92107,3380,4500
92108,4380,5840
92109,3710,4940
92110,3450,4600
92111,2980,3970
92112,3000,4000
92113,2420,3220
92114,2640,3520
92115,2820,3760
92116,3040,4050
92117,3000,4000
92118,4500,5990
92119,3080,4100
92120,3340,4450
92121,3520,4690
92122,3940,5250
92123,3800,5060
92124,4300,5730
92126,3720,4960
92127,3610,4810
92128,3840,5120
92129,3250,4330
92130,4500,5990
92131,4160,5540
92132,3000,4000
92134,4210,5610
92135,4500,5990
92136,2380,3170
92137,3000,4000
92138,3000,4000
92139,2880,3840
92140,4040,5380
92142,3000,4000
92143,3000,4000
92145,3630,4830
92147,3650,4860
92149,3000,4000
92150,3000,4000
92152,3000,4000
92153,3000,4000
92154,2950,3930
92155,4500,5990
92159,3000,4000
92160,3000,4000
92161,3000,4000
92163,3000,4000
92165,3000,4000
92166,3000,4000
92167,3000,4000
92168,3000,4000
92169,3000,4000
92170,3000,4000
92171,3000,4000
92172,3000,4000
92173,2430,3240
92174,3000,4000
92175,3000,4000
92176,3000,4000
92177,3000,4000
92178,3000,4000
92179,2950,3930
92182,3000,4000
92191,3000,4000
92192,3000,4000
92193,3000,4000
92195,3000,4000
92196,3000,4000
92198,3000,4000
43408,1180,1460
43412,1320,1640
43416,1060,1270
43420,990,1240
43430,1030,1250
43432,1060,1270
43433,1110,1330
43436,1110,1330
43439,1100,1320
43440,1180,1410
43442,970,1210
43445,1200,1480
43446,1110,1330
43447,1200,1520
43449,1070,1280
43452,1100,1320
43456,1110,1330
43458,970,1170
43468,1320,1640
43469,970,1240
43438,1110,1390
43464,970,1210
44811,980,1210
44814,1240,1550
44816,1110,1390
44824,1070,1340
44826,1070,1330
44839,1090,1360
44846,1240,1550
44847,1150,1440
44857,970,1210
44870,1150,1440
44871,1110,1390
94501,3090,3950
94502,3390,4330
94505,3660,4680
94506,3740,4780
94507,3550,4540
94509,2420,3090
94511,2420,3090
94513,3150,4030
94514,3050,3900
94516,2420,3090
94517,3620,4630
94518,2870,3670
94519,2970,3800
94520,2670,3410
94521,2950,3770
94522,2910,3720
94523,3130,4000
94524,2910,3720
94525,2530,3240
94526,3170,4050
94528,2970,3830
94530,3010,3850
94531,3750,4800
94536,3590,4590
94537,2920,3730
94538,3680,4710
94539,4050,5180
94540,2920,3730
94541,2850,3640
94542,3150,4030
94543,2920,3730
94544,2850,3640
94545,3060,3910
94546,3000,3840
94547,3690,4720
94548,2880,3680
94549,3920,5010
94551,3200,4090
94552,3340,4270
94553,2760,3530
94555,3940,5040
94556,3550,4540
94557,2920,3730
94560,3410,4360
94561,2630,3360
94563,3280,4190
94564,3090,3950
94565,2620,3350
94566,3320,4250
94568,3970,5080
94569,2740,3500
94570,2910,3720
94572,2540,3250
94575,3550,4540
94577,2750,3520
94578,2710,3470
94579,2600,3320
94580,2830,3620
94582,3550,4540
94583,3700,4730
94586,3250,4160
94587,3230,4130
94588,3890,4970
94595,2990,3820
94596,3350,4280
94597,3250,4160
94598,3880,4960
94601,2420,3090
94602,2420,3090
94603,2420,3090
94604,2920,3730
94605,2420,3090
94606,2420,3090
94607,2450,3130
94608,3250,4160
94609,3020,3860
94610,2970,3800
94611,2930,3750
94612,3060,3910
94613,2420,3090
94614,2920,3730
94615,2920,3730
94618,3430,4390
94619,2720,3480
94620,2920,3730
94621,2420,3090
94623,2920,3730
94624,2920,3730
94661,2920,3730
94662,2920,3730
94701,2920,3730
94702,2470,3160
94703,2780,3550
94704,2660,3400
94705,2870,3670
94706,3050,3900
94707,2980,3810
94708,3720,4760
94709,2800,3580
94710,3150,4030
94712,2920,3730
94720,2750,3520
94801,2420,3090
94802,2910,3720
94803,2740,3500
94804,2420,3090
94805,2690,3440
94806,2510,3210
94807,2910,3720
94820,2910,3720
94850,2910,3720
95219,2110,2750
95377,2610,3630
95391,2610,3630
94002,3950,5050
94005,3470,4430
94010,3660,4680
94011,3870,4940
94014,2990,3760
94015,3750,4790
94017,3870,4940
94018,3270,4180
94019,3170,4050
94020,4030,5170
94021,3870,4940
94025,4210,5380
94026,3870,4940
94027,4080,5220
94028,3820,4940
94030,4380,5590
94037,4090,5220
94038,3170,4050
94044,4090,5220
94060,3870,4940
94061,3800,4850
94062,3770,4820
94063,3700,4730
94064,3870,4940
94065,4380,5600
94066,3520,4500
94070,3950,5050
94074,3480,4450
94080,3530,4510
94083,3870,4940
94102,2990,3740
94103,3520,4500
94104,3800,4850
94105,4730,6040
94107,4700,6000
94108,2990,3730
94109,3090,3950
94110,3080,3930
94111,3890,4970
94112,2990,3730
94114,3860,4930
94115,4120,5260
94116,3960,5060
94117,3820,4880
94118,3300,4220
94119,3450,4410
94121,2990,3730
94122,3310,4230
94123,4580,5850
94124,2990,3730
94125,3870,4940
94126,3450,4410
94127,3880,4750
94128,3870,4940
94129,3590,4590
94130,3570,4560
94131,3950,5050
94132,3000,3830
94133,2990,3730
94134,2990,3730
94140,3450,4410
94141,3450,4410
94146,3450,4410
94147,3450,4410
94158,4370,5580
94159,3450,4410
94164,3450,4410
94188,3450,4410
94303,3300,4270
94401,3420,4370
94402,4520,5770
94403,4440,5670
94404,5010,6400
94901,3120,3990
94903,4180,5340
94904,3280,4190
94912,3480,4450
94913,3480,4450
94914,3480,4450
94915,3480,4450
94920,4100,5230
94924,2990,3730
94925,4440,5670
94929,2990,4010
94930,3240,4140
94933,4160,5310
94937,3480,4450
94938,3150,4020
94939,4090,5220
94940,2990,3870
94941,3960,5060
94942,3480,4450
94945,2990,3770
94946,2990,3730
94947,3260,4160
94948,3480,4450
94949,3430,4380
94950,2990,3730
94952,2990,4010
94956,2990,3730
94957,4510,5760
94960,3640,4650
94963,3630,4630
94964,3680,4700
94965,3950,5050
94966,3480,4450
94970,3030,3870
94971,3480,4450
94973,3020,3860
94976,3480,4450
94977,3480,4450
94978,3480,4450
94979,3480,4450
94022,4190,5510
94023,3480,4600
94024,4340,5730
94035,3480,4600
94039,3480,4600
94040,4250,5620
94041,3880,5130
94042,3480,4600
94043,3860,5100
94085,4220,5580
94086,3870,5110
94087,4110,5430
94088,3480,4600
94089,4180,5520
94301,3950,5220
94302,3480,4600
94304,4260,5630
94305,2540,3250
94306,3790,5010
94309,3480,4600
95002,2990,3950
95008,3530,4660
95009,3480,4600
95011,3480,4600
95013,3450,4560
95014,4440,5870
95015,3480,4600
95020,2750,3630
95021,3480,4600
95023,2830,3840
95026,3480,4600
95030,3470,4590
95031,3480,4600
95032,3770,4980
95033,4350,5620
95035,3790,5010
95036,3480,4600
95037,2820,3730
95038,3480,4600
95044,3480,4600
95046,2830,3740
95050,3340,4410
95051,3960,5230
95052,3480,4600
95053,3340,4410
95054,4430,5850
95055,3480,4600
95056,3480,4600
95070,3940,5170
95071,3480,4600
95101,3480,4600
95103,3480,4600
95106,3480,4600
95108,3480,4600
95109,3480,4600
95110,3240,4280
95111,2540,3330
95112,3060,4040
95113,3790,5010
95116,2820,3730
95117,3120,4120
95118,3130,4140
95119,3560,4700
95120,3580,4710
95121,3580,4730
95122,2820,3730
95123,3540,4680
95124,3670,4850
95125,3160,4180
95126,3400,4490
95127,3000,3960
95128,3430,4530
95129,3580,4730
95130,2770,3660
95131,3820,5050
95132,3870,5110
95133,3120,4120
95134,4740,6260
95135,4040,5240
95136,3370,4450
95138,3460,4570
95139,4290,5670
95140,3300,4280
95141,3480,4600
95148,4050,5350
95150,3480,4600
95151,3480,4600
95152,3480,4600
95153,3480,4600
95154,3480,4600
95155,3480,4600
95156,3480,4600
95157,3480,4600
95158,3480,4600
95159,3480,4600
95160,3480,4600
95161,3480,4600
95164,3480,4600
95170,3480,4600
95172,3480,4600
95173,3480,4600
95024,2900,3940
95043,2370,3290
95045,3160,4290
95075,4350,5910
00735,600,780
00738,610,750
00740,610,750
00742,550,670
00773,620,760
00703,600,780
00725,620,860
00726,640,890
00727,710,990
00729,630,820
00736,530,740
00737,540,750
00739,600,780
00751,520,730
00754,520,730
00777,600,780
00778,600,830
00926,750,980
00956,660,860
00976,650,850
00617,640,840
00638,600,780
00646,670,880
00674,600,780
00687,600,780
00692,610,800
00693,600,780
00694,600,780
00707,600,780
00718,600,780
00719,600,780
00721,620,810
00741,610,800
00744,600,780
00745,620,810
00767,600,780
00771,600,780
00772,600,780
00782,600,780
00783,600,780
00791,600,780
00792,600,780
00794,600,780
00901,830,1090
00902,670,880
00906,830,1090
00907,960,1260
00908,670,880
00909,690,900
00910,670,880
00911,740,970
00912,640,840
00913,600,780
00914,670,880
00915,600,780
00916,670,880
00917,600,780
00918,910,1190
00919,670,880
00920,740,970
00921,670,880
00922,920,1200
00923,620,810
00924,640,840
00925,600,780
00927,600,780
00928,670,880
00929,670,880
00931,670,880
00934,870,1140
00936,670,880
00937,740,970
00940,670,880
00949,710,930
00950,670,880
00951,690,900
00952,630,820
00953,730,960
00954,730,960
00957,730,960
00958,700,920
00959,740,970
00960,710,930
00961,820,1070
00962,610,800
00963,630,820
00965,600,790
00966,990,1300
00968,990,1300
00969,990,1300
00970,920,1200
00971,680,890
00975,670,880
00977,630,820
00978,730,960
00979,960,1260
00981,740,970
00982,710,930
00983,680,890
00984,740,970
00985,650,850
00986,740,970
00987,800,1050
00988,740,970
00705,550,690
00786,550,700
93254,2730,3610
93401,3080,4130
93402,2710,3640
93403,2670,3580
93405,2920,3920
93406,2670,3580
93407,2920,3920
93408,2920,3920
93409,2920,3920
93410,2920,3920
93412,2670,3580
93420,2870,3850
93421,2670,3580
93422,2540,3410
93423,2670,3580
93424,2930,3930
93428,2580,3460
93430,2290,3070
93432,2760,3700
93433,2660,3570
93434,2730,3610
93435,2670,3580
93442,2570,3450
93443,2670,3580
93444,2800,3760
93445,2200,2930
93446,2640,3540
93447,2670,3580
93448,2670,3580
93449,3240,4350
93452,2200,2930
93453,2580,3460
93454,2730,3610
93458,2850,3720
93465,3560,4780
93475,2670,3580
93483,2670,3580
95001,4210,5370
95003,4810,6140
95005,4430,5650
95006,4240,5410
95007,4370,5580
95010,4360,5560
95017,4800,6120
95018,4520,5770
95019,3810,4740
95041,4520,5770
95060,5230,6670
95061,4210,5370
95062,4940,6300
95063,4210,5370
95064,3810,4740
95065,4800,6120
95066,4550,5810
95067,4210,5370
95073,4300,5490
95077,4210,5370
87010,1660,2090
87056,1470,1860
87501,1930,2430
87502,1690,2130
87504,1690,2130
87505,1750,2200
87506,1500,1890
87507,1590,2000
87508,2050,2580
87522,1470,1860
87532,1470,1860
87535,1580,2010
87540,1910,2400
87552,1470,1860
87567,1470,1860
87573,1720,2160
87574,1690,2130
87592,1690,2130
87594,1690,2130
93014,3120,4070
93067,3740,4950
93101,3870,5050
93102,3120,4070
93103,3600,4700
93105,3690,4810
93106,3450,4500
93108,4090,5410
93109,4440,5790
93110,3600,4700
93111,4300,5610
93116,3120,4070
93117,3450,4500
93118,3120,4070
93120,3120,4070
93121,3120,4070
93130,3120,4070
93140,3120,4070
93150,3120,4070
93160,3120,4070
93190,3120,4070
93199,3120,4070
93427,3390,4420
93429,3450,4500
93436,2730,3610
93437,3700,4830
93438,3120,4070
93440,3000,3920
93441,3550,4630
93455,3410,4450
93456,3120,4070
93457,3120,4070
93460,4170,5440
93463,2770,3610
93464,3120,4070
94922,2550,3460
94923,2470,3370
94927,2830,3890
94928,3100,4260
94931,2470,3400
94951,2610,3590
94953,2830,3890
94954,3430,4720
94955,2830,3890
94972,2780,3820
94975,2830,3890
94999,2830,3890
95401,2840,3900
95402,2830,3890
95403,2910,4000
95404,2730,3750
95405,3120,4290
95406,2830,3890
95407,2550,3510
95409,3240,4450
95412,2470,3370
95416,2830,3890
95419,2480,3420
95421,2470,3370
95425,2470,3370
95430,2470,3370
95431,2690,3700
95433,2830,3890
95436,2470,3380
95439,2950,4060
95441,2470,3370
95442,2510,3450
95444,2640,3630
95445,2470,3370
95446,2470,3370
95448,2920,4010
95450,2840,3900
95452,2920,3940
95462,2470,3370
95465,2470,3370
95471,2470,3370
95472,2640,3630
95473,2830,3890
95480,2470,3370
95486,2470,3370
95487,2830,3890
95492,3070,4220
95497,2470,3370
30446,1430,1920
31302,1430,1920
31303,1430,1920
31307,1500,1980
31308,1430,1920
31312,1720,2290
31318,1430,1920
31321,1430,1920
31322,1970,2620
31326,1470,1960
31328,1580,2100
31329,1460,1940
31401,1990,2650
31402,1700,2260
31403,1700,2260
31404,1600,2130
31405,1650,2190
31406,1670,2220
31407,2020,2690
31408,1430,1920
31409,1680,2220
31410,2060,2740
31411,2150,2880
31412,1700,2260
31414,1700,2260
31415,1430,1920
31416,1700,2260
31418,1700,2260
31419,1800,2390
31420,1700,2260
31421,1990,2650
17814,1210,1480
17815,1200,1560
17878,1020,1320
18202,1300,1690
18219,1160,1510
18221,1290,1680
18222,1660,2160
18223,1300,1690
18225,1300,1690
18234,1300,1690
18239,1260,1640
18241,1260,1650
18246,1290,1630
18249,1460,1900
18256,1330,1740
18403,1190,1550
18407,1140,1480
18410,1250,1630
18411,1500,1950
18414,1510,1970
18419,1160,1510
18420,1310,1700
18421,1020,1320
18424,1400,1840
18433,1200,1560
18434,1240,1620
18436,1330,1690
18440,1160,1510
18444,1250,1620
18446,1140,1480
18447,1280,1670
18452,1260,1640
18471,1510,1960
18472,1190,1490
18501,1250,1630
18503,1300,1690
18504,1230,1600
18505,1220,1590
18507,1340,1750
18508,1330,1730
18509,1260,1640
18510,1330,1730
18512,1180,1540
18515,1250,1630
18517,1370,1780
18518,1170,1520
18519,1210,1580
18540,1250,1630
18577,1250,1630
18602,1880,2450
18603,1030,1320
18610,1400,1840
18612,1450,1890
18614,1040,1450
18615,1220,1590
18617,1060,1380
18618,1760,2290
18621,1420,1850
18622,1080,1360
18623,1150,1470
18625,1160,1510
18627,1260,1640
18629,1370,1780
18630,1110,1430
18634,1130,1470
18635,1160,1480
18636,1110,1450
18640,1310,1710
18641,1170,1520
18642,1330,1730
18643,1260,1640
18644,1170,1520
18651,1170,1520
18655,1210,1560
18656,1180,1540
18657,1200,1560
18660,1180,1540
18701,1080,1410
18702,1230,1600
18703,1260,1640
18704,1260,1640
18705,1230,1600
18706,1170,1520
18707,1070,1390
18708,1380,1800
18709,1030,1340
18710,1260,1640
18711,1260,1640
18764,1260,1640
18765,1260,1640
18844,1130,1460
18846,1130,1440
98001,2490,3260
98002,2160,2850
98003,2190,2870
98004,3750,4910
98005,2930,3830
98006,3560,4660
98007,3030,3960
98008,3160,4130
98009,2550,3340
98010,2640,3450
98011,2700,3530
98012,2690,3520
98014,2340,3060
98015,2550,3340
98019,3420,4470
98020,2380,3110
98021,3030,3960
98022,2160,2850
98023,2320,3040
98024,2470,3230
98025,2870,3750
98026,2300,3010
98027,2920,3820
98028,2480,3240
98029,3310,4330
98030,2280,2980
98031,2310,3020
98032,2350,3070
98033,3260,4270
98034,2860,3740
98035,2550,3340
98036,2160,2850
98037,2310,3020
98038,2850,3730
98039,3240,4240
98040,3020,3950
98041,2550,3340
98042,2580,3380
98043,2400,3140
98045,2660,3480
98046,2320,3040
98047,2170,2850
98050,2720,3560
98051,2640,3450
98052,3110,4070
98053,3310,4330
98055,2580,3380
98056,2480,3240
98057,2210,2890
98058,2560,3350
98059,2690,3520
98062,2550,3340
98063,2550,3340
98064,2550,3340
98065,3570,4670
98068,2160,2850
98070,2160,2850
98071,2550,3340
98072,2820,3690
98073,2550,3340
98074,3440,4500
98075,3750,4910
98077,2990,3910
98082,2320,3040
98083,2550,3340
98087,2520,3300
98089,2550,3340
98092,2280,3010
98093,2550,3340
98101,3470,4540
98102,2910,3810
98103,2990,3910
98104,2240,2930
98105,2730,3570
98106,2390,3130
98107,2990,3910
98108,2160,2850
98109,3400,4450
98111,2550,3340
98112,2630,3440
98113,2550,3340
98114,2550,3340
98115,2890,3780
98116,2600,3400
98117,2730,3570
98118,2430,3180
98119,2690,3520
98121,3740,4890
98122,3110,4070
98124,2550,3340
98125,2580,3380
98126,2210,2890
98127,2550,3340
98131,2550,3340
98133,2540,3320
98134,2410,3190
98136,2600,3400
98138,2550,3340
98139,2550,3340
98144,2560,3350
98145,2550,3340
98146,2180,2850
98148,2240,2930
98154,2550,3340
98155,2480,3240
98158,2550,3340
98161,2550,3340
98164,2240,2930
98165,2550,3340
98166,2190,2870
98168,2230,2920
98170,2550,3340
98174,2550,3340
98175,2550,3340
98177,2650,3470
98178,2360,3090
98185,2550,3340
98188,2160,2850
98194,2550,3340
98195,2730,3560
98198,2180,2850
98199,2960,3870
98201,2160,2850
98203,2160,2850
98204,2160,2850
98206,2320,3040
98207,2160,2850
98208,2310,3020
98213,2320,3040
98223,2260,2960
98224,2160,2850
98251,2160,2850
98252,2160,2850
98256,2160,2850
98258,2640,3450
98259,2320,3040
98270,2160,2850
98271,2330,3050
98272,2360,3090
98275,2560,3350
98282,2160,2850
98287,2320,3040
98288,2160,2850
98290,2160,2850
98291,2320,3040
98293,2320,3040
98294,2160,2850
98296,2930,3830
98354,2270,3110
98422,2420,3360
98303,2100,2910
98304,1860,2600
98321,1990,2760
98323,1860,2600
98327,2560,3550
98328,1860,2600
98330,1970,2730
98332,2680,3720
98333,2290,3180
98335,2210,3060
98338,2140,2970
98344,1970,2730
98349,1860,2600
98351,1860,2600
98360,2540,3520
98371,1880,2610
98372,2090,2900
98373,2120,2940
98374,2230,3090
98375,2460,3410
98385,2090,2900
98387,2110,2930
98388,1890,2620
98390,2190,3040
98391,2470,3420
98394,1860,2600
98395,1970,2730
98396,1860,2600
98401,1970,2730
98402,1900,2630
98403,1860,2600
98404,1860,2600
98405,1860,2600
98406,1950,2700
98407,2130,2950
98408,1860,2600
98409,1910,2650
98411,1970,2730
98413,1970,2730
98416,1950,2700
98417,1970,2730
98418,1860,2600
98419,1970,2730
98421,2070,2870
98424,2090,2900
98430,2020,2800
98433,2120,2940
98438,1860,2600
98439,1860,2600
98443,1900,2630
98444,1860,2600
98445,1970,2730
98446,2200,3050
98447,1860,2600
98448,1970,2730
98464,1970,2730
98465,1860,2600
98466,1950,2700
98467,1860,2600
98490,1970,2730
98496,1970,2730
98498,1860,2600
98499,1860,2600
98558,2190,3010
98580,2260,3170
98937,1860,2600
32957,1600,1950
32958,1740,2120
32960,1490,1820
32961,1600,1950
32962,1520,1850
32963,2410,2940
32964,1600,1950
32965,1600,1950
32966,1730,2110
32967,1650,2010
32968,2310,2820
32969,1600,1950
32970,1710,2080
32971,1600,1950
32978,1600,1950
33826,1270,1540
33852,1410,1710
33857,1350,1650
33862,1270,1540
33870,1250,1510
33871,1270,1540
33872,1460,1770
33875,1340,1620
33876,1240,1500
33960,1350,1670
53001,970,1200
53015,1110,1340
53026,1120,1360
53031,1150,1390
53044,1490,1800
53070,1120,1360
53073,1100,1330
53081,1110,1340
53082,1120,1360
53083,1230,1490
53085,1070,1300
53093,1150,1390
75020,1300,1810
75021,1210,1690
75076,1650,2290
75090,1240,1720
75091,1350,1880
75092,1400,1950
75414,1210,1690
75459,1360,1890
75479,1210,1690
75489,1370,1910
75490,1450,2020
76233,1270,1730
76240,1280,1690
76245,1210,1690
76264,1210,1690
76268,1380,1910
76271,1900,2600
76273,1280,1740
71004,1200,1580
71006,1260,1650
71007,970,1270
71009,1060,1390
71018,970,1280
71023,1030,1360
71027,1210,1590
71029,1030,1350
71030,1190,1570
71032,920,1210
71033,1040,1310
71037,1310,1720
71043,920,1190
71044,920,1190
71046,970,1270
71047,1030,1350
71049,920,1190
71051,1380,1790
71052,920,1190
71060,1220,1600
71061,950,1250
71063,930,1190
71064,920,1190
71065,930,1190
71067,920,1190
71069,920,1190
71071,1010,1280
71075,920,1190
71078,1180,1550
71082,920,1190
71101,920,1190
71102,1070,1400
71103,990,1300
71104,1160,1520
71105,1360,1790
71106,970,1270
71107,1060,1390
71108,1160,1520
71109,1020,1340
71110,1670,2190
71111,1250,1640
71112,1290,1690
71113,1280,1680
71115,1150,1510
71118,1110,1460
71119,1150,1510
71129,1020,1340
71133,1070,1400
71134,1070,1400
71135,1070,1400
71136,1070,1400
71137,1280,1680
71138,1070,1400
71148,1070,1400
71149,1070,1400
71161,1070,1400
71162,1070,1400
71163,1070,1400
71164,1070,1400
71165,1070,1400
71166,1070,1400
71171,1280,1680
71172,1280,1680
71419,920,1190
85603,1140,1590
85605,1090,1520
85606,1160,1600
85607,1090,1520
85608,1090,1520
85609,1090,1520
85610,1100,1530
85611,1500,2080
85613,1790,2490
85615,1620,2250
85616,1190,1660
85617,1090,1520
85620,1140,1590
85624,1480,2060
85625,1150,1600
85626,1090,1520
85627,1090,1520
85630,1090,1520
85632,1090,1520
85635,1280,1780
85636,1260,1750
85638,1090,1520
85643,1170,1620
85650,1530,2130
51001,960,1250
51004,1330,1600
51006,960,1150
51007,1120,1340
51015,1050,1250
51016,970,1170
51018,1050,1260
51019,1010,1230
51023,1000,1280
51026,1020,1220
51028,960,1250
51030,1000,1200
51034,960,1190
51039,1140,1370
51044,1140,1380
51048,1030,1260
51052,1000,1200
51054,1490,1790
51055,1120,1350
51056,960,1160
51061,960,1320
51063,1040,1300
51101,960,1150
51102,1130,1360
51103,1130,1360
51104,1140,1370
51105,1000,1200
51106,1220,1460
51108,1250,1530
51109,1120,1360
51111,1190,1430
57001,980,1280
57004,1010,1290
57010,960,1270
57025,980,1180
57034,960,1300
57038,1130,1380
57049,1400,1680
68030,1000,1200
68731,1290,1550
68733,960,1250
68741,1510,1810
68743,1380,1660
68770,960,1340
68776,1210,1450
68785,1020,1360
57003,1200,1650
57005,1180,1620
57012,1420,1950
57013,930,1280
57014,930,1280
57015,930,1280
57016,1230,1470
57018,930,1280
57020,1300,1780
57021,1130,1550
57022,1090,1490
57027,970,1300
57029,930,1280
57030,970,1340
57032,1430,1960
57033,1100,1510
57035,930,1280
57036,1400,1920
57037,960,1330
57039,1060,1450
57041,1080,1490
57042,960,1280
57043,950,1300
57045,940,1280
57047,930,1280
57048,930,1280
57053,1110,1520
57055,1150,1580
57058,1100,1510
57064,1340,1840
57068,1220,1670
57070,930,1280
57073,940,1310
57077,1230,1690
57101,1110,1520
57103,1100,1510
57104,1030,1410
57105,1110,1520
57106,1200,1650
57107,1240,1700
57108,1500,2060
57109,1110,1520
57110,1210,1660
57117,1110,1520
57118,1110,1520
57197,1110,1520
57319,990,1360
57321,980,1300
57332,930,1290
57374,1010,1400
56116,970,1350
56128,1120,1390
56129,970,1230
56134,970,1350
56138,1090,1520
56144,980,1290
56146,970,1340
56147,1020,1340
56156,980,1360
56158,970,1330
56173,1200,1670
70420,1340,1710
70427,1340,1710
70431,1600,2040
70434,1440,1840
70445,1340,1710
70447,2000,2590
70448,1720,2200
70452,1340,1710
70457,1340,1710
70458,1530,1960
70459,1440,1840
70460,1350,1730
70461,1340,1710
70463,1340,1710
70464,1340,1710
70469,1440,1840
70470,1440,1840
70471,1380,1780
46506,1000,1220
46536,1140,1380
46544,1270,1540
46545,1330,1610
46546,1290,1560
46556,1520,1850
46563,1040,1270
46595,1000,1220
46601,1060,1290
46613,1280,1550
46614,1110,1350
46615,1190,1440
46616,1300,1580
46617,1780,2160
46619,1190,1440
46624,1290,1560
46628,1310,1590
46634,1290,1560
46635,1200,1460
46637,1440,1750
46660,1290,1560
46680,1290,1560
49031,970,1250
49042,980,1330
49045,970,1280
49061,1020,1310
49067,1070,1390
49093,1010,1370
49095,1180,1510
49099,1040,1400
49112,1120,1430
49130,970,1250
29301,1350,1640
29302,1190,1440
29303,1140,1380
29304,1190,1440
29305,1190,1440
29306,1180,1430
29307,1160,1400
29316,1250,1520
29320,1350,1640
29323,1090,1350
29324,1160,1400
29329,1160,1400
29330,1090,1350
29331,1190,1440
29333,1150,1390
29334,1420,1720
29336,1190,1440
29338,1120,1360
29346,1170,1420
29349,1120,1360
29365,1480,1790
29368,1090,1350
29369,1580,1920
29372,1090,1350
29373,1090,1350
29374,1090,1350
29375,1150,1390
29376,1160,1410
29377,1090,1350
29378,1200,1480
29385,1180,1430
29321,1000,1220
29353,900,1100
29364,1050,1280
29379,1040,1270
99001,1650,2250
99003,1470,1990
99004,1430,1950
99005,1710,2350
99006,1300,1800
99008,1300,1800
99009,1440,1920
99011,2070,2820
99012,1360,1850
99013,1300,1800
99014,1430,1950
99016,2110,2880
99018,1370,1890
99019,2220,3030
99020,1450,1970
99021,1630,2220
99022,1300,1800
99023,1980,2710
99025,1570,2150
99026,1390,1910
99027,1570,2170
99029,1300,1800
99030,1530,2090
99031,1340,1840
99032,1300,1800
99033,1300,1800
99036,1510,2060
99037,1640,2240
99039,1360,1850
99110,1300,1800
99156,1300,1800
99170,1300,1800
99201,1340,1830
99202,1420,1940
99203,1560,2130
99204,1310,1800
99205,1560,2130
99206,1400,1910
99207,1480,2020
99208,1570,2140
99209,1530,2090
99210,1530,2090
99211,1530,2090
99212,1510,2060
99213,1530,2090
99214,1530,2090
99216,1550,2110
99217,1620,2210
99218,1440,1960
99219,1530,2090
99220,1530,2090
99223,1590,2170
99224,1600,2180
99228,1530,2090
99251,1440,1960
99258,1420,1940
99260,1530,2090
99034,1350,1870
99040,1230,1710
99101,1100,1530
99109,1150,1600
99114,1110,1540
99122,1010,1410
99126,1110,1540
99129,1110,1550
99131,1100,1540
99137,970,1350
99141,1130,1570
99148,1300,1800
99151,1130,1570
99157,990,1380
99160,1110,1540
99167,1130,1570
99173,1460,2030
99181,1280,1780
62515,1140,1530
62520,1160,1550
62530,1110,1490
62536,1210,1620
62545,1060,1390
62548,1020,1380
62558,1080,1440
62561,1390,1860
62563,1620,2170
62612,1090,1460
62613,1190,1590
62615,1200,1610
62625,1180,1580
62629,1460,1950
62642,1040,1390
62659,1110,1490
62661,1120,1500
62666,1020,1380
62670,1140,1530
62673,1020,1380
62675,1080,1450
62677,1160,1550
62684,1670,2240
62688,1110,1490
62689,1090,1460
62693,1350,1790
62701,1370,1830
62702,1180,1580
62703,1200,1610
62704,1200,1610
62705,1210,1620
62706,1210,1620
62707,1150,1540
62708,1210,1620
62711,1460,1950
62712,1390,1860
62719,1210,1620
62726,1210,1620
62736,1210,1620
62756,1210,1620
62764,1210,1620
62776,1210,1620
62781,1210,1620
62791,1210,1620
62796,1210,1620
01001,1910,2340
01009,1830,2240
01010,1350,1850
01013,1600,1960
01014,1710,2100
01020,1730,2120
01021,1710,2100
01022,2460,3020
01028,1800,2210
01030,1740,2130
01034,2600,3190
01036,1680,2030
01041,1710,2100
01056,1740,2130
01057,1440,1770
01071,1400,1720
01077,1810,2220
01079,1510,1850
01080,1710,2100
01081,1960,2400
01086,1710,2100
01089,1560,1910
01090,1710,2100
01095,1730,2120
01097,1500,1840
01101,1710,2100
01103,2050,2510
01104,1820,2230
01105,1550,1900
01106,2600,3190
01107,1790,2200
01108,1750,2150
01109,1780,2180
01111,1710,2100
01115,1710,2100
01116,1710,2100
01118,1940,2380
01119,1860,2280
01128,1890,2320
01129,1910,2340
01138,1710,2100
01139,1710,2100
01144,1710,2100
01151,1870,2290
01152,1710,2100
01521,1780,2180
65604,900,1240
65610,960,1320
65612,1010,1380
65614,980,1270
65617,1040,1440
65619,1100,1500
65620,930,1270
65629,910,1240
65630,1050,1410
65631,1320,1810
65632,920,1240
65636,910,1240
65644,970,1350
65648,1020,1410
65652,900,1240
65653,900,1240
65656,900,1240
65657,930,1240
65662,910,1240
65667,940,1280
65669,1230,1690
65705,910,1240
65706,910,1240
65713,900,1240
65714,1160,1580
65720,900,1240
65721,1150,1570
65725,1080,1490
65728,1120,1540
65737,910,1250
65738,1280,1750
65742,990,1350
65746,900,1240
65753,960,1310
65754,1030,1420
65757,1180,1610
65759,900,1240
65765,1100,1500
65770,900,1240
65771,980,1280
65781,1290,1760
65801,1100,1500
65802,980,1340
65803,1060,1450
65804,1090,1490
65805,1100,1500
65806,1100,1500
65807,1200,1640
65808,1100,1500
65809,1160,1590
65810,1260,1720
65814,1100,1500
65890,1100,1500
65897,1130,1550
65898,1100,1500
65463,920,1230
65536,920,1210
65590,970,1350
65622,890,1230
65685,890,1230
65722,890,1170
65732,900,1250
65764,900,1230
65767,890,1230
65783,920,1250
65786,890,1230
65601,890,1220
65613,900,1250
65640,950,1310
65649,1030,1420
65650,890,1230
65663,890,1230
65674,890,1220
65710,890,1230
65724,1000,1380
65727,890,1240
43010,1250,1530
43078,1040,1330
45319,1020,1250
45323,1030,1260
45341,1090,1330
45349,1660,2030
45372,1120,1370
45501,1110,1360
45502,1220,1490
45503,1160,1420
45504,1150,1410
45505,1070,1310
45506,1120,1370
16666,1290,1660
16677,1290,1570
16801,1510,1890
16802,1550,1940
16803,1580,1980
16804,1410,1770
16820,1290,1570
16822,1290,1570
16823,1290,1570
16826,1290,1570
16827,1480,1850
16828,1290,1570
16829,1290,1570
16832,1290,1570
16835,1460,1830
16841,1290,1570
16844,1290,1570
16845,1290,1570
16851,1480,1850
16852,1290,1570
16853,1290,1570
16854,1290,1570
16856,1290,1570
16859,1290,1570
16860,1290,1570
16864,1290,1570
16865,1670,2100
16866,1290,1570
16868,1540,1930
16872,1290,1570
16874,1290,1570
16875,1290,1570
16877,1290,1640
16882,1290,1570
22843,1160,1620
22939,1890,2600
22980,1190,1640
24401,1290,1770
24402,1220,1680
24411,1160,1620
24421,1350,1860
24430,1160,1620
24431,1300,1760
24432,1330,1830
24437,1160,1620
24439,1160,1620
24440,1330,1830
24459,1330,1830
24463,1330,1830
24467,1170,1620
24469,1330,1830
24472,1160,1620
24476,1330,1830
24477,1420,1950
24479,1270,1740
24482,1280,1760
24485,1330,1830
95201,1740,2420
95202,1310,1840
95203,1310,1840
95204,1530,2130
95205,1440,2000
95206,1530,2130
95207,1760,2450
95208,1740,2420
95209,1940,2700
95210,1550,2160
95211,1610,2240
95212,2420,3370
95213,1740,2420
95215,1380,1920
95220,1540,2140
95227,1710,2330
95231,1930,2680
95234,1740,2420
95236,1840,2560
95237,1400,1960
95240,1650,2290
95241,1740,2420
95242,2020,2810
95253,1450,2040
95258,1530,2130
95267,1740,2420
95269,1740,2420
95320,1720,2390
95330,2360,3280
95336,1920,2670
95337,2090,2910
95366,1880,2610
95376,2100,2920
95378,1740,2420
95686,1310,1840
29001,950,1250
29040,1200,1440
29051,950,1220
29062,1120,1370
29080,950,1150
29102,950,1220
29104,950,1150
29125,970,1220
29150,1310,1570
29151,1280,1530
29152,1650,1980
29153,1230,1470
29154,1370,1640
29162,950,1200
29168,1230,1470
13020,1520,1860
13021,1190,1480
13027,1640,1990
13028,1250,1510
13029,1390,1690
13030,1190,1460
13031,1670,2030
13032,1260,1530
13033,1270,1650
13035,1570,1910
13036,1350,1640
13037,1190,1460
13039,1500,1820
13041,1840,2240
13042,1490,1800
13043,1230,1490
13044,1250,1520
13051,1450,1760
13052,1190,1460
13057,1310,1590
13060,1250,1520
13061,1290,1580
13063,1190,1460
13066,1590,1930
13069,1210,1470
13072,1190,1460
13074,1360,1650
13076,1370,1670
13077,1380,1740
13078,1650,2000
13080,1190,1460
13082,1260,1540
13083,1230,1570
13084,1660,2020
13088,1510,1830
13089,1430,1740
13090,1660,2020
13093,1280,1560
13103,1790,2180
13104,1420,1730
13108,1370,1660
13110,1410,1710
13111,1260,1590
13112,1430,1740
13114,1190,1460
13115,1550,1880
13116,1430,1740
13119,1430,1740
13120,1560,1900
13121,1280,1560
13122,1300,1580
13126,1360,1650
13131,1420,1730
13132,1450,1760
13134,1300,1580
13135,1290,1570
13137,1430,1740
13138,1450,1760
13141,1300,1610
13142,1190,1460
13144,1190,1460
13145,1190,1570
13152,1740,2120
13153,1430,1770
13158,1190,1460
13159,1500,1840
13163,1250,1520
13164,1430,1740
13166,1190,1550
13167,1720,2090
13201,1430,1740
13202,1580,1920
13203,1320,1600
13204,1260,1530
13205,1230,1490
13206,1250,1520
13207,1440,1750
13208,1330,1620
13209,1320,1600
13210,1500,1820
13211,1500,1820
13212,1420,1730
13214,1360,1650
13215,1540,1870
13217,1430,1740
13218,1430,1740
13219,1430,1740
13220,1430,1740
13224,1380,1680
13225,1430,1740
13235,1430,1740
13244,1500,1820
13261,1430,1740
13290,1430,1740
13302,1400,1700
13310,1390,1680
13314,1270,1550
13316,1190,1460
13332,1410,1760
13334,1190,1460
13346,1620,1970
13355,1190,1460
13364,1190,1460
13402,1270,1530
13408,1260,1530
13409,1220,1480
13418,2090,2540
13421,1190,1460
13425,1190,1460
13426,1280,1560
13437,1190,1460
13460,1190,1460
13464,1280,1780
13480,1190,1460
13483,1190,1460
13484,1190,1460
13485,1210,1480
13491,1190,1460
13493,1190,1460
13661,1190,1570
32301,1430,1770
32302,1380,1710
32303,1460,1810
32304,1360,1680
32305,1190,1500
32306,1370,1700
32307,1330,1650
32308,1440,1780
32309,1500,1860
32310,1190,1500
32311,1670,2070
32312,1700,2100
32313,1380,1710
32314,1380,1710
32315,1380,1710
32316,1380,1710
32317,1630,2020
32318,1380,1710
32324,1190,1500
32327,1190,1520
32330,1190,1500
32331,1190,1500
32332,1190,1500
32333,1190,1500
32336,1210,1520
32337,1190,1500
32343,1210,1500
32344,1190,1500
32345,1190,1500
32351,1190,1500
32352,1250,1550
32361,1190,1500
32362,1380,1710
32399,1380,1710
32326,1200,1560
32346,1510,1990
32355,1120,1460
32358,1110,1490
33503,2160,2770
33508,2030,2600
33509,2030,2600
33510,1860,2380
33511,2360,3020
33523,1350,1730
33524,1840,2350
33525,1370,1750
33526,1840,2350
33527,1260,1610
33530,1830,2340
33534,1810,2310
33537,1840,2350
33539,1840,2350
33540,1320,1690
33541,1720,2200
33542,1470,1880
33543,2730,3490
33544,2640,3380
33545,2780,3550
33548,2520,3220
33549,2100,2680
33550,2030,2600
33556,2230,2850
33558,1890,2420
33559,1980,2530
33563,1660,2120
33564,2030,2600
33565,1550,1980
33566,1800,2300
33567,1750,2240
33568,2030,2600
33569,2670,3410
33570,1640,2100
33571,2030,2600
33572,2740,3500
33573,2230,2850
33574,1440,1830
33575,2030,2600
33576,1420,1820
33578,2290,2930
33579,2900,3710
33583,2030,2600
33584,1860,2380
33586,2030,2600
33587,2030,2600
33592,1450,1850
33593,1840,2350
33594,2330,2980
33595,2030,2600
33596,2970,3800
33597,1080,1350
33601,2030,2600
33602,2970,3800
33603,1830,2340
33604,1910,2440
33605,1640,2100
33606,2770,3540
33607,2430,3110
33609,2400,3070
33610,1730,2210
33611,2490,3180
33612,1750,2240
33613,1790,2290
33614,2060,2630
33615,2290,2930
33616,2300,2940
33617,2010,2570
33618,1850,2370
33619,2230,2850
33620,1880,2410
33621,2970,3800
33622,2030,2600
33623,2030,2600
33624,2210,2830
33625,2420,3090
33626,2750,3520
33629,2320,2970
33630,2030,2600
33634,2290,2930
33635,2340,2990
33637,1970,2520
33646,2030,2600
33647,2510,3210
33672,2030,2600
33673,2030,2600
33674,2030,2600
33675,2030,2600
33677,2030,2600
33679,2030,2600
33680,2030,2600
33681,2030,2600
33682,2030,2600
33684,2030,2600
33685,2030,2600
33687,2030,2600
33688,2030,2600
33689,2030,2600
33694,2030,2600
33701,2160,2760
33702,2000,2560
33703,2130,2720
33704,1850,2370
33705,2020,2580
33706,2120,2710
33707,1890,2420
33708,2510,3210
33709,1800,2300
33710,2070,2650
33711,2270,2900
33712,1920,2460
33713,1860,2380
33714,1730,2210
33715,2970,3800
33716,2700,3450
33730,1990,2540
33731,1990,2540
33732,1990,2540
33733,1990,2540
33734,1990,2540
33736,1990,2540
33738,1990,2540
33741,1990,2540
33742,1990,2540
33743,1990,2540
33744,2510,3210
33747,1990,2540
33755,1720,2200
33756,1770,2260
33757,1990,2540
33758,1990,2540
33759,2330,2980
33760,2020,2580
33761,2220,2840
33762,2300,2940
33763,1860,2380
33764,2120,2710
33765,2060,2630
33766,1990,2540
33767,2640,3380
33770,1850,2370
33771,1850,2370
33772,1950,2490
33773,2040,2610
33774,1900,2430
33775,1990,2540
33776,2910,3720
33777,2370,3030
33778,2090,2670
33779,1990,2540
33780,1990,2540
33781,1660,2120
33782,2280,2910
33784,1990,2540
33785,2210,2830
33786,2970,3800
34602,1640,2100
34603,1650,2110
34604,1580,2020
34605,1650,2110
34606,1610,2060
34607,1710,2190
34608,1680,2150
34609,2020,2580
34610,1690,2160
34611,1650,2110
34613,1610,2060
34614,1490,1940
34636,1650,2110
34637,2360,3020
34638,2960,3780
34639,2490,3180
34652,1660,2120
34653,1670,2130
34654,2000,2560
34655,2220,2840
34656,1840,2350
34660,1990,2540
34661,1390,1770
34667,1650,2110
34668,1810,2310
34669,1770,2260
34673,1840,2350
34674,1840,2350
34677,1950,2490
34679,1660,2130
34680,1840,2350
34681,2130,2720
34682,1990,2540
34683,2130,2720
34684,2160,2760
34685,2390,3060
34688,1910,2440
34689,1660,2120
34690,1680,2150
34691,1820,2330
34692,1840,2350
34695,2250,2880
34697,1990,2540
34698,1970,2520
46171,1030,1300
47438,980,1220
47801,1120,1340
47802,1110,1330
47803,1150,1380
47804,1130,1350
47805,1020,1220
47807,1130,1350
47809,1130,1350
47831,1000,1200
47834,1040,1260
47837,1080,1340
47840,1040,1260
47842,1010,1210
47845,970,1200
47846,1040,1250
47847,960,1150
47850,1280,1560
47851,1120,1340
47853,1210,1450
47854,1040,1270
47857,960,1150
47858,1000,1220
47863,970,1160
47866,1180,1430
47869,1280,1560
47870,1120,1340
47871,1200,1440
47874,960,1240
47875,1000,1200
47876,970,1160
47878,1120,1340
47879,960,1160
47880,990,1190
47881,1040,1250
47884,1010,1210
47885,970,1160
47928,1150,1380
47966,1150,1380
47974,980,1180
47528,1010,1280
47561,960,1210
47578,970,1210
47838,970,1180
47848,960,1160
47849,1210,1480
47852,1030,1250
47855,1100,1340
47861,1010,1280
47865,1010,1230
47882,1050,1280
71834,1050,1350
71837,1230,1530
71838,970,1270
71839,970,1210
71840,1070,1330
71845,970,1200
71854,1060,1320
75501,1060,1320
75503,1300,1620
75504,1120,1390
75505,1120,1390
75554,970,1330
75556,1130,1540
75559,970,1210
75561,1080,1340
75567,970,1210
75569,1060,1320
75570,970,1210
75573,1140,1420
75574,980,1240
71820,890,1170
71822,920,1220
71836,880,1170
71846,880,1100
71853,900,1190
71865,1160,1540
71866,880,1170
43402,1080,1390
43403,1080,1390
43406,970,1250
43413,1180,1510
43414,1080,1390
43431,970,1240
43434,1080,1390
43437,1080,1390
43441,1100,1410
43443,1020,1310
43450,1520,1950
43451,970,1250
43457,970,1240
43460,990,1270
43462,1070,1370
43463,1020,1350
43465,1030,1320
43466,1280,1640
43467,1000,1260
43502,970,1250
43504,1170,1500
43511,1610,2060
43515,970,1250
43516,1030,1370
43521,970,1250
43522,1170,1500
43525,1090,1400
43528,1270,1630
43529,1150,1480
43532,1050,1390
43533,990,1270
43537,1150,1480
43540,1220,1570
43541,1610,2060
43542,1150,1480
43545,1000,1330
43547,1090,1420
43551,1370,1760
43552,1100,1410
43553,970,1250
43557,1110,1380
43558,1060,1360
43560,1220,1570
43565,1140,1460
43566,1510,1940
43567,970,1250
43569,970,1250
43570,980,1240
43571,1030,1320
43604,970,1250
43605,1080,1390
43606,1070,1370
43607,1030,1320
43608,970,1250
43609,1100,1410
43610,1010,1300
43611,1020,1310
43612,1130,1450
43613,1060,1360
43614,1010,1300
43615,1190,1530
43616,1020,1310
43617,1220,1570
43619,1010,1300
43620,970,1250
43623,1060,1360
43635,1080,1390
44817,1080,1390
44830,970,1240
45858,1080,1420
45872,1050,1350
45889,1120,1450
66058,890,1180
66060,980,1300
66066,940,1240
66070,1090,1440
66073,910,1200
66088,890,1160
66095,1140,1370
66402,1070,1410
66413,890,1160
66414,890,1160
66416,890,1160
66418,1090,1440
66419,1000,1320
66420,1080,1420
66423,890,1160
66428,910,1180
66429,1060,1400
66431,1380,1820
66436,920,1210
66439,890,1160
66440,1060,1400
66451,890,1160
66501,1090,1440
66507,1060,1400
66509,1150,1510
66510,970,1280
66512,970,1280
66516,1030,1350
66523,930,1220
66526,1100,1470
66528,890,1160
66533,1090,1440
66537,1070,1410
66539,960,1260
66543,1220,1610
66546,1030,1350
66550,980,1270
66552,890,1160
66601,1080,1420
66603,890,1160
66604,1160,1530
66605,1020,1340
66606,1090,1440
66607,910,1200
66608,980,1290
66609,1110,1460
66610,1580,2080
66611,1040,1370
66612,890,1160
66614,1140,1500
66615,1360,1790
66616,1070,1410
66617,1220,1610
66618,1270,1670
66619,1490,1960
66620,1080,1420
66621,1140,1500
66622,1160,1520
66647,1080,1420
66667,1080,1420
66675,1080,1420
66683,1080,1420
66846,890,1160
66856,890,1160
66868,1030,1340
66871,980,1190
49613,1090,1390
49616,1030,1260
49617,1030,1260
49628,1110,1430
49630,1390,1670
49635,1110,1440
49640,1200,1440
49643,1320,1710
49650,1580,2050
49664,1610,1930
49683,1220,1570
49684,1380,1750
49610,1360,1750
49620,1250,1580
49633,1260,1650
49637,1390,1790
49649,1150,1480
49680,1210,1600
49685,1490,1920
49686,1370,1760
49690,1420,1820
49696,1320,1700
49612,1030,1280
49646,970,1290
49659,1130,1380
49676,1110,1420
49738,1070,1290
49621,1400,1680
49636,1490,1780
49653,1200,1440
49654,1530,1830
49670,1720,2060
49674,1590,1910
49682,1380,1650
08534,2520,3020
08542,2930,3510
08543,1950,2340
08544,2700,3240
08550,2930,3510
08561,2220,2670
08601,1950,2340
08602,1950,2340
08603,1950,2340
08604,1950,2340
08605,1950,2340
08606,1950,2340
08607,1950,2340
08608,1830,2200
08609,1830,2200
08611,1830,2200
08618,1830,2200
08619,2080,2490
08628,1950,2340
08629,1830,2200
08638,1940,2330
08648,2470,2960
08650,1950,2340
08690,2060,2470
85341,1180,1650
85601,1200,1670
85614,1450,2020
85619,1520,2100
85622,1650,2290
85629,2030,2820
85633,1240,1730
85637,1630,2270
85639,1230,1720
85641,2100,2920
85645,1570,2180
85652,1400,1950
85654,1620,2250
85701,1540,2140
85702,1400,1950
85703,1400,1950
85704,1650,2290
85705,1200,1670
85706,1210,1680
85707,1460,2030
85708,1900,2640
85709,1400,1950
85710,1420,1970
85711,1260,1750
85712,1270,1770
85713,1280,1780
85714,1090,1530
85715,1590,2210
85716,1350,1880
85717,1400,1950
85718,1440,2000
85719,1380,1920
85721,1400,1950
85723,1230,1710
85724,1400,1950
85725,1400,1950
85726,1400,1950
85728,1400,1950
85730,1460,2030
85731,1400,1950
85732,1400,1950
85733,1400,1950
85734,1730,2410
85735,1600,2230
85736,1320,1860
85737,2090,2910
85738,1400,1950
85740,1400,1950
85741,1730,2410
85742,1980,2750
85743,1960,2730
85745,1410,1960
85746,1560,2170
85747,2100,2920
85748,1730,2410
85749,1720,2390
85750,1600,2230
85751,1400,1950
85752,1400,1950
85754,1400,1950
85755,2100,2920
85756,1730,2410
85757,1530,2130
74001,1110,1460
74002,940,1230
74003,940,1300
74008,1460,1920
74010,1000,1320
74011,1560,2050
74012,1420,1870
74013,1230,1620
74014,1620,2130
74015,1260,1660
74016,940,1230
74017,1240,1630
74018,1210,1590
74019,1130,1490
74021,1390,1830
74022,940,1300
74030,940,1240
74031,1210,1590
74033,1470,1930
74035,940,1230
74036,1090,1440
74037,1720,2260
74038,1170,1550
74039,1100,1450
74041,1280,1680
74043,1230,1620
74044,1080,1420
74046,940,1250
74047,1060,1420
74048,940,1220
74050,940,1230
74051,940,1300
74052,940,1230
74053,1130,1490
74054,960,1270
74055,1390,1830
74056,940,1230
74060,940,1230
74061,990,1380
74063,1180,1550
74066,1190,1570
74067,1110,1460
74068,940,1240
74070,1110,1460
74071,1000,1320
74073,1150,1510
74080,1080,1430
74081,1360,1800
74084,940,1230
74085,950,1320
74101,1230,1620
74103,1680,2210
74104,1440,1900
74105,1280,1680
74106,1080,1420
74107,1210,1590
74108,1280,1680
74110,1060,1400
74112,1270,1670
74114,1490,1960
74115,1090,1430
74116,960,1260
74117,1190,1570
74119,1280,1680
74120,1190,1570
74126,1000,1320
74127,1180,1550
74128,1220,1610
74129,1080,1420
74130,1270,1670
74131,1230,1620
74132,1310,1720
74133,1500,1970
74134,1150,1510
74135,1230,1620
74136,1250,1650
74137,1400,1840
74141,1230,1620
74145,1220,1610
74146,1170,1540
74147,1230,1620
74148,1230,1620
74149,1230,1620
74150,1230,1620
74152,1230,1620
74153,1230,1620
74155,1230,1620
74156,1230,1620
74157,1230,1620
74158,1230,1620
74159,1230,1620
74169,1230,1620
74170,1230,1620
74171,1290,1700
74172,1230,1620
74182,1230,1620
74186,1230,1620
74187,1230,1620
74192,1230,1620
74332,1100,1420
74337,940,1230
74352,940,1230
74361,990,1300
74403,1010,1270
74421,1100,1510
74429,1150,1510
74434,940,1220
74436,1000,1270
74441,1010,1290
74446,990,1300
74454,940,1230
74458,1010,1320
74467,1020,1340
74477,1020,1340
74604,940,1250
74633,940,1230
74637,940,1230
74650,950,1230
74652,970,1280
74422,1420,1820
74428,1030,1390
74431,940,1280
74437,940,1280
74445,960,1320
74447,940,1280
74456,990,1350
74460,940,1280
74859,940,1180
74880,940,1180
73061,1290,1570
74020,1020,1350
74032,940,1290
74034,1150,1520
74045,990,1330
74058,940,1240
74644,940,1120
74651,940,1130
35442,970,1170
35443,970,1170
35462,1180,1410
35463,1170,1500
35464,970,1170
35469,1160,1420
35480,1030,1310
35491,1140,1370
36740,1080,1290
35401,1130,1440
35402,1180,1500
35403,1180,1500
35404,1180,1500
35405,1300,1660
35406,1520,1940
35407,1180,1500
35441,1100,1370
35446,1030,1310
35449,1180,1500
35452,1500,1910
35453,1110,1410
35457,1030,1310
35458,1030,1310
35466,1030,1310
35473,1110,1410
35474,1160,1480
35475,1080,1380
35476,1130,1440
35486,1180,1500
35487,1130,1440
35490,1040,1330
35555,1030,1310
35574,1030,1360
36738,1030,1310
36742,1030,1310
36744,1030,1310
36756,1030,1310
36765,1030,1310
36776,1030,1310
36786,1030,1310
35447,860,1100
35461,1160,1490
35481,780,990
35576,850,1120
83301,1280,1780
83325,1340,1810
83335,1130,1520
83338,1190,1600
83347,1020,1400
83303,1280,1780
83314,1160,1630
83321,1290,1790
83328,1510,2100
83332,1160,1630
83334,1180,1640
83341,1270,1770
83344,1450,2020
75140,1200,1600
75701,1370,1840
75702,1200,1600
75703,1510,2020
75704,1260,1690
75705,1910,2560
75706,1200,1600
75707,1560,2090
75708,1200,1600
75709,1450,1940
75710,1340,1800
75711,1370,1840
75712,1340,1800
75713,1340,1800
75750,1200,1600
75757,1350,1830
75762,1390,1860
75771,1470,1970
75773,1200,1600
75790,1200,1600
75791,1650,2210
75792,1310,1760
96701,2460,3420
96706,3160,4390
96707,3240,4510
96709,2640,3670
96712,2710,3770
96717,2790,3880
96730,2240,3120
96731,2200,3060
96734,3610,5020
96744,2850,3960
96759,2820,3920
96762,3080,4280
96782,2710,3770
96786,2970,4130
96789,2720,3780
96791,2900,4030
96792,2360,3280
96795,2060,2860
96797,2430,3380
96801,2640,3670
96802,2640,3670
96803,2640,3670
96804,2640,3670
96805,2640,3670
96806,2640,3670
96807,2640,3670
96808,2640,3670
96809,2640,3670
96810,2640,3670
96811,2640,3670
96812,2640,3670
96813,2290,3180
96814,2770,3850
96815,3050,4240
96816,2480,3450
96817,2170,3020
96818,3410,4740
96819,2320,3230
96820,2640,3670
96821,3550,4940
96822,2510,3490
96823,2640,3670
96824,2640,3670
96825,3960,5510
96826,2400,3340
96828,2640,3670
96830,2640,3670
96836,2640,3670
96837,2640,3670
96839,2640,3670
96848,2510,3490
96850,2640,3670
96853,3410,4740
96854,2640,3670
96857,2970,4130
96858,2320,3230
96859,2640,3670
96860,3180,4410
96861,2640,3670
96863,3610,5020
13054,1140,1370
13123,1420,1710
13157,1250,1500
13162,1180,1420
13301,1290,1560
13303,1090,1310
13304,1070,1290
13308,1370,1640
13309,1050,1260
13313,1050,1260
13318,1100,1330
13319,1050,1260
13321,1330,1590
13322,1340,1610
13323,1410,1690
13324,1050,1260
13328,1200,1440
13329,1050,1260
13331,1200,1450
13338,1450,1740
13339,1070,1330
13340,1100,1320
13341,1190,1430
13350,1140,1370
13352,1080,1290
13354,1050,1260
13357,1090,1310
13360,1430,1710
13361,1070,1290
13362,1190,1430
13363,1580,1890
13365,1050,1260
13367,1050,1390
13401,1190,1430
13403,1450,1740
13406,1050,1260
13407,1050,1260
13413,1440,1730
13416,1050,1260
13417,1090,1310
13420,1070,1280
13424,1090,1310
13431,1080,1290
13435,1080,1290
13438,1080,1290
13439,1070,1290
13440,1190,1430
13441,1160,1390
13442,1190,1430
13454,1050,1260
13455,1110,1340
13456,1050,1260
13461,1390,1670
13469,1210,1450
13470,1050,1260
13471,1360,1630
13472,1070,1280
13475,1070,1330
13476,1140,1370
13477,1050,1260
13478,1120,1340
13479,1190,1430
13486,1170,1400
13489,1120,1400
13490,1200,1440
13492,1240,1490
13494,1320,1590
13495,1210,1450
13501,1120,1340
13502,1230,1470
13503,1190,1430
13504,1190,1430
13505,1190,1430
31601,1130,1500
31602,1310,1740
31603,1220,1620
31604,1220,1620
31605,1480,1970
31606,1150,1530
31625,1110,1460
31626,1080,1380
31629,1040,1380
31630,1090,1500
31631,1040,1380
31632,1380,1840
31635,1050,1400
31636,1100,1460
31638,1040,1380
31639,1040,1380
31641,1180,1570
31643,1050,1390
31645,1160,1580
31648,1290,1710
31649,1280,1700
31698,1240,1650
31699,1480,1970
31720,1040,1380
31778,1040,1380
31788,1040,1380
94510,2530,3380
94512,2180,2920
94533,2180,2920
94535,3080,4110
94585,2300,3070
94589,2180,2960
94590,2180,2920
94592,3270,4370
95625,2360,3120
95687,2410,3190
95688,2210,2930
95696,2180,2920
77901,1410,1690
77902,1450,1740
77903,1450,1740
77904,1550,1860
77905,1410,1690
77951,1400,1680
77960,1270,1530
77963,1260,1520
77968,1260,1520
77973,1450,1740
77974,1400,1680
77976,1460,1750
77977,1260,1530
77979,1260,1520
77988,1260,1520
77993,1260,1520
77995,1260,1520
78107,1260,1520
78119,1350,1620
78164,1260,1520
08311,1640,2260
08313,1670,2300
08314,1670,2300
08315,1670,2300
08316,1700,2330
08320,1690,2310
08321,1940,2670
08323,1440,1950
08324,1670,2300
08327,1670,2300
08329,2050,2810
08332,1630,2240
08345,1870,2570
08348,1630,2240
08349,2110,2900
08352,2440,3360
08353,1450,2000
08362,1670,2300
27909,1190,1600
27921,1350,1880
27973,1460,2020
27974,1400,1930
27976,1560,2140
23001,1400,1940
23003,1400,1940
23018,1400,1940
23021,1410,1960
23025,1410,1960
23035,1410,1960
23045,1410,1960
23050,1410,1960
23056,1410,1960
23061,1540,2140
23062,1260,1750
23064,1410,1960
23066,1410,1960
23068,1410,1960
23072,1340,1860
23076,1410,1960
23081,1750,2430
23090,2150,2980
23109,1270,1760
23119,1410,1960
23125,1410,1960
23127,1750,2430
23128,1410,1950
23130,1440,1990
23131,1400,1940
23138,1670,2330
23154,1400,1940
23155,1400,1940
23163,1670,2330
23168,1630,2260
23178,1400,1940
23183,1400,1940
23184,1400,1940
23187,1660,2300
23188,1810,2510
23190,1400,1940
23304,1700,2360
23314,2120,2940
23315,1370,1900
23320,2150,2980
23321,1730,2400
23322,2290,3180
23323,2000,2770
23324,1460,2020
23325,1750,2430
23326,1840,2550
23327,1840,2550
23328,1840,2550
23430,1490,2060
23431,1650,2290
23432,1750,2420
23433,2090,2900
23434,1610,2230
23435,2170,3010
23436,2140,2970
23437,1240,1720
23438,2000,2790
23439,1770,2450
23450,1960,2720
23451,2070,2870
23452,2020,2800
23453,1990,2760
23454,1970,2730
23455,2040,2830
23456,2400,3330
23457,1900,2640
23459,1910,2650
23460,1970,2730
23461,2090,2890
23462,2050,2840
23463,1960,2720
23464,1990,2760
23466,1960,2720
23467,1960,2720
23471,1960,2720
23479,1960,2720
23487,1400,1940
23501,1550,2150
23502,1580,2190
23503,1600,2220
23504,1450,2010
23505,1650,2290
23507,1730,2400
23508,1680,2330
23509,1610,2230
23510,1990,2760
23511,2440,3380
23513,1590,2210
23514,1550,2150
23515,1550,2150
23517,1660,2300
23518,1660,2300
23523,1410,1960
23529,1550,2150
23541,1550,2150
23551,1890,2620
23601,1450,2010
23602,1810,2510
23603,1700,2360
23604,2200,3050
23605,1450,2010
23606,1730,2400
23607,1400,1940
23608,1620,2250
23609,1550,2150
23612,1550,2150
23651,2190,3040
23661,1480,2050
23662,1990,2760
23663,1540,2140
23664,1580,2190
23665,2300,3190
23666,1870,2590
23667,1570,2180
23668,1580,2190
23669,1580,2190
23670,1600,2220
23681,1600,2220
23690,1260,1750
23691,2290,3190
23692,2200,3050
23693,2050,2840
23696,2310,3200
23701,1580,2190
23702,1480,2050
23703,1650,2290
23704,1640,2270
23705,1560,2160
23707,1400,1940
23708,1680,2330
23709,1590,2200
23851,1100,1440
23866,1270,1680
23898,1170,1570
27916,1510,2090
27917,1510,2090
27923,1510,2090
27927,1780,2470
27929,1590,2200
27939,1460,2020
27941,1770,2420
27947,1580,2190
27950,1640,2270
27956,1510,2090
27958,1650,2300
27964,1700,2270
27965,1510,2090
27966,1800,2500
27919,1110,1490
27926,1940,2680
27935,1540,2100
27937,2060,2850
27938,1870,2590
27946,1670,2300
27969,2060,2850
27979,1710,2370
23839,1180,1540
23846,1320,1780
23883,1360,1890
23899,1020,1420
93207,1470,2020
93208,1470,2020
93218,1490,2050
93221,1550,2130
93223,1290,1780
93227,1520,2090
93235,1290,1780
93237,1810,2490
93244,1630,2240
93247,1290,1780
93256,1350,1860
93257,1430,1970
93258,1290,1780
93260,1470,2020
93261,1290,1780
93262,1810,2490
93265,1520,2090
93267,1290,1780
93270,1310,1800
93271,1810,2490
93272,1500,2060
93275,1470,2020
93277,1640,2260
93278,1470,2020
93279,1470,2020
93286,1290,1780
93290,1470,2020
93291,1520,2090
93292,1770,2440
93615,1480,2040
93633,1470,2020
93666,1290,1780
93670,1750,2410
93673,1290,1780
76524,1350,1760
76621,1240,1600
76622,1240,1600
76624,1240,1600
76630,1240,1600
76633,1640,2110
76640,1240,1600
76643,1620,2090
76654,1240,1600
76655,1570,2040
76664,1240,1600
76673,1240,1600
76682,1330,1760
76691,1240,1600
76701,1440,1850
76702,1250,1610
76703,1250,1610
76704,1240,1600
76705,1240,1600
76706,1240,1600
76707,1240,1600
76708,1250,1610
76710,1240,1600
76711,1530,1980
76712,1460,1880
76714,1250,1610
76716,1250,1610
76798,1240,1600
76043,970,1270
76457,1210,1640
76637,970,1290
76649,970,1340
76652,1200,1590
76665,970,1280
76671,970,1280
76690,1110,1470
76632,1310,1750
76642,970,1230
76661,970,1350
76680,980,1360
76685,1090,1470
99323,1430,1950
99324,1460,1990
99328,1340,1850
99329,1460,1990
99348,1340,1850
99360,1450,1980
99361,1440,1960
99362,1610,2200
99363,1490,2030
31005,1590,2130
31013,1360,1820
31025,1180,1570
31028,1390,1860
31036,1180,1570
31047,1760,2350
31069,1180,1580
31088,1450,1940
31091,1180,1570
31093,1180,1570
31095,1360,1820
31098,1710,2290
31076,980,1340
20001,3140,3960
20002,2480,3130
20003,3370,4250
20004,3220,4060
20005,2910,3670
20006,2210,2790
20007,2460,3100
20008,3010,3800
20009,3370,4250
20010,2370,2990
20011,2030,2560
20012,1770,2230
20013,2200,2780
20015,2210,2790
20016,2540,3210
20017,2110,2660
20018,1490,1880
20019,1610,2030
20020,1630,2060
20024,2620,3310
20026,2200,2780
20027,2200,2780
20029,2200,2780
20030,2200,2780
20032,1620,2040
20033,2200,2780
20035,2200,2780
20036,2600,3280
20037,3220,4060
20038,2200,2780
20039,2200,2780
20040,2200,2780
20041,2490,3140
20043,2200,2780
20044,2200,2780
20045,2200,2780
20052,2860,3600
20056,2200,2780
20057,2460,3100
20059,3140,3960
20064,2100,2650
20066,2200,2780
20071,2200,2780
20076,2200,2780
20090,2200,2780
20091,2200,2780
20101,2530,3190
20103,2530,3190
20105,3080,3890
20106,1670,2180
20108,2050,2590
20109,2200,2780
20110,2080,2630
20111,2220,2800
20112,2640,3330
20113,2400,3030
20115,2000,2520
20117,1590,2010
20119,1900,2400
20120,2440,3080
20121,2450,3090
20122,2490,3140
20124,2490,3140
20129,2530,3190
20130,1890,2350
20132,2320,2930
20135,1510,1910
20136,3160,3990
20137,2670,3380
20139,1750,2210
20141,1480,1870
20143,2910,3680
20144,1760,2210
20146,2530,3190
20147,2520,3180
20148,2900,3660
20151,2420,3050
20152,3080,3890
20153,2490,3140
20155,3000,3790
20156,2230,2810
20158,2300,2900
20159,2530,3190
20160,2530,3190
20164,2430,3070
20165,2620,3310
20166,2520,3180
20167,2530,3190
20168,2230,2810
20169,3110,3930
20170,2460,3100
20171,2660,3360
20172,2490,3140
20175,2260,2850
20176,2280,2880
20177,2530,3190
20178,2530,3190
20180,2320,2930
20181,1670,2110
20182,2230,2810
20184,1700,2150
20186,1740,2200
20187,2340,2930
20188,1750,2210
20189,2530,3190
20190,2510,3170
20191,2310,2920
20194,2600,3280
20195,2490,3140
20197,2300,2910
20198,2110,2660
20202,2200,2780
20204,2200,2780
20219,2200,2780
20220,2200,2780
20229,2200,2780
20230,2200,2780
20233,1990,2510
20239,2200,2780
20240,2200,2780
20245,2200,2780
20250,2200,2780
20260,2200,2780
20268,2200,2780
20301,2590,3270
20317,2200,2780
20318,2200,2780
20319,2620,3310
20330,2590,3270
20372,2200,2780
20373,1940,2450
20374,2200,2780
20376,2200,2780
20388,2200,2780
20390,3370,4250
20391,2200,2780
20398,2200,2780
20408,2200,2780
20415,2200,2780
20418,2200,2780
20422,2590,3260
20424,2200,2780
20427,2200,2780
20431,2200,2780
20460,2200,2780
20472,2200,2780
20500,2200,2780
20503,2200,2780
20510,2200,2780
20515,2200,2780
20520,2200,2780
20522,2200,2780
20528,2200,2780
20529,2200,2780
20530,2200,2780
20535,2200,2780
20536,2200,2780
20540,2200,2780
20541,2200,2780
20542,2200,2780
20544,2200,2780
20549,2200,2780
20551,2200,2780
20557,2200,2780
20559,2200,2780
20560,2200,2780
20565,2200,2780
20566,2200,2780
20579,2200,2780
20588,1990,2510
20591,2200,2780
20593,2200,2780
20598,2450,3100
20601,2330,2940
20602,2090,2640
20603,2300,2900
20604,2190,2760
20607,2400,3030
20608,2420,3080
20611,2190,2760
20612,2680,3400
20613,2470,3120
20616,2520,3180
20617,2700,3410
20623,2400,3040
20625,2130,2680
20632,2160,2730
20637,3190,4030
20640,2070,2610
20645,2390,3020
20646,1860,2350
20658,2070,2610
20661,2190,2760
20662,2020,2550
20664,2390,3020
20675,2110,2660
20677,2190,2760
20693,2190,2760
20695,2330,2940
20703,1990,2510
20704,1990,2510
20705,2020,2550
20706,2060,2600
20707,2260,2850
20708,2150,2710
20709,1990,2510
20710,1860,2350
20712,1640,2070
20715,2770,3500
20716,2360,2980
20717,1990,2510
20718,1990,2510
20720,3270,4130
20721,2870,3620
20722,2070,2610
20725,1990,2510
20726,1990,2510
20731,1990,2510
20735,2500,3160
20737,1810,2280
20738,1990,2510
20740,2400,3030
20741,1990,2510
20742,2400,3030
20743,1840,2320
20744,2010,2540
20745,1760,2220
20746,2070,2610
20747,1930,2440
20748,1870,2360
20749,1990,2510
20750,1990,2510
20752,1990,2510
20753,1990,2510
20757,1990,2510
20762,3070,3870
20768,1990,2510
20769,3180,4010
20770,2200,2780
20771,1990,2510
20772,2300,2900
20773,1990,2510
20774,2450,3090
20775,1990,2510
20781,1920,2420
20782,2140,2700
20783,2060,2600
20784,1990,2510
20785,2010,2540
20787,2280,2880
20790,1990,2510
20791,1990,2510
20792,1990,2510
20799,1990,2510
20812,3080,3890
20814,2720,3430
20815,2680,3380
20816,3010,3800
20817,3370,4250
20818,3370,4250
20824,2280,2880
20825,2280,2880
20827,2280,2880
20830,2280,2880
20832,2710,3420
20837,2270,2860
20838,1920,2420
20839,1830,2280
20841,3100,3910
20842,1690,2130
20847,2280,2880
20848,2280,2880
20849,2280,2880
20850,2740,3460
20851,2200,2780
20852,2840,3580
20853,2270,2870
20854,3370,4250
20855,2700,3410
20857,2280,2880
20859,2280,2880
20860,2240,2800
20861,2130,2690
20862,2480,3120
20866,2460,3100
20868,2270,2870
20871,2610,3290
20872,1940,2450
20874,2220,2800
20875,2280,2880
20876,2390,3020
20877,2200,2780
20878,2410,3040
20879,2160,2730
20880,2330,2940
20882,2220,2810
20883,2280,2880
20884,2280,2880
20885,2280,2880
20886,2080,2630
20889,2710,3420
20891,2280,2880
20892,2280,2880
20894,2280,2880
20895,2350,2970
20896,3080,3890
20898,2280,2880
20899,1130,1430
20901,2020,2550
20902,2390,3020
20903,2140,2700
20904,2160,2730
20905,2200,2780
20906,2190,2760
20907,2280,2880
20910,2580,3260
20911,2280,2880
20912,1900,2400
20913,2280,2880
20914,2280,2880
20915,2280,2880
20916,2280,2880
20918,2280,2880
20993,2280,2880
21701,1860,2350
21702,1780,2250
21703,2100,2650
21704,2870,3620
21705,1860,2350
21710,2040,2570
21714,1790,2260
21716,1250,1580
21717,2470,3120
21718,1260,1590
21727,1190,1500
21754,1970,2460
21762,1590,2010
21770,2040,2570
21773,1890,2390
21774,2790,3520
21777,1910,2410
21778,1310,1650
21788,1270,1600
21790,1950,2460
21793,1860,2350
21798,1260,1590
22003,2250,2840
22009,2490,3140
22015,2820,3560
22025,2650,3340
22026,2000,2520
22027,2850,3590
22030,2640,3330
22031,2720,3430
22032,2590,3270
22033,2710,3420
22035,2490,3140
22038,2310,2920
22039,2600,3280
22040,2530,3190
22041,2190,2760
22042,2440,3080
22043,2450,3090
22044,2080,2630
22046,2570,3240
22060,3370,4250
22066,3370,4250
22067,2490,3140
22079,2740,3460
22081,2490,3140
22101,3130,3910
22102,3040,3840
22103,2490,3140
22106,2490,3140
22116,2490,3140
22121,2490,3140
22122,2490,3140
22124,2660,3360
22125,2220,2800
22134,2440,3080
22150,2510,3170
22151,2880,3630
22152,2890,3650
22153,3060,3860
22160,2490,3140
22172,1680,2120
22180,2620,3310
22181,3010,3800
22182,3040,3840
22183,2490,3140
22191,2280,2880
22192,2290,2890
22193,2080,2630
22194,2230,2810
22195,2230,2810
22199,2490,3140
22201,3370,4250
22202,3370,4250
22203,3040,3840
22204,2210,2790
22205,2130,2690
22206,2920,3690
22207,2650,3340
22209,2750,3470
22210,2590,3270
22211,2780,3510
22213,3130,3910
22214,2590,3270
22215,2590,3270
22216,2590,3270
22219,2590,3270
22301,2680,3380
22302,2310,2920
22303,2470,3120
22304,2560,3230
22305,2170,2740
22306,2030,2560
22307,2260,2850
22308,3130,3910
22309,1990,2510
22310,2670,3370
22311,2160,2700
22312,2290,2890
22313,2300,2900
22314,3230,4080
22315,2720,3430
22320,2300,2900
22332,2300,2900
22350,2300,2900
22401,1750,2210
22402,1740,2200
22403,2120,2680
22404,1740,2200
22405,2010,2540
22406,2030,2560
22407,1970,2490
22408,2040,2570
22412,2120,2680
22430,2120,2680
22463,2120,2680
22471,2120,2680
22508,1690,2330
22534,1560,1970
22545,2120,2680
22551,1510,1910
22553,2070,2610
22554,2210,2790
22555,2120,2680
22556,2030,2560
22565,1960,2470
22567,1370,1830
22580,1270,1770
22611,1520,1920
22620,1550,1960
22630,1300,1730
22639,1730,2180
22642,1770,2350
22643,1750,2210
22646,1510,1910
22663,1510,1930
22712,1520,1920
22720,1690,2140
22728,1270,1590
22734,1600,2030
22742,2040,2570
22960,1170,1620
88888,2200,2780
25414,1180,1640
25423,1250,1740
25425,1410,1960
25432,1410,1960
25438,1230,1710
25441,1250,1740
25442,1330,1850
25446,1350,1820
22610,1320,1700
22645,1420,1760
22649,1320,1760
22655,1760,2200
22657,1170,1570
22701,1400,1950
22713,1480,1910
22714,1420,1970
22716,1390,1740
22718,1420,1970
22724,1700,2160
22726,1420,1970
22729,1400,1950
22733,1310,1830
22735,1280,1740
22736,1950,2500
22737,1420,1970
22740,1380,1700
22741,1420,1970
22746,1420,1970
22623,1320,1650
22627,1730,2070
22640,1330,1590
22747,1380,1650
22749,1380,1650
06403,2200,2720
06011,1750,2160
06487,1890,2340
06488,2590,3200
06701,1890,2340
06702,1380,1710
06703,1890,2340
06704,1730,2140
06705,1730,2140
06706,1710,2110
06708,1810,2240
06710,1670,2060
06712,2340,2890
06716,2680,3310
06720,1890,2340
06721,1890,2340
06722,1890,2340
06723,1890,2340
06724,1890,2340
06751,1500,1880
06762,2100,2600
06778,1490,1860
06779,1890,2340
06781,1820,2250
06782,2060,2550
06786,1640,2030
06787,1490,1840
06791,2080,2680
06793,2330,3000
06795,1720,2130
06798,2200,2720
06478,1710,2080
06483,1710,2060
50148,930,1220
50258,920,1210
50269,920,1210
50601,920,1200
50604,920,1180
50609,920,1200
50612,1010,1290
50613,1210,1560
50621,930,1200
50622,920,1210
50623,1000,1290
50624,920,1190
50626,920,1190
50627,920,1210
50629,920,1230
50634,920,1190
50638,920,1190
50642,1230,1590
50643,1150,1480
50647,1100,1440
50648,980,1330
50657,920,1180
50660,1000,1200
50665,970,1180
50667,1020,1340
50668,920,1210
50669,920,1180
50672,920,1210
50673,1110,1430
50675,990,1240
50680,920,1190
50701,980,1270
50702,1060,1370
50703,1060,1370
50704,1060,1370
50707,1000,1290
50630,950,1320
50631,960,1290
50645,920,1270
50658,930,1270
50666,920,1200
50670,1020,1260
50674,1000,1330
50676,920,1210
50677,1060,1400
13601,1290,1750
13602,1660,2250
13603,1740,2360
13605,1160,1570
13606,1360,1850
13607,1160,1570
13608,1160,1570
13611,1160,1570
13612,1160,1570
13615,1160,1570
13616,1420,1930
13618,1160,1570
13619,1260,1710
13622,1280,1740
13624,1170,1590
13626,1160,1610
13628,1180,1600
13631,1410,1910
13632,1230,1670
13634,1170,1590
13636,1160,1570
13637,1500,2040
13638,1160,1570
13640,1160,1570
13641,1160,1570
13642,1160,1570
13643,1260,1710
13646,1160,1570
13650,1160,1570
13651,1160,1570
13656,1160,1570
13659,1170,1570
13665,1160,1570
13671,1410,1910
13673,1190,1610
13674,1160,1570
13675,1160,1570
13679,1160,1570
13682,1510,2050
13685,1570,2130
13691,1160,1570
13692,1410,1910
13693,1180,1600
54401,1170,1540
54402,1150,1510
54403,1140,1500
54405,1100,1420
54408,970,1270
54409,990,1250
54411,1000,1320
54412,970,1250
54414,970,1260
54417,1100,1470
54421,990,1280
54425,970,1250
54426,990,1300
54427,1010,1320
54429,1150,1510
54440,990,1300
54443,970,1250
54448,970,1280
54449,1030,1300
54451,1000,1280
54452,970,1350
54455,1210,1590
54471,1720,2270
54473,970,1250
54474,1030,1360
54476,1150,1510
54479,970,1270
54480,1140,1460
54484,1240,1630
54488,970,1260
54499,970,1250
26003,1070,1380
26030,970,1290
26032,1000,1320
26034,1060,1400
26035,1010,1330
26037,970,1290
26047,970,1290
26050,970,1290
26056,970,1290
26058,1060,1380
26060,1040,1340
26062,970,1290
26070,970,1290
26075,1040,1370
43901,1100,1450
43907,970,1280
43910,1080,1420
43913,970,1290
43917,980,1290
43925,990,1300
43926,970,1290
43930,1070,1390
43932,1110,1460
43938,1090,1440
43939,970,1290
43941,1020,1350
43943,970,1280
43944,1140,1510
43948,1210,1600
43952,1000,1320
43953,1090,1440
43961,970,1290
43963,1000,1320
43964,970,1290
43970,1020,1350
43971,970,1270
98801,1510,2080
98802,1580,2170
98807,1510,2080
98811,1580,2170
98812,1340,1860
98813,1340,1860
98815,1340,1860
98816,1720,2360
98817,1510,2080
98821,1340,1860
98822,1580,2170
98823,1340,1860
98826,2160,2850
98828,1750,2410
98830,1340,1860
98831,1750,2410
98836,1340,1860
98843,1340,1860
98845,1350,1860
98846,1500,2060
98847,1390,1910
98848,1340,1860
98850,1410,1940
98852,1340,1860
98858,1730,2380
99115,1340,1860
99116,1340,1860
99133,1340,1860
26031,970,1250
26033,1080,1390
26036,1150,1470
26038,1060,1370
26039,1020,1310
26040,970,1250
26041,1010,1300
26055,980,1270
26059,1130,1460
26074,1290,1660
26155,970,1250
43713,970,1250
43716,1000,1310
43718,1230,1590
43719,970,1250
43747,980,1280
43759,1070,1380
43773,1060,1350
43902,1060,1390
43905,1050,1350
43906,970,1250
43909,980,1260
43912,970,1250
43916,970,1250
43927,970,1250
43928,1120,1450
43933,1050,1350
43934,970,1250
43935,970,1250
43937,970,1250
43940,970,1250
43942,970,1260
43947,970,1250
43950,1090,1410
43951,1130,1460
43967,1180,1520
43972,1090,1410
43973,1030,1360
43977,1170,1510
43983,1080,1400
43985,1170,1510
66840,880,1160
66842,990,1300
66866,950,1250
67001,1130,1480
67002,1650,2170
67008,970,1270
67010,1180,1550
67012,920,1190
67016,1160,1520
67017,1340,1760
67020,940,1220
67025,1120,1480
67026,1240,1630
67030,1520,2000
67031,1120,1340
67037,1230,1620
67039,940,1230
67041,1030,1350
67042,1000,1310
67045,880,1110
67050,1200,1580
67052,1550,2040
67055,1360,1790
67056,1050,1380
67060,1100,1450
67062,880,1150
67067,1650,2170
67072,880,1150
67074,960,1260
67101,1390,1830
67106,1020,1310
67107,880,1120
67108,1000,1290
67110,1360,1750
67114,1030,1350
67117,1030,1350
67118,910,1270
67120,1090,1380
67123,890,1170
67131,940,1220
67132,1050,1380
67133,1300,1710
67135,1130,1480
67144,1130,1480
67147,1070,1410
67149,1250,1610
67151,1290,1700
67154,1090,1430
67201,1100,1450
67202,1180,1550
67203,1090,1430
67204,1070,1410
67205,1590,2090
67206,1260,1660
67207,1090,1430
67208,1230,1620
67209,1060,1390
67210,1010,1330
67211,1060,1390
67212,1170,1540
67213,1070,1410
67214,880,1150
67215,1650,2170
67216,990,1300
67217,1130,1480
67218,1000,1310
67219,1190,1560
67220,1080,1420
67221,1030,1360
67223,1550,2040
67226,1360,1790
67227,1520,2000
67228,1390,1830
67230,1650,2170
67232,1330,1750
67235,1650,2170
67260,1090,1430
67275,1100,1450
67277,1100,1450
67278,1100,1450
67522,880,1090
67543,890,1090
67546,960,1230
67004,880,1100
67013,950,1140
67018,930,1160
67022,880,1050
67049,920,1120
67051,910,1130
67103,1080,1290
67105,910,1090
67119,940,1130
67140,880,1050
67146,980,1260
67152,1050,1260
76228,1200,1650
76230,1220,1700
76261,1040,1430
76301,1000,1360
76302,1160,1590
76305,1000,1360
76306,1100,1500
76307,1150,1570
76308,1230,1680
76309,1120,1530
76310,1250,1710
76311,1700,2320
76351,1000,1360
76352,1000,1360
76354,1080,1480
76357,1000,1360
76360,1030,1400
76365,1000,1360
76366,1000,1360
76367,1290,1760
76369,1150,1570
76370,1000,1360
76374,1000,1360
76377,1000,1360
76379,1140,1560
76389,1000,1360
33513,1240,1540
33514,1240,1540
33521,1240,1540
33538,1240,1540
33585,1240,1540
34785,1280,1600
16930,1140,1480
16938,1020,1330
17701,1260,1670
17702,1230,1630
17703,1200,1590
17720,1020,1330
17723,1200,1590
17724,1020,1330
17727,1200,1590
17728,1040,1380
17737,1150,1530
17739,1200,1590
17740,1050,1380
17742,1260,1670
17744,1180,1570
17745,1020,1330
17747,1050,1330
17752,1270,1690
17754,1240,1650
17756,1260,1660
17758,1360,1870
17762,1250,1660
17763,1310,1740
17765,1240,1620
17769,1200,1590
17771,1100,1460
17772,1110,1560
17774,1280,1700
17776,1040,1360
17777,1110,1560
17810,1060,1450
17846,1020,1330
18619,1160,1570
28420,1200,1670
28422,1630,2270
28436,1330,1620
28451,1620,2250
28452,1200,1670
28456,1160,1620
28459,1430,1990
28461,1570,2180
28462,1160,1620
28465,1410,1960
28467,1550,2160
28468,1510,2100
28469,1190,1660
28470,1270,1770
28479,1420,1970
28401,1430,1880
28402,1660,2180
28403,1650,2170
28404,1660,2180
28405,1710,2240
28406,1660,2180
28408,1660,2180
28409,1960,2570
28410,1660,2180
28411,2040,2680
28412,1740,2280
28428,1790,2350
28429,1430,1880
28449,1760,2310
28480,2470,3240
28421,980,1370
28425,1010,1400
28435,1080,1440
28443,1560,2170
28447,980,1370
28448,980,1370
28457,990,1380
28466,980,1370
28478,980,1370
22601,1730,2160
22602,1670,2090
22603,1580,1970
22604,1590,1990
22624,1440,1800
22625,1630,2040
22637,1630,2040
22654,1420,1790
22656,2360,2950
25431,1420,1760
25437,1420,1760
25444,1420,1760
26704,1420,1760
26710,1420,1760
26711,1420,1760
26714,1420,1760
26722,1420,1760
26755,1420,1760
26757,1420,1760
26761,1420,1760
26763,1420,1760
26808,1420,1760
26817,1420,1760
26823,1420,1760
26845,1420,1760
26851,1420,1760
26852,1420,1760
26865,1420,1760
27006,1190,1550
27009,1520,1980
27010,1270,1660
27011,940,1230
27012,1280,1690
27014,1200,1570
27016,1310,1710
27018,930,1210
27019,940,1230
27021,1140,1490
27022,950,1240
27023,1330,1740
27030,930,1180
27040,1770,2310
27041,940,1180
27042,970,1230
27043,1000,1250
27045,1270,1660
27046,930,1210
27050,1050,1370
27051,1400,1830
27052,1000,1300
27053,930,1200
27094,1270,1660
27099,1270,1660
27101,1230,1600
27102,1270,1660
27103,1380,1800
27104,1440,1880
27105,1100,1440
27106,1360,1770
27107,1090,1440
27108,1270,1660
27109,1360,1770
27110,1160,1520
27111,1270,1660
27113,1270,1660
27114,1270,1660
27115,1270,1660
27116,1270,1660
27117,1270,1660
27120,1270,1660
27127,1270,1660
27130,1270,1660
27150,1270,1660
27152,1270,1660
27155,1270,1660
27157,1270,1660
27199,1270,1660
27285,1270,1660
28642,930,1210
27293,960,1320
27294,960,1320
27295,940,1290
27299,1080,1480
27351,1050,1440
27373,960,1320
27374,940,1290
01005,1740,2290
01068,1930,2390
01074,1670,2040
01452,1670,2290
01453,1850,2380
01501,1800,2230
01505,2520,3120
01506,1670,2040
01507,1810,2240
01508,1990,2470
01509,1990,2470
01510,1990,2590
01515,1670,2040
01516,2150,2660
01518,1980,2450
01519,2970,3680
01520,2450,3040
01522,2070,2570
01523,2730,3800
01524,1670,2040
01525,1990,2470
01526,1990,2470
01527,2080,2580
01531,1670,2040
01532,3080,3820
01534,1850,2590
01535,1670,2040
01536,2060,2550
01537,1750,2170
01538,1990,2470
01540,1680,2080
01541,1920,2380
01542,2170,2690
01543,1670,2040
01545,2800,3470
01546,1990,2470
01550,1730,2140
01560,1870,2320
01562,1670,2040
01564,2090,2590
01566,2300,2850
01568,2090,2910
01569,2170,2690
01570,1670,2060
01571,1700,2110
01581,2880,3570
01583,1920,2380
01585,1670,2040
01586,1990,2470
01588,1750,2170
01590,2070,2570
01602,2240,2780
01603,1950,2420
01604,2250,2790
01605,2130,2640
01606,2220,2750
01607,2050,2540
01608,2180,2700
01609,1930,2390
01610,1970,2440
01611,1670,2040
01612,1800,2230
01613,1990,2470
01614,1990,2470
01653,1990,2470
01655,1990,2470
01740,2210,2950
01772,2980,4140
01467,1860,2590
01529,1850,2590
01561,2730,3800
01745,2960,3970
01747,2320,3230
01757,2270,3160
01331,1500,2090
01420,1660,2130
01430,2620,3370
01436,1710,2200
01438,1870,2400
01440,1560,2000
01441,1970,2530
01468,1930,2480
01473,2490,3200
01475,1730,2220
01037,1630,2190
01083,1690,2350
01092,1590,2130
01094,1490,2070
01364,1450,1850
01366,1740,2420
01368,1720,2390
98901,1260,1750
98902,1390,1930
98903,1500,2090
98907,1370,1910
98908,1590,2210
98909,1370,1910
98921,1510,2100
98923,1210,1690
98932,1380,1920
98933,1380,1920
98935,1510,2100
98936,1720,2390
98938,1440,2010
98939,1210,1690
98942,1640,2280
98947,1310,1820
98948,1300,1810
98951,1210,1690
98952,1400,1950
98953,1510,2100
99322,1210,1690
17302,1290,1740
17309,1420,1900
17311,1320,1780
17312,1340,1800
17313,1260,1700
17314,1250,1680
17315,1230,1650
17317,1210,1640
17318,1500,2020
17319,1230,1650
17321,1390,1870
17322,1480,1990
17323,1210,1640
17327,1210,1640
17329,1310,1750
17339,1370,1840
17342,1210,1640
17345,1330,1790
17347,1580,2130
17349,1730,2330
17352,1410,1900
17355,1210,1640
17356,1210,1640
17358,1340,1800
17360,1210,1640
17361,1330,1790
17362,1390,1870
17363,1210,1640
17364,1380,1850
17365,1210,1640
17366,1420,1910
17368,1210,1640
17370,1320,1780
17371,1700,2290
17401,1210,1640
17402,1480,1990
17403,1280,1720
17404,1360,1830
17405,1340,1800
17406,1540,2070
17407,1990,2680
17408,1700,2290
44401,1060,1380
44402,990,1290
44403,970,1270
44404,1000,1310
44405,1010,1320
44406,990,1290
44408,970,1230
44410,970,1270
44416,970,1270
44417,980,1270
44418,1000,1310
44420,970,1270
44422,970,1270
44424,1000,1310
44425,980,1280
44430,970,1270
44436,970,1270
44437,1000,1310
44438,980,1280
44439,1020,1320
44440,970,1270
44442,970,1270
44443,980,1280
44446,970,1270
44450,980,1280
44451,970,1270
44452,1030,1330
44453,970,1270
44454,990,1290
44460,980,1240
44471,1030,1340
44473,1160,1510
44481,970,1270
44483,1030,1340
44484,1090,1420
44485,980,1280
44490,1000,1280
44501,970,1270
44502,1080,1410
44503,1050,1370
44504,970,1270
44505,970,1270
44506,970,1270
44507,1010,1320
44509,990,1290
44510,970,1270
44511,970,1270
44512,970,1270
44513,970,1270
44514,1100,1440
44515,970,1270
44555,1080,1410
44609,970,1250
44619,980,1240
44672,1070,1400
95659,1500,2090
95674,1370,1920
95676,1370,1920
95692,1660,2310
95836,1610,2240
95903,2330,3240
95918,1460,2030
95919,1460,2030
95922,1370,1920
95925,1460,2030
95935,1460,2030
95953,1540,2140
95957,1370,1920
95960,1720,2390
95961,1520,2110
95962,1460,2030
95972,1460,2030
95977,1970,2750
95981,1410,1960
95982,1600,2230
95991,1640,2280
95992,1610,2240
95993,1750,2430
85336,1240,1690
85347,1380,1890
85349,1240,1690
85350,1390,1900
85352,1380,1890
85356,1650,2270
85364,1420,1940
85365,1670,2290
85366,1380,1890
85367,1600,2190
36017,780,1020
36048,790,1040
36072,780,1020
36311,780,1090
36374,810,1130
36005,970,1170
36081,920,1110
36030,850,1060
36033,780,990
36037,850,1020
36042,810,990
36071,800,960
36456,780,990
36474,780,1000
36274,900,1110
36276,900,1110
36855,1100,1390
36862,900,1110
36863,900,1110
35959,810,970
35960,840,1010
35967,800,1020
35973,880,1110
35983,810,970
35984,870,1130
36558,990,1300
36904,880,1160
36908,800,1050
36910,940,1240
36912,1170,1550
36913,860,1090
36915,820,1070
36916,850,1130
36919,830,1080
36921,780,1020
36922,970,1320
36436,790,1030
36446,800,1050
36451,800,1050
36482,790,1030
36524,780,1010
36540,780,1020
36545,780,1010
36727,790,1030
36751,850,1120
36784,850,1050
35072,780,1030
35082,810,1100
35150,1010,1270
35160,780,1060
36251,780,1020
36255,810,1030
36256,880,1070
36258,820,1060
36266,780,1010
36267,780,1040
36268,800,1090
36262,870,1090
36264,840,1050
36269,1020,1270
36273,960,1200
36009,830,1090
36010,900,1090
36034,900,1090
36079,990,1200
36323,780,1090
36330,940,1310
36346,780,1090
36351,780,1090
36360,780,1090
36401,780,1080
36421,800,1030
36426,780,990
36432,780,1070
36454,790,1100
36460,780,1080
36471,780,1080
36473,790,1060
36475,790,1100
36768,910,1220
35089,840,1120
35151,820,1080
35183,780,1070
36028,780,960
36038,800,1030
36420,780,1000
36455,780,1000
36476,780,1010
36483,890,1170
36035,960,1160
36049,900,1080
35053,930,1220
35055,910,1180
35056,880,1140
35057,850,1100
35070,830,1070
35083,870,1130
35098,910,1190
36361,780,1080
36362,1160,1610
36371,780,1080
36702,840,1110
36759,840,1050
36767,1000,1310
36773,820,1080
35744,810,1050
35765,780,1000
35771,780,1000
35951,780,1060
35962,850,1100
35963,810,1030
35966,810,1040
35968,780,990
35971,800,1020
35974,780,990
35975,790,1040
35978,990,1270
35979,840,1080
35981,1140,1460
35986,780,990
35988,780,990
35989,780,990
36441,850,1060
36503,780,970
36543,780,970
35542,800,1110
35545,820,1130
35559,850,1150
35563,870,1160
35594,850,1150
35564,780,1040
35571,940,1200
35581,840,1070
35585,850,1080
35593,780,980
35740,780,1000
35745,1010,1330
35746,870,1120
35751,1000,1290
35752,960,1240
35755,780,1030
35764,880,1140
35766,1130,1460
35768,780,1010
35769,820,1070
35772,810,1050
35774,780,1010
35958,780,1000
35544,810,1080
35552,790,1030
35570,780,1040
35586,780,1030
35592,780,1020
36722,850,1170
36728,850,1140
36732,780,1010
36736,1140,1480
36748,810,1050
36754,890,1180
36763,850,1100
36764,780,1010
36769,850,1070
36782,870,1130
36783,850,1030
35543,860,1150
35548,830,1120
35747,820,1130
35950,840,1160
36425,820,1140
36439,780,1080
36444,780,1080
36445,780,1080
36470,780,1080
36481,780,1080
36082,920,1110
36263,890,1100
36278,780,990
36280,850,1090
35459,830,1080
35460,830,1150
35470,900,1250
35477,830,1000
36901,830,1110
36907,1210,1680
36925,830,1080
35014,830,1110
35032,780,1060
35044,780,1060
35149,810,1100
35011,860,1030
36853,990,1190
36861,780,960
36518,1000,1320
36529,990,1300
36538,990,1300
36539,1100,1410
36548,1040,1360
36553,990,1300
36556,1010,1320
36569,990,1300
36581,1190,1570
36583,1120,1470
36584,990,1300
36585,1190,1570
36435,850,1140
36720,850,1170
36723,860,1200
36726,860,1200
36741,870,1170
36753,910,1220
36766,900,1220
35553,780,1070
35572,810,1100
35575,800,1100
35577,800,1100
99553,1390,1670
99571,1390,1670
99583,1390,1670
99612,1230,1480
99661,1460,1750
99546,2000,2420
99547,2190,2650
99591,2190,2650
99638,2190,2650
99660,1810,2200
99685,2290,2770
99692,2000,2420
99545,1940,2330
99551,1710,2070
99552,1940,2330
99557,1820,2180
99559,2000,2400
99561,1940,2330
99575,1820,2180
99578,1940,2330
99589,1940,2330
99607,1940,2330
99609,1710,2070
99614,1940,2330
99621,1710,2070
99622,1940,2330
99626,1940,2330
99630,1940,2330
99634,1940,2330
99637,1940,2330
99641,1710,2070
99651,1940,2330
99655,1940,2330
99656,1820,2180
99668,1820,2180
99679,1940,2330
99680,1940,2330
99681,1940,2330
99690,1940,2330
99613,1240,1720
99633,1290,1790
99670,1260,1750
99574,1610,2240
99677,1520,2110
99686,1520,2110
99693,1310,1760
99566,970,1350
99573,970,1350
99586,1050,1460
99737,1340,1860
99780,1130,1580
99704,1300,1810
99743,1190,1660
99744,1190,1660
99755,1190,1660
99555,1330,1850
99569,1330,1850
99576,1330,1850
99580,1330,1850
99628,1120,1550
99636,1330,1850
99678,1120,1550
99827,1330,1790
99850,1330,1780
99820,1460,1750
99825,1460,1750
99826,1490,1790
99829,1460,1750
99832,1460,1750
99841,1530,2010
99801,1820,2450
99824,1700,2290
99556,1280,1780
99568,1440,2000
99572,1490,2080
99603,1410,1960
99605,1530,2120
99610,1560,2170
99611,1250,1740
99631,1310,1820
99635,1310,1820
99639,1130,1580
99663,1130,1580
99664,1560,2170
99669,1330,1850
99672,1130,1580
99682,1310,1820
99901,1630,2270
99928,1630,2270
99550,2090,2510
99608,2090,2510
99615,2090,2510
99624,2090,2510
99643,1680,2070
99644,2080,2490
99554,970,1350
99563,970,1350
99581,970,1350
99585,970,1350
99604,970,1350
99620,970,1350
99632,970,1350
99650,970,1350
99657,970,1350
99658,1460,2030
99662,970,1350
99666,970,1350
99548,1030,1390
99549,1030,1390
99564,1030,1390
99565,1030,1390
99579,1030,1390
99606,1240,1720
99625,1030,1390
99640,1820,2180
99647,1030,1390
99648,1030,1390
99649,1030,1390
99653,1050,1420
99695,1030,1390
99659,1530,2130
99671,1530,2130
99684,1530,2130
99739,1330,1870
99742,1330,1870
99753,1330,1870
99762,1670,2320
99769,1530,2130
99771,1530,2130
99772,1530,2130
99778,1530,2130
99783,1530,2130
99784,1330,1870
99785,1330,1870
99721,1630,1960
99723,1680,2020
99734,1630,1970
99747,1630,1970
99759,1630,1970
99766,1630,1960
99782,1630,1970
99789,1630,1960
99791,1630,1970
99727,1700,2310
99736,1930,2550
99749,2010,2650
99750,1930,2550
99751,1700,2310
99752,2010,2650
99761,2010,2650
99763,1700,2310
99770,1930,2550
99773,1930,2550
99786,1930,2550
99833,1460,1750
99830,1210,1540
99836,1570,2180
99918,1150,1460
99919,1100,1400
99921,1180,1500
99922,1070,1360
99923,1150,1460
99925,1190,1510
99926,1060,1350
99927,1180,1500
99835,1570,2180
99840,1640,2240
99732,1130,1580
99738,1130,1580
99764,1130,1580
99776,1130,1580
99903,1510,2100
99929,1220,1690
99689,1390,1760
99558,1130,1570
99590,1130,1570
99602,1130,1570
99627,1700,2060
99665,1130,1570
99675,990,1360
99691,1820,2180
99720,1130,1570
99722,1210,1680
99724,1130,1570
99726,1130,1570
99730,1130,1570
99733,1130,1570
99740,1210,1680
99741,1340,1860
99745,1130,1570
99746,1130,1570
99748,1130,1570
99754,1130,1570
99756,1300,1810
99757,1130,1570
99758,990,1360
99765,1130,1570
99767,1130,1570
99768,1130,1570
99774,1130,1570
99777,1130,1570
99781,1210,1680
99788,1130,1570
85901,1420,1760
85920,1250,1700
85924,1530,1950
85925,1170,1590
85927,1300,1760
85930,1250,1540
85932,1310,1780
85936,1180,1610
85937,1700,2110
85938,1560,2120
85940,1420,1760
86028,1200,1490
86033,1330,1650
86034,1250,1540
86502,1180,1610
86503,1250,1540
86504,1230,1660
86505,1250,1580
86506,1180,1610
86507,1050,1410
86508,1180,1610
86511,1110,1510
86512,1180,1610
86515,1070,1410
86520,1430,1840
86535,1340,1690
86538,1190,1620
86540,1080,1460
86544,1130,1540
86545,1180,1610
86547,1180,1610
86556,1050,1410
85135,1570,2110
85501,1290,1740
85532,1600,2020
85541,1650,2090
85542,1270,1740
85544,1580,2040
85547,1480,1870
85550,1270,1740
85553,1270,1740
85554,1270,1740
85941,1270,1740
85530,1240,1660
85531,1710,2310
85533,1140,1540
85535,1240,1660
85536,1240,1660
85543,1320,1770
85546,1200,1610
85548,1240,1660
85551,1200,1610
85552,1230,1650
85534,1080,1300
85540,1170,1400
85922,1160,1390
85325,1230,1710
85328,1430,1920
85334,1080,1510
85344,1220,1700
85346,1250,1740
85348,1230,1710
85357,1150,1600
85359,1150,1600
85371,1220,1700
84536,1250,1540
85902,1250,1540
85911,1250,1540
85912,1560,1930
85923,1250,1540
85926,1250,1540
85929,1490,1850
85933,1250,1540
85934,1370,1700
85935,1330,1650
85939,1600,1980
85942,1310,1620
86025,1250,1540
86029,1250,1540
86031,1400,1730
86032,1320,1640
86039,1260,1560
86042,1300,1610
86043,1270,1580
86510,1250,1540
85621,1050,1460
85628,1130,1570
85640,1530,2130
85646,1690,2350
85648,1400,1950
72003,990,1240
72004,880,1150
72026,1010,1240
72038,1000,1220
72042,880,1110
72048,920,1160
72055,880,1110
72073,1040,1320
72134,960,1180
72140,890,1120
72166,910,1210
72175,1140,1490
71635,890,1070
71638,880,1150
71642,910,1160
71646,880,1060
71658,920,1140
71661,1050,1290
71663,880,1070
71676,990,1220
72519,890,1200
72531,920,1200
72537,1260,1630
72538,910,1180
72544,960,1270
72617,890,1200
72623,960,1230
72626,880,1160
72635,970,1280
72642,880,1160
72651,1100,1450
72653,980,1290
72654,960,1270
72658,880,1160
72659,960,1270
72601,880,1220
72602,880,1220
72611,1070,1390
72615,880,1220
72630,970,1330
72633,880,1200
72643,880,1220
72644,970,1330
72662,960,1260
72682,940,1210
72685,880,1080
72687,970,1210
71631,940,1230
71647,880,1210
71651,910,1140
71660,900,1130
71671,890,1220
71675,1010,1340
71701,900,1150
71720,880,1140
71742,930,1260
71744,1040,1250
71745,1040,1250
71766,940,1210
72613,950,1140
72616,950,1140
72624,980,1290
72631,960,1150
72638,980,1180
72660,1160,1390
71640,880,1150
71653,1090,1420
71721,880,1220
71728,880,1220
71743,880,1220
71763,880,1210
71772,880,1220
71921,930,1290
71923,880,1220
71929,1010,1330
71962,890,1210
71998,880,1220
71999,880,1220
72413,880,1220
72422,880,1190
72424,880,1190
72425,900,1240
72430,910,1230
72435,890,1210
72436,910,1260
72441,880,1190
72453,880,1210
72454,940,1270
72456,910,1230
72461,880,1190
72464,940,1270
72470,890,1190
72044,880,1200
72067,880,1140
72088,880,1180
72121,880,1150
72130,880,1170
72137,910,1180
72143,910,1190
72153,880,1190
72179,900,1170
72523,880,1130
72530,960,1240
72534,920,1210
72543,950,1220
72546,960,1230
72550,890,1160
72581,960,1230
71652,900,1080
71665,880,1060
71667,880,1220
71725,980,1260
71740,900,1150
71752,880,1160
71753,900,1190
71754,900,1190
71764,880,1130
71770,950,1240
71860,880,1060
71861,1040,1320
72013,990,1330
72027,920,1260
72030,880,1210
72031,890,1200
72063,880,1220
72080,930,1260
72107,910,1250
72110,880,1220
72127,880,1220
72156,880,1220
72157,880,1220
72823,970,1310
72101,910,1200
72326,880,1110
72347,880,1220
72373,880,1220
72387,880,1220
72396,880,1220
71748,930,1260
71630,880,1210
71639,890,1220
71643,880,1220
71654,910,1250
71662,890,1210
71666,910,1250
71670,880,1190
71674,940,1290
72328,880,1220
72379,880,1210
71655,920,1210
71677,880,1190
72820,880,1090
72821,880,1090
72855,880,1220
72928,900,1120
72943,1030,1430
72949,890,1110
72951,880,1200
72512,890,1220
72513,970,1320
72515,880,1140
72520,880,1140
72529,1090,1500
72539,940,1250
72542,880,1210
72554,900,1220
72566,880,1200
72576,880,1140
72578,930,1210
72583,990,1290
72412,920,1230
72443,880,1220
72451,910,1270
72474,910,1270
71801,910,1190
71825,880,1150
71831,960,1210
71835,880,1070
71847,880,1160
71852,880,1080
71855,890,1120
71857,920,1120
71859,940,1220
71862,880,1150
71941,980,1290
71942,920,1250
71943,900,1210
71833,880,1060
71851,990,1190
71959,920,1150
71971,950,1230
71973,880,1060
72020,880,1090
72081,880,1150
72112,880,1060
72165,880,1090
72501,900,1190
72503,890,1170
72521,910,1250
72522,880,1170
72524,880,1150
72526,900,1190
72527,900,1190
72553,900,1190
72562,880,1160
72564,900,1130
72568,1040,1370
72571,920,1220
72572,1020,1290
72575,890,1170
72579,880,1160
72517,880,1200
72528,880,1200
72532,880,1220
72536,920,1260
72540,900,1240
72556,890,1220
72560,880,1230
72561,930,1270
72565,880,1200
72573,880,1200
72577,900,1240
72584,880,1200
72585,880,1200
72587,880,1190
72005,880,1130
72014,900,1150
72043,880,1060
72075,880,1060
72169,890,1100
72410,940,1170
72431,880,1060
72471,880,1060
72473,920,1100
71601,930,1220
71644,880,1200
71659,900,1210
72133,900,1190
72152,950,1250
72168,920,1210
72182,950,1260
72830,890,1090
72832,880,1080
72839,880,1090
72840,880,1080
72845,880,1080
72846,890,1090
72847,1000,1300
72854,880,1080
71826,910,1090
71827,920,1160
72415,880,1090
72433,950,1180
72434,880,1150
72440,1000,1240
72445,940,1170
72457,930,1160
72458,890,1130
72459,880,1140
72465,880,1090
72466,880,1140
72469,1020,1290
72482,920,1280
72311,1030,1430
72320,980,1270
72335,940,1180
72341,900,1190
72352,910,1270
72355,950,1320
72360,890,1240
72366,880,1220
72368,890,1240
72372,880,1130
72374,910,1270
71678,880,1220
72826,1030,1430
72834,980,1360
72835,970,1310
72842,920,1280
72851,910,1250
72863,880,1220
72865,880,1220
65729,890,1080
65733,1010,1300
65761,900,1150
72619,880,1100
72634,880,1100
72639,920,1220
72661,960,1240
72668,910,1130
72672,950,1210
72675,880,1210
72677,880,1100
72310,880,1160
72313,880,1160
72315,880,1160
72316,880,1160
72321,880,1160
72329,880,1160
72330,880,1160
72350,880,1160
72351,880,1160
72358,880,1160
72370,940,1240
72391,930,1230
72395,940,1240
72426,880,1160
72428,890,1180
72021,880,1060
72029,880,1060
72036,880,1160
72069,1060,1270
72108,890,1150
72392,880,1120
71935,900,1200
71957,880,1100
71960,900,1130
71961,920,1130
71965,880,1100
71969,880,1100
71970,880,1100
71722,910,1120
71726,880,1130
71828,910,1090
71858,900,1140
71864,950,1240
72628,880,1060
72640,880,1060
72641,950,1140
72648,910,1160
72655,880,1060
72666,950,1140
72670,880,1060
72683,880,1060
72856,890,1130
71751,940,1210
71762,990,1200
72312,880,1220
72333,880,1220
72342,970,1350
72353,880,1220
72367,880,1220
72369,880,1220
72383,960,1240
72389,910,1260
72390,880,1220
71922,880,1220
71940,880,1220
71950,910,1250
71952,880,1220
71958,880,1220
71841,1080,1340
71932,900,1080
71937,940,1120
71944,1100,1320
71945,880,1060
71953,950,1140
71972,950,1130
72679,900,1240
72686,930,1260
72801,910,1220
72802,1000,1340
72811,940,1260
72812,940,1260
72837,970,1300
72843,980,1310
72858,980,1310
72017,880,1150
72040,880,1150
72041,910,1190
72060,880,1150
72066,970,1290
72170,930,1170
72444,880,1220
72449,890,1120
72455,930,1290
72460,880,1220
72462,880,1220
72478,910,1260
72322,890,1120
72340,880,1130
72359,940,1180
72394,920,1190
72833,880,1220
72838,880,1220
72841,880,1160
72926,1020,1340
72950,960,1270
72958,880,1160
72629,890,1210
72636,880,1220
72645,880,1220
72650,880,1220
72669,880,1200
72680,1200,1670
71823,880,1100
71832,880,1100
71842,1070,1330
72569,890,1200
72051,940,1290
72533,900,1250
72555,890,1210
72567,880,1230
72657,910,1270
72663,1030,1430
71724,950,1140
71730,920,1110
71731,920,1110
71747,880,1070
71750,920,1110
71758,930,1160
71759,920,1110
71765,880,1060
72028,890,1200
72141,880,1190
72010,890,1160
72012,880,1150
72052,910,1180
72068,880,1150
72082,880,1150
72085,910,1190
72102,880,1150
72136,920,1210
72139,890,1160
72145,880,1150
72178,910,1190
72006,880,1160
72059,880,1160
72074,900,1150
72123,960,1260
72824,970,1350
72827,880,1220
72828,880,1220
72829,880,1220
72860,880,1220
95223,1540,2140
95646,1600,2170
96120,1710,2380
95601,1630,2130
95642,1900,2480
95654,1700,2220
95665,1570,2050
95669,1520,1990
95675,1800,2390
95685,1630,2130
95689,1580,2070
95699,1610,2110
95221,1500,2090
95222,1500,2090
95224,1540,2140
95225,1470,2060
95226,1540,2140
95228,1860,2590
95229,1540,2140
95232,1290,1800
95233,1780,2480
95245,1620,2190
95246,1540,2140
95247,1780,2480
95248,1540,2140
95249,1400,1950
95251,1670,2330
95252,1690,2350
95254,1700,2340
95255,1290,1800
95257,1660,2310
95932,1210,1600
95939,1540,2040
95950,1360,1860
95955,1360,1790
95970,1330,1750
95979,1090,1470
95987,1560,2060
95988,1360,1800
95531,1390,1930
95538,1390,1930
95543,1130,1590
95548,1160,1610
95567,1410,1940
95913,1850,2450
95920,1480,2010
95943,1350,1790
95951,1110,1470
95963,1440,1920
95501,1420,1970
95502,1550,2160
95503,1700,2360
95511,1550,2160
95514,1550,2160
95518,1550,2160
95519,1660,2310
95521,1620,2250
95524,1930,2680
95525,1580,2200
95526,1340,1870
95528,1550,2160
95534,1550,2160
95536,1520,2110
95537,1660,2300
95540,1420,1970
95542,1650,2290
95545,1490,2080
95546,1450,2020
95547,1590,2210
95549,1590,2210
95550,1600,2220
95551,1570,2180
95553,1370,1910
95554,1550,2160
95555,1340,1870
95556,1340,1870
95558,1520,2110
95559,1550,2160
95560,1460,2040
95562,1340,1870
95564,1630,2270
95565,1510,2100
95568,1340,1870
95569,1510,2110
95570,2160,3000
95571,1550,2160
95573,1570,2180
95587,1580,2200
95589,1450,2020
89060,1290,1570
89061,1810,2510
92328,1380,1770
92384,1290,1570
92389,1510,1930
93513,1520,1950
93514,1650,2140
93515,1510,1930
93522,1510,1930
93526,1360,1740
93530,1580,2030
93545,1290,1570
93546,1670,2320
93549,1740,2230
95422,1460,2030
95423,1420,1970
95424,1550,2160
95426,2010,2790
95435,1270,1770
95443,1360,1890
95451,1610,2240
95453,1270,1770
95457,2150,2940
95458,1330,1850
95464,1520,2110
95467,2320,3230
95469,1890,2630
95485,1420,1970
95493,1460,2030
96006,1230,1680
96009,1280,1780
96068,1280,1780
96105,1390,1940
96109,1280,1780
96113,1220,1700
96114,1490,2070
96117,1280,1780
96119,1280,1780
96121,1490,2070
96123,1280,1780
96127,1280,1780
96128,1380,1920
96130,1250,1740
96132,1280,1780
96136,1280,1780
96137,1200,1670
95306,1400,1950
95311,1640,2200
95318,1450,2020
95321,1790,2340
95325,1450,2020
95338,1410,1960
95345,1450,2020
95389,1450,2020
95410,1710,2380
95415,1670,2320
95417,1710,2380
95418,1710,2380
95420,1860,2590
95427,1940,2700
95428,1540,2140
95429,1550,2150
95432,1870,2600
95437,1700,2360
95449,1990,2770
95454,1710,2380
95456,1710,2380
95459,1680,2330
95460,2270,3160
95463,1710,2380
95466,1710,2380
95468,1560,2170
95470,1810,2520
95481,1710,2380
95482,1740,2420
95488,1710,2380
95490,1590,2210
95494,1940,2690
95585,1710,2380
96015,1130,1460
96054,1110,1440
96101,1130,1460
96104,1110,1440
96108,1110,1440
96110,1110,1440
96112,1110,1440
96115,1110,1440
96116,1130,1460
96134,1090,1520
97635,1070,1490
93512,1650,2140
93517,1620,2200
93529,1680,2340
93541,1680,2340
96107,1640,2280
96133,1610,2230
95712,1810,2520
95724,2030,2780
95924,1810,2520
95945,1610,2260
95946,2320,3230
95949,2010,2800
95959,1920,2670
95975,1610,2260
95986,1920,2670
96111,2360,3240
96160,1810,2520
96162,1810,2520
95915,1410,1960
95923,1260,1750
95934,1210,1680
95947,1190,1670
95956,1600,2230
95971,1600,2230
95980,1410,1960
95983,1190,1670
95984,1410,1960
96020,1350,1880
96103,1450,2040
96106,1410,1960
96122,1290,1790
96129,1410,1960
96135,1410,1960
95910,1530,2130
95936,1530,2130
95944,1530,2130
96118,1530,2130
96124,1530,2130
96125,1530,2130
96126,1530,2130
96014,1150,1600
96023,1090,1520
96027,1210,1680
96031,1250,1740
96032,1240,1720
96034,1090,1520
96037,1230,1700
96038,1090,1520
96039,1090,1520
96044,1140,1590
96050,1090,1520
96057,1450,2020
96058,1090,1520
96064,1210,1680
96067,1630,2270
96085,1140,1580
96086,1210,1690
96094,1130,1570
96097,1160,1610
96021,1370,1880
96029,1360,1870
96035,1360,1860
96055,1370,1880
96061,1360,1860
96063,1360,1860
96074,1400,1880
96078,1350,1850
96080,1340,1840
96090,1440,1970
96092,1600,2220
95527,1200,1630
95552,1100,1510
95563,1200,1630
95595,1340,1840
96010,1200,1630
96024,1340,1820
96041,1070,1460
96046,1200,1630
96048,1200,1630
96052,1220,1660
96091,1260,1730
96093,1180,1610
95305,1600,2100
95309,1590,2080
95310,1810,2410
95327,1390,1820
95335,1590,2080
95346,2040,2670
95347,1590,2080
95364,1590,2080
95370,1670,2180
95372,2160,2820
95373,1590,2080
95375,1590,2080
95379,1860,2440
95383,2040,2670
81101,1000,1390
81123,1100,1530
81125,970,1270
81136,970,1350
81144,1090,1310
81146,1220,1700
81121,1320,1710
81122,1680,2050
81128,1220,1690
81147,1340,1860
81157,1340,1860
81029,1030,1420
81041,970,1250
81047,1000,1270
81054,1020,1420
81064,1190,1640
81073,970,1350
81084,1000,1350
81087,1010,1410
81090,1090,1520
81044,970,1350
81050,970,1300
81052,1000,1280
81057,1030,1430
81092,1050,1390
81201,1620,2250
81211,1310,1820
81227,1620,2250
81228,1380,1820
81236,1470,2040
81242,1260,1750
80802,1100,1420
80810,1050,1350
80825,970,1250
80862,990,1290
81036,1110,1420
81045,1060,1380
81120,1000,1370
81124,970,1340
81129,1000,1370
81140,970,1330
81141,980,1350
81148,1090,1490
81151,970,1330
81126,970,1350
81133,970,1350
81138,1000,1350
81152,970,1350
81033,1300,1560
81034,1290,1550
81058,1220,1470
81063,1310,1570
81076,1220,1470
81212,1240,1590
81223,1850,2370
81226,1200,1540
81252,1110,1360
81410,1110,1530
81413,1160,1600
81414,1110,1530
81415,1210,1680
81416,1090,1500
81418,1670,2300
81419,1130,1560
81420,1110,1530
81428,1200,1680
81434,1460,2000
81320,1120,1430
81323,1130,1500
81324,1580,2200
81325,1580,2200
81331,1180,1570
81332,1190,1520
80423,1960,2360
80426,2380,2850
80463,2140,2570
80498,2130,2820
81620,2550,3060
81621,2570,3140
81623,2290,3060
81631,2010,2410
81632,2290,2750
81637,2380,2850
81642,2160,2680
81645,2650,3180
81649,2480,2970
81654,2360,3000
81655,2130,2560
81657,2100,2520
81658,2380,2850
81215,1240,1590
81221,1160,1490
81222,1830,2360
81232,1480,1910
81233,1630,2140
81240,1240,1600
81244,1050,1360
81601,1710,2380
81602,1610,2240
81647,1620,2250
81650,1440,2020
81652,1950,2710
80442,1660,1990
80446,1460,1750
80447,1480,1770
80451,1290,1550
80459,1390,1670
80468,1680,2030
80478,1580,1890
80482,1750,2100
81210,1500,2050
81220,1250,1730
81224,1590,2210
81225,1730,2410
81230,1250,1740
81237,1330,1850
81239,1330,1850
81241,1330,1850
81243,1220,1680
81248,1200,1680
81130,1320,1680
81235,1150,1470
81040,1110,1410
81055,1330,1600
81089,1010,1230
80434,990,1260
80473,990,1260
80480,990,1260
81021,1080,1390
81071,1560,1990
80805,1020,1220
80807,1140,1370
80815,980,1210
80834,1120,1340
80836,1010,1220
80861,1020,1230
80461,1350,1720
81251,1570,2040
81301,1650,2020
81302,1590,1940
81303,1510,1850
81326,1440,1770
81328,1440,1770
81329,1590,1940
81020,1010,1230
81024,1100,1360
81027,1160,1430
81046,1180,1460
81049,1100,1520
81059,1060,1340
81081,1120,1420
81082,1180,1460
81091,1010,1230
80804,970,1350
80818,970,1340
80821,1040,1450
80823,1120,1470
80826,1180,1620
80720,1150,1380
80722,1160,1490
80726,1020,1350
80728,970,1320
80731,1020,1320
80736,1150,1520
80747,1140,1500
80751,1090,1440
81154,1200,1500
81610,1080,1290
81625,1710,2060
81633,1070,1320
81638,1710,2060
81640,1130,1380
81641,1260,1760
81653,1710,2060
81321,1210,1610
81327,1170,1550
81330,1200,1600
81334,1060,1300
81335,1180,1570
81401,1180,1640
81402,1170,1630
81403,1460,2000
81411,1170,1630
81422,1040,1450
81423,1580,2200
81424,1040,1450
81425,1040,1450
81429,1090,1500
81431,1570,2200
80653,1060,1380
80705,1060,1380
80723,1240,1720
80733,1150,1520
80750,1220,1650
81030,1120,1500
81067,1080,1450
81077,1020,1360
81427,1460,2000
81432,1610,2240
80721,1090,1350
80734,1080,1380
80744,1040,1250
80746,1020,1300
80758,1090,1400
81611,2230,2850
81612,2090,2710
81615,2240,2860
81656,2370,2970
81043,970,1250
81648,970,1240
81132,1070,1300
81135,1090,1310
80428,2130,2550
80467,1710,2060
80469,1710,2060
80477,2020,2420
80479,1780,2130
80483,1760,2110
80487,2130,2550
81639,1730,2070
81131,1280,1700
81143,1240,1640
81149,970,1290
81155,1120,1510
81433,1230,1510
81426,1650,2290
81430,1580,2200
81435,1670,2320
69168,1210,1450
80737,970,1170
80749,1020,1220
80424,2810,3370
80435,2140,2820
80443,3020,3620
80497,2470,2960
80740,1050,1310
80743,1040,1250
80757,1100,1490
80759,1080,1380
80801,1080,1300
80812,1040,1260
80727,1020,1250
80735,1020,1270
80755,1020,1310
80822,1040,1310
80824,1020,1270
06230,1600,2060
06234,1660,2140
06235,1470,1890
06239,1720,2220
06241,1750,2250
06242,1230,1580
06243,1750,2250
06244,1600,2060
06246,1600,2060
06247,1730,2230
06255,1440,1830
06258,1620,2090
06259,1620,2090
06260,1540,1980
06262,1540,1950
06263,1750,2250
06264,2100,2700
06267,1600,2060
06277,2310,2980
06278,1710,2200
06281,1530,1970
06282,1470,1880
06331,1680,2160
06332,1630,2100
06354,1580,2040
06373,2100,2660
06377,2190,2820
06387,1440,1770
06018,1650,2130
06021,1860,2400
06024,1790,2310
06027,1820,2340
06031,2120,2730
06039,1710,2200
06057,1580,2000
06058,1510,1950
06061,1580,2000
06063,1760,2270
06065,1770,2290
06068,1780,2280
06069,2420,3120
06079,1630,2100
06091,2100,2650
06098,1530,1970
06750,1360,1700
06753,1600,2060
06754,2180,2810
06756,2420,3120
06757,2030,2590
06758,1490,1920
06759,1850,2380
06763,1490,1920
06777,2420,3120
06790,1530,1970
06792,1600,2060
06796,2190,2820
19930,1630,2050
19931,1260,1590
19933,1260,1590
19939,1390,1750
19940,1260,1590
19941,1360,1710
19944,1540,1960
19945,1470,1850
19947,1390,1750
19951,1530,1920
19956,1260,1590
19958,1850,2320
19960,1480,1860
19966,1510,1900
19967,2100,2640
19968,1550,1950
19969,1400,1760
19970,1640,2060
19971,1600,2010
19973,1260,1590
19975,1560,1960
32026,1240,1570
32042,1120,1430
32054,1060,1330
32083,1350,1710
32421,1050,1380
32424,970,1280
32430,1160,1520
32442,980,1290
32448,1060,1390
32449,1030,1340
32024,1500,1810
32025,1360,1630
32038,1270,1520
32055,1240,1490
32056,1320,1580
32061,1240,1510
32094,1120,1500
32096,970,1230
33865,1390,1880
34267,1420,1950
34268,1350,1850
32359,1100,1460
32628,1150,1520
32648,1170,1550
32680,1180,1560
32692,1180,1560
32320,1400,1850
32321,1090,1500
32322,1240,1640
32323,1240,1640
32328,1030,1360
33471,1160,1400
33935,1350,1650
33944,1240,1510
32052,1000,1320
32053,1010,1330
33873,1250,1690
33890,1230,1670
33930,1340,1690
33975,1270,1570
32440,1050,1380
32423,1260,1620
32426,1070,1410
32432,1070,1410
32443,1080,1420
32445,970,1280
32446,1150,1510
32447,1070,1410
32460,1070,1410
32013,1310,1570
32066,1310,1570
32334,1020,1400
32360,1020,1400
32059,1070,1380
32340,1090,1400
32350,1070,1380
33001,2390,3150
33036,2430,3210
33037,2450,3230
33040,2800,3690
33041,2500,3300
33042,2910,3840
33043,2510,3310
33045,2500,3300
33050,2050,2730
33051,2230,2940
33052,2500,3300
33070,2330,3070
34973,1350,1660
32007,1160,1460
32139,1040,1320
32147,1130,1420
32148,970,1220
32157,1280,1610
32177,1200,1510
32178,1160,1460
32181,1080,1360
32187,1140,1480
32189,1000,1260
32193,1220,1530
32060,1040,1390
32062,1100,1460
32064,1160,1550
32071,1240,1540
32347,970,1280
32348,1090,1440
32356,1090,1440
32357,1020,1350
32697,1480,1860
31513,970,1310
31518,970,1220
31539,970,1170
31555,1360,1660
31560,970,1170
31563,1180,1590
31552,1030,1290
31624,1050,1300
31642,1060,1270
31650,970,1200
31510,980,1360
31551,1040,1330
31554,1010,1330
39813,970,1330
39837,970,1350
39841,970,1250
39870,970,1350
31034,1080,1300
31059,1070,1280
31062,1080,1300
31082,990,1190
31087,970,1250
30511,1150,1470
30521,1070,1280
30529,1170,1500
30547,1190,1490
30558,1030,1300
30577,1000,1270
31079,970,1230
31519,970,1270
31750,1000,1200
31783,970,1210
31798,990,1250
31622,980,1360
31637,970,1290
31749,1030,1400
31774,1060,1270
31794,990,1200
31012,1000,1290
31022,1000,1320
31065,1180,1550
30415,1140,1390
30417,1020,1240
30425,1020,1290
30439,1020,1350
30450,1270,1550
30452,1190,1450
30458,1200,1460
30459,1180,1440
30460,1180,1440
30461,1280,1560
30471,1020,1240
39840,1010,1210
39846,1020,1400
39866,970,1350
31547,1300,1810
31548,1160,1610
31558,1300,1810
31568,1030,1370
31569,980,1370
30420,1070,1330
30451,970,1350
31562,1090,1410
30730,1170,1630
39823,1000,1270
39824,1000,1320
39836,1010,1260
39851,970,1210
31623,1010,1400
31634,1010,1400
31512,970,1270
31532,970,1200
31533,970,1270
31534,970,1270
31535,1050,1380
31567,990,1300
31722,970,1170
31730,1000,1310
31738,1040,1330
31747,980,1180
31753,970,1170
31756,970,1200
31765,1040,1330
31773,1040,1330
31776,970,1170
31784,970,1280
31620,970,1310
31627,1290,1740
31647,1010,1360
31010,970,1170
31015,970,1170
31072,970,1240
31092,1030,1350
39815,1070,1420
39817,970,1290
39818,970,1290
39819,970,1290
39825,1210,1610
39834,970,1290
39897,970,1340
31011,970,1170
31023,990,1190
31037,1320,1640
31060,1010,1240
31077,1010,1220
31007,970,1280
31051,970,1280
31063,1060,1270
31070,970,1280
31071,970,1240
39832,970,1240
39845,990,1370
39861,970,1240
30634,1050,1270
30635,1090,1310
30401,1000,1270
30436,970,1290
30448,1000,1270
30457,970,1170
30464,970,1260
30474,1030,1380
30477,970,1170
31002,970,1210
31049,990,1210
30414,970,1170
30421,970,1170
30423,970,1170
30429,1400,1680
30453,990,1190
30513,970,1320
30522,1010,1350
30541,970,1300
30555,970,1320
30559,1010,1370
30560,1400,1900
30572,1110,1520
30516,1060,1270
30520,1040,1250
30538,970,1230
30553,970,1170
30557,1100,1360
30639,1000,1210
30539,1050,1380
30803,1050,1260
30810,970,1220
30820,970,1240
30823,970,1170
30703,1010,1400
30732,1010,1400
31779,1040,1330
31792,1180,1500
39827,1070,1480
39828,1040,1340
30631,970,1230
30665,980,1330
30678,980,1300
30523,980,1310
30535,1090,1450
30563,970,1300
30571,1170,1400
30580,1020,1360
31045,970,1270
30643,1020,1220
31733,1130,1370
31769,1090,1310
31790,1070,1410
30549,1200,1540
30413,1060,1280
30818,1000,1250
30833,1030,1230
30455,1150,1440
30822,970,1350
31035,1020,1220
31089,1050,1260
31096,970,1180
30411,970,1170
30428,970,1180
30454,1000,1280
31009,970,1280
31019,990,1310
31021,970,1280
31027,1020,1350
31040,970,1280
31042,1120,1560
31075,1030,1360
31041,1080,1290
31057,970,1170
31068,970,1170
31081,990,1340
31711,970,1170
31806,980,1350
39859,970,1350
31716,1000,1310
30410,1070,1490
30412,1000,1380
30445,970,1350
30470,1100,1470
30473,970,1330
31516,1080,1290
31556,970,1170
30138,1020,1290
30525,1060,1470
30537,1610,2240
30552,1190,1660
30562,970,1350
30568,1010,1400
30573,1140,1580
30576,1480,2060
30581,1320,1840
31832,1060,1360
31719,970,1170
30449,1250,1590
30467,970,1220
30598,1000,1270
31709,1120,1340
31735,980,1190
31780,990,1230
30664,970,1230
30673,970,1260
30499,970,1170
31039,970,1350
31055,970,1220
31083,970,1220
31544,1010,1250
31549,1140,1420
31757,1260,1600
31758,1150,1460
31799,1150,1460
31727,970,1170
31793,970,1170
30475,970,1290
30546,1020,1420
30582,970,1350
30261,1170,1460
30514,980,1350
30286,970,1280
31501,1020,1220
31502,1030,1230
31550,1030,1230
31564,1030,1230
30807,980,1290
31018,970,1170
31067,1050,1280
31094,980,1200
31545,1020,1220
31546,1020,1220
31598,1020,1220
31599,1020,1220
30545,1010,1210
31001,970,1240
31084,970,1240
31003,1180,1550
31054,1090,1520
31090,1120,1560
96704,2550,3220
96710,2280,2880
96719,2350,2970
96720,1900,2440
96721,2080,2630
96725,2390,3020
96726,2550,3220
96727,1980,2500
96728,2310,2920
96737,2170,2740
96738,2830,3570
96739,2080,2630
96740,2500,3160
96743,3070,3880
96745,2080,2630
96749,1870,2440
96750,1870,2440
96755,1970,2490
96760,1870,2440
96764,1870,2440
96771,1940,2450
96772,1870,2440
96773,2080,2630
96774,2080,2630
96776,1950,2460
96777,1870,2440
96778,1970,2490
96780,1870,2440
96781,2280,2880
96783,2020,2550
96785,1870,2440
96703,2010,2530
96705,2110,2590
96714,3290,4040
96715,2330,2860
96716,2180,2680
96722,3500,4300
96741,2200,2700
96746,2510,3080
96747,1930,2530
96751,2510,3080
96752,2760,3390
96754,2660,3270
96756,2070,2540
96765,2540,3120
96766,2460,3020
96769,1930,2530
96796,2020,2530
83547,1040,1450
83612,970,1350
83632,1120,1510
83638,1160,1620
83643,970,1350
83654,1050,1460
83220,970,1350
83223,970,1350
83233,970,1350
83238,1060,1470
83239,1360,1890
83254,970,1350
83261,970,1350
83272,970,1350
83276,970,1350
83287,990,1380
83824,1060,1440
83830,1080,1460
83866,1090,1490
83870,1070,1460
83203,1250,1730
83210,970,1350
83211,970,1350
83215,970,1350
83218,1010,1400
83221,970,1350
83236,970,1350
83256,970,1350
83262,970,1350
83277,970,1350
83313,1820,2390
83320,1220,1690
83333,1620,2130
83340,1550,2040
83348,1650,2170
83350,1220,1690
83352,1220,1690
83353,1830,2530
83354,1830,2530
83804,1110,1520
83809,1260,1750
83811,1130,1570
83813,1200,1680
83821,1070,1500
83822,1060,1470
83825,1340,1860
83836,1070,1490
83840,1760,2450
83841,1130,1580
83848,980,1370
83852,1240,1720
83856,980,1370
83860,1220,1700
83864,1430,1990
83865,1260,1750
83805,1000,1390
83826,1000,1390
83845,970,1350
83847,1200,1670
83853,970,1350
83322,1080,1500
83327,1070,1490
83337,1070,1490
83127,1350,1880
83217,1210,1690
83311,1110,1550
83312,1030,1430
83318,1020,1420
83323,1150,1600
83342,1050,1450
83346,1030,1430
83446,980,1360
83464,990,1380
83520,1150,1600
83544,1090,1520
83546,980,1360
83553,980,1360
83827,1080,1500
83226,1140,1590
83227,1140,1590
83235,1140,1590
83251,1330,1820
83253,990,1380
83278,1290,1780
83623,970,1350
83633,1010,1400
83648,1780,2480
83420,1310,1820
83421,1160,1610
83429,1160,1610
83433,970,1350
83436,1240,1720
83438,970,1350
83440,1120,1560
83445,970,1350
83448,1440,2000
83451,1260,1750
83330,1030,1430
83355,1000,1390
83522,1030,1430
83525,1260,1750
83526,1090,1510
83530,1220,1700
83531,1050,1460
83533,1060,1480
83536,970,1350
83539,1230,1710
83542,1040,1450
83549,1040,1450
83552,1170,1630
83554,1080,1510
83611,1270,1770
83671,1050,1460
83806,1250,1740
83823,1250,1740
83834,1150,1580
83843,1020,1420
83844,1020,1420
83855,1010,1400
83857,1010,1400
83871,1040,1450
83872,1020,1420
83229,990,1380
83462,1020,1420
83463,1200,1670
83465,990,1380
83466,1160,1620
83467,990,1380
83468,1010,1400
83469,1180,1640
83523,1140,1590
83543,1050,1460
83324,1000,1390
83349,970,1350
83422,1340,1790
83441,1110,1540
83460,1120,1560
83336,1080,1500
83343,1020,1420
83212,970,1350
83243,1100,1530
83252,1100,1530
83619,1130,1570
83661,1030,1430
83271,970,1350
83802,1130,1350
83808,1070,1370
83812,1130,1350
83837,1180,1410
83839,1060,1270
83846,1230,1470
83849,970,1170
83850,1120,1340
83867,970,1170
83868,1150,1380
83873,970,1170
83874,970,1170
83424,1320,1770
83452,1320,1770
83455,1300,1740
83615,1210,1680
83635,1190,1660
83677,1230,1720
83610,1310,1710
83645,1170,1550
83672,1130,1470
62301,1050,1310
62305,1180,1470
62306,1060,1320
62311,920,1140
62312,920,1140
62314,950,1160
62316,920,1140
62320,930,1160
62324,1070,1320
62325,1030,1280
62338,1160,1440
62339,920,1140
62343,920,1140
62346,970,1180
62347,1010,1260
62348,1120,1400
62349,1000,1240
62351,1130,1410
62359,1060,1320
62360,1120,1400
62365,920,1140
62373,1000,1220
62376,1120,1400
62379,920,1140
62323,940,1130
62353,1050,1260
62375,1380,1650
62378,1020,1260
61243,1040,1350
61312,1330,1640
61315,970,1200
61317,1030,1270
61320,1110,1370
61322,1130,1400
61323,970,1200
61328,920,1160
61329,1010,1250
61330,960,1190
61337,1190,1470
61338,920,1130
61342,1020,1360
61346,1160,1470
61349,920,1160
61354,960,1280
61356,970,1200
61359,920,1130
61362,1190,1470
61368,980,1210
61374,950,1180
61376,1270,1580
61379,990,1220
61014,1120,1490
61028,1060,1410
61046,920,1220
61051,920,1210
61053,920,1210
61062,920,1130
61064,1030,1260
61074,970,1280
61078,960,1260
61252,1000,1320
61270,1060,1400
61285,940,1240
62611,1010,1370
62618,940,1300
62622,930,1280
62627,1170,1620
62665,920,1130
62691,920,1260
62075,1030,1240
62083,970,1160
62510,920,1100
62517,1050,1260
62531,980,1180
62538,920,1100
62540,970,1160
62546,920,1100
62555,920,1100
62556,940,1130
62557,950,1130
62567,1060,1270
62568,980,1180
62570,1070,1420
61912,920,1200
61933,1000,1330
61944,920,1230
62413,940,1260
62420,970,1190
62423,970,1230
62441,1010,1250
62442,1030,1290
62449,920,1230
62474,1050,1310
62477,1510,1860
62478,1230,1560
62481,930,1170
62424,920,1210
62426,920,1200
62434,960,1180
62443,970,1260
62448,920,1100
62824,920,1160
62838,920,1180
62839,920,1170
62854,920,1190
62858,1090,1390
62868,920,1110
62879,920,1160
62899,920,1140
61910,930,1260
61911,920,1260
61920,1000,1310
61928,940,1190
61930,970,1300
61931,1080,1410
61938,920,1200
61943,920,1200
61951,980,1360
62440,1310,1680
62447,970,1160
62469,1050,1300
62421,980,1180
62427,990,1310
62433,920,1240
62451,920,1240
62454,970,1310
62464,970,1300
62466,920,1100
62428,920,1100
62432,920,1100
62436,940,1140
62445,920,1130
62462,920,1100
62467,920,1200
62468,970,1160
61727,1050,1260
61735,1080,1310
61750,1050,1260
61777,920,1100
61778,1180,1480
62512,990,1220
61917,970,1290
61919,920,1240
61941,920,1240
61942,920,1240
61850,970,1190
61870,920,1130
61876,1010,1220
61924,920,1230
61932,1170,1570
61940,1040,1370
61949,920,1230
61955,1370,1830
62476,920,1110
62806,940,1130
62815,920,1100
62818,930,1210
62833,930,1120
62844,920,1160
62401,920,1210
62411,1050,1390
62414,990,1280
62458,920,1180
62461,940,1230
62473,920,1210
62479,1030,1230
62011,960,1210
62080,990,1280
62418,970,1250
62422,920,1100
62431,920,1120
62880,920,1190
62885,920,1180
62892,1060,1370
62810,950,1210
62812,920,1190
62819,1020,1320
62822,920,1180
62825,920,1180
62836,950,1220
62840,920,1190
62841,1040,1360
62856,1020,1320
62860,990,1320
62865,920,1180
62874,920,1180
62883,970,1200
62884,920,1180
62890,1230,1590
62891,1000,1290
62896,930,1280
62897,1180,1520
62932,920,1210
62948,1160,1530
62983,950,1220
62999,920,1180
61415,920,1230
61427,950,1320
61431,960,1300
61432,990,1360
61433,930,1290
61441,930,1290
61459,940,1240
61474,940,1250
61477,930,1280
61482,920,1270
61484,920,1270
61501,920,1250
61519,920,1270
61524,960,1340
61542,920,1270
61543,920,1260
61544,1050,1450
61553,920,1270
61563,920,1270
62644,920,1270
62867,920,1100
62869,920,1200
62871,1050,1260
62930,970,1270
62931,920,1100
62934,940,1200
62954,940,1120
62979,930,1120
62984,950,1140
62016,1090,1310
62027,1050,1280
62050,950,1140
62078,940,1130
62081,1000,1220
62092,920,1100
62098,1030,1230
62694,920,1100
62817,1120,1560
62828,920,1280
62829,990,1360
62835,920,1210
62859,920,1270
62887,940,1240
62895,1040,1250
62935,1030,1350
61420,970,1250
61450,920,1110
61454,920,1270
62313,920,1110
62321,920,1110
62326,960,1240
62329,920,1120
62330,1040,1290
62334,940,1130
62336,920,1110
62341,990,1200
62354,1000,1210
62358,1040,1290
62367,920,1130
62374,1100,1410
62380,960,1180
62919,920,1100
62947,920,1160
62982,1040,1250
61418,940,1240
61425,950,1290
61437,990,1330
61447,960,1210
61453,980,1250
61460,920,1280
61462,920,1160
61469,920,1270
61471,920,1270
61478,970,1220
61480,920,1270
60912,920,1140
60924,920,1140
60926,920,1140
60928,920,1140
60930,990,1240
60931,1010,1250
60938,920,1140
60939,920,1140
60942,1010,1220
60945,1120,1390
60951,990,1230
60953,920,1140
60956,920,1140
60966,920,1140
60967,920,1140
60970,920,1140
60973,1020,1260
60974,1080,1340
62272,920,1150
62274,920,1150
62280,950,1240
62832,950,1190
62901,980,1290
62902,940,1280
62903,930,1230
62905,920,1150
62907,970,1280
62916,920,1200
62918,1120,1480
62920,950,1200
62924,1000,1320
62927,960,1270
62940,920,1210
62942,920,1210
62950,930,1220
62958,990,1290
62966,920,1210
62975,920,1190
62994,1140,1500
62425,920,1110
62459,930,1120
62475,930,1120
62480,930,1120
62808,920,1200
62814,920,1110
62816,970,1180
62830,920,1120
62831,980,1280
62846,920,1110
62851,970,1170
62853,1160,1510
62864,1050,1280
62872,960,1170
62877,1010,1360
62889,970,1210
62893,1030,1300
62894,920,1110
62898,1060,1290
61001,1390,1850
61025,1050,1400
61036,930,1240
61041,920,1220
61044,950,1190
61048,920,1120
61059,1350,1800
61075,920,1220
61085,1020,1360
61087,920,1220
61089,980,1200
62909,920,1160
62912,970,1210
62922,930,1280
62923,1120,1430
62939,1060,1340
62967,930,1280
62972,950,1280
62985,1020,1290
62995,920,1160
61402,920,1200
61410,920,1200
61423,920,1180
61428,920,1200
61430,940,1230
61436,1200,1570
61439,1050,1370
61448,920,1200
61458,960,1260
61467,1040,1360
61485,930,1220
61488,920,1200
61572,1040,1360
60549,1140,1520
60557,1130,1510
61301,1160,1550
61311,970,1280
61316,1070,1430
61325,1050,1400
61332,1070,1430
61333,950,1240
61341,1240,1660
61348,960,1280
61350,1130,1510
61364,970,1280
61370,990,1320
61371,1020,1360
61372,920,1240
61373,1430,1910
62410,920,1270
62417,950,1140
62439,950,1140
62460,920,1100
61006,920,1250
61021,920,1260
61031,920,1270
61042,920,1270
61057,920,1260
61071,940,1240
61081,920,1210
61310,940,1310
61318,1130,1570
61324,920,1260
61331,920,1280
61367,1030,1430
61378,1280,1780
60460,1230,1530
60920,1090,1400
60934,1110,1440
61313,1040,1320
61319,980,1220
61741,920,1140
61743,920,1140
61764,1020,1270
61769,1010,1260
61751,1000,1230
62518,940,1150
62519,1040,1340
62541,930,1150
62634,930,1150
62643,1190,1470
62656,990,1220
62671,1020,1270
61411,950,1270
61416,990,1280
61422,920,1190
61438,920,1190
61440,920,1180
61452,920,1140
61455,990,1280
61470,1100,1420
61473,970,1220
61475,960,1230
62807,920,1190
62849,920,1190
62870,990,1290
62881,940,1220
61532,1020,1420
61567,1120,1560
62617,930,1290
62633,920,1280
62655,920,1270
62664,920,1270
62015,1150,1380
62032,920,1100
62049,1020,1220
62051,1140,1370
62076,1030,1240
62089,930,1120
62094,920,1100
62533,950,1140
62553,970,1160
62601,1050,1360
62621,960,1150
62628,1120,1390
62631,1050,1370
62650,920,1140
62651,920,1140
62695,1060,1320
61957,920,1110
62534,1000,1200
60113,1220,1490
61007,960,1200
61010,1240,1510
61015,1060,1320
61030,1040,1270
61043,1160,1420
61049,1190,1450
61054,1120,1370
61061,1030,1260
61091,970,1260
62237,1010,1290
62238,1200,1500
62263,950,1290
62268,970,1280
62286,920,1150
62888,1070,1340
62997,1040,1300
62340,920,1110
62345,920,1110
62352,1180,1430
62356,920,1110
62357,920,1110
62361,1070,1320
62362,920,1110
62363,970,1180
62370,930,1130
62928,1090,1380
62946,920,1200
62987,930,1280
62926,920,1130
62963,1160,1610
62964,920,1280
62970,920,1270
62973,920,1280
62976,920,1270
62996,930,1290
61326,920,1180
61327,980,1270
61335,970,1250
61340,1010,1310
61363,990,1280
62217,950,1190
62233,940,1180
62241,930,1160
62242,920,1150
62259,920,1150
62261,930,1140
62288,920,1150
62292,950,1190
62297,1160,1450
63673,950,1180
62419,930,1110
62450,920,1100
62452,920,1110
62917,930,1280
62965,920,1200
62977,980,1290
62319,970,1160
62344,920,1100
62624,930,1250
62639,920,1140
62681,920,1100
62610,1010,1210
62663,920,1100
62438,920,1100
62444,990,1230
62463,1020,1220
62465,1130,1350
62565,920,1100
62571,920,1100
61013,920,1130
61018,920,1120
61027,920,1130
61032,920,1130
61050,940,1150
61060,920,1120
61067,950,1170
61070,1260,1550
62906,960,1180
62961,920,1140
62998,970,1250
60932,950,1170
60963,1070,1300
61811,1030,1250
61812,1080,1310
61814,1060,1280
61817,1070,1300
61831,1010,1220
61832,1010,1220
61833,940,1140
61834,1100,1330
61841,920,1110
61846,920,1110
61848,1030,1250
61857,1250,1510
61858,950,1150
61865,920,1110
61883,920,1110
62811,940,1310
62852,920,1280
62863,920,1280
61417,950,1200
61435,940,1200
62214,1000,1320
62271,920,1240
62803,920,1240
62848,1030,1400
62876,1030,1400
62446,990,1180
62809,930,1110
62820,940,1190
62823,920,1100
62837,920,1100
62842,1120,1340
62843,920,1100
62850,940,1140
62862,960,1230
62878,920,1130
62886,980,1180
62821,950,1250
62827,920,1210
62834,920,1210
62861,950,1250
61037,920,1210
61230,940,1240
61251,980,1290
61261,1290,1700
62915,1040,1430
62921,1120,1480
62933,940,1280
62949,950,1280
62951,930,1280
62959,1020,1350
62974,1050,1390
46711,970,1240
46772,960,1230
46780,960,1230
46782,960,1230
46953,970,1280
47369,1150,1520
46926,960,1150
46942,960,1280
46950,980,1270
46961,990,1210
46967,960,1280
46970,990,1190
46978,1020,1350
46988,1030,1360
46994,960,1280
46998,960,1270
46057,1040,1370
46067,1010,1330
47116,1030,1420
47118,960,1330
47123,960,1340
47140,960,1330
47174,960,1340
47175,960,1340
47513,1030,1420
47576,960,1210
47449,990,1240
47501,1020,1260
47519,1290,1600
47529,960,1190
47553,960,1160
47558,1030,1280
47562,960,1180
47568,960,1190
46156,1050,1270
47225,1020,1220
47263,1300,1560
47265,970,1350
46705,960,1200
46710,960,1150
46721,960,1190
46730,1030,1290
46738,980,1220
46742,1020,1310
46747,1060,1350
46755,960,1150
46763,1100,1340
46785,960,1190
46793,960,1190
47432,990,1370
47521,1010,1390
47527,990,1330
47532,1030,1440
47542,960,1330
47545,960,1330
47546,960,1330
47547,960,1330
47564,1020,1350
47575,980,1360
47580,960,1330
47590,1000,1390
46127,980,1190
46133,1020,1240
47322,960,1190
47325,980,1240
47327,960,1190
47352,1040,1250
47357,960,1190
47949,1180,1450
47952,960,1190
47958,960,1180
47969,970,1200
47987,960,1180
47990,1050,1390
47994,990,1270
46501,1010,1230
46511,980,1200
46539,1080,1310
46570,990,1190
46910,1020,1220
46912,960,1150
46922,960,1150
46931,960,1150
46939,960,1170
46945,960,1150
46951,1150,1370
46960,960,1250
46975,970,1200
46982,1090,1320
46985,1020,1390
47640,960,1220
47647,1000,1260
47648,990,1250
47649,1130,1420
47654,1020,1290
47665,1080,1360
47666,960,1210
47670,1010,1270
47683,1070,1340
46930,980,1290
46933,990,1300
46938,1090,1430
46940,1090,1320
46957,1130,1490
46986,960,1260
46987,1220,1600
47441,960,1210
47443,1010,1270
47445,970,1210
47453,1010,1270
47457,960,1210
47465,960,1210
47337,1350,1620
47344,960,1150
47346,960,1190
47351,1230,1470
47360,1030,1240
47361,1080,1290
47362,960,1150
47366,960,1190
47385,960,1150
47387,980,1200
47388,1110,1330
46702,960,1230
46713,960,1240
47102,960,1270
47220,960,1200
47228,1060,1330
47229,1050,1320
47260,1000,1250
47371,960,1260
47373,990,1300
47380,960,1260
47381,960,1270
47390,960,1260
47043,960,1280
47224,960,1200
47227,960,1300
47230,960,1210
47231,1080,1390
47250,960,1200
47270,990,1280
47037,960,1260
47223,1020,1370
47245,960,1340
47282,960,1330
47512,960,1210
47516,960,1210
47524,960,1230
47535,990,1250
47557,1210,1530
47573,960,1210
47591,970,1230
47596,1010,1280
47597,960,1210
46502,1140,1380
46504,970,1200
46508,970,1200
46510,1020,1240
46524,970,1200
46538,1130,1370
46555,1170,1420
46580,1130,1370
46581,1140,1380
46582,1220,1480
46590,1210,1470
46732,1120,1340
46571,1050,1260
46703,990,1280
46746,1000,1210
46761,960,1150
46771,980,1180
46776,1140,1450
46784,1010,1210
46786,1020,1230
46789,1010,1240
46795,1020,1230
47420,990,1190
47437,990,1180
47446,960,1150
47451,960,1150
47467,960,1150
47470,1000,1200
46513,1010,1230
46531,1380,1660
46537,1060,1290
46572,1040,1270
47522,1020,1220
47581,1080,1290
46911,980,1200
46914,960,1150
46921,960,1150
46958,990,1190
46959,960,1150
46971,960,1150
46974,1050,1260
46992,960,1150
46172,1100,1480
46175,1070,1420
47916,1000,1320
47940,960,1270
47954,1070,1420
47965,1070,1420
47989,960,1270
46701,1020,1220
46760,1030,1230
46794,1020,1230
46796,1020,1220
47454,990,1380
47469,960,1330
46135,1020,1380
47832,1050,1380
47836,980,1260
47859,1230,1620
47860,960,1260
47862,1040,1370
47872,960,1260
47514,960,1200
47515,1040,1390
47520,1030,1290
47525,990,1230
47551,960,1200
47574,1030,1290
47577,1100,1510
47586,960,1200
47588,1190,1550
47567,960,1330
47584,1070,1490
47585,1000,1330
47598,1050,1460
46366,990,1190
46968,960,1250
46996,960,1330
46105,1030,1390
46128,1210,1630
46170,1030,1390
47340,1000,1320
47341,960,1190
47355,960,1260
47358,960,1260
47382,960,1260
47393,1340,1680
47394,990,1310
47021,990,1310
47023,1240,1640
47033,990,1310
47034,1100,1450
47042,960,1260
46104,1080,1340
46146,970,1160
46155,970,1160
47531,1140,1530
47550,960,1340
47552,1030,1410
47556,960,1340
47579,1410,1960
47611,1040,1410
47615,1150,1600
47617,960,1340
47634,1430,1990
47635,960,1330
46534,960,1150
46737,1280,1650
46779,1010,1290
47019,960,1290
47020,980,1300
47374,970,1210
46941,1050,1260
46943,1020,1230
46946,1000,1200
46980,1000,1200
46984,1090,1320
46990,1000,1210
47324,1030,1280
47330,1020,1270
47335,960,1190
47339,1050,1320
47345,970,1210
47370,990,1230
47375,960,1200
47392,1230,1550
47925,1010,1220
47929,1000,1200
47980,960,1150
50801,920,1210
50837,920,1190
50846,950,1230
50849,920,1190
50859,1110,1450
50839,920,1190
50841,920,1190
50843,920,1280
50851,980,1200
50853,920,1280
50857,920,1220
50864,920,1250
52101,940,1240
52140,970,1300
52146,960,1290
52151,920,1280
52156,1150,1430
52159,1060,1330
52160,920,1280
52162,950,1290
52170,960,1310
52172,990,1380
52544,920,1100
52549,970,1160
52555,1170,1400
52569,1190,1540
52571,950,1160
52572,920,1100
52574,1010,1210
52581,970,1190
52590,920,1190
52593,920,1110
52594,960,1170
50022,930,1290
50042,930,1220
50110,920,1160
50117,920,1170
51440,930,1180
51455,920,1170
51463,930,1180
51531,920,1250
51543,1240,1580
50607,1000,1350
50641,920,1250
50644,920,1250
50650,990,1340
50654,1010,1330
50662,940,1240
50671,930,1250
50682,1080,1470
52326,920,1250
52329,1030,1360
52330,920,1190
50510,920,1130
50540,920,1160
50554,920,1130
50565,1080,1330
50567,1130,1510
50568,920,1130
50576,1030,1270
50585,950,1170
50588,1010,1240
50592,1010,1240
51002,1100,1350
51005,1000,1370
51020,920,1110
51033,1280,1590
51047,1070,1350
51053,1140,1520
51366,1130,1470
50433,960,1230
50602,920,1100
50605,940,1150
50608,920,1160
50611,960,1160
50619,1000,1200
50625,920,1100
50636,1020,1240
50649,920,1110
50050,940,1290
50538,1060,1340
50551,940,1200
50552,920,1160
50561,920,1210
50563,920,1160
50566,1260,1620
50575,920,1160
50579,980,1240
50586,920,1160
51433,980,1300
51449,930,1180
51453,1160,1470
51401,920,1160
51430,990,1250
51436,930,1190
51443,920,1160
51444,920,1170
51451,960,1220
51452,920,1160
51459,940,1260
51462,960,1340
51466,920,1230
51467,920,1210
50274,930,1290
52255,1020,1330
52337,1040,1360
52720,950,1210
52721,1000,1300
52760,960,1240
52772,920,1200
52777,920,1140
52778,930,1210
50401,970,1250
50402,950,1230
50428,920,1190
50434,1020,1400
50444,970,1340
50449,920,1170
50456,920,1280
50457,920,1180
50458,1020,1320
50464,1110,1450
50467,1030,1330
50468,1050,1360
50469,920,1190
50475,920,1170
50477,920,1190
50479,920,1190
50482,1100,1420
51012,920,1280
51014,1380,1920
51022,920,1160
51025,1100,1330
51029,940,1220
51035,1140,1590
51037,940,1300
51046,1000,1210
51049,920,1280
51050,1080,1420
51058,920,1110
50603,920,1280
50616,920,1190
50659,950,1320
50661,920,1280
52132,920,1210
52144,1320,1740
52154,920,1280
52163,920,1280
52171,970,1290
50108,1110,1340
50123,920,1190
50254,960,1260
50264,950,1210
50275,1150,1510
50515,1370,1820
51301,960,1200
51333,1140,1490
51338,960,1190
51340,920,1200
51341,1140,1480
51343,1020,1310
51346,920,1140
51351,1040,1250
51357,1010,1320
51358,920,1220
51364,1030,1250
50606,920,1210
52035,920,1110
52042,940,1130
52043,1000,1230
52044,920,1130
52047,920,1130
52048,950,1160
52049,980,1200
52050,960,1150
52066,970,1250
52072,920,1130
52076,920,1120
52077,920,1130
52135,920,1210
52141,940,1220
52157,920,1130
52158,920,1130
52169,920,1210
52037,1020,1280
52060,920,1180
52064,920,1170
52069,990,1270
52070,1040,1330
52207,970,1240
52254,1220,1510
52701,940,1160
52727,940,1170
52730,920,1140
52731,1080,1340
52732,940,1160
52742,1070,1330
52750,950,1170
52751,1060,1310
52757,920,1140
52771,940,1170
52774,1030,1280
51060,920,1150
51432,920,1170
51439,920,1210
51441,920,1210
51442,960,1270
51448,920,1190
51454,920,1220
51458,920,1230
51460,920,1210
51461,930,1200
51465,940,1230
51520,920,1210
51527,920,1280
51528,920,1210
52536,920,1170
52537,1060,1270
52551,970,1160
52552,970,1160
52554,930,1160
52560,1020,1240
52570,920,1100
52584,1010,1210
52588,1000,1220
50065,1380,1650
50067,1040,1240
50103,1090,1310
50133,920,1130
50140,1000,1210
50144,920,1100
50147,920,1180
50262,950,1160
52036,920,1100
52038,920,1100
52041,970,1160
52057,920,1100
52223,930,1110
52601,1080,1390
52623,1010,1310
52637,970,1220
52638,970,1200
52640,1040,1280
52644,970,1250
52645,970,1260
52646,980,1220
52650,1380,1780
52655,1010,1300
52658,1330,1760
52660,1050,1340
51331,1070,1290
51334,960,1240
51345,1030,1360
51347,1180,1420
51355,1130,1360
51360,1120,1350
51363,960,1250
50514,920,1210
50531,930,1230
50539,920,1110
50578,920,1220
51342,920,1220
51365,920,1220
50655,920,1210
50664,940,1250
50681,960,1280
52133,920,1210
52142,970,1280
52147,920,1210
52161,920,1210
52164,950,1260
52166,1090,1450
52175,950,1250
50435,1180,1530
50460,970,1250
50461,920,1160
50471,1160,1500
50620,920,1190
50653,940,1220
50006,920,1200
50041,960,1240
50071,920,1110
50126,1020,1340
50227,920,1180
50420,920,1160
50427,920,1170
50431,920,1170
50441,920,1170
50452,1100,1400
50470,920,1130
50633,920,1170
51601,930,1170
51639,920,1280
51640,920,1280
51647,920,1180
51648,1200,1640
51650,920,1280
51652,1000,1390
51654,1380,1920
50059,920,1280
50543,920,1180
50544,920,1180
50034,960,1150
50075,1110,1330
50130,1020,1220
50132,1010,1210
50231,970,1160
50246,990,1220
50271,920,1100
50532,920,1180
50595,1000,1200
50599,1020,1220
50421,940,1130
50423,1200,1530
50430,1050,1330
50432,960,1220
50436,970,1280
50438,920,1170
50439,920,1160
50447,920,1160
50483,1040,1280
50484,1020,1290
50102,920,1190
50259,920,1210
52620,920,1100
52630,940,1190
52635,1270,1520
52647,920,1220
52649,950,1250
52652,960,1270
52656,920,1210
52659,920,1210
50466,1120,1480
50628,920,1270
52134,1000,1330
52136,1000,1380
52155,920,1280
50516,920,1190
50519,920,1230
50520,920,1280
50524,940,1230
50529,1160,1610
50533,1080,1300
50541,980,1280
50542,940,1140
50545,1040,1390
50548,920,1280
50558,1360,1890
50560,920,1110
50570,920,1210
50577,920,1280
50582,920,1270
50591,1340,1860
50597,920,1200
51431,920,1110
51445,920,1100
50136,1070,1370
52220,940,1310
52221,930,1280
52222,1000,1330
52232,950,1260
52251,920,1280
52307,920,1280
52308,920,1280
52316,920,1270
52334,940,1300
52347,920,1270
52355,950,1250
52361,950,1320
52030,1070,1370
52071,960,1240
52074,980,1260
52075,980,1260
52533,1230,1480
52535,940,1130
52556,1090,1310
52557,1090,1310
52563,1020,1280
52567,1060,1270
52576,930,1180
52580,930,1120
52651,930,1120
50104,970,1220
50255,1070,1370
50268,920,1180
52231,940,1210
52335,920,1180
52501,1070,1360
52550,1040,1330
52561,920,1150
52562,970,1240
52568,920,1180
52586,960,1190
52591,970,1240
50424,920,1210
50451,920,1100
50480,920,1100
50511,950,1140
50517,920,1100
50522,1020,1220
50556,960,1200
50559,920,1100
50590,920,1100
50598,920,1110
56027,1050,1410
52619,930,1210
52624,1170,1550
52625,920,1210
52626,970,1210
52627,1010,1330
52631,920,1210
52632,950,1250
52639,920,1210
52648,960,1270
52657,920,1210
52653,930,1140
52737,920,1120
52739,1020,1290
52752,920,1120
52754,1110,1380
52761,1080,1390
50049,970,1240
50057,960,1190
50060,970,1260
50068,1030,1330
50238,920,1180
50272,970,1240
51201,920,1120
51230,970,1160
51232,1050,1370
51234,920,1180
51235,920,1100
51237,920,1100
51239,920,1180
51240,1150,1400
51241,950,1140
51242,940,1120
51243,920,1110
51246,920,1100
51247,1090,1400
51249,920,1210
50027,930,1130
50044,920,1110
50143,920,1100
50171,1040,1370
50207,920,1120
50219,1170,1400
50256,960,1150
52534,920,1100
52543,980,1190
52553,1040,1300
52577,990,1190
52595,920,1100
50062,960,1150
50116,930,1160
50119,1020,1220
50138,960,1150
50150,920,1220
50163,920,1100
50005,930,1230
50051,930,1220
50078,950,1250
50120,1180,1560
50142,920,1210
50158,960,1270
50173,1200,1500
50632,920,1150
50635,920,1150
50426,1040,1310
50454,930,1170
50455,1040,1360
50472,1040,1310
50476,920,1160
50481,920,1160
51010,920,1140
51040,990,1230
51051,990,1190
51572,920,1140
52531,920,1220
50847,930,1260
51573,1030,1420
51638,920,1150
52749,1080,1390
52759,1180,1520
51009,920,1110
51231,980,1200
51238,920,1170
51245,1050,1270
51248,1060,1280
51350,920,1210
51354,970,1250
50833,920,1120
51630,940,1180
51631,1080,1350
51632,920,1150
51636,920,1150
51637,980,1220
51646,1070,1300
51651,1120,1400
51656,920,1150
50527,1130,1470
50528,920,1220
50536,950,1260
50546,920,1130
50562,1380,1830
50581,1030,1320
51003,920,1180
51008,1010,1330
51024,1110,1460
51027,1180,1520
51031,1010,1330
51036,1140,1460
51038,1040,1370
51041,920,1180
51045,1010,1330
51062,1030,1350
50571,930,1170
50573,1120,1430
50574,930,1140
50593,920,1130
50157,920,1210
52211,1010,1330
52215,960,1210
52339,920,1150
50074,970,1210
50835,970,1190
50836,920,1120
50840,920,1120
50845,1050,1290
50854,920,1130
50860,920,1130
50861,1120,1470
50863,920,1130
50535,920,1230
50583,920,1230
51450,920,1230
51446,920,1280
51447,970,1350
51530,920,1280
51537,990,1380
51578,940,1310
51011,920,1180
51244,920,1120
51250,990,1270
50652,920,1150
52217,1040,1300
52342,1050,1310
52348,940,1170
50848,940,1140
50862,950,1160
50830,920,1210
50831,920,1210
50842,920,1210
52542,920,1160
52565,970,1160
52573,960,1160
52530,1060,1330
52548,1070,1360
52566,1060,1330
50008,920,1190
50052,920,1180
50165,970,1260
52583,940,1210
50501,940,1210
50518,1020,1300
50521,920,1180
50523,920,1180
50557,920,1180
50569,920,1180
50594,920,1180
50446,920,1280
50450,920,1230
50453,1110,1480
50459,980,1310
50465,1070,1420
50473,1030,1370
50478,920,1220
52165,920,1210
52168,1040,1370
50440,1000,1330
50448,970,1350
50101,920,1110
50525,920,1100
66015,880,1160
66716,1030,1350
66720,900,1150
66732,880,1220
66742,910,1260
66748,880,1220
66749,910,1260
66751,880,1220
66755,880,1220
66758,1290,1750
66761,1020,1390
66772,880,1150
66032,890,1160
66080,950,1140
66091,890,1160
66093,900,1130
66016,910,1260
66023,880,1220
66424,880,1150
67009,880,1090
67028,920,1180
67057,1010,1270
67061,890,1110
67065,880,1150
67070,880,1100
67071,940,1190
67104,880,1100
67112,880,1180
67134,880,1150
67138,930,1240
67143,880,1110
67427,900,1200
67450,880,1100
67511,910,1270
67525,880,1220
67526,880,1220
67530,890,1240
67544,980,1360
67564,970,1340
67565,1020,1420
67567,920,1280
67665,900,1100
66701,940,1150
66711,880,1190
66741,910,1150
66746,920,1150
66769,920,1110
66775,880,1130
66779,880,1060
66780,880,1190
66425,1070,1390
66434,890,1160
66515,910,1170
66527,1140,1490
66534,880,1130
66801,890,1160
66838,880,1060
66843,900,1190
66845,880,1180
66850,980,1310
66858,880,1160
66862,880,1180
66865,1150,1530
66869,1100,1490
67024,880,1110
67334,930,1180
67344,1110,1400
67346,1110,1430
67347,1010,1270
67349,880,1130
67352,880,1130
67353,1000,1270
67355,880,1110
67360,930,1210
67361,930,1180
67731,910,1090
67741,990,1190
67745,940,1140
67756,890,1070
67127,880,1140
67831,880,1080
67834,880,1140
67840,880,1080
67842,880,1140
67865,1010,1250
66937,880,1160
66938,910,1100
66962,880,1160
67410,880,1150
67458,950,1250
67466,880,1070
67468,920,1200
66901,910,1100
66930,900,1130
66935,880,1200
66940,880,1200
66948,910,1160
66966,880,1200
67417,900,1080
67420,920,1280
67436,880,1070
67445,900,1150
67455,940,1150
66783,880,1190
66839,880,1060
66852,880,1060
66854,880,1110
66857,880,1060
66864,900,1140
67029,950,1240
67155,880,1150
67005,890,1160
67019,930,1210
67023,950,1220
67038,880,1140
67102,900,1180
67156,880,1140
66712,880,1220
66734,900,1200
66735,1010,1400
66743,890,1240
66756,880,1220
66760,980,1340
66763,920,1280
67629,880,1140
67635,880,1130
67643,880,1220
67653,880,1220
67739,880,1100
67749,880,1220
67757,880,1100
69026,960,1240
67431,970,1270
67441,1040,1370
67448,930,1150
67449,1010,1320
67451,880,1150
67475,910,1200
67480,1140,1480
67482,880,1150
67492,940,1240
67054,880,1090
67059,990,1230
67519,900,1180
67547,880,1140
67552,910,1180
67557,880,1170
67563,1110,1440
66736,880,1100
67047,890,1110
67122,880,1100
67137,910,1090
67345,890,1140
67520,950,1310
67556,900,1240
67601,940,1290
67627,940,1300
67637,880,1180
67640,920,1150
67651,880,1150
67659,880,1150
67660,950,1290
67663,930,1150
67667,940,1290
67671,970,1330
67674,950,1240
67423,930,1130
67425,1000,1210
67439,880,1050
67444,1100,1420
67454,980,1210
67459,920,1140
67464,920,1160
67490,990,1190
67835,930,1250
67837,930,1250
67838,1280,1620
67839,1000,1300
67846,1040,1430
67851,1170,1600
67853,1090,1360
67868,1030,1370
67871,930,1250
67801,980,1270
67841,1000,1260
67843,930,1210
67844,990,1220
67876,880,1150
67882,930,1210
66067,1000,1200
66076,1030,1230
66078,1010,1220
67584,880,1160
67736,880,1160
67737,880,1110
67738,880,1140
67748,930,1130
67751,890,1130
67752,890,1170
67850,1060,1370
67625,880,1110
67631,890,1120
67632,880,1060
67642,880,1120
67645,890,1160
67646,880,1180
67650,880,1120
67656,880,1120
67657,880,1060
67672,890,1070
67740,890,1070
67855,880,1140
67860,1360,1630
67870,890,1110
67880,1170,1410
67867,880,1090
67762,880,1220
67879,880,1100
66777,880,1180
66853,880,1080
66855,880,1060
66860,880,1060
66863,880,1080
66870,880,1130
67836,1050,1280
67857,1170,1410
67878,1080,1300
67003,990,1230
67036,920,1120
67058,960,1200
67150,880,1100
67159,910,1180
67877,940,1170
67952,920,1170
67523,1270,1720
67849,880,1220
67854,910,1270
66936,1080,1380
66939,900,1220
66941,1090,1420
66942,1010,1330
66949,880,1130
66952,920,1190
66956,1130,1460
66963,900,1190
66970,980,1260
67430,1030,1420
68978,980,1200
67035,880,1200
67068,880,1220
67111,1230,1710
67142,880,1220
67570,880,1100
67109,880,1090
66776,1300,1660
67330,1000,1200
67332,910,1090
67335,880,1100
67337,880,1100
67341,990,1230
67342,930,1120
67351,980,1230
67354,930,1130
67357,900,1080
67518,900,1180
67418,920,1200
67452,900,1180
67467,890,1090
67481,880,1070
67484,900,1090
67648,880,1060
67732,980,1230
67747,920,1130
67761,900,1210
67764,910,1160
67861,880,1220
66830,970,1270
66833,990,1260
66835,1030,1340
67416,1030,1250
67428,960,1230
67443,880,1120
67456,960,1220
67460,940,1200
67476,930,1150
67491,880,1130
66851,950,1250
66859,940,1230
66861,880,1160
67053,940,1240
67063,960,1270
67073,1230,1620
67438,950,1240
67483,880,1160
66403,1100,1460
66404,1000,1300
66406,1320,1750
66412,890,1160
66438,980,1300
66508,880,1160
66518,960,1250
66541,1160,1520
66544,890,1180
66945,880,1160
67864,880,1080
67869,890,1090
67446,880,1220
67478,920,1280
67485,880,1220
66757,880,1100
67301,940,1180
67333,950,1220
67340,880,1100
67363,920,1160
67364,880,1110
66873,950,1190
67862,980,1300
67950,880,1050
67953,960,1180
67954,1100,1320
66408,930,1200
66415,970,1250
66417,950,1240
66522,1080,1390
66538,950,1230
66733,880,1130
66740,1030,1290
66771,880,1130
67515,890,1170
67516,970,1310
67521,880,1170
67560,900,1190
67572,880,1150
67622,880,1130
67654,910,1170
67664,880,1180
67437,880,1110
67473,920,1160
67474,920,1160
67623,950,1200
67649,890,1080
67658,890,1100
67673,910,1130
67675,930,1140
67401,1030,1250
67422,1020,1250
67470,1240,1500
67529,880,1180
67550,880,1180
67559,980,1330
67574,880,1180
67575,890,1240
66951,1210,1580
67621,880,1180
67639,920,1190
67644,1010,1300
67647,880,1180
67661,920,1240
67021,920,1210
67066,1140,1500
67124,880,1160
67576,940,1250
67583,880,1110
67701,880,1120
67730,960,1150
67734,920,1170
67743,930,1180
67744,930,1120
67753,980,1230
67501,960,1170
67502,1020,1250
67505,880,1070
67510,1170,1430
67512,880,1180
67514,890,1090
67561,910,1110
67566,1150,1400
67568,880,1070
67578,880,1170
67579,880,1170
67581,880,1120
67585,960,1170
66959,880,1200
66960,880,1200
66961,890,1150
66964,920,1190
68325,960,1160
67457,880,1180
67524,880,1180
67554,900,1210
67573,880,1190
67669,920,1100
67513,880,1220
67548,880,1220
67553,1030,1440
67626,880,1070
67634,930,1150
67402,1010,1220
67442,980,1220
67863,880,1180
67859,980,1320
67901,1000,1340
67951,910,1110
67733,950,1170
67735,930,1120
66932,1060,1380
66967,920,1190
67628,1020,1310
67638,880,1130
67545,900,1220
67758,880,1220
66943,910,1200
66944,880,1160
66946,880,1160
66953,1060,1400
66955,880,1160
66958,890,1180
66968,880,1160
66710,880,1100
66714,880,1100
66717,880,1150
42129,870,1100
42528,920,1120
42539,870,1100
42642,890,1100
42715,870,1180
42720,870,1210
42728,870,1210
42733,870,1180
42741,870,1190
42742,870,1190
42743,880,1160
42753,890,1240
40078,1170,1540
40372,900,1240
42123,930,1190
42127,870,1100
42130,890,1140
42131,920,1170
42141,920,1170
42152,870,1100
42154,900,1130
42156,930,1180
42166,870,1110
42746,870,1090
42749,950,1180
40322,870,1110
40334,900,1190
40346,900,1160
40358,920,1180
40360,870,1120
40371,950,1230
40813,870,1130
40845,980,1280
40856,880,1160
40902,870,1130
40913,880,1160
40930,870,1140
40939,870,1100
40940,900,1140
40955,870,1140
40958,870,1130
40965,930,1210
40977,870,1130
40988,870,1140
40328,870,1100
40330,870,1200
40422,940,1230
40440,870,1140
40452,910,1200
40464,910,1140
40468,1050,1380
41301,870,1100
41310,870,1210
41311,930,1120
41314,880,1150
41317,890,1180
41339,880,1210
41348,870,1200
41364,870,1120
41366,880,1160
41367,930,1160
41385,870,1140
41390,880,1210
41721,960,1150
41727,940,1180
41745,960,1150
40111,870,1200
40119,870,1170
40143,870,1200
40144,940,1300
40145,910,1270
40152,870,1200
40153,870,1210
40170,870,1210
40178,870,1210
42343,1020,1350
42411,870,1060
42020,1100,1330
42025,970,1200
42036,980,1240
42040,990,1280
42048,970,1170
42049,980,1170
42054,1470,1800
42066,970,1210
42071,1110,1330
42076,1070,1280
40045,940,1230
41008,970,1160
41098,1050,1340
40009,870,1110
40437,970,1170
40442,900,1090
40484,870,1040
40489,890,1070
42516,870,1050
42541,920,1110
42544,870,1100
42553,880,1060
42565,910,1090
42566,880,1060
40402,880,1170
40741,900,1100
40744,880,1100
40906,920,1100
40914,870,1180
40932,870,1180
40941,890,1210
40944,870,1180
40951,870,1180
40962,890,1210
40972,870,1180
40983,880,1180
38549,960,1150
42602,930,1110
42603,870,1140
42633,870,1210
42717,870,1210
42033,870,1040
42037,870,1040
42055,870,1200
42450,870,1110
42459,870,1040
42167,870,1200
42759,870,1210
41149,900,1150
41171,910,1140
41472,870,1200
40336,870,1120
40380,870,1200
40385,920,1240
40447,870,1200
40472,980,1270
41037,870,1150
41039,940,1240
41041,870,1140
41049,920,1210
41055,920,1160
41056,910,1110
41081,870,1150
41093,990,1310
41216,1030,1310
41265,870,1150
41501,1020,1220
41601,870,1060
41602,880,1120
41603,1050,1290
41604,900,1100
41605,1040,1270
41606,900,1100
41607,910,1120
41612,900,1100
41615,900,1100
41616,1050,1290
41619,1120,1370
41621,870,1060
41622,900,1100
41630,1040,1260
41631,900,1100
41635,1050,1290
41636,900,1100
41640,880,1130
41642,1070,1310
41643,1050,1270
41645,1020,1250
41647,900,1100
41649,970,1190
41650,900,1100
41651,870,1060
41653,890,1070
41655,900,1100
41659,1020,1230
41660,900,1100
41663,1070,1310
41666,1070,1310
41667,910,1100
41669,870,1060
41862,870,1040
40602,1080,1410
40604,1080,1410
40621,1080,1410
42041,870,1200
42050,870,1200
40403,880,1210
40410,900,1160
40419,870,1070
40444,900,1160
40461,870,1200
42051,1110,1540
42061,1040,1410
42063,870,1210
42079,890,1240
42085,870,1200
42088,870,1200
42349,870,1060
42361,870,1070
42726,1010,1400
42762,870,1200
42214,900,1120
42722,900,1160
42782,910,1200
42364,1020,1350
42368,1020,1350
40801,870,1150
40806,920,1210
40807,870,1140
40808,870,1150
40810,870,1160
40815,870,1150
40818,1000,1310
40819,870,1150
40820,950,1270
40823,870,1140
40824,870,1140
40828,1090,1440
40829,870,1140
40830,870,1140
40831,870,1140
40840,870,1210
40843,900,1180
40847,1090,1440
40849,1090,1440
40854,870,1140
40855,990,1310
40863,910,1200
40865,910,1190
40870,870,1140
40873,1020,1350
40927,870,1140
40964,870,1140
42713,870,1080
42765,870,1080
42402,950,1170
42406,950,1170
42419,950,1170
42420,950,1240
42451,1070,1420
42452,950,1250
42457,950,1170
42458,950,1240
42461,950,1170
42462,1070,1330
42031,870,1140
42032,920,1190
42410,870,1120
42413,1070,1350
42431,920,1190
42436,980,1240
42440,870,1120
42441,910,1170
42456,1070,1370
40434,870,1200
40445,870,1130
40456,870,1200
40481,870,1200
40486,880,1190
41204,870,1160
41219,870,1160
41222,940,1220
41226,870,1200
41234,870,1160
41238,940,1220
41240,870,1150
41255,910,1210
41256,950,1270
41257,920,1230
41260,870,1160
41263,870,1150
41268,870,1150
41271,870,1160
41274,870,1150
41465,870,1090
41701,960,1150
41722,870,1040
41725,910,1090
41740,910,1090
41743,870,1040
41759,900,1080
41772,870,1040
41773,870,1040
41804,870,1170
41817,900,1080
41822,870,1040
41828,870,1040
41831,870,1040
41834,990,1180
41836,1120,1350
41839,1040,1250
41843,930,1150
41844,870,1040
41847,870,1040
41859,870,1040
41861,960,1160
40701,900,1080
40734,910,1090
40759,870,1040
40763,990,1180
40771,870,1040
40903,910,1100
40915,870,1040
40921,920,1100
40923,870,1040
40935,870,1040
40943,870,1040
40946,870,1040
40949,870,1040
40953,870,1040
40982,870,1040
40995,890,1120
40997,870,1070
40724,880,1070
40729,880,1070
40737,870,1050
40740,870,1050
40750,880,1070
40755,880,1070
41347,940,1130
41365,880,1100
41368,940,1130
41386,890,1160
41397,910,1110
40803,870,1210
40816,870,1210
40827,870,1210
40844,870,1210
40858,870,1210
40868,870,1210
40874,870,1210
40979,870,1210
41714,870,1210
41723,930,1170
41749,1010,1400
41754,970,1210
41762,870,1210
41764,870,1210
41766,1010,1400
41775,870,1210
41776,870,1210
41777,870,1210
40826,910,1210
40862,870,1170
41517,870,1120
41537,890,1120
41731,930,1160
41810,870,1130
41812,890,1140
41815,870,1170
41819,870,1170
41821,870,1170
41824,870,1170
41825,910,1160
41826,870,1170
41832,870,1170
41833,870,1160
41835,890,1140
41837,870,1160
41838,870,1170
41840,870,1170
41845,870,1170
41848,870,1170
41849,870,1170
41855,870,1170
41858,870,1170
41135,960,1270
41189,940,1230
40409,960,1250
40448,870,1040
42567,940,1140
42202,1040,1410
42204,870,1120
42265,930,1240
40769,870,1050
42631,960,1180
42634,920,1120
42635,870,1070
42638,920,1140
42647,970,1200
42649,920,1140
42653,960,1180
40404,880,1210
40405,900,1250
40475,950,1320
40476,900,1250
41332,870,1170
41426,870,1040
41464,870,1040
41632,910,1160
40033,890,1120
40049,870,1100
40062,870,1100
40063,890,1120
42044,870,1170
41203,870,1090
41214,920,1150
41224,920,1150
41231,870,1090
41250,950,1160
41267,870,1090
41514,980,1170
41062,910,1110
41096,910,1110
40316,870,1110
40387,870,1110
41425,1170,1620
40310,950,1320
42124,870,1100
42140,930,1290
42151,880,1220
42157,880,1190
40337,880,1160
41352,920,1270
41408,870,1190
41413,870,1210
41421,880,1180
41451,870,1210
42321,1050,1250
42323,1020,1220
42324,1000,1230
42325,870,1040
42326,1150,1380
42332,930,1110
42337,1220,1460
42344,890,1090
42345,880,1060
42367,890,1070
42374,870,1040
40350,880,1190
42328,980,1180
42338,870,1050
42347,870,1040
42354,870,1040
42369,930,1120
42370,870,1050
40355,970,1280
40359,870,1160
40363,950,1240
41351,870,1120
40981,960,1150
41712,950,1140
41713,960,1150
41719,960,1150
41729,960,1150
41735,960,1150
41736,960,1150
41739,910,1090
41746,900,1080
41751,990,1180
41760,980,1180
41763,960,1150
41774,1020,1220
41778,960,1150
41502,980,1180
41503,980,1180
41512,910,1090
41513,900,1080
41519,980,1180
41520,980,1180
41522,900,1080
41524,980,1180
41526,980,1180
41527,980,1180
41528,980,1180
41531,890,1070
41534,900,1100
41535,980,1180
41538,900,1140
41539,1010,1220
41540,980,1180
41542,980,1180
41543,970,1160
41544,980,1180
41547,980,1180
41548,980,1180
41549,980,1180
41553,980,1180
41554,980,1180
41555,910,1090
41557,980,1180
41558,890,1070
41559,960,1150
41560,1000,1200
41561,980,1180
41562,1000,1200
41563,890,1120
41564,980,1180
41566,980,1180
41567,980,1180
41568,980,1180
41571,980,1180
41572,950,1140
40376,870,1190
41360,870,1130
42501,890,1070
42502,930,1120
42503,970,1160
42518,950,1150
42519,890,1070
42533,870,1040
42558,930,1120
42564,930,1120
40460,870,1130
40473,870,1130
40492,870,1130
40313,1020,1290
40317,910,1150
40319,910,1150
42629,870,1040
42758,870,1200
42216,920,1150
42221,920,1150
42234,900,1130
42280,900,1170
42404,870,1110
42437,940,1130
42460,910,1090
40040,1370,1810
40061,900,1190
42409,870,1110
42444,870,1120
42455,960,1240
42463,870,1110
40730,870,1040
70637,880,1100
70638,1180,1460
70644,830,1060
70651,830,1060
70654,1020,1310
70655,930,1160
70658,830,1060
70662,940,1180
71320,900,1160
71327,830,1070
71329,860,1090
71331,900,1210
71333,840,1070
71339,860,1090
71341,1070,1360
71350,830,1070
71353,830,1070
71355,830,1070
71356,840,1080
71362,830,1070
71369,830,1070
70634,1050,1340
70652,880,1100
70653,880,1100
70660,880,1100
71001,900,1250
71008,830,1170
71016,930,1150
71024,830,1140
71028,830,1170
71039,1040,1400
71045,850,1170
71055,910,1200
71068,830,1160
71070,930,1150
71080,830,1170
71251,830,1170
71268,1090,1520
71275,900,1220
71415,830,1080
71435,890,1140
71441,870,1080
71465,840,1140
71326,830,1150
71340,830,1150
71343,840,1160
71354,900,1260
71363,830,1150
71368,830,1150
71401,840,1140
71425,850,1140
71003,1090,1310
71038,830,1080
71040,850,1020
71048,840,1030
71079,830,1050
71316,1040,1450
71334,830,1150
71373,1040,1450
71254,830,1150
71276,840,1140
71282,830,1140
71286,830,1150
70524,830,1100
70554,830,1100
70570,850,1080
70576,870,1130
70580,830,1100
70585,900,1170
70586,900,1170
70589,830,1080
71219,930,1130
71230,830,1080
71243,850,1090
71249,830,1080
71295,870,1110
71324,830,1080
71336,830,1080
71378,830,1080
70513,890,1170
70544,910,1190
70552,860,1130
70562,910,1200
70569,910,1200
71226,830,1170
71247,850,1180
71270,940,1280
71422,890,1240
71342,880,1080
71371,880,1100
71479,840,1140
71480,840,1080
71245,890,1160
71272,940,1280
71273,890,1190
71233,830,1110
71284,830,1110
71002,930,1150
71019,930,1150
71031,930,1150
71066,980,1220
71411,930,1150
71414,1020,1270
71416,930,1150
71428,930,1160
71434,930,1150
71450,930,1150
71452,930,1160
71456,970,1200
71457,980,1220
71458,930,1160
71468,930,1150
71469,1040,1290
71497,980,1220
71034,830,1120
71403,1310,1690
71406,890,1070
71426,950,1140
71429,1050,1340
71439,1050,1340
71449,910,1090
71460,890,1070
71462,890,1070
71486,890,1070
70541,830,1050
70550,850,1080
70551,840,1060
70571,830,1050
70577,840,1050
70584,1010,1260
70750,1040,1300
71345,840,1050
71358,850,1060
70340,970,1280
70342,910,1190
70381,950,1250
70392,910,1190
70514,1010,1330
70522,950,1250
70523,1020,1340
70538,950,1250
70540,950,1250
71357,830,1170
71366,1000,1390
71375,830,1170
70639,1050,1340
70659,1050,1340
71446,1050,1340
71459,1120,1440
71461,1050,1340
71474,1050,1340
71475,1050,1340
71496,1050,1350
70426,850,1170
70429,830,1170
70450,870,1140
71021,830,1110
71072,890,1140
71073,830,1110
71242,830,1100
71253,830,1100
71263,830,1100
71266,900,1180
71410,830,1170
71440,830,1170
71471,830,1170
71473,860,1150
71483,830,1170
04424,970,1350
04471,1160,1590
04730,1190,1630
04732,1440,1970
04734,1150,1570
04735,1090,1490
04736,1140,1560
04737,1220,1670
04738,1220,1670
04739,1220,1670
04740,1110,1520
04742,1430,1950
04743,1320,1800
04744,1220,1670
04745,1420,1940
04746,970,1330
04747,1350,1840
04750,1410,1930
04756,970,1330
04757,1500,2050
04758,1130,1540
04760,1260,1720
04761,1280,1750
04762,1340,1830
04763,970,1330
04764,1430,1950
04766,1130,1550
04768,1600,2190
04769,1320,1800
04772,1320,1800
04773,1090,1490
04774,1440,1970
04775,1220,1670
04776,1220,1670
04779,1280,1750
04780,1580,2160
04781,1320,1800
04783,1310,1790
04785,980,1340
04786,990,1350
04787,1240,1700
04224,1030,1420
04225,1320,1750
04227,1070,1470
04234,1320,1750
04262,1320,1750
04285,1150,1550
04294,1370,1810
04936,1380,1840
04938,1360,1800
04940,1320,1750
04947,1570,2080
04955,1520,2010
04956,1290,1710
04961,1460,1940
04964,1100,1490
04966,1170,1560
04970,1070,1420
04982,1350,1790
04983,1230,1630
04984,1200,1590
04992,1320,1750
04408,1270,1720
04416,1360,1850
04420,1500,2050
04421,1580,2110
04431,1750,2390
04472,1750,2390
04476,1520,2070
04605,1450,1980
04607,1500,2050
04609,1730,2360
04612,1500,1980
04613,1500,2050
04614,1620,2210
04616,1840,2510
04617,1500,2050
04622,1090,1430
04624,1500,2050
04625,1470,2000
04627,1590,2170
04629,1500,2050
04634,1540,2100
04635,1500,2050
04640,1520,2070
04642,1790,2440
04644,1500,2050
04646,1500,2050
04650,1500,2050
04653,2180,2970
04660,1570,2140
04662,1820,2480
04664,1550,2110
04669,1500,2050
04672,1500,2050
04673,1500,2050
04674,1590,2170
04675,1660,2260
04676,1500,2050
04677,2250,3070
04679,1330,1810
04681,1330,1810
04683,1590,2170
04684,1490,2040
04685,1880,2560
04693,1500,2050
04259,1510,1940
04265,1750,2250
04284,1690,2170
04330,1380,1770
04332,1420,1820
04333,1420,1820
04338,1420,1820
04343,1420,1820
04344,1220,1570
04346,1500,1930
04347,1330,1710
04349,2020,2590
04350,1470,1890
04351,1440,1850
04352,1310,1680
04353,1250,1720
04355,1470,1890
04358,1450,1860
04359,1420,1820
04360,1390,1810
04363,1530,1960
04364,1510,1940
04901,1410,1810
04903,1420,1820
04910,1790,2300
04917,1220,1570
04918,1220,1570
04926,1420,1820
04927,1550,1990
04935,1420,1820
04937,1230,1640
04962,1420,1820
04963,1420,1820
04988,1390,1800
04989,1500,1930
04547,1790,2260
04563,1840,2320
04572,1270,1750
04574,1600,1990
04645,1330,1810
04841,1390,1760
04843,1670,2110
04847,1530,1930
04851,1530,1930
04853,1780,2250
04854,1730,2190
04855,2110,2670
04856,1750,2210
04858,1990,2510
04859,2090,2640
04860,2160,2730
04861,1380,1740
04862,1360,1720
04863,1460,1840
04864,1440,1820
04865,1530,1930
04949,1230,1570
04341,1260,1730
04342,1610,2220
04348,1420,1960
04354,1410,1850
04535,1430,1960
04537,1330,1830
04538,1440,1990
04539,1400,1930
04541,1400,1930
04543,1270,1750
04544,1500,2080
04551,1530,2030
04553,1490,2060
04554,1400,1930
04555,1320,1820
04556,1470,2030
04558,1400,1930
04564,1400,1930
04568,1640,2260
04570,1400,1930
04571,1400,1930
04573,1400,1930
04575,1410,1950
04576,1400,1930
04578,1780,2480
04852,1400,1930
03579,1430,1920
04010,1940,2700
04016,1300,1810
04037,1400,1950
04041,1760,2450
04051,1820,2530
04068,1590,2210
04088,1530,2130
04216,1150,1600
04217,1270,1770
04219,1410,1960
04221,1190,1620
04226,1150,1600
04231,1490,2080
04237,1380,1920
04255,1700,2360
04257,1280,1780
04261,1630,2270
04267,1530,2130
04268,1090,1520
04271,1300,1810
04275,1120,1560
04276,1030,1430
04281,1390,1930
04286,1300,1810
04289,1220,1700
04290,1210,1680
04292,1400,1940
04406,1520,1820
04414,1310,1570
04415,1170,1400
04426,1480,1770
04441,1020,1220
04442,1420,1700
04443,1250,1500
04463,1520,1820
04464,1140,1370
04478,1270,1690
04479,1160,1390
04481,1450,1740
04485,1350,1610
04942,1290,1640
04911,1220,1630
04912,1160,1540
04920,1090,1450
04923,1270,1690
04924,1670,2230
04925,1270,1690
04929,1280,1710
04943,1150,1530
04944,1270,1680
04945,1700,2270
04950,1520,2030
04954,1270,1690
04957,1410,1880
04958,1250,1660
04965,1500,2000
04967,1440,1920
04971,1280,1710
04975,1230,1640
04976,1210,1610
04978,1230,1640
04979,1130,1510
04985,1270,1690
04438,1480,1910
04496,1290,1670
04848,1360,1760
04849,1900,2460
04850,1440,1870
04915,1460,1890
04922,1410,1830
04941,1120,1450
04951,1680,2180
04952,1460,1890
04973,1330,1720
04974,1290,1670
04981,1660,2150
04986,1420,1850
04987,1880,2440
04413,1250,1740
04454,1250,1740
04490,1250,1740
04491,1250,1740
04492,1320,1830
04606,1490,2070
04611,1090,1510
04619,1140,1580
04623,1260,1750
04626,1250,1740
04628,1420,1970
04630,1760,2450
04631,1210,1680
04637,1250,1740
04643,1650,2290
04648,1560,2170
04649,1340,1860
04652,1370,1900
04654,1080,1500
04655,1480,2060
04657,1540,2150
04658,1220,1700
04666,1430,1990
04667,1550,2150
04668,1320,1830
04671,1880,2610
04680,1150,1600
04686,1320,1840
04691,1490,2060
04694,1580,2200
21501,980,1340
21502,1010,1380
21503,980,1340
21505,980,1340
21521,1080,1480
21524,1020,1380
21528,980,1340
21529,1130,1550
21530,1420,1950
21532,1030,1410
21539,970,1340
21540,970,1300
21542,970,1330
21543,1030,1410
21545,970,1330
21555,1110,1520
21557,1040,1340
21560,980,1340
21562,970,1330
21766,970,1330
21629,1400,1750
21632,1210,1540
21636,1530,1930
21639,1310,1640
21641,1170,1520
21643,1240,1720
21655,1430,1790
21660,1250,1560
21613,1120,1560
21622,1140,1590
21626,1140,1590
21627,1140,1590
21631,1720,2390
21634,1140,1590
21648,1490,2070
21659,1040,1460
21664,1310,1820
21669,1140,1590
21672,1140,1590
21675,1140,1590
21677,1680,2340
21835,1330,1850
21869,1660,2310
21520,1160,1610
21523,970,1320
21531,970,1350
21536,970,1350
21538,970,1350
21541,1040,1440
21550,1010,1400
21561,990,1360
21610,1150,1490
21635,1710,2110
21645,1550,1950
21650,1350,1750
21661,1360,1780
21667,1250,1640
21678,1240,1610
21601,1380,1920
21612,1410,1960
21624,1410,1960
21625,1690,2350
21647,1410,1960
21652,1410,1960
21653,1420,1980
21654,1420,1980
21662,1960,2730
21663,1260,1760
21665,1410,1960
21671,1410,1960
21673,1440,2000
21676,1410,1960
21811,1410,1960
21813,1260,1750
21829,1150,1610
21841,1530,2130
21842,1210,1680
21843,1190,1660
21862,1340,1860
21863,1150,1610
21864,1150,1610
21872,1390,1900
02535,2330,3240
02539,2320,3230
02557,2290,3210
02575,2750,3820
02713,2000,2810
01054,2290,2750
01072,2550,3060
01093,2170,2620
01301,1820,2180
01302,1870,2240
01337,1800,2160
01338,1640,1960
01339,1670,2000
01340,1690,2030
01341,2580,3090
01342,2460,2950
01344,1470,1760
01346,1680,2020
01347,1990,2380
01349,1850,2220
01350,1500,1880
01351,2120,2540
01354,1980,2370
01355,1690,2030
01360,1930,2310
01370,1680,2010
01373,1900,2280
01375,2400,2880
01376,1750,2100
01378,1650,2060
01379,1880,2260
01380,1460,1750
02554,3140,4150
02564,3140,4150
02584,3140,4150
48647,970,1290
48705,1050,1430
48721,990,1350
48728,1020,1330
48737,1070,1470
48738,1020,1390
48740,1020,1400
48742,970,1330
48745,1270,1750
48750,1010,1400
48761,1030,1360
48762,980,1280
49747,1020,1310
49806,1100,1310
49816,1000,1200
49822,1070,1280
49825,1070,1280
49826,1070,1280
49839,1060,1270
49862,1130,1350
49878,1410,1860
49883,970,1230
49884,1070,1280
49885,1140,1360
49891,1070,1280
49895,1110,1440
49010,1210,1510
49026,1050,1380
49055,1110,1460
49056,1000,1280
49070,1140,1420
49090,1070,1400
49328,1000,1280
49335,1370,1720
49406,1040,1310
49408,1070,1340
49419,1380,1720
49450,1280,1600
49453,1000,1280
49707,970,1210
49744,1270,1580
49746,970,1340
49753,1090,1360
49766,970,1210
49776,970,1170
49611,1110,1370
49615,970,1170
49622,1250,1500
49627,1360,1640
49629,1290,1550
49648,1520,1820
49712,1110,1540
49713,1040,1410
49720,1060,1470
49727,970,1310
49729,1280,1570
49730,1070,1350
48610,1160,1510
48703,970,1350
48749,1100,1530
48756,1020,1220
48763,1090,1510
48765,1000,1390
48766,1090,1520
48770,970,1350
49861,970,1170
49908,1000,1200
49919,970,1170
49946,970,1170
49952,970,1350
49958,1000,1260
49962,970,1170
49970,1000,1200
49028,970,1320
49030,1100,1490
49036,980,1330
49040,1000,1360
49082,970,1320
49089,970,1320
49227,970,1220
49255,1120,1470
49274,970,1230
49770,1260,1510
49782,1020,1420
49795,1140,1490
49796,1110,1480
49701,1040,1260
49705,970,1170
49706,1040,1260
49716,1140,1370
49717,1030,1240
49718,1210,1450
49721,1080,1290
49749,1030,1230
49755,1180,1410
49761,1050,1260
49765,970,1170
49769,1210,1450
49791,1050,1250
49792,1050,1260
49799,970,1170
49710,1070,1280
49715,970,1170
49719,1030,1230
49724,1070,1280
49725,1050,1260
49726,1060,1270
49728,1070,1280
49736,1070,1280
49748,1070,1280
49752,1070,1280
49760,1400,1680
49768,1070,1280
49774,1060,1270
49780,1140,1370
49783,1070,1280
49784,1090,1310
49788,1090,1310
49793,1100,1330
49868,1000,1200
48617,1040,1270
48622,1040,1270
48624,970,1340
48625,970,1170
48632,980,1200
48633,970,1180
49665,970,1170
49679,1310,1580
48653,1010,1270
49733,1020,1260
49756,1100,1500
49807,1100,1460
49817,1080,1480
49818,1040,1350
49829,970,1290
49835,1250,1640
49837,1090,1440
49854,970,1340
49864,1410,1860
49872,1310,1730
49880,1020,1310
49894,1030,1370
49801,970,1180
49802,1100,1340
49815,1060,1270
49831,1000,1210
49834,1030,1250
49852,1060,1310
49870,980,1190
49873,1030,1360
49876,1000,1210
49877,970,1180
49881,970,1180
49892,1060,1310
49920,1100,1320
49722,1220,1470
49740,1340,1610
49764,1040,1260
49911,970,1350
49925,1260,1620
49938,970,1350
49947,970,1330
49959,980,1370
49968,1000,1390
49969,1100,1530
54540,970,1170
48801,970,1300
48806,1140,1530
48830,970,1300
48832,980,1290
48847,970,1300
48856,970,1300
48862,970,1300
48874,1140,1530
49220,980,1250
49232,1020,1270
49242,990,1240
49247,1130,1440
49257,1000,1250
49258,1040,1300
49262,1150,1440
49266,990,1240
49271,1090,1360
49282,1210,1520
49288,1160,1450
49805,970,1290
49901,970,1270
49905,1140,1590
49913,970,1350
49916,1000,1390
49917,1020,1420
49921,1460,2030
49922,980,1360
49930,970,1350
49931,1120,1560
49934,970,1350
49942,970,1350
49945,970,1350
49955,1020,1420
49961,970,1350
49963,970,1350
49965,970,1350
49967,990,1270
48413,970,1200
48432,1140,1400
48441,1050,1290
48445,970,1200
48456,1030,1320
48467,970,1200
48468,970,1200
48470,1180,1450
48475,1050,1310
48720,970,1200
48725,970,1200
48726,970,1280
48731,1110,1370
48735,1060,1370
48754,970,1200
48755,1140,1400
48759,1220,1500
48767,1130,1500
48730,970,1350
48739,990,1340
48743,990,1340
48748,970,1350
49879,1100,1320
49902,970,1170
49903,970,1170
49915,1030,1230
49927,1100,1320
49935,1100,1320
49964,1070,1280
48804,1010,1320
48859,1010,1320
48878,970,1270
48893,1210,1580
48896,1010,1320
49305,970,1240
49340,970,1250
49918,970,1240
49950,970,1240
49304,990,1360
49309,970,1290
49402,1020,1370
49601,1050,1320
49623,990,1300
49642,970,1340
49644,970,1340
49655,990,1190
49656,1070,1470
49677,970,1200
49688,1270,1550
49221,1190,1520
49235,1090,1390
49248,1540,1970
49253,1060,1360
49256,1020,1300
49265,1070,1370
49268,1190,1530
49279,1080,1380
49286,1160,1480
49289,1080,1380
49853,970,1170
49745,970,1170
49757,1480,1770
49762,1180,1420
49775,1480,1770
49781,970,1170
49820,1020,1230
49827,1040,1250
49836,970,1260
49838,1020,1220
49411,1280,1700
49614,1280,1630
49619,1350,1720
49625,1060,1350
49626,1040,1320
49634,1040,1320
49638,1140,1440
49645,1100,1400
49660,1040,1320
49668,1260,1590
49675,970,1240
49689,970,1240
49808,1110,1330
49814,990,1200
49819,1140,1370
49833,1140,1370
49841,970,1170
49849,970,1170
49855,1220,1460
49865,1140,1370
49866,970,1170
49871,970,1170
49405,970,1300
49410,1150,1530
49431,1050,1400
49449,970,1220
49454,970,1300
49458,1030,1390
49307,1010,1290
49320,1060,1350
49332,970,1240
49338,1120,1450
49342,1100,1400
49346,970,1240
49631,1010,1220
49639,970,1180
49812,1380,1920
49821,1440,2000
49845,970,1350
49847,970,1350
49848,970,1350
49858,990,1380
49863,1380,1920
49874,970,1350
49886,1230,1720
49887,970,1350
49893,970,1350
49896,970,1350
48629,970,1240
49632,970,1190
49651,990,1210
49657,990,1210
49663,1070,1340
49667,970,1190
48619,1020,1340
49709,970,1350
49751,1050,1410
49312,990,1310
49349,970,1290
49421,970,1230
49459,1130,1400
49420,980,1210
49436,1040,1280
49446,970,1200
49452,970,1200
49455,970,1200
48635,1040,1250
48654,970,1190
48661,980,1180
49910,1080,1370
49912,970,1240
49929,970,1240
49948,970,1240
49953,970,1240
49960,970,1240
49971,970,1240
48621,970,1290
48636,990,1290
49734,1100,1440
49735,1090,1430
49797,1100,1440
49743,970,1170
49759,980,1190
49777,1330,1590
49779,970,1170
48627,1010,1270
48630,970,1240
48651,1010,1290
48656,970,1240
49032,970,1320
49066,1140,1540
49075,1050,1430
49091,1060,1440
48401,1040,1340
48410,1070,1370
48419,1090,1400
48422,1100,1420
48426,1000,1290
48427,970,1250
48434,1090,1400
48450,970,1250
48454,970,1250
48465,1120,1440
48466,970,1250
48469,1020,1310
48471,970,1250
48472,1090,1400
48729,980,1280
48741,1020,1310
49840,970,1340
48414,1050,1410
48476,970,1300
48817,1170,1570
48857,1250,1670
48882,1070,1430
48701,1000,1320
48723,970,1290
48733,1060,1400
49013,1000,1320
49027,1010,1330
49057,970,1280
49062,1020,1340
49063,1020,1330
49064,1000,1320
49079,1040,1370
49618,1120,1440
55072,1200,1450
55735,1190,1480
55748,990,1360
55752,1020,1390
55760,970,1350
55785,1000,1360
56350,1060,1350
56431,980,1340
56444,1020,1230
56469,970,1350
56464,1050,1320
56470,1010,1390
56477,1090,1340
56501,1070,1400
56502,1030,1340
56511,1000,1310
56521,970,1270
56544,980,1290
56569,1080,1410
56570,970,1270
56575,970,1270
56577,1030,1340
56578,1050,1380
56589,970,1230
56591,970,1270
56593,1030,1340
56601,1150,1390
56619,1140,1370
56630,990,1190
56633,1060,1400
56647,990,1190
56650,990,1190
56652,1080,1310
56661,1000,1280
56663,1000,1270
56666,990,1190
56667,1180,1430
56670,990,1190
56671,990,1190
56676,1200,1450
56678,1150,1420
56683,1330,1590
56685,990,1210
56725,1020,1280
56727,990,1190
56208,970,1290
56210,970,1200
56211,1040,1300
56219,1320,1810
56221,970,1340
56225,1120,1360
56227,990,1310
56236,970,1290
56240,970,1200
56276,990,1280
56278,980,1190
55333,1050,1460
56019,970,1210
56030,1030,1270
56081,1000,1320
56083,1090,1480
56084,970,1180
56085,970,1180
56087,970,1190
56266,1210,1630
56401,1060,1280
56425,1310,1570
56433,1050,1440
56435,1010,1350
56448,1190,1480
56452,970,1300
56461,1030,1420
56466,970,1330
56468,1170,1450
56472,990,1210
56473,990,1330
56474,970,1270
56479,1170,1530
56481,970,1190
56484,990,1320
56626,970,1300
56636,970,1270
56641,990,1320
56655,970,1300
56662,1270,1600
56672,970,1300
56215,1050,1390
56222,1250,1740
56241,1060,1330
56252,970,1290
56260,970,1350
56262,980,1340
56265,970,1350
56271,970,1300
56282,1050,1460
56285,970,1350
56295,970,1350
56557,980,1220
56634,970,1180
55604,1020,1350
55605,970,1290
55606,1010,1340
55612,1180,1560
55613,1210,1550
55615,1390,1840
56101,1040,1440
56118,1010,1390
56131,1000,1270
56137,970,1290
56145,970,1350
56152,970,1320
56159,980,1360
56166,970,1320
56174,1150,1600
56180,970,1320
56183,970,1340
56364,1030,1430
56441,1030,1240
56442,1120,1350
56447,1620,1950
56449,1270,1580
56455,1240,1490
56465,1080,1310
56308,1000,1390
56309,1020,1420
56315,970,1350
56319,1000,1380
56326,970,1350
56327,1040,1340
56332,1070,1490
56334,1030,1240
56339,970,1350
56341,990,1380
56343,980,1350
56349,1130,1370
56354,970,1350
56355,1080,1490
56361,970,1350
56446,970,1320
56009,1190,1570
56013,1000,1350
56014,970,1310
56023,970,1310
56033,970,1310
56039,1050,1390
56047,970,1310
56051,1380,1860
56072,970,1350
56097,970,1310
56098,990,1340
55912,1070,1380
55953,970,1250
56007,970,1280
56016,1050,1380
56020,1190,1570
56026,1020,1370
56029,970,1280
56032,1320,1740
56035,970,1300
56036,1030,1360
56042,970,1300
56043,980,1300
56045,970,1280
56089,970,1280
55026,1640,2280
55053,1600,2090
55066,1150,1600
55983,970,1350
55992,970,1350
56235,1190,1660
56248,970,1350
56274,990,1380
56311,1460,2030
56324,970,1350
56522,1320,1760
56531,1090,1520
56537,990,1380
56565,1210,1620
56590,1000,1390
56436,1010,1400
56458,1110,1540
56467,970,1350
55709,1110,1450
55716,970,1270
55721,970,1270
55722,970,1270
55742,1010,1360
55744,1130,1470
55745,1070,1400
55753,1000,1300
55764,1260,1640
55775,970,1270
55784,1080,1440
55786,970,1270
55793,1190,1550
56628,1290,1680
56631,1070,1400
56637,1150,1500
56639,1150,1500
56657,1160,1510
56659,970,1270
56680,970,1270
56681,970,1270
56688,1070,1400
56111,1200,1580
56119,1060,1320
56127,1350,1780
56143,970,1280
56150,1050,1380
56160,980,1310
56161,1030,1340
56167,1070,1350
56187,1070,1320
55007,1050,1370
55030,1060,1370
55037,1120,1340
56201,970,1350
56209,1030,1430
56216,1460,2030
56243,970,1350
56251,970,1350
56253,1000,1390
56273,1040,1450
56277,1010,1400
56279,1170,1630
56281,1020,1420
56284,980,1360
56288,970,1350
56289,970,1340
56720,1100,1320
56728,1120,1340
56729,970,1170
56731,1080,1300
56732,970,1170
56733,1000,1200
56734,970,1170
56735,970,1170
56740,970,1170
56755,990,1220
56757,1240,1510
58225,970,1320
56623,1000,1210
56627,970,1240
56629,980,1230
56653,1110,1430
56654,1060,1360
56658,970,1240
56660,990,1260
56668,970,1240
56679,970,1240
56212,970,1350
56218,1130,1530
56220,970,1190
56223,1120,1350
56232,970,1350
56256,1110,1540
56257,1020,1390
55601,1290,1550
55603,1120,1350
55607,1120,1400
55609,1470,1850
55614,1260,1510
56673,1300,1630
56686,1190,1480
56711,1120,1420
56741,1010,1210
56113,990,1320
56136,970,1290
56142,980,1290
56149,990,1310
56164,970,1200
56170,1130,1420
56178,1010,1340
56264,970,1330
56280,1180,1470
56291,970,1280
57026,970,1340
56115,1240,1710
56132,1180,1570
56157,1060,1470
56169,970,1350
56175,970,1340
56229,970,1330
56239,1100,1530
56258,990,1380
56263,970,1320
56292,1080,1500
56297,1010,1210
55312,970,1170
55336,1010,1210
55350,1030,1240
55354,970,1170
55355,1030,1430
55370,1070,1340
55385,970,1200
55396,970,1300
56516,1190,1480
56566,970,1220
56713,1140,1390
56724,970,1180
56737,970,1180
56738,980,1190
56758,1010,1230
56759,970,1210
56760,1030,1280
56031,970,1280
56075,970,1280
56121,1070,1420
56162,1000,1320
56171,1070,1410
56176,970,1280
56181,970,1280
55324,970,1350
55342,1060,1470
56228,970,1350
56318,970,1330
56328,980,1360
56345,980,1360
56347,1040,1410
56382,1000,1380
56384,970,1350
56438,970,1320
56443,1160,1600
56475,970,1350
55909,970,1250
55918,970,1250
55926,980,1260
55933,970,1250
55936,970,1250
55950,1070,1380
55970,970,1250
55977,970,1250
56114,1360,1770
56122,990,1260
56123,1120,1420
56125,1190,1510
56141,970,1230
56151,1130,1430
56172,970,1230
56185,970,1200
56186,970,1210
56110,970,1200
56117,1400,1690
56153,1120,1390
56155,970,1200
56165,1020,1270
56168,970,1200
56510,970,1170
56541,1220,1520
56545,1070,1360
56548,970,1170
56550,1030,1230
56581,970,1170
56437,970,1320
56453,1030,1410
56482,980,1200
56515,1070,1490
56518,1020,1420
56524,1100,1530
56527,990,1350
56528,1410,1960
56533,1280,1770
56534,1200,1660
56538,980,1360
56543,1100,1470
56551,970,1350
56567,970,1350
56571,1150,1600
56573,970,1350
56576,1070,1490
56579,1180,1590
56586,1150,1600
56587,970,1350
56588,1010,1400
56748,1120,1470
56754,1310,1750
55036,1100,1320
55063,970,1170
55704,970,1170
55712,1090,1320
55795,980,1180
56139,1070,1320
56140,970,1200
56226,1020,1360
56244,970,1310
56323,970,1180
56381,1080,1290
56214,970,1310
56224,970,1320
56237,970,1180
56255,970,1320
56270,1030,1410
56283,1080,1470
56287,1030,1440
56293,970,1320
56294,1060,1440
55310,970,1350
55314,970,1350
56230,1070,1490
55019,1570,2030
55021,1210,1560
55046,1560,2020
55049,1170,1590
55052,1210,1570
55087,1210,1570
56093,1060,1410
56714,970,1260
56726,970,1260
56751,1080,1390
56756,1010,1300
56761,1060,1350
56763,970,1260
55307,1010,1350
55366,970,1300
55060,1150,1560
56046,1140,1540
56207,970,1350
56267,1000,1390
56231,1130,1490
56249,970,1290
56389,980,1340
56434,970,1280
56440,970,1320
56296,970,1350
56583,1060,1450
56091,1030,1410
56022,970,1260
56056,990,1310
56120,970,1280
56520,970,1280
56553,970,1320
58030,970,1350
55925,970,1220
55952,1140,1430
55959,1030,1290
55969,1120,1400
55987,1060,1330
56245,970,1170
39120,850,1120
39121,840,1110
39122,840,1110
39190,840,1110
39661,1190,1570
38833,840,1160
38834,840,1170
38835,840,1170
38846,860,1170
38865,990,1330
39631,860,1050
39633,980,1240
39638,860,1050
39645,880,1080
39652,970,1170
39653,1000,1290
39657,970,1170
39664,900,1140
39666,980,1190
39067,1190,1580
39090,930,1130
39108,990,1310
39160,950,1260
39176,900,1150
39745,900,1170
39747,840,1120
39772,870,1150
38614,890,1240
38703,980,1360
38720,850,1180
38725,840,1100
38726,840,1100
38730,930,1210
38732,890,1160
38733,890,1160
38740,840,1100
38746,850,1100
38759,880,1150
38762,880,1150
38764,850,1110
38769,840,1100
38772,910,1230
38773,870,1180
38774,840,1100
38781,840,1100
38839,890,1230
38850,900,1170
38851,870,1170
38864,920,1170
38878,840,1170
38913,1170,1470
38914,920,1250
38915,1170,1470
38916,890,1230
38929,990,1190
38951,1170,1630
38965,1170,1470
39744,870,1170
38901,920,1100
38917,840,1060
38923,870,1120
38930,840,1060
38940,900,1100
38943,900,1110
38947,840,1060
38967,900,1120
38860,990,1250
38868,990,1250
38877,840,1130
39730,840,1130
39751,920,1190
39756,850,1160
39776,1040,1380
39339,840,1120
39735,1000,1330
39750,960,1270
39752,960,1270
39767,850,1120
39769,1050,1380
39096,860,1120
39150,880,1130
39301,900,1200
39307,900,1200
39330,900,1200
39347,870,1120
39355,990,1180
39360,870,1050
39363,870,1050
39366,890,1130
39367,870,1100
39439,890,1160
39741,900,1220
39755,960,1270
39759,1010,1330
39773,850,1170
38617,840,1180
38631,840,1180
38639,840,1180
38643,870,1180
38644,840,1180
38645,840,1180
38767,840,1180
38963,1050,1370
39168,890,1120
39428,950,1260
39474,870,1110
39479,890,1110
39069,840,1120
39601,890,1170
39630,850,1130
39647,890,1150
39451,870,1050
39362,1260,1570
39461,840,1020
38902,910,1090
38920,870,1100
38922,870,1120
38925,920,1110
38953,870,1120
38961,890,1170
38753,850,1150
38754,850,1180
39097,1030,1360
39115,970,1290
38744,840,1180
38745,840,1110
39113,840,1060
39159,840,1120
39177,840,1060
39183,930,1160
38804,990,1250
38824,990,1250
38843,990,1250
38847,1240,1530
38848,860,1070
38849,990,1260
38855,990,1250
38856,1270,1530
38857,990,1250
38858,990,1250
38870,990,1180
38876,840,1020
39332,910,1120
39336,860,1120
39338,840,1120
39345,900,1120
39348,870,1120
39356,870,1120
39422,840,1120
39443,890,1120
39477,950,1150
39480,1120,1350
39481,1030,1360
39421,960,1160
39427,840,1020
39656,870,1040
39663,870,1070
39440,960,1150
39320,990,1320
39325,970,1290
39326,900,1200
39328,910,1200
39335,1070,1430
39341,840,1120
39350,930,1170
39352,970,1290
39354,1020,1350
39358,840,1120
39361,900,1120
38601,1170,1470
38606,1170,1470
38627,1170,1470
38655,1260,1560
38673,1260,1560
38677,1260,1560
38863,1170,1470
38871,1170,1470
38949,1170,1470
39302,910,1210
39303,910,1210
39304,910,1210
39305,1000,1330
39309,1070,1430
39323,1240,1530
39342,1030,1370
39364,1060,1420
39641,980,1210
39662,970,1170
39665,900,1140
39109,960,1150
38801,1010,1280
38802,990,1260
38803,990,1260
38826,1100,1370
38828,990,1250
38862,990,1250
38866,1040,1310
38879,1010,1280
38736,860,1140
38737,840,1140
38761,840,1140
38941,850,1070
38944,890,1110
38946,920,1150
38950,840,1100
38952,850,1080
39602,860,1140
39603,860,1140
39629,970,1170
39701,880,1200
39702,880,1200
39703,880,1210
39704,880,1210
39705,1030,1410
39710,880,1210
39736,880,1200
39740,880,1200
39743,960,1270
39753,880,1210
39766,880,1200
39478,940,1130
39483,1050,1260
39643,1020,1220
39667,1010,1210
38821,850,1020
38844,840,1150
39746,840,1020
39337,940,1180
39346,960,1270
39327,850,1020
39739,1030,1280
39760,960,1270
39762,1010,1330
38620,910,1160
38622,870,1170
38646,900,1260
38658,1110,1440
38666,870,1130
38927,940,1230
38948,970,1270
39635,990,1190
39648,990,1190
39649,990,1190
38652,900,1090
38841,900,1090
38869,1010,1240
38829,840,1070
38838,900,1170
38859,1080,1310
38873,840,1120
38623,950,1290
38964,900,1220
38721,910,1210
38748,840,1180
38765,890,1180
39054,1260,1680
39061,840,1120
39116,1140,1370
39153,860,1080
38738,980,1290
38751,900,1210
38756,840,1180
38768,1050,1370
38771,840,1140
38778,840,1140
38921,840,1100
38928,840,1100
38957,1030,1350
38962,840,1100
38966,840,1100
38625,890,1140
38674,840,1100
38326,1120,1480
38827,870,1150
39156,950,1180
39180,970,1200
39181,950,1180
39182,950,1180
38701,840,1180
38722,840,1180
38723,840,1180
38731,840,1180
38760,840,1180
38776,840,1180
38780,840,1180
39322,950,1220
39324,840,1100
39737,860,1070
39771,860,1050
39669,1180,1460
63501,890,1240
63533,900,1250
63540,890,1170
63544,970,1260
63546,1090,1380
63547,890,1090
63549,890,1160
63557,910,1120
63559,930,1230
64428,1180,1500
64437,1070,1340
64446,890,1060
64482,1000,1200
64487,890,1130
64491,910,1090
64496,1000,1260
64498,920,1130
63345,890,1140
63352,900,1150
63382,910,1160
65232,980,1260
65280,920,1180
65285,900,1170
64874,890,1230
65605,950,1260
65623,910,1250
65624,910,1240
65625,890,1230
65633,1130,1570
65641,920,1220
65647,910,1270
65658,890,1230
65708,950,1290
65745,1000,1380
65747,910,1240
65769,890,1180
65772,890,1230
64728,890,1120
64759,910,1260
64762,890,1230
64769,890,1230
64784,890,1130
64735,890,1170
64776,890,1070
65078,970,1280
65324,960,1340
65325,910,1170
65326,1030,1350
65335,920,1180
65338,1000,1290
65345,960,1240
65355,930,1200
65360,900,1190
65634,980,1330
65735,890,1170
65779,890,1230
63901,900,1200
63902,900,1200
63932,940,1250
63937,890,1080
63940,970,1290
63945,890,1170
63953,890,1140
63954,890,1170
63961,890,1180
63962,900,1200
63966,890,1080
63967,890,1110
65017,890,1090
65020,930,1290
65037,960,1280
65047,890,1090
65049,1020,1360
65052,890,1230
65065,900,1240
65079,1260,1750
65452,910,1270
65556,910,1270
65567,890,1230
65591,1130,1570
65787,1350,1880
64622,890,1160
64623,890,1160
64633,890,1160
64638,890,1150
64639,890,1160
64643,890,1160
64682,890,1160
63935,930,1190
63941,920,1140
63943,1040,1270
63965,910,1090
64744,940,1260
64756,890,1210
65607,890,1220
65635,920,1250
65785,890,1210
63558,890,1180
64628,900,1080
64658,890,1100
64660,890,1190
64676,900,1090
64681,950,1180
65236,890,1230
65244,910,1240
65246,890,1220
65261,890,1230
65286,890,1240
63430,910,1180
63432,890,1230
63435,890,1170
63445,890,1150
63453,890,1160
63465,930,1180
63466,890,1160
63472,980,1270
63473,900,1180
63474,900,1180
63543,1070,1440
65446,890,1160
65449,910,1170
65456,890,1150
65535,890,1240
65559,950,1250
65560,900,1080
65565,890,1230
65566,890,1090
65586,890,1200
65603,900,1220
65646,970,1320
65661,890,1210
65682,950,1290
65752,990,1350
64601,900,1160
64620,890,1140
64636,1140,1470
64640,920,1180
64642,900,1180
64647,890,1140
64648,940,1210
64654,940,1210
64657,900,1190
64683,900,1190
64689,930,1190
63629,910,1090
63638,890,1070
65401,930,1220
65440,890,1070
65462,890,1170
65501,900,1080
65532,890,1070
65541,900,1120
65542,890,1190
65608,890,1150
65637,890,1070
65638,890,1090
65689,930,1240
65702,890,1190
65704,890,1220
65711,1050,1450
65717,890,1200
65755,890,1070
65768,930,1240
65775,930,1280
65793,890,1220
63821,890,1230
63822,900,1200
63829,920,1270
63837,890,1230
63847,900,1250
63849,890,1220
63852,890,1230
63855,890,1230
63857,900,1240
63863,950,1310
63875,890,1230
63876,890,1230
63877,890,1170
63880,890,1230
63933,910,1260
64402,890,1230
64438,920,1270
64441,890,1190
64453,940,1260
64471,950,1250
64479,890,1140
64489,990,1370
64499,890,1160
64635,890,1140
64641,890,1160
64652,890,1170
64679,890,1180
64424,890,1160
64426,1010,1320
64442,890,1160
64456,890,1160
64458,920,1160
64467,890,1160
64481,900,1180
64632,1010,1330
64726,900,1220
64733,890,1220
64740,890,1150
64761,890,1230
65323,890,1170
64738,1110,1330
65668,1260,1750
65774,890,1200
64451,940,1180
64466,890,1120
64470,890,1110
64473,890,1110
65548,890,1200
65609,950,1150
65626,890,1160
65688,930,1280
65692,1030,1430
65777,950,1280
65788,920,1230
65789,890,1220
65790,900,1130
65791,890,1230
63620,890,1080
63621,980,1190
63623,950,1160
63624,890,1130
63625,970,1170
63631,960,1150
63636,890,1070
63650,1070,1310
63654,1050,1260
63656,1010,1230
63663,890,1080
63675,890,1080
63956,890,1060
65439,910,1180
64019,990,1380
64093,1030,1350
65305,1260,1750
65332,890,1150
65336,980,1360
65337,890,1150
63446,1000,1290
63447,930,1230
63458,1010,1320
63460,940,1200
63469,1280,1710
63530,890,1150
63531,980,1260
63537,920,1130
63563,1280,1700
65470,970,1300
65534,1000,1370
65543,900,1200
65552,1140,1530
65654,1070,1410
65664,890,1210
65707,930,1220
65712,890,1170
65756,930,1220
63438,980,1290
63440,1020,1350
63448,1130,1490
63452,910,1200
63454,890,1170
63457,900,1180
63471,1030,1330
63566,920,1180
64630,890,1080
64631,890,1070
64646,890,1140
64651,1090,1310
64653,950,1150
64659,890,1060
64674,890,1070
64688,930,1170
64656,890,1150
64664,900,1160
64686,900,1160
64831,890,1230
64847,890,1230
64854,900,1250
64856,890,1230
64863,940,1270
64868,910,1210
65730,900,1240
63431,920,1200
63437,890,1190
63451,1130,1500
63532,1020,1320
63534,890,1150
63538,890,1160
63539,890,1150
63552,950,1230
65247,940,1230
65260,970,1310
63640,970,1250
63964,900,1090
65443,920,1270
65459,910,1270
65580,930,1250
63401,970,1270
63439,1010,1320
63443,890,1160
63456,890,1100
63461,910,1200
63463,890,1170
64645,1020,1310
64661,940,1260
64667,1250,1600
64672,950,1200
64673,890,1230
65072,1330,1740
65075,910,1160
65082,990,1200
65083,920,1110
65486,890,1080
63801,940,1150
63820,890,1190
63823,890,1170
63834,890,1190
63845,910,1220
63881,890,1200
63882,890,1200
63450,930,1220
63462,890,1120
63468,980,1300
65258,920,1100
65263,890,1070
65270,910,1270
65275,1090,1310
65282,930,1170
65283,960,1190
63350,930,1280
65038,890,1170
65329,1020,1310
63828,920,1120
63833,890,1070
63848,890,1060
63860,900,1080
63862,890,1060
63866,890,1060
63867,890,1060
63868,890,1060
63869,940,1130
63870,890,1070
63873,910,1110
63874,890,1060
63878,890,1060
64431,950,1220
64432,950,1290
64433,930,1220
64434,890,1140
64445,890,1140
64461,1000,1280
64468,910,1170
64475,910,1160
64476,890,1140
64486,940,1180
63942,920,1200
65438,890,1110
65588,940,1150
65606,890,1240
65690,890,1240
65778,910,1260
65618,890,1070
65655,890,1060
65666,890,1070
65676,890,1070
65715,890,1070
65741,890,1070
65760,890,1070
65762,890,1070
65766,890,1070
65773,890,1070
65784,890,1070
63826,890,1170
63827,890,1170
63830,900,1190
63839,900,1190
63840,890,1170
63851,890,1170
63853,890,1170
63879,890,1170
63737,950,1260
63746,930,1240
63748,920,1220
63776,950,1260
63783,930,1240
65302,980,1270
65333,890,1150
65334,1290,1670
65340,910,1180
65402,930,1230
65409,930,1220
65436,890,1180
65461,1100,1500
65529,910,1260
65550,940,1270
63330,1080,1350
63336,1010,1210
63339,920,1140
63353,920,1100
63433,920,1110
63441,910,1120
63459,890,1130
65457,1100,1530
65473,1170,1630
65583,1050,1460
65584,1040,1450
63551,970,1160
63560,1160,1450
63565,890,1060
63567,900,1080
64655,1140,1420
63436,900,1130
63467,910,1150
65239,1020,1420
65259,890,1230
65278,900,1240
63633,890,1060
63665,910,1100
63666,890,1070
63957,890,1070
63931,890,1140
63939,940,1190
63955,900,1150
64763,950,1140
64781,900,1120
64783,920,1200
63036,1000,1280
63670,940,1130
63601,890,1150
63626,960,1180
63630,920,1100
63637,890,1150
63648,1050,1260
63651,900,1160
63653,960,1240
65320,980,1240
65330,910,1180
65339,1070,1390
65344,930,1210
65349,890,1150
63535,990,1180
63536,890,1130
63541,1050,1260
63548,970,1180
63561,910,1090
63442,890,1240
63555,890,1230
63735,890,1180
63736,970,1190
63742,920,1130
63758,890,1100
63767,890,1090
63774,970,1190
63784,920,1150
63824,1050,1290
65466,940,1150
65479,900,1150
65546,890,1090
65571,890,1170
63434,1180,1570
63738,890,1190
63825,900,1200
63841,900,1200
63846,890,1180
63850,890,1180
63936,980,1310
65611,910,1270
65616,1090,1410
65675,1070,1480
65681,970,1310
65686,980,1360
63545,890,1110
63556,890,1110
65615,1030,1330
65627,1030,1330
65672,930,1200
65673,1030,1330
65679,900,1160
65680,920,1190
65726,930,1200
65731,900,1160
65739,940,1230
65740,1080,1400
65744,1030,1330
65444,1010,1360
65464,920,1230
65468,890,1180
65483,920,1240
65484,890,1190
65555,890,1190
65557,1190,1600
65564,920,1240
65570,1320,1770
65589,890,1190
65660,1040,1440
64741,900,1130
64750,930,1210
64765,890,1170
64767,910,1170
64771,890,1120
64772,910,1140
64778,950,1210
64790,930,1170
63622,890,1060
63660,890,1070
63664,890,1070
63674,920,1100
63763,890,1100
63934,890,1060
63944,890,1060
63950,890,1060
63951,890,1070
63952,890,1080
64420,890,1160
59724,1070,1490
59725,1350,1620
59727,1320,1830
59732,1350,1700
59736,1080,1500
59739,1010,1400
59743,1350,1780
59746,1120,1560
59761,1080,1500
59762,1240,1730
59010,1460,1950
59016,1550,2050
59022,1490,1900
59025,1160,1450
59031,1460,1860
59034,1280,1630
59035,1140,1500
59038,1560,2140
59043,1630,2220
59050,1480,1880
59066,1220,1690
59075,1340,1710
59089,1140,1450
59501,1320,1740
59520,1500,1910
59523,1160,1510
59524,1040,1270
59526,1190,1430
59527,1260,1510
59529,1180,1420
59535,1230,1500
59542,1040,1310
59547,1170,1400
57717,1090,1310
57724,1090,1310
59311,1090,1310
59313,1430,1960
59316,1090,1380
59319,1090,1310
59324,1090,1310
59332,1240,1490
59336,1450,1930
59344,1390,1880
59416,1310,1750
59420,1230,1610
59433,1340,1860
59442,1170,1490
59446,1400,1840
59447,1180,1590
59450,1960,2490
59460,1290,1650
59521,1440,1880
59540,1140,1510
59301,1610,2160
59338,1610,2160
59345,1410,1930
59347,1440,1960
59349,1550,2140
59351,1470,1980
59201,1350,1850
59222,1050,1410
59253,1080,1440
59257,1210,1680
59260,1170,1540
59263,1050,1400
59276,1020,1410
59215,1540,2130
59259,1560,1960
59262,1150,1380
59315,1200,1440
59326,1570,2170
59330,1350,1850
59339,1350,1850
59353,1550,2140
59711,1240,1730
59722,1130,1580
59756,1080,1500
59354,1430,1960
59032,1350,1850
59072,1370,1900
59087,1350,1850
59418,1600,2200
59424,1410,1930
59430,1490,2050
59441,1390,1910
59451,1420,1960
59453,1270,1660
59457,1440,1980
59462,1340,1840
59464,1460,2010
59471,1360,1870
59489,1400,1900
59845,1480,1970
59901,1630,2140
59903,1690,2220
59904,1690,2220
59911,1780,2320
59912,1600,2100
59913,1480,1970
59916,1480,1970
59917,1480,2040
59919,1850,2430
59920,1510,1980
59922,1750,2290
59925,1480,1970
59926,1850,2430
59927,1710,2290
59928,1480,1970
59932,1730,2270
59936,1480,1970
59937,1990,2620
59058,1350,1850
59077,1100,1350
59223,1350,1850
59312,1100,1420
59318,1060,1380
59322,1230,1590
59337,1100,1350
59411,1290,1540
59417,1180,1410
59427,1340,1610
59434,1370,1640
59448,1150,1410
59486,1120,1420
59078,1220,1690
59832,990,1390
59837,1210,1690
59858,1260,1750
59525,1340,1760
59528,1140,1510
59530,1140,1510
59531,1140,1510
59532,1350,1770
59452,1160,1580
59469,1160,1580
59479,1160,1580
59824,1420,1830
59855,1310,1690
59860,1450,1870
59863,1370,1760
59864,1400,1810
59865,1260,1590
59910,1540,1990
59914,1900,2450
59915,1480,1880
59929,1440,1860
59931,1540,2010
59444,1390,1920
59456,1210,1630
59461,1290,1780
59522,1030,1430
59545,1170,1630
59918,1610,2240
59923,1060,1470
59930,1460,2030
59933,1490,2070
59934,1200,1670
59935,1190,1660
59214,1420,1920
59255,1350,1850
59274,1350,1850
59710,1350,1620
59720,1440,1970
59735,1470,2000
59740,1350,1790
59745,1790,2460
59747,1350,1730
59749,1350,1780
59751,1510,2050
59754,1550,2090
59755,1350,1620
59053,1330,1830
59642,1570,2180
59054,1320,1840
59059,1340,1860
59018,1660,2310
59020,1910,2660
59027,1770,2460
59030,1400,1950
59047,1650,2290
59052,1500,2060
59065,1540,2140
59081,1710,2380
59082,1410,1950
59084,1550,2140
59241,1050,1340
59261,1290,1790
59537,980,1330
59538,980,1360
59544,1220,1690
59546,1000,1290
59425,1300,1680
59432,1200,1600
59003,1070,1490
59062,1090,1480
59314,1000,1380
59317,1010,1400
59343,1030,1430
59713,1240,1720
59728,1190,1660
59731,1230,1710
59733,1210,1690
59843,1520,2110
59854,1350,1860
59341,1550,2140
59827,1320,1840
59828,1650,2290
59829,1320,1840
59835,1420,1970
59840,1410,1960
59841,1910,2660
59870,1410,1960
59871,1250,1740
59875,1360,1890
59213,1410,1690
59217,1210,1450
59218,1530,1830
59221,1540,1860
59243,1740,2090
59270,1310,1570
59212,1230,1470
59226,1220,1480
59242,1210,1640
59258,1210,1660
59012,1190,1660
59039,1190,1660
59083,1190,1660
59323,1250,1710
59327,1350,1850
59333,1610,2160
59831,1120,1340
59844,1670,2000
59848,1000,1250
59853,1670,2000
59856,1130,1350
59873,980,1250
59874,980,1250
59211,1210,1680
59219,1210,1680
59247,1170,1630
59252,1210,1680
59254,1080,1500
59256,1210,1680
59275,1280,1690
59702,1410,1960
59703,1410,1960
59748,1260,1750
59750,1320,1830
59033,1460,1970
59055,1170,1560
59419,1300,1800
59422,1300,1810
59467,1360,1890
59435,1200,1600
59454,1380,1840
59466,1380,1900
59474,1190,1650
59482,1490,2060
59484,1460,1970
59076,1520,2090
59225,1410,1790
59230,1200,1570
59231,1200,1570
59240,1200,1570
59244,1200,1570
59248,1440,1880
59250,1050,1350
59273,1050,1360
59036,1180,1640
59085,1170,1610
68902,960,1270
68925,990,1290
68928,1050,1360
68930,1030,1370
68932,1160,1450
68941,970,1200
68945,970,1220
68950,960,1270
68955,960,1270
68957,1000,1270
68973,960,1270
68636,960,1270
68652,1000,1320
68720,1140,1500
68726,1070,1410
68729,1050,1260
68735,960,1170
68756,1090,1440
68761,1090,1440
68764,990,1240
68769,980,1190
68773,960,1270
68781,960,1250
69121,960,1280
69144,980,1240
69146,960,1200
69147,960,1160
69155,1000,1230
69165,1040,1250
69350,960,1180
69366,970,1180
69128,990,1380
69133,960,1280
69145,960,1280
69156,1050,1280
69334,960,1190
69336,980,1170
69341,960,1280
69345,960,1260
68813,1080,1430
68821,990,1260
68833,990,1220
68879,1190,1580
69142,970,1190
69157,960,1190
69163,960,1150
68620,1020,1350
68623,960,1170
68627,960,1270
68655,1040,1310
68660,960,1260
68758,960,1250
69301,960,1180
69348,1040,1280
69354,1010,1280
68719,980,1230
68722,960,1190
68746,960,1180
68755,960,1180
68777,1000,1230
68714,960,1190
69210,960,1280
69214,970,1270
69217,960,1280
69221,1060,1290
68812,960,1270
68836,970,1290
68840,1050,1390
68844,960,1300
68845,1010,1330
68847,1080,1430
68848,1030,1360
68849,1010,1330
68855,960,1340
68858,960,1270
68861,990,1310
68866,960,1270
68870,1210,1600
68947,960,1180
68004,970,1280
68020,960,1230
68038,960,1230
68045,960,1230
68061,970,1240
68001,1340,1760
68624,970,1280
68632,960,1270
68635,990,1310
68658,960,1260
68662,1070,1290
68667,1130,1470
68717,1010,1330
68718,1080,1300
68727,960,1270
68730,960,1180
68736,960,1220
68739,960,1270
68745,1020,1340
68749,980,1210
68757,960,1330
68771,1020,1320
68774,960,1320
68786,960,1160
68792,960,1300
69023,1060,1300
69027,1000,1210
69030,1010,1270
69033,1030,1240
69045,960,1160
69134,960,1150
69135,1000,1230
69152,960,1180
69161,960,1180
69166,960,1180
69201,1060,1290
69211,960,1150
69212,1020,1290
69216,1020,1230
69218,980,1180
69219,1000,1210
69220,1000,1260
69333,960,1180
69343,960,1150
69131,1090,1310
69141,970,1160
69149,960,1160
69162,1080,1290
68436,1190,1580
68452,1030,1280
68818,1010,1400
68933,960,1150
68934,960,1150
68935,960,1150
68938,960,1150
68944,960,1160
68954,1090,1360
68975,1020,1260
68979,1080,1310
68629,1020,1220
68633,960,1170
68641,960,1160
68643,1000,1210
68659,1050,1270
68661,1120,1340
68047,1040,1300
68055,1000,1240
68057,1020,1220
68716,960,1270
68768,960,1160
68788,1070,1410
68791,960,1270
68814,1290,1790
68815,1140,1520
68822,960,1340
68823,960,1270
68825,960,1340
68828,1440,1940
68834,990,1310
68850,1040,1320
68852,960,1340
68856,1220,1700
68860,960,1340
68874,1090,1450
68878,970,1250
68881,1170,1620
69120,980,1350
69138,960,1220
69337,1040,1380
69339,960,1270
69347,960,1160
69367,960,1280
68863,960,1220
68937,960,1240
69028,1130,1550
69029,1020,1340
69130,960,1220
69171,1000,1270
69122,1020,1350
69129,960,1270
68710,960,1340
68728,970,1330
68732,990,1340
68751,960,1330
68784,960,1320
68787,960,1280
68026,1130,1350
68063,1330,1590
68072,1010,1210
68621,1120,1370
68649,1160,1390
68664,1100,1320
69021,960,1190
69037,960,1170
69041,960,1180
69043,960,1150
68322,960,1180
68326,990,1210
68335,960,1160
68351,1020,1370
68354,960,1270
68361,960,1280
68365,1020,1290
68406,960,1280
68416,960,1250
68444,990,1280
68453,960,1330
68929,980,1210
68939,1210,1510
68952,1090,1400
68960,960,1190
68972,1240,1530
68981,1050,1290
68982,1030,1270
68948,1390,1890
69001,960,1160
69022,960,1300
69024,1180,1420
69025,1020,1420
69034,960,1150
69038,960,1330
69039,1010,1340
69042,1040,1360
68922,990,1340
68926,960,1300
68936,960,1300
68946,1110,1510
68967,1090,1470
68977,980,1300
69020,1130,1350
69046,1040,1380
68309,960,1150
68310,960,1150
68318,960,1150
68323,960,1150
68328,1130,1480
68332,980,1180
68341,960,1280
68342,960,1190
68357,1090,1320
68381,960,1150
68415,960,1150
68422,1360,1630
68424,1220,1700
68458,960,1150
68466,960,1150
69148,1020,1240
69154,1040,1250
69335,960,1150
69340,960,1150
69351,980,1180
68637,1060,1390
68725,1030,1240
68862,960,1150
68927,1160,1560
68976,1080,1410
68665,1090,1310
68842,1080,1290
68859,960,1150
68319,1070,1310
68371,1010,1250
68654,1060,1340
68841,960,1340
68843,960,1340
68846,960,1340
68854,970,1350
68920,980,1290
68949,960,1310
68966,960,1270
68969,960,1270
68971,970,1280
69032,960,1190
69040,960,1160
69169,960,1150
69044,960,1150
68711,980,1220
68713,960,1150
68734,970,1160
68742,960,1150
68759,980,1220
68763,960,1150
68766,960,1150
68780,970,1160
69167,980,1210
68303,960,1180
68338,990,1380
68350,960,1340
68352,960,1340
68370,980,1180
68377,1090,1480
68429,960,1280
68440,960,1340
68464,960,1340
68324,1070,1390
68329,960,1160
68348,1050,1290
68378,960,1330
68443,960,1150
68447,1190,1430
68448,1330,1770
68450,1020,1220
68924,1410,1700
68959,960,1150
69127,960,1170
69153,960,1170
68753,960,1190
68778,960,1190
68724,1030,1240
68760,960,1150
68783,960,1150
68789,1010,1220
69101,1070,1280
69103,1050,1260
69123,990,1190
69132,990,1190
69143,970,1160
69151,960,1150
69170,1000,1200
68642,960,1270
68644,960,1260
68701,1020,1310
68702,990,1280
68715,1000,1300
68748,970,1260
68752,980,1250
69125,1050,1260
69331,980,1190
69356,960,1280
68305,1000,1390
68320,960,1340
68321,1040,1400
68376,960,1150
68379,1010,1370
68414,1080,1500
68421,1050,1460
68437,1010,1300
68442,1000,1300
68942,1050,1360
68943,960,1170
68961,960,1170
68964,960,1160
68974,960,1170
68344,1190,1590
68346,960,1280
68382,960,1280
68410,1040,1390
68417,1350,1800
68446,960,1280
68345,970,1170
68380,960,1150
68420,960,1150
68441,960,1150
69140,980,1180
69150,1080,1290
68923,960,1310
68940,980,1340
68958,960,1310
68738,960,1150
68747,980,1210
68765,960,1150
68767,990,1190
68602,1060,1400
68631,1170,1540
68634,1060,1400
68647,1070,1410
68653,1220,1610
68316,960,1180
68651,960,1150
68666,1130,1350
69036,960,1150
68337,1010,1210
68355,970,1160
68431,990,1220
68433,970,1180
68457,980,1170
68445,1010,1400
69352,1000,1320
69353,960,1190
69355,960,1280
69357,1080,1430
69358,1000,1310
69361,1020,1360
69363,990,1320
69360,1010,1210
69365,980,1200
68853,960,1340
68871,960,1290
69346,1010,1320
68740,1440,1910
68779,1000,1200
68315,970,1180
68327,1050,1260
68340,970,1170
68362,980,1180
68375,960,1150
68039,1030,1270
68062,960,1190
68067,960,1190
68071,960,1190
68837,970,1220
68723,1010,1340
68790,980,1300
68970,960,1280
68622,970,1200
68401,990,1220
68467,1010,1240
89407,1420,1970
89496,1420,1970
89410,1570,2180
89411,1840,2560
89413,1620,2250
89448,1960,2730
89449,1620,2250
89460,1470,2040
89414,1300,1640
89801,1550,1960
89803,1530,1930
89815,1890,2390
89822,1520,1930
89823,1500,1890
89825,1300,1640
89826,1530,1930
89828,1530,1930
89830,1300,1640
89831,1550,1960
89833,1530,1930
89834,1550,1960
89835,1450,1830
89883,1300,1640
89010,1650,2140
89013,1480,2070
89047,1480,2070
89049,1480,2070
89316,1320,1830
89821,1410,1790
89404,1310,1630
89421,1290,1620
89425,1310,1630
89426,1320,1650
89438,1310,1630
89445,1320,1650
89446,1320,1650
89310,1210,1670
89820,1230,1560
89001,1100,1530
89008,1110,1540
89017,1100,1530
89042,1170,1630
89043,1100,1530
89415,1420,1970
89420,1390,1930
89422,1390,1930
89427,1390,1930
89003,1040,1430
89020,1220,1480
89022,1160,1610
89023,1220,1690
89041,1220,1690
89045,1160,1610
89048,1340,1860
89314,1220,1690
89409,1220,1690
89418,1120,1480
89419,980,1360
89301,1270,1660
89311,1270,1660
89315,1270,1660
89317,1320,1720
89318,1940,2530
89319,1270,1660
03218,2160,2660
03220,1620,2000
03225,1800,2220
03226,2190,2890
03237,1860,2360
03245,2610,3540
03246,1770,2180
03249,1930,2380
03252,1800,2220
03253,1910,2350
03254,2070,2850
03256,1860,2420
03269,1810,2230
03276,1670,2170
03289,1800,2220
03810,1340,1690
03837,1800,2220
03227,2560,3520
03259,2230,3060
03812,1690,2300
03813,1960,2700
03814,1910,2630
03816,1780,2460
03817,1580,2180
03818,1430,1970
03830,1350,1860
03832,1260,1690
03836,1610,2220
03838,2030,2790
03845,2120,2920
03846,2560,3520
03847,1600,2200
03849,1830,2520
03850,1710,2350
03853,1710,2350
03860,1520,2090
03864,1560,2150
03872,1530,1950
03875,1690,2330
03882,1350,1860
03883,1970,2720
03886,1500,2070
03890,1780,2450
03894,1560,2150
03896,1710,2350
03897,1470,2030
03431,1990,2600
03441,1710,2240
03443,1710,2230
03444,1860,2430
03445,2160,2820
03446,2450,3200
03447,1680,2200
03448,2230,2920
03450,2260,2950
03451,1700,2220
03455,2010,2630
03456,1860,2430
03457,2080,2720
03461,1670,2180
03462,2030,2650
03464,1960,2530
03465,1780,2330
03466,1630,2070
03467,1820,2380
03469,1930,2520
03470,1710,2240
03602,1700,2240
03604,1930,2520
03608,1830,2390
03609,1620,2120
03570,1250,1650
03574,1540,2090
03575,1610,2140
03576,1260,1670
03581,1100,1450
03582,1330,1760
03583,1200,1590
03584,1320,1750
03588,1480,1960
03589,1290,1710
03590,1330,1760
03592,1480,1960
03593,1930,2550
03595,1500,1980
03597,1430,1890
03598,1430,1890
03215,1750,2380
03217,1710,2320
03222,1890,2560
03223,1930,2630
03238,1690,2290
03240,1810,2460
03241,1810,2460
03243,1830,2430
03251,1890,2560
03262,1710,2320
03264,1920,2600
03266,1400,1900
03279,1700,2310
03282,2310,3130
03285,1930,2620
03293,1740,2360
03561,1370,1820
03580,1520,2060
03585,1600,2170
03586,1420,1930
03740,1560,2110
03741,1690,2290
03748,2170,2940
03749,1910,2590
03750,2600,3520
03753,2170,2970
03755,2690,3650
03765,1730,2320
03766,2650,3600
03768,2190,2970
03769,1910,2590
03771,1380,1890
03774,2140,2900
03777,2000,2710
03779,1700,2310
03780,1880,2550
03784,2340,3170
03785,1660,2250
03046,2080,2740
03106,2420,3190
03216,1870,2470
03221,2130,2810
03224,1930,2530
03229,1860,2450
03230,1810,2390
03231,1870,2470
03233,2320,3050
03234,1980,2610
03235,1700,2240
03255,2250,3020
03257,2460,3240
03258,2710,3570
03260,2150,2840
03263,1690,2230
03268,1870,2470
03272,1970,2600
03273,1980,2620
03275,1960,2590
03278,1830,2410
03287,1890,2490
03301,2040,2690
03302,1970,2600
03303,2100,2770
03305,1970,2600
03307,2000,2640
03782,2350,3250
03284,2050,2740
03601,1730,2360
03603,1710,2370
03605,2040,2790
03607,1750,2300
03743,1640,2270
03745,2230,3090
03746,1750,2420
03751,2310,3170
03752,2390,3310
03754,1750,2420
03770,2420,3340
03773,1930,2670
03781,2450,3390
87820,1040,1420
87821,1040,1420
87824,1040,1420
87825,970,1350
87827,1040,1420
87829,1040,1420
87830,970,1330
88039,1040,1420
88116,1010,1380
88136,1130,1510
88201,1180,1570
88202,1070,1420
88203,1020,1350
88230,1010,1340
88232,970,1290
88250,1120,1520
88253,1180,1580
88267,1150,1440
88339,970,1350
88344,1050,1410
87005,1010,1230
87007,990,1220
87020,1020,1260
87021,1010,1240
87034,990,1220
87038,990,1220
87040,990,1220
87045,980,1180
87049,990,1220
87051,1020,1260
87315,970,1200
87321,1510,1840
87323,1130,1370
87357,970,1200
87710,1460,1950
87714,970,1300
87718,1330,1780
87728,970,1300
87729,970,1300
87734,970,1330
87740,1020,1360
87747,970,1300
87749,1190,1590
88414,970,1320
88419,970,1330
88422,1000,1350
88101,1140,1480
88102,1100,1430
88103,1140,1480
88112,1080,1390
88118,970,1310
88120,1020,1300
88124,970,1270
88130,980,1360
88133,1100,1430
88135,1130,1440
88427,970,1230
88119,970,1170
88134,970,1240
88210,1090,1490
88220,1230,1680
88221,1190,1620
88252,1080,1340
88254,1160,1590
88255,1090,1490
88256,1180,1610
88263,1200,1640
88268,1190,1620
88022,1070,1330
88023,970,1210
88025,1050,1310
88026,1040,1290
88028,1050,1310
88034,1020,1310
88036,1050,1310
88038,1050,1310
88040,970,1340
88041,1050,1310
88043,1130,1410
88045,990,1360
88049,1050,1310
88051,1050,1310
88053,970,1210
88055,1040,1350
88061,1080,1340
88062,1050,1310
88065,1080,1340
87711,1010,1400
87724,1010,1380
88353,970,1330
88417,970,1280
88431,1010,1400
88435,1010,1380
87730,1020,1390
87733,1180,1560
87743,1050,1440
87746,1020,1410
88410,1110,1470
88415,970,1330
88426,1340,1700
88009,970,1350
88020,970,1350
88056,970,1350
88114,1320,1640
88213,1320,1640
88231,1410,1750
88240,1330,1650
88241,1320,1640
88242,1510,1870
88244,1330,1650
88260,1250,1550
88262,1250,1550
88264,1230,1560
88265,1360,1690
87011,1000,1310
88301,990,1400
88312,1000,1310
88316,1090,1420
88323,1000,1310
88324,1000,1310
88336,1000,1310
88338,1000,1310
88340,970,1350
88341,1020,1340
88343,1000,1310
88345,1040,1360
88346,970,1270
88348,1000,1310
88351,1000,1310
88355,1040,1360
87547,1630,1990
88029,970,1280
88030,970,1280
88031,970,1280
87301,1110,1330
87305,1090,1310
87310,1220,1480
87311,1100,1320
87312,1150,1390
87316,1370,1640
87317,1410,1700
87319,1190,1500
87320,1140,1370
87322,1150,1380
87326,1090,1310
87327,970,1170
87347,1420,1710
87365,1130,1370
87375,1640,1970
87712,970,1330
87713,970,1330
87715,970,1330
87722,970,1330
87723,970,1330
87732,970,1330
87735,970,1330
87736,970,1330
87742,1000,1390
87745,1010,1400
87750,970,1330
87752,970,1330
87753,970,1330
88310,970,1350
88311,970,1350
88314,970,1350
88317,970,1350
88325,970,1350
88330,1270,1770
88337,970,1350
88342,970,1350
88347,970,1350
88349,970,1350
88350,970,1350
88352,970,1350
88354,970,1350
88121,970,1230
88401,970,1230
88411,1060,1320
88433,970,1230
88434,970,1230
87012,970,1200
87017,970,1200
87029,970,1200
87064,970,1200
87510,970,1200
87511,970,1200
87515,970,1200
87516,970,1200
87518,970,1200
87520,970,1200
87521,1090,1350
87523,1260,1530
87527,1210,1500
87530,970,1200
87531,970,1200
87537,970,1200
87539,970,1200
87548,970,1200
87549,990,1240
87551,970,1200
87554,970,1200
87566,970,1200
87575,970,1200
87577,1250,1550
87578,1370,1690
87581,970,1200
87582,1020,1260
88113,990,1270
88115,980,1360
88123,980,1360
88125,980,1360
88126,980,1360
88132,980,1350
87538,1010,1400
87560,970,1350
87562,1010,1400
87565,990,1380
87569,1000,1390
87583,970,1350
87701,1020,1420
87731,1010,1400
88416,1010,1400
88421,1020,1410
88439,1010,1400
87654,1000,1390
87901,970,1350
87930,1000,1390
87931,1000,1390
87933,1000,1390
87935,1420,1970
87939,1000,1390
87942,1000,1390
87943,1000,1390
88042,1000,1390
87028,970,1350
87801,970,1350
87823,970,1350
87828,970,1350
87831,970,1350
87832,970,1350
87512,1050,1360
87513,1280,1590
87514,1280,1590
87517,1280,1590
87519,1090,1360
87524,1060,1360
87525,1170,1460
87529,1670,2080
87543,1240,1550
87553,1200,1490
87556,1090,1360
87557,1500,1870
87558,1130,1410
87564,1280,1590
87571,1230,1530
87576,1280,1590
87579,1420,1770
87580,1280,1590
88418,970,1330
88424,980,1340
88436,1000,1360
14024,970,1340
14029,1050,1330
14060,1020,1270
14065,1010,1260
14536,1100,1490
14707,980,1250
14708,980,1250
14709,1070,1370
14711,970,1240
14714,1290,1650
14715,1000,1280
14717,970,1240
14721,980,1230
14727,1060,1340
14735,1000,1280
14737,1000,1220
14739,1040,1330
14744,1180,1510
14745,970,1240
14754,990,1260
14770,970,1210
14774,1070,1370
14777,980,1250
14786,970,1240
14802,990,1260
14803,970,1240
14804,1110,1420
14806,970,1240
14807,1140,1490
14813,970,1240
14843,970,1270
14880,1020,1300
14895,970,1240
14897,970,1240
14041,990,1210
14042,1040,1270
14062,1150,1520
14101,1170,1430
14138,1020,1270
14168,1030,1260
14171,970,1190
14706,1040,1270
14719,970,1190
14726,1290,1590
14729,970,1190
14730,1010,1240
14731,1000,1220
14738,1070,1410
14741,1000,1230
14743,1090,1330
14747,970,1280
14748,970,1190
14751,1010,1240
14753,970,1190
14755,970,1190
14760,1040,1270
14766,1010,1240
14772,970,1190
14778,1040,1270
14779,980,1200
14783,1000,1260
14788,1040,1270
13022,1120,1460
13024,1140,1480
13026,1580,2060
13034,1180,1540
13064,1120,1460
13071,1270,1650
13113,1270,1650
13117,1180,1550
13118,1070,1390
13139,1120,1460
13140,1190,1550
13147,1190,1550
13160,1280,1670
14048,1040,1370
14063,1060,1400
14135,1090,1440
14136,1100,1450
14166,1000,1320
14701,970,1280
14702,980,1290
14710,970,1280
14712,970,1280
14716,970,1280
14718,1050,1390
14720,1080,1430
14722,970,1280
14723,1010,1330
14724,970,1280
14728,1000,1330
14732,1240,1590
14733,970,1280
14736,1030,1350
14740,1460,1930
14742,970,1280
14750,1370,1810
14752,1050,1390
14756,970,1280
14757,970,1280
14758,980,1290
14767,970,1280
14769,970,1280
14775,970,1280
14781,1110,1460
14782,1160,1530
14784,990,1310
14785,970,1280
14787,970,1280
13040,1070,1360
13124,1010,1350
13136,1010,1350
13155,970,1350
13411,1070,1290
13733,1070,1330
13758,970,1350
13780,1060,1430
13801,990,1380
13809,1200,1580
13814,1000,1390
13815,1010,1400
13830,970,1350
13832,1150,1590
13843,1070,1360
13844,1000,1390
12901,1300,1560
12903,1820,2180
12910,1160,1390
12911,1380,1670
12912,1180,1430
12913,1160,1430
12918,1230,1470
12919,1260,1510
12920,1210,1500
12921,1210,1450
12923,1120,1360
12924,1270,1520
12929,1160,1390
12933,1080,1310
12934,1080,1310
12935,1110,1330
12944,1380,1680
12952,1140,1370
12955,1120,1360
12958,1210,1450
12959,1130,1350
12962,1340,1610
12972,1390,1670
12978,1170,1400
12979,1080,1310
12981,1170,1400
12985,1270,1530
12992,1220,1460
12997,1450,1780
12017,1590,1950
12029,1680,2030
12037,1260,1520
12050,1430,1720
12060,2150,2590
12075,1570,1890
12106,1490,1800
12115,1350,1620
12125,1220,1470
12130,1330,1600
12132,1340,1610
12136,1680,2020
12165,1260,1520
12172,1290,1560
12173,1390,1680
12174,1420,1710
12195,1610,1940
12502,1420,1710
12503,1620,1960
12513,1560,1880
12516,1340,1640
12517,1310,1580
12521,2040,2460
12523,1360,1640
12526,1580,1910
12529,1260,1520
12530,1790,2160
12534,1560,1880
12541,1430,1720
12544,1560,1880
12565,1290,1560
13087,1360,1710
13101,1130,1420
13738,1160,1460
13784,1500,1890
12155,1330,1620
12421,1030,1420
12430,1130,1550
12438,1030,1430
12459,1030,1430
12468,1130,1550
12474,970,1350
12760,1290,1760
12776,1470,2040
13739,1520,2110
13740,1190,1650
13750,1070,1360
13751,980,1360
13752,1180,1640
13753,1220,1700
13755,970,1350
13756,1120,1550
13757,1250,1690
13774,1030,1430
13775,1070,1350
13782,1010,1400
13786,1020,1320
13788,970,1350
13804,1360,1890
13806,1250,1590
13820,1260,1530
13825,1110,1330
13838,1070,1350
13839,970,1350
13842,1220,1680
13846,1100,1480
13847,970,1350
13849,1130,1410
13856,970,1350
13860,1230,1510
12851,1160,1420
12852,1190,1460
12855,1190,1460
12858,1220,1500
12872,1260,1550
12879,1190,1460
12928,1190,1460
12932,990,1270
12936,1750,2150
12941,1490,1830
12942,1780,2190
12943,1530,1880
12946,1290,1580
12950,1470,1810
12956,1190,1460
12960,1190,1460
12961,1190,1460
12964,1190,1460
12974,1100,1350
12975,1350,1660
12977,1170,1440
12983,1070,1320
12987,1550,1910
12989,1140,1400
12993,1180,1450
12996,1040,1280
12998,1190,1460
12914,970,1200
12915,1210,1500
12916,970,1210
12917,1080,1340
12926,1040,1290
12930,1310,1630
12937,1040,1290
12939,1040,1290
12945,1060,1310
12953,1070,1330
12957,970,1210
12966,980,1220
12967,1110,1330
12969,1110,1380
12970,1020,1260
12976,1040,1290
12980,970,1200
12986,1010,1260
12995,1040,1290
13655,1240,1540
13683,970,1170
12032,1200,1450
12068,1010,1270
12070,1060,1310
12078,1100,1320
12095,1060,1270
12117,1110,1330
13452,1020,1260
14005,1230,1470
14011,980,1320
14020,1190,1430
14021,1170,1400
14040,1090,1370
14054,1060,1270
14056,1160,1390
14143,1270,1520
14557,1120,1340
14591,980,1330
12015,1410,1860
12042,1240,1640
12051,1220,1610
12058,1280,1690
12124,1490,1800
12176,1170,1550
12192,1300,1660
12405,1370,1810
12407,1130,1550
12413,1730,2280
12418,1540,2120
12422,1370,1810
12423,1230,1620
12424,1370,1810
12427,1660,2100
12431,1130,1550
12436,1360,1800
12439,1370,1810
12442,1420,1880
12444,1370,1810
12450,1370,1810
12451,1440,1900
12452,1370,1810
12454,1370,1810
12470,1370,1810
12473,1510,1990
12482,1550,2040
12485,1390,1840
12492,1370,1810
12496,1370,1810
12108,1430,1710
12139,1430,1710
12164,1650,1980
12190,1200,1450
12812,1200,1450
12842,1200,1450
12847,1200,1450
12864,1200,1450
13353,1430,1710
13436,1430,1710
13305,1140,1590
13312,1010,1400
13325,1050,1460
13327,970,1350
13343,970,1350
13345,970,1350
13368,970,1350
13404,1000,1390
13433,1040,1450
13473,1190,1660
13620,1140,1590
13648,1140,1480
12069,1120,1400
12072,1160,1450
12177,1020,1280
13317,1070,1290
13410,970,1220
13428,970,1220
12116,1300,1560
13315,1190,1430
13326,1440,1730
13333,1320,1590
13335,1070,1290
13337,1560,1870
13342,1070,1290
13348,1140,1370
13415,1070,1290
13450,1270,1530
13457,1110,1330
13468,1250,1500
13482,1150,1380
13488,1220,1480
13747,1230,1470
13776,1390,1670
13796,1220,1460
13807,1070,1290
13808,1070,1290
13810,1070,1290
13834,1150,1380
13859,1120,1390
13861,1190,1440
12922,1020,1260
12927,1110,1350
12949,1070,1280
12965,1170,1400
12973,1060,1310
13613,970,1170
13614,970,1170
13617,1240,1490
13621,1050,1260
13623,1140,1370
13625,1180,1410
13630,970,1170
13633,1070,1280
13635,1060,1270
13639,1140,1480
13645,1070,1280
13647,1440,1730
13649,970,1170
13652,1120,1340
13654,1070,1280
13658,1150,1380
13660,1040,1250
13662,970,1170
13664,1400,1680
13666,1070,1280
13667,1010,1210
13668,1160,1390
13669,1030,1230
13670,1050,1330
13672,1290,1550
13676,1160,1390
13677,1070,1280
13678,970,1170
13680,1030,1230
13681,1220,1460
13684,1020,1220
13687,1220,1460
13690,990,1190
13694,1430,1710
13695,990,1250
13696,1270,1520
13697,1610,1930
13699,1160,1390
14815,1010,1320
14818,1710,2250
14837,1090,1340
14840,970,1270
14841,1610,2100
14863,1150,1510
14865,1030,1350
14869,1060,1390
14870,1380,1800
14876,1150,1510
14878,1080,1380
14887,1150,1510
14891,1080,1420
14893,1030,1300
13065,1230,1630
14521,1180,1560
14541,1420,1880
14588,1170,1550
14847,1260,1670
14860,1230,1630
14418,1180,1480
14529,1130,1410
14801,970,1270
14808,1070,1370
14809,990,1290
14810,970,1270
14819,1620,2110
14820,1100,1430
14821,1200,1560
14823,970,1270
14826,1040,1360
14827,1180,1530
14839,970,1270
14855,970,1270
14856,1080,1410
14858,1300,1700
14873,1260,1640
14874,1200,1570
14877,1030,1330
14879,1050,1370
14885,1110,1450
14898,970,1270
12701,1290,1790
12719,1320,1850
12720,1420,1980
12722,1740,2250
12723,1300,1810
12724,1340,1860
12726,1560,2170
12732,1300,1810
12733,1950,2710
12734,1350,1870
12736,1300,1810
12737,1310,1830
12738,1480,2060
12741,1420,1970
12742,1290,1790
12743,1540,2160
12745,1300,1810
12747,1150,1600
12748,1250,1740
12749,1300,1810
12750,1440,2000
12751,1690,2350
12752,1110,1550
12754,1520,1920
12759,1280,1780
12762,1360,1890
12764,1110,1550
12765,1180,1640
12766,1300,1810
12767,1300,1810
12768,1170,1620
12769,1760,2450
12770,1320,1820
12775,1910,2660
12777,1430,1920
12778,1300,1810
12779,1120,1560
12781,1670,2320
12783,1550,2160
12784,1210,1690
12786,1350,1870
12787,1380,1920
12788,1110,1550
12790,1670,2320
12791,1190,1660
12792,1130,1580
14039,1010,1300
14066,970,1340
14082,1060,1440
14083,1020,1390
14113,1130,1550
14130,990,1360
14167,970,1340
14427,970,1340
14549,970,1340
14550,970,1340
14569,970,1340
14415,1650,2000
14441,1180,1430
14478,1310,1590
14507,1440,1740
14527,1030,1250
14842,1060,1290
14857,1100,1330
28623,960,1150
28627,990,1190
28631,1130,1490
28644,960,1220
28663,980,1180
28668,930,1180
28672,930,1230
28675,1010,1210
28615,930,1220
28617,930,1220
28626,1340,1770
28629,930,1220
28640,930,1220
28643,1320,1740
28684,1180,1530
28693,1120,1480
28694,930,1220
28698,1150,1400
28604,1150,1400
28607,1290,1650
28616,950,1150
28622,1150,1400
28646,1030,1260
28652,950,1150
28653,950,1150
28662,950,1150
28664,950,1150
28679,1210,1530
28705,1050,1290
28752,950,1190
28777,950,1150
27806,930,1220
27808,1250,1650
27810,1130,1490
27814,930,1220
27821,930,1220
27860,930,1220
27865,1390,1830
27962,930,1200
27805,950,1150
27847,1380,1650
27849,1160,1390
27869,1020,1250
27872,1320,1580
27910,980,1270
27924,1050,1260
27957,1050,1260
27967,1010,1270
27983,970,1160
28320,930,1250
28332,930,1260
28337,930,1260
28392,1060,1420
28423,1100,1340
28433,1070,1410
28434,1040,1330
28438,930,1120
28444,990,1240
28511,1200,1540
28512,1170,1500
28516,1100,1430
28520,1130,1440
28524,1200,1540
28528,1100,1430
28531,1190,1550
28532,1340,1800
28553,1200,1540
28557,1270,1630
28570,1130,1450
28575,1170,1500
28577,1200,1540
28579,1100,1430
28581,1180,1510
28589,1100,1430
28594,1690,2170
27212,1040,1430
27315,1390,1910
27379,950,1300
28781,970,1260
28901,930,1280
28902,960,1320
28903,940,1300
28905,1050,1450
28906,930,1280
27932,1230,1480
27980,1200,1550
28734,970,1230
28904,1030,1420
28909,1000,1380
28017,930,1290
28020,930,1290
28038,930,1290
28040,930,1270
28042,930,1290
28073,940,1310
28089,950,1320
28114,930,1280
28136,950,1320
28150,950,1320
28151,930,1290
28152,930,1290
28169,930,1290
28424,930,1110
28430,930,1110
28431,930,1110
28432,1130,1350
28439,990,1200
28442,930,1110
28450,1190,1430
28455,950,1230
28463,930,1110
28472,940,1130
28501,1190,1600
28519,1190,1600
28523,1190,1600
28526,1190,1600
28527,1190,1600
28533,1340,1800
28560,1190,1600
28561,1190,1600
28562,1190,1600
28563,1190,1600
28564,1190,1600
28573,1190,1600
27915,1430,1820
27920,1430,1820
27936,1840,2340
27943,1840,2340
27948,1590,2020
27949,1610,2050
27953,1320,1690
27954,1420,1810
27959,1270,1690
27968,1430,1820
27972,1430,1820
27978,1320,1690
27981,1420,1810
27982,1430,1820
28325,1100,1320
28341,930,1110
28349,1060,1270
28393,930,1110
28398,1010,1210
28453,930,1110
28458,930,1110
28464,1110,1330
28508,1080,1290
28525,930,1220
28702,940,1250
28713,930,1260
28733,950,1240
28771,960,1240
27507,1200,1580
27509,1310,1710
27581,1200,1580
27582,1200,1610
28538,990,1270
28554,930,1200
28580,930,1200
27823,930,1200
27839,960,1240
27850,930,1180
27870,950,1220
27874,930,1190
27890,930,1190
27332,1200,1510
27505,1060,1320
27506,940,1320
27521,940,1320
27546,940,1320
28323,940,1320
28339,940,1320
28368,1200,1510
28719,1110,1330
28723,1110,1330
28738,1230,1470
28745,1270,1520
28751,1280,1530
28779,1110,1330
28785,1240,1490
28786,1300,1560
27818,930,1210
27855,990,1280
27897,980,1190
27922,930,1210
27942,1110,1420
27986,950,1240
27824,930,1180
27826,1030,1340
27875,1120,1470
27885,1080,1370
27960,1840,2340
28707,1040,1320
28717,1360,1690
28725,1110,1460
28736,1170,1550
28741,1230,1490
28747,1200,1440
28774,1750,2190
28783,1040,1360
28788,1410,1860
28789,1160,1540
28504,960,1290
28522,930,1190
28585,930,1190
27331,1140,1370
28355,1140,1370
28167,1030,1380
28749,930,1170
28744,990,1190
28763,970,1160
28775,1240,1570
27825,980,1290
27840,1030,1350
27841,970,1270
27846,930,1220
27857,1030,1360
27861,930,1220
27892,950,1250
28740,1060,1380
28765,930,1140
27229,1010,1370
27247,1010,1350
27306,980,1320
28338,930,1290
27820,930,1120
27831,1050,1260
27832,1010,1220
27842,1450,1750
27845,930,1120
27853,1030,1270
27862,1040,1260
27866,1050,1310
27876,1090,1310
27877,1040,1260
28509,1080,1290
28510,1220,1510
28515,1070,1290
28529,1070,1290
28537,1070,1290
28552,1070,1330
28556,1150,1380
28571,1350,1620
28583,1080,1290
28587,1070,1290
27906,1220,1640
27907,1220,1640
27944,1030,1420
27985,1110,1540
28139,1060,1470
28722,1030,1420
28750,980,1350
28782,1190,1640
28330,950,1320
28345,930,1290
28351,930,1250
28363,930,1260
28367,990,1350
28379,950,1320
28380,930,1290
28340,930,1190
28352,930,1240
28358,930,1190
28359,930,1190
28360,930,1190
28362,930,1190
28369,930,1190
28372,930,1190
28375,1000,1280
28378,960,1240
28383,930,1190
28018,1040,1430
28019,930,1280
28024,930,1280
28043,930,1270
28074,980,1350
28076,930,1280
28160,930,1270
28720,1390,1920
28328,930,1110
28329,930,1120
28385,990,1200
28343,930,1240
28353,930,1250
28396,930,1240
28001,950,1320
28002,930,1290
28009,940,1300
28109,1160,1590
28128,930,1280
28129,930,1280
28163,930,1280
27007,980,1180
27017,930,1110
27024,930,1110
27047,950,1180
27049,930,1120
28621,950,1180
28676,930,1140
28683,930,1160
28708,1220,1470
28712,1390,1670
28718,1490,1800
28772,1350,1620
27925,930,1290
27928,960,1260
27536,960,1180
27553,930,1150
27556,980,1210
27563,930,1170
27584,1010,1240
27551,940,1190
27570,930,1170
27594,930,1170
27970,1170,1510
28618,1150,1440
28692,1150,1460
28635,960,1260
28649,940,1240
28651,930,1230
28656,930,1240
28659,990,1320
28665,930,1230
28669,930,1240
28670,930,1230
28685,930,1240
28697,930,1230
27813,1020,1300
27873,930,1180
27893,1030,1310
27894,1030,1310
27895,1030,1310
28755,940,1240
57638,930,1220
58562,960,1270
58639,930,1290
58646,1080,1350
58649,930,1250
58650,870,1170
58049,940,1170
58056,980,1270
58062,980,1280
58063,970,1260
58065,990,1360
58072,950,1140
58429,1110,1370
58461,950,1250
58466,870,1170
58479,950,1140
58480,940,1130
58481,870,1170
58492,870,1170
58497,870,1190
58301,870,1210
58325,920,1280
58332,870,1210
58335,870,1210
58341,870,1210
58343,870,1210
58346,870,1210
58348,870,1210
58351,980,1360
58357,900,1250
58370,900,1250
58374,870,1210
58379,1110,1540
58380,920,1280
58381,930,1290
58386,870,1210
58620,930,1250
58622,1150,1610
58627,1050,1460
58634,1260,1530
58640,1220,1470
58642,1010,1300
58645,960,1340
58318,890,1170
58329,1000,1380
58711,1040,1280
58760,990,1230
58783,870,1170
58793,870,1160
58623,870,1210
58643,920,1270
58651,950,1310
58653,930,1290
58727,1130,1400
58737,870,1110
58752,870,1100
58755,1280,1600
58772,870,1100
58773,1290,1630
58784,1230,1590
58227,870,1170
58229,920,1220
58239,870,1170
58249,870,1170
58255,870,1170
58260,980,1300
58262,940,1280
58269,1190,1610
58281,870,1170
58282,870,1210
58311,870,1170
58323,870,1170
58330,990,1370
58338,930,1310
58352,870,1170
58355,870,1170
58372,870,1190
58377,890,1240
58040,960,1290
58413,930,1270
58415,1060,1480
58433,870,1210
58436,930,1290
58439,1070,1430
58441,1010,1400
58456,1060,1480
58458,1230,1710
58474,870,1210
58730,1540,1850
58765,1570,1880
58795,1310,1630
58830,1390,1760
58833,1530,1830
58844,1530,1830
58845,1280,1610
58856,1280,1630
58601,1060,1470
58625,1030,1240
58626,900,1080
58630,1040,1420
58636,1030,1240
58644,890,1160
58652,920,1290
58656,1060,1470
58757,1220,1470
58854,1400,1730
58356,920,1280
58421,880,1230
58445,870,1210
58464,990,1300
57648,930,1220
58495,890,1250
58542,910,1180
58544,1150,1380
58549,970,1300
58552,870,1050
58573,870,1050
58581,920,1230
58443,870,1210
58455,870,1210
58484,1010,1240
58621,1220,1470
58632,1240,1720
58654,1040,1450
57641,950,1230
57645,930,1210
58529,1040,1450
58533,870,1210
58564,980,1330
58416,1000,1230
58425,870,1170
58448,1170,1450
58452,870,1080
58647,920,1290
58418,870,1210
58423,870,1210
58428,890,1230
58467,870,1210
58475,870,1210
58478,870,1210
58482,870,1220
58483,920,1280
58487,880,1230
58488,870,1210
58496,1080,1500
58561,1020,1420
58033,1140,1480
58431,970,1330
58454,900,1250
58472,870,1190
58490,1110,1500
58440,1000,1380
58442,990,1380
58460,900,1250
58763,1220,1470
58831,1370,1690
58835,1380,1690
58838,1350,1660
58847,1220,1480
58531,900,1240
58540,870,1210
58559,900,1250
58565,870,1210
58575,880,1220
58576,870,1210
58577,890,1240
58770,870,1180
58775,870,1210
58541,1030,1240
58580,1040,1250
58769,870,1180
58776,1440,1860
58794,1240,1610
58852,1110,1460
58224,870,1210
58254,950,1310
58259,1310,1820
58272,1220,1690
58321,870,1210
58327,870,1210
58344,870,1210
58361,1080,1500
58216,910,1260
58220,1000,1390
58222,1310,1820
58236,930,1300
58238,960,1310
58241,1120,1550
58243,1170,1530
58265,910,1270
58271,870,1210
58276,870,1210
58313,870,1210
58366,1160,1600
58385,870,1210
58324,890,1240
58345,870,1190
58362,870,1210
58382,870,1210
58054,910,1180
58057,1100,1520
58060,950,1280
58069,980,1300
58001,880,1220
58008,1030,1420
58018,1090,1510
58041,1040,1450
58053,870,1210
58058,1010,1400
58061,870,1210
58074,920,1280
58075,880,1220
58076,880,1220
58077,1240,1720
58081,1160,1610
58310,870,1210
58316,970,1340
58317,870,1210
58353,950,1310
58363,890,1240
58367,890,1240
58369,870,1210
58013,890,1220
58017,900,1230
58032,870,1180
58043,890,1210
58067,870,1180
58430,920,1280
58444,920,1280
58463,920,1280
57642,950,1210
57660,930,1190
58528,870,1150
58538,880,1150
58568,980,1290
58602,1060,1470
58641,970,1290
58655,920,1290
58016,910,1260
58230,880,1220
58274,870,1210
58277,930,1290
58401,870,1210
58402,870,1210
58405,870,1210
58420,870,1210
58424,870,1210
58426,870,1210
58476,1310,1820
58486,870,1210
58331,880,1200
58339,870,1210
58365,870,1210
58009,920,1280
58045,870,1210
58218,870,1210
58219,870,1210
58223,890,1240
58257,910,1270
58210,870,1140
58237,870,1140
58250,1040,1380
58270,1180,1540
58273,1030,1330
58422,910,1270
58438,910,1270
58451,870,1210
58801,1200,1580
58802,1200,1580
58803,1200,1580
58843,1640,2160
58849,1040,1460
58853,1270,1680
45105,970,1220
45616,1020,1280
45618,970,1220
45650,1040,1330
45657,970,1320
45660,980,1220
45671,980,1280
45679,1100,1380
45684,1210,1600
45693,970,1220
44638,1040,1280
44691,1080,1320
44838,970,1280
44840,1120,1470
44842,970,1270
44848,970,1280
44866,970,1280
44874,970,1280
43728,970,1190
45701,1260,1540
45710,1030,1250
45711,1170,1440
45716,970,1190
45719,970,1190
45723,970,1190
45735,1070,1310
45739,1010,1270
45740,970,1190
45742,1370,1840
45761,970,1190
45766,1070,1310
45776,1070,1310
45778,1170,1440
45780,1060,1300
45782,970,1190
43331,1100,1350
45306,1050,1410
45334,1210,1620
45819,1210,1680
45822,1040,1360
45845,970,1300
45862,970,1270
45865,970,1340
45869,970,1350
45870,1050,1410
45871,990,1370
45884,1030,1430
45885,990,1380
45888,1030,1430
43009,1290,1640
43047,1050,1340
43070,1200,1470
43072,970,1240
43318,1200,1470
43343,970,1200
43357,970,1200
45389,1060,1350
43160,980,1260
45135,1060,1280
45146,1150,1510
45159,1110,1420
45164,970,1280
45166,1030,1350
45177,1060,1390
43920,980,1230
43962,970,1220
43968,970,1220
44413,1030,1290
44415,1070,1340
44423,1270,1590
44431,1040,1300
44432,1070,1340
44441,1000,1250
44445,1040,1300
44455,970,1220
44492,970,1220
44493,1020,1280
44665,970,1240
43006,1040,1320
43749,1000,1310
43804,1100,1380
43805,1050,1350
43811,1190,1530
43812,970,1250
43821,1090,1480
43824,970,1250
43828,970,1250
43832,970,1250
43836,970,1250
43840,970,1250
43843,1140,1490
43844,1050,1350
43845,970,1250
44637,1070,1330
44654,970,1200
44818,970,1210
44820,970,1280
44825,990,1310
44849,1080,1390
44854,1050,1380
44856,970,1280
44860,970,1280
44881,970,1280
44882,980,1260
44887,970,1280
45303,970,1290
45310,1100,1450
45328,1220,1620
45331,970,1290
45332,1010,1350
45346,1070,1420
45347,970,1300
45348,1330,1760
45350,1100,1460
45351,1000,1330
45352,970,1290
45358,1060,1410
45362,970,1290
45363,1020,1370
45380,970,1290
45382,1180,1580
45388,1020,1350
45390,1000,1330
45846,970,1270
45860,970,1270
45883,970,1270
43506,980,1220
43512,1000,1270
43517,970,1210
43519,1030,1300
43520,970,1220
43526,970,1230
43527,970,1290
43530,980,1240
43536,970,1240
43548,1030,1300
43549,970,1230
43556,970,1230
45813,970,1340
45821,970,1330
45831,970,1170
43106,1100,1410
43142,980,1260
45123,970,1180
45614,970,1240
45620,970,1220
45631,970,1240
45674,970,1240
45685,970,1250
45686,1060,1330
45760,970,1170
43722,1070,1390
43723,970,1280
43724,990,1220
43725,970,1280
43732,970,1260
43733,1010,1320
43736,1060,1350
43750,980,1290
43755,1210,1590
43762,1000,1360
43768,1450,1910
43772,970,1250
43778,1070,1410
43780,1120,1460
43837,1110,1430
44699,1080,1400
43316,1050,1340
44802,1150,1430
44804,1060,1400
45814,970,1280
45816,970,1280
45836,1010,1280
45839,1130,1490
45840,1150,1510
45841,1150,1490
45843,1040,1330
45856,1250,1500
45867,1050,1380
45868,1330,1750
45881,1350,1780
45890,1020,1340
45897,1030,1320
43326,970,1230
43332,990,1210
43346,1240,1520
43347,1230,1500
45835,990,1250
45859,1020,1290
43974,1020,1350
43976,1190,1570
43981,980,1290
43984,970,1280
44683,1110,1430
44693,1010,1340
43510,1050,1390
43523,1120,1500
43524,970,1290
43534,970,1290
43535,1330,1770
43555,990,1290
45132,1060,1280
45155,970,1170
45172,970,1170
45612,1040,1300
44610,970,1200
44611,1010,1240
44617,970,1200
44627,990,1220
44628,1020,1300
44633,1120,1380
44660,970,1200
44661,970,1200
44676,990,1210
44681,1030,1300
44687,1460,1800
44690,970,1200
44807,970,1190
44850,990,1260
44855,1090,1360
44890,970,1210
45601,1080,1360
45613,970,1220
45621,980,1270
45634,970,1170
45640,1000,1290
45653,990,1330
45672,1000,1250
45692,980,1270
43005,1120,1440
43014,1000,1310
43022,1190,1550
43028,1390,1820
43037,1240,1560
43048,1080,1410
43311,1010,1230
43324,1160,1410
43333,1130,1410
43336,1030,1260
43348,1000,1220
43360,1120,1360
43322,980,1180
43323,1050,1330
43337,1070,1320
43341,970,1170
45720,970,1170
45741,1030,1280
45743,970,1170
45769,970,1170
45770,1010,1250
45771,1020,1220
45772,990,1210
45775,1080,1290
45779,1010,1210
45783,970,1190
45826,970,1270
45828,970,1270
45866,1040,1360
45882,1000,1300
45898,1080,1370
43754,1060,1370
43757,970,1280
43786,1320,1730
43788,1040,1300
43793,970,1280
43914,970,1280
43915,970,1280
43931,970,1280
43946,970,1280
45734,1030,1370
45745,1320,1730
45767,970,1300
45789,1110,1470
43720,980,1240
43756,980,1200
43758,1060,1300
43787,1050,1310
45715,970,1290
45744,980,1320
45786,1030,1390
43702,970,1320
43727,990,1320
43734,1000,1350
43735,990,1330
43738,970,1320
43767,1010,1370
43771,970,1320
43791,1010,1370
43802,1020,1380
43842,1090,1480
43711,980,1250
43717,970,1200
43779,1020,1290
45727,970,1210
45746,1230,1640
45827,1020,1240
45832,970,1220
45849,1010,1310
45851,1090,1500
45855,1460,2020
45861,970,1340
45873,990,1270
45879,970,1340
45880,1060,1460
45886,970,1290
45624,1020,1270
45642,980,1220
45646,980,1210
45648,1010,1360
45661,970,1210
45690,1060,1320
45311,970,1300
45320,970,1300
45321,1190,1590
45330,1050,1400
45815,1250,1500
45848,1010,1210
45853,1100,1320
45864,1110,1340
45875,1010,1210
45876,1110,1330
45893,1120,1350
45617,1060,1340
45628,1190,1500
45647,970,1190
45673,1080,1360
45681,1140,1440
43407,1010,1260
43410,970,1210
43435,990,1240
44836,1100,1360
44841,970,1190
45630,1100,1480
45636,980,1290
45652,980,1330
45662,970,1330
45663,970,1330
45677,1030,1400
45694,1070,1460
45699,1010,1360
44809,990,1220
44815,970,1180
44828,1300,1580
44844,1010,1270
44853,1040,1270
44861,1030,1260
44867,1260,1530
44883,1010,1230
45302,1230,1650
45333,1050,1390
45336,1120,1500
45340,1080,1420
45353,1020,1360
45360,980,1310
45367,1030,1380
44622,1160,1490
44629,980,1260
44653,1130,1450
44663,990,1270
44671,1130,1430
44678,1020,1310
44679,1020,1310
44680,980,1260
44682,1070,1380
44697,1030,1320
45838,1090,1360
45863,970,1220
45874,1080,1350
45891,970,1220
45899,1120,1400
45651,990,1190
45695,1170,1400
45698,990,1190
45714,980,1320
45721,980,1310
45724,1100,1410
45729,980,1330
45750,980,1320
45768,970,1300
45773,980,1320
45784,970,1310
45788,1080,1450
44276,990,1210
44606,970,1190
44636,1040,1270
44659,990,1230
44667,1050,1280
44677,1110,1350
43501,1020,1290
43505,1160,1440
43518,1160,1440
43531,970,1210
43543,970,1210
43554,970,1210
43330,970,1240
43351,970,1240
43359,970,1240
74338,940,1180
74347,940,1180
74457,990,1260
74960,950,1170
74964,1160,1440
74965,940,1160
73716,1050,1280
73717,970,1210
73719,940,1310
73722,980,1320
73726,940,1310
73728,1020,1420
73741,1020,1340
73749,950,1320
73758,960,1270
73760,940,1150
73432,950,1280
73461,940,1260
74523,940,1300
74525,940,1170
74533,1010,1270
74538,940,1280
74540,980,1310
74553,940,1240
74555,970,1220
74560,940,1230
74569,950,1190
74576,940,1230
74727,940,1180
74729,990,1280
74748,940,1240
73843,970,1210
73844,960,1230
73848,960,1190
73931,1100,1470
73932,940,1250
73938,1130,1510
73950,1050,1390
73627,1040,1250
73644,1070,1280
73645,970,1160
73662,1030,1230
73664,940,1220
73666,990,1200
73668,980,1170
73673,1010,1310
73043,990,1200
73048,1000,1240
73096,940,1300
73646,960,1220
73658,950,1170
73669,940,1300
73724,940,1130
73744,990,1210
73747,1030,1230
73755,970,1200
73763,1040,1250
73764,940,1190
73770,990,1180
73772,970,1160
73449,960,1270
74701,1040,1370
74702,1000,1320
74720,940,1240
74721,1000,1320
74723,940,1240
74726,940,1240
74730,1050,1390
74731,1030,1360
74733,940,1240
74741,960,1270
74747,940,1240
74753,1050,1390
73001,940,1160
73005,940,1160
73009,940,1160
73015,940,1170
73021,940,1210
73029,970,1200
73033,960,1190
73038,940,1160
73042,940,1170
73053,940,1160
73030,950,1170
73401,1100,1380
73402,1050,1320
73403,1050,1320
73425,940,1220
73433,980,1310
73435,940,1180
73436,940,1180
73437,1010,1270
73438,940,1180
73443,1080,1360
73444,990,1260
73446,940,1220
73453,1020,1250
73456,960,1200
73458,1090,1370
73463,940,1170
73481,940,1180
73487,1000,1270
73488,940,1210
74359,940,1180
74364,1010,1290
74427,940,1200
74444,950,1220
74451,1090,1400
74452,980,1260
74464,970,1240
74465,950,1220
74471,940,1200
74735,1110,1390
74738,960,1170
74743,950,1150
74754,1020,1320
74755,1040,1340
74756,1130,1370
74759,940,1130
74760,950,1230
74761,1040,1340
74764,960,1280
73933,940,1310
73937,990,1360
73946,960,1340
73947,950,1230
73949,950,1150
74530,940,1240
74534,1080,1450
74535,940,1280
74556,940,1250
74572,1200,1620
74825,1070,1320
74871,940,1170
74072,1040,1290
74301,990,1210
74330,960,1260
74331,1060,1340
74333,940,1140
74349,1020,1290
74350,940,1230
74354,1000,1260
74369,940,1140
73024,960,1250
73601,1040,1440
73620,1000,1390
73625,940,1300
73626,1160,1520
73639,1340,1860
73647,940,1250
73650,940,1200
73654,940,1270
74342,1080,1360
74343,940,1180
74344,980,1240
74345,940,1190
74346,940,1180
74365,940,1220
74366,940,1230
74368,940,1180
74370,940,1180
73659,1050,1440
73663,1070,1480
73667,940,1290
73835,940,1290
73859,970,1320
73832,940,1170
73840,1270,1590
73841,940,1150
73851,990,1230
73858,970,1210
73075,940,1250
73098,960,1270
73434,970,1310
74865,940,1160
73759,940,1280
73766,1020,1390
73771,940,1280
74636,970,1320
74643,940,1280
74646,970,1310
73526,940,1290
73547,1160,1610
73554,950,1320
73532,940,1290
73537,940,1280
73544,940,1220
73550,940,1130
73571,960,1260
73801,1050,1260
73834,940,1150
73842,1170,1460
73855,940,1160
74432,940,1290
74462,950,1170
74472,1090,1330
74552,940,1150
74561,940,1220
74941,940,1180
74943,940,1160
74944,940,1160
74531,950,1170
74570,940,1180
74827,950,1170
74839,1030,1270
74848,940,1150
74850,1090,1340
74867,980,1240
74883,980,1200
74884,1040,1400
73521,970,1330
73522,940,1290
73523,970,1330
73539,960,1280
73549,1020,1400
73556,970,1330
73560,940,1290
73655,940,1300
73442,950,1250
73520,940,1170
73565,940,1170
73569,940,1170
73573,960,1200
73086,1040,1280
73447,1110,1500
73450,950,1290
73455,1060,1440
73460,940,1270
74820,1040,1290
74836,990,1290
74856,1060,1410
74601,960,1280
74602,940,1250
74631,980,1310
74632,940,1220
74641,940,1250
74647,940,1250
74653,940,1250
73734,1010,1290
73750,1050,1340
73756,1050,1340
73041,940,1300
73564,940,1300
73566,940,1300
73651,1100,1530
74536,1040,1450
74545,940,1170
74547,940,1240
74559,940,1170
74563,970,1210
74571,940,1250
74574,1000,1350
74578,950,1180
74966,940,1290
74549,940,1270
74577,940,1300
74901,940,1300
74902,940,1300
74930,940,1300
74932,960,1330
74935,990,1370
74937,940,1300
74939,940,1300
74940,940,1300
74942,940,1290
74947,940,1300
74949,1240,1720
74951,1010,1400
74953,980,1360
74956,940,1300
74957,940,1280
74959,1010,1400
73430,1010,1210
73441,1000,1200
73448,1010,1210
73459,1270,1520
74562,940,1300
74722,940,1260
74724,940,1260
74728,940,1260
74734,940,1260
74736,940,1260
74737,940,1260
74740,940,1260
74745,950,1270
74750,960,1290
74752,940,1260
74766,950,1270
74963,940,1250
74426,940,1300
74438,940,1300
74450,940,1180
74455,940,1200
74459,940,1300
74469,940,1180
74845,970,1290
73729,1150,1380
73737,940,1120
73768,1130,1350
73838,1150,1420
73852,1300,1560
73860,990,1240
73439,990,1290
73440,1070,1400
74340,940,1230
74367,980,1260
73032,1150,1420
74401,970,1220
74402,950,1190
74423,1200,1510
74463,940,1180
74468,970,1220
74470,940,1180
73077,950,1280
74075,1100,1520
74006,980,1360
74027,940,1170
74042,940,1170
74083,1220,1560
74829,940,1180
74833,950,1190
74335,940,1190
74339,940,1180
74358,1180,1490
74360,970,1240
74363,940,1180
74062,940,1300
74074,1150,1600
74076,1040,1450
74077,1120,1560
74078,1130,1560
74425,940,1250
74430,940,1250
74442,1010,1340
74501,980,1300
74502,940,1250
74522,980,1300
74528,940,1240
74529,940,1250
74546,940,1250
74554,940,1250
74565,940,1250
74821,990,1220
74842,940,1170
74843,970,1210
74844,950,1180
74801,980,1310
74802,940,1260
74804,1000,1340
74826,940,1260
74840,940,1260
74849,940,1260
74854,940,1260
74866,940,1260
74873,940,1260
74521,1180,1640
74543,940,1300
74557,1070,1490
74558,940,1310
74567,1020,1430
73628,1000,1240
73638,970,1210
73642,980,1230
73660,940,1170
74830,950,1270
74837,1060,1420
74868,950,1270
73491,1040,1450
73534,940,1310
73901,1120,1340
73939,990,1190
73942,1150,1380
73944,950,1140
73945,1120,1340
73951,1020,1220
73530,940,1300
73542,950,1320
73551,970,1340
73553,970,1340
73555,940,1310
73570,940,1300
74005,950,1320
74029,940,1300
74082,1200,1670
73622,1120,1450
73624,960,1250
73632,960,1250
73641,990,1300
73661,1220,1580
73731,980,1260
73746,970,1210
73802,1060,1270
73853,1390,1670
73857,1230,1470
97814,1030,1430
97819,1050,1460
97833,1010,1410
97834,1350,1880
97837,1050,1460
97840,1270,1730
97867,990,1390
97870,970,1350
97877,1080,1490
97883,1180,1640
97884,1050,1460
97905,1000,1390
97907,970,1350
97102,1610,2240
97103,1500,2050
97110,1430,1960
97121,1580,2160
97131,1630,2270
97138,1300,1780
97145,1430,1960
97146,1600,2190
97406,1330,1790
97407,1270,1770
97411,1480,2060
97414,1120,1560
97420,1210,1680
97423,1530,2130
97449,1680,2340
97450,1480,2060
97458,1120,1560
97459,1300,1810
97466,1040,1450
97415,1450,1950
97444,1330,1790
97464,1400,1880
97465,1310,1760
97476,1310,1760
97491,1400,1880
97410,1150,1600
97416,1100,1530
97417,1210,1680
97429,1210,1680
97432,1270,1770
97435,1260,1750
97436,1250,1740
97441,1060,1480
97442,1160,1610
97443,1060,1480
97447,1060,1480
97457,1210,1680
97462,1330,1850
97467,1060,1480
97469,1120,1560
97470,1270,1770
97471,1470,2040
97473,1060,1480
97479,1510,2100
97481,1400,1940
97484,1270,1770
97486,1380,1920
97494,1350,1880
97495,1240,1720
97496,1270,1770
97499,1470,2040
97731,1250,1740
97812,1160,1610
97823,970,1350
97830,970,1350
97843,1130,1570
97817,1130,1540
97820,990,1350
97825,1200,1630
97845,1200,1630
97848,1100,1510
97856,1130,1540
97864,1130,1540
97865,970,1320
97869,1210,1650
97873,990,1350
97880,1240,1720
97710,1010,1400
97720,1020,1420
97721,1010,1400
97722,1010,1400
97732,1020,1420
97736,1010,1400
97738,970,1350
97758,1090,1510
97904,1010,1400
97031,1920,2670
97041,1700,2380
97044,1880,2610
97601,1200,1670
97602,1250,1740
97603,1310,1820
97604,1250,1740
97621,1250,1740
97622,1120,1560
97623,1120,1560
97624,1340,1860
97625,1240,1720
97626,1260,1750
97627,1150,1600
97632,1120,1540
97633,1110,1540
97634,1310,1820
97639,1230,1710
97733,1250,1740
97737,1340,1870
97620,1150,1600
97630,1070,1490
97636,1460,2030
97637,1150,1600
97638,1150,1600
97640,1430,1990
97641,1130,1570
97735,1130,1570
97341,1530,2110
97343,1370,1890
97357,1560,2150
97364,2030,2800
97365,1490,2060
97366,1820,2510
97367,1600,2210
97368,1410,1950
97369,1510,2090
97376,1210,1670
97380,1780,2460
97388,1610,2220
97391,1320,1820
97394,1340,1850
97901,1150,1590
97902,1260,1750
97903,1080,1500
97906,1080,1500
97908,1080,1500
97909,1050,1460
97911,1080,1500
97913,1030,1430
97914,1090,1520
97917,1080,1500
97918,1090,1520
97920,1080,1500
97818,1010,1400
97826,1200,1660
97836,1120,1550
97838,1320,1840
97839,1180,1650
97844,1020,1420
97882,1290,1790
97029,1510,1880
97033,1160,1530
97039,1310,1630
97050,1120,1340
97065,1430,1780
97107,1520,2110
97108,1620,2250
97112,1620,2250
97118,1360,1890
97122,1620,2250
97130,1750,2430
97134,1340,1860
97135,1630,2270
97136,1380,1920
97141,1340,1860
97143,1410,1960
97147,1130,1580
97149,1540,2140
97801,1200,1670
97810,1270,1760
97813,1060,1470
97835,1200,1670
97859,1220,1690
97862,1100,1530
97868,1240,1720
97875,1330,1850
97886,1530,2130
97824,1500,2090
97827,1250,1740
97841,1380,1930
97850,1220,1700
97876,1490,2080
97828,1000,1390
97842,1190,1650
97846,1470,2040
97857,1280,1780
97885,1080,1500
97001,1600,2230
97021,1970,2740
97037,2400,3340
97040,2120,2950
97057,2400,3340
97058,1550,2160
97063,2230,3080
97750,1010,1400
97874,970,1350
15521,1170,1470
15522,990,1250
15530,970,1310
15533,1020,1280
15534,970,1230
15535,1130,1420
15537,970,1230
15539,1190,1500
15545,990,1260
15550,970,1230
15554,1140,1440
15559,1190,1500
15926,1090,1460
16633,1030,1300
16650,1060,1340
16657,970,1320
16659,970,1230
16664,1120,1410
16667,1180,1490
16670,1130,1440
16672,1020,1290
16678,970,1240
16679,1030,1300
16694,990,1330
16695,1130,1420
17211,1180,1520
16910,970,1230
16914,1130,1420
16925,1060,1330
16926,1050,1320
16936,1030,1320
16945,1070,1350
16947,970,1230
17735,1070,1350
18616,970,1350
18810,1050,1320
18814,1070,1350
18817,1030,1300
18818,1300,1670
18829,1240,1560
18830,1120,1430
18831,990,1250
18832,1100,1380
18833,1150,1470
18837,1240,1560
18840,1070,1350
18845,1180,1480
18848,1080,1360
18850,1170,1470
18851,1300,1640
18853,1110,1400
18854,1210,1520
15832,1030,1240
15834,970,1170
15861,1010,1240
16720,970,1220
15829,980,1200
15860,970,1210
15864,1050,1290
16036,990,1200
16054,1120,1360
16058,970,1180
16213,970,1180
16214,1060,1290
16217,970,1240
16220,990,1200
16221,970,1180
16225,970,1180
16230,970,1180
16232,970,1180
16233,1020,1250
16234,970,1180
16235,1070,1300
16239,990,1260
16248,970,1180
16254,1080,1310
16255,970,1180
16258,970,1180
16260,970,1190
16319,970,1210
16326,1020,1270
16331,970,1210
16332,1010,1250
16334,970,1180
16353,970,1220
16361,970,1180
16364,1080,1350
16375,970,1180
15721,1060,1420
15742,970,1320
15753,990,1310
15757,1140,1510
15767,1050,1300
15801,1030,1360
15823,970,1270
15824,1010,1240
15840,1150,1420
15848,1210,1600
15849,1170,1550
15851,970,1200
15856,1140,1510
15865,970,1200
15866,980,1300
16616,1040,1370
16620,1350,1780
16645,1000,1330
16651,970,1290
16656,970,1290
16661,990,1320
16663,980,1300
16671,970,1290
16680,980,1320
16681,980,1300
16692,1020,1350
16821,980,1300
16825,1140,1500
16830,970,1290
16833,970,1290
16834,980,1300
16836,1090,1440
16837,970,1290
16838,1020,1350
16839,980,1300
16840,980,1300
16843,970,1290
16847,980,1300
16849,980,1300
16850,980,1300
16855,1130,1490
16858,980,1300
16861,980,1300
16863,990,1310
16871,970,1260
16873,980,1300
16876,1100,1450
16878,1240,1640
16879,980,1300
16881,1090,1440
16848,970,1230
17721,990,1250
17729,990,1260
17748,1000,1270
17750,1010,1280
17751,1010,1280
17760,970,1230
17764,970,1230
17778,970,1240
17779,1020,1310
17820,1130,1560
17821,1380,1860
17824,1110,1560
17847,1110,1560
17851,970,1240
17858,1130,1370
17859,1010,1210
17888,1050,1310
17920,1060,1330
17921,970,1270
17945,970,1260
17967,970,1270
17985,1330,1710
18631,1360,1630
16110,1000,1370
16111,970,1320
16125,970,1350
16131,970,1310
16134,1040,1430
16314,970,1310
16316,970,1310
16317,1450,1820
16327,970,1310
16328,970,1310
16335,1050,1410
16354,970,1290
16360,970,1310
16362,970,1240
16404,1090,1460
16406,1000,1340
16420,1000,1320
16422,990,1330
16424,970,1310
16433,970,1310
16440,970,1300
15821,1000,1280
15822,970,1280
15827,1000,1320
15828,980,1220
15831,1360,1790
15841,1000,1320
15845,970,1280
15846,1360,1790
15853,970,1280
15857,980,1290
15868,1000,1320
15870,970,1280
16734,970,1220
16735,970,1220
16321,970,1230
16322,970,1260
16341,970,1220
16347,1130,1510
16351,970,1300
16370,970,1240
15536,1010,1240
16674,990,1340
16689,990,1280
16691,1020,1270
17212,1110,1360
17215,1020,1340
17223,970,1170
17228,1020,1220
17229,970,1190
17238,1050,1260
17255,1090,1480
17264,970,1300
17267,970,1170
15310,1110,1340
15315,1360,1630
15316,1100,1320
15325,1260,1510
15327,1230,1470
15334,1150,1390
15337,1130,1380
15338,1140,1370
15341,1160,1390
15344,1090,1310
15346,1110,1330
15349,970,1170
15351,970,1170
15352,1190,1430
15353,1010,1210
15357,1260,1510
15359,1160,1390
15362,1050,1260
15364,1010,1210
15380,970,1170
16621,970,1320
16622,970,1320
16623,1030,1400
16634,980,1280
16638,970,1320
16647,970,1320
16652,1080,1320
16654,970,1320
16660,970,1320
16669,980,1330
16683,1150,1490
16685,970,1320
17002,1010,1350
17051,1060,1400
17052,1070,1450
17060,970,1320
17066,1050,1410
17213,1050,1420
17239,970,1320
17243,970,1320
17249,970,1320
17253,970,1320
17260,970,1320
15701,980,1330
15705,980,1330
15710,970,1320
15712,970,1320
15713,990,1330
15716,970,1300
15720,1130,1530
15723,970,1320
15725,970,1320
15727,1080,1470
15728,1080,1460
15729,970,1320
15731,990,1330
15734,1050,1430
15739,1080,1460
15741,970,1320
15745,1020,1380
15746,970,1320
15747,970,1320
15748,1000,1350
15750,970,1300
15752,990,1340
15754,1000,1350
15756,1290,1750
15758,980,1330
15759,970,1320
15761,970,1330
15763,1050,1300
15765,970,1320
15771,1020,1360
15772,1180,1600
15777,970,1320
15783,1030,1360
15920,990,1320
15929,990,1330
15949,1250,1690
16211,980,1310
16246,1350,1830
16256,990,1290
15711,1100,1350
15715,970,1200
15730,1020,1260
15733,1050,1300
15744,970,1200
15764,1050,1300
15770,970,1200
15776,970,1200
15778,990,1240
15780,970,1200
15781,1050,1300
15784,1030,1270
15825,970,1200
15847,970,1200
15863,1020,1270
17014,1070,1380
17049,1120,1440
17056,990,1280
17058,970,1250
17059,970,1250
17076,1040,1340
17082,1030,1320
17086,970,1240
17094,970,1250
17853,970,1220
16333,990,1260
16701,990,1240
16724,980,1230
16725,990,1240
16726,1010,1260
16727,980,1230
16729,970,1220
16730,980,1230
16731,970,1220
16732,990,1240
16733,970,1220
16738,1050,1320
16740,970,1220
16743,1030,1290
16744,980,1230
16745,970,1220
16748,970,1220
16749,980,1230
16750,1000,1250
16113,1070,1470
16114,990,1370
16121,1080,1500
16124,970,1350
16130,970,1350
16133,1250,1740
16137,970,1350
16145,970,1350
16146,980,1360
16148,1060,1470
16150,1000,1390
16151,970,1350
16153,1040,1440
16154,980,1360
16161,1030,1430
16311,970,1300
16342,970,1230
17004,970,1280
17009,970,1280
17029,970,1280
17044,970,1280
17054,1060,1400
17063,970,1280
17075,1170,1540
17084,970,1280
17099,1020,1350
17841,1040,1340
18301,1550,2000
18302,1680,2210
18320,1530,1980
18321,1420,1840
18322,1620,2090
18323,1400,1840
18324,2010,2770
18325,1510,1980
18326,1500,1940
18327,1400,1840
18328,1500,1940
18330,1790,2310
18331,1630,2100
18332,1590,2090
18334,1670,2200
18335,1680,2210
18341,1530,1980
18342,1400,1840
18344,1400,1840
18346,1400,1840
18347,1400,1840
18349,1860,2410
18350,1420,1860
18353,1530,1980
18354,1520,1960
18355,1950,2520
18356,1560,2010
18357,1510,1980
18360,1470,1900
18370,1400,1840
18372,1890,2440
18466,1970,2540
17822,1370,1870
17884,1200,1640
17730,990,1270
17749,1020,1300
17801,970,1240
17823,1150,1470
17830,970,1240
17832,970,1240
17834,970,1240
17836,970,1240
17840,970,1240
17850,1080,1380
17857,1110,1420
17860,1010,1300
17865,1080,1380
17866,970,1240
17867,1150,1470
17868,1050,1340
17872,970,1240
17881,970,1240
17941,970,1260
17964,1270,1650
18336,1500,1940
18337,1570,2160
18340,1500,1940
18371,1890,2600
18405,1500,1940
18425,1500,1940
18426,1500,1940
18428,1500,1940
18435,1500,1940
18445,1500,1940
18451,1500,2030
18457,1500,1940
18458,1500,1940
18460,1500,1940
18464,1640,2260
16746,970,1220
16915,1010,1270
16921,1040,1340
16922,1070,1350
16923,1010,1270
16927,1200,1510
16937,1090,1380
16941,1020,1290
16943,1210,1540
16948,970,1220
16950,970,1260
17901,1040,1350
17922,1230,1600
17923,970,1270
17925,1330,1730
17929,1030,1340
17930,1270,1650
17931,970,1270
17933,970,1270
17934,1020,1330
17935,980,1280
17936,970,1270
17943,970,1270
17944,1030,1340
17946,1070,1400
17948,1190,1550
17949,1040,1350
17951,1040,1350
17952,1160,1520
17953,970,1270
17954,970,1270
17957,1070,1390
17959,970,1270
17960,1020,1330
17961,1020,1330
17965,1020,1330
17968,1050,1360
17970,1100,1430
17972,970,1270
17974,1040,1350
17976,1080,1410
17979,1050,1380
17981,970,1270
17982,1410,1840
17983,1120,1460
18214,970,1270
18218,1150,1500
18220,970,1270
18231,970,1270
18242,1160,1510
18245,1060,1380
18248,1140,1490
19549,1490,1940
17812,970,1210
17813,1020,1270
17827,1130,1410
17831,1060,1320
17842,1000,1250
17843,1060,1320
17844,1030,1430
17861,1000,1250
17862,1180,1470
17864,1030,1280
17870,1100,1370
17876,1150,1430
17889,970,1280
15411,1180,1590
15485,970,1310
15502,970,1310
15510,970,1310
15520,970,1310
15532,990,1340
15538,970,1290
15540,1020,1360
15541,990,1330
15542,1260,1690
15544,1070,1440
15546,980,1330
15547,1030,1380
15548,970,1310
15549,970,1310
15551,980,1320
15552,970,1310
15553,970,1310
15555,970,1310
15558,1010,1360
15560,970,1310
15561,970,1310
15562,1460,1960
15563,970,1310
15564,970,1310
15565,1090,1470
15924,1040,1400
15928,1090,1500
15935,1050,1420
15936,970,1310
15937,970,1310
15953,970,1310
15959,970,1310
17731,1110,1540
17768,1010,1340
18626,1030,1430
18628,1080,1440
18632,970,1350
18413,1060,1370
18430,990,1250
18441,1070,1370
18462,1100,1400
18465,1180,1510
18470,990,1250
18801,1040,1340
18812,1300,1670
18816,1090,1410
18820,1120,1430
18821,1130,1450
18822,970,1250
18823,1210,1550
18824,970,1250
18825,1070,1370
18826,1370,1760
18828,1130,1450
18834,1100,1410
18842,1090,1400
18843,1040,1340
18847,1020,1310
16901,1070,1390
16911,1090,1410
16912,1130,1460
16917,1000,1300
16920,970,1260
16928,970,1260
16929,1080,1400
16932,1030,1330
16933,1070,1390
16935,1040,1350
16939,1170,1520
16940,1060,1380
16942,970,1260
16946,1080,1400
17829,970,1350
17835,970,1350
17837,1000,1390
17845,970,1350
17855,1110,1540
17856,1060,1470
17880,1090,1520
17885,1010,1380
17886,1040,1430
17887,1060,1470
16301,1000,1250
16323,990,1240
16343,1000,1250
16344,1190,1490
16346,970,1220
16372,970,1220
16374,970,1220
16312,970,1300
16313,970,1300
16329,970,1300
16340,1010,1350
16345,970,1300
16350,970,1300
16352,1000,1340
16365,990,1330
16367,970,1300
16369,970,1300
16371,970,1300
16402,1030,1380
16405,1020,1370
16416,1010,1350
16436,1030,1370
18415,1120,1470
18417,990,1220
18427,1130,1410
18431,1120,1400
18437,1040,1300
18438,1340,1780
18439,1130,1410
18443,1010,1270
18453,1390,1740
18454,1150,1470
18455,1130,1410
18456,1080,1350
18461,1140,1430
18463,1200,1540
18469,1070,1340
18473,1250,1630
29628,900,1220
29638,910,1200
29639,950,1290
29646,900,1110
29649,980,1190
29653,1070,1300
29659,940,1230
29819,900,1140
29810,900,1220
29812,900,1160
29827,920,1240
29836,900,1170
29849,930,1210
29932,940,1230
29003,920,1210
29038,900,1180
29042,930,1220
29081,900,1180
29082,990,1270
29817,1010,1230
29843,1010,1300
29826,980,1190
29340,900,1140
29341,940,1180
29520,980,1270
29584,1010,1260
29709,900,1170
29727,900,1170
29728,900,1170
29741,1000,1280
29041,900,1200
29056,910,1190
29111,980,1310
29148,900,1200
29518,940,1230
29435,960,1150
29446,1160,1410
29452,1160,1430
29474,900,1080
29475,940,1140
29488,900,1080
29493,1000,1200
29929,1170,1420
29525,900,1110
29536,900,1230
29543,900,1210
29547,940,1290
29563,900,1230
29565,980,1330
29567,900,1230
29571,900,1200
29574,900,1200
29592,950,1280
29440,1080,1300
29442,1200,1440
29510,1080,1300
29585,1580,1890
29648,930,1130
29911,1140,1520
29918,900,1200
29921,900,1200
29923,900,1200
29924,900,1200
29939,900,1200
29046,910,1110
29840,950,1240
29844,1070,1400
29899,970,1270
29519,900,1200
29546,900,1200
29589,900,1200
29512,900,1080
29516,1060,1270
29570,900,1080
29594,900,1080
29596,1050,1260
29108,1010,1210
29122,990,1190
29126,970,1180
29145,980,1180
29658,1030,1320
29664,1040,1270
29665,1000,1220
29672,1000,1220
29676,1170,1450
29679,940,1150
29686,1000,1220
29691,900,1100
29693,910,1110
29696,900,1100
29039,1210,1450
29048,900,1080
29107,900,1080
29113,970,1160
29115,900,1080
29116,910,1090
29117,900,1080
29133,900,1080
29142,910,1130
29163,900,1080
29556,900,1180
29564,900,1180
29580,940,1200
29590,900,1180
57328,990,1260
57359,1070,1480
57363,1180,1650
57368,1010,1400
57369,1020,1410
57375,930,1290
57382,930,1180
57383,930,1290
57385,930,1290
57312,1210,1540
57314,1260,1750
57322,1060,1300
57324,1010,1300
57348,1020,1270
57350,960,1250
57353,990,1230
57379,1040,1350
57381,1120,1510
57384,930,1210
57386,970,1240
57551,1170,1400
57560,960,1220
57574,1080,1330
57577,1010,1290
57714,1200,1440
57716,1040,1290
57040,1030,1430
57059,930,1290
57062,950,1320
57063,1190,1650
57066,950,1320
57315,1070,1480
57376,990,1310
57002,930,1290
57006,950,1320
57007,950,1320
57061,1010,1350
57071,1040,1450
57212,970,1210
57213,1110,1510
57220,960,1280
57234,930,1230
57268,1110,1530
57276,930,1290
57401,930,1170
57402,930,1170
57422,980,1280
57426,930,1170
57427,980,1230
57432,930,1200
57433,930,1170
57434,930,1140
57439,1020,1280
57441,930,1170
57445,1020,1280
57446,930,1170
57449,930,1170
57451,1010,1360
57454,930,1280
57460,1000,1300
57461,980,1170
57474,1010,1270
57479,1080,1360
57481,1080,1370
57325,980,1290
57355,980,1280
57370,990,1340
57523,930,1240
57339,1210,1450
57341,980,1290
57362,980,1290
57760,1250,1500
57762,1080,1290
57779,1070,1390
57783,1080,1500
57437,930,1190
57452,1000,1270
57472,1110,1330
57601,970,1170
57631,1010,1240
57632,940,1310
57646,970,1300
57313,930,1190
57329,1290,1790
57330,960,1260
57342,980,1330
57356,930,1290
57361,940,1300
57367,970,1350
57380,940,1310
57217,930,1150
57221,930,1220
57225,930,1140
57236,950,1170
57243,1050,1280
57258,930,1140
57271,940,1170
57272,980,1260
57274,930,1290
57278,940,1200
57031,930,1290
57069,930,1290
57072,1280,1780
57201,1080,1320
57235,1010,1240
57238,970,1320
57242,1010,1270
57245,1020,1320
57256,1010,1360
57263,930,1150
57264,930,1290
57265,990,1310
57621,930,1190
57633,930,1190
57634,930,1190
57639,950,1210
57644,1010,1320
57656,930,1210
57657,950,1200
57658,950,1200
57659,960,1240
57301,930,1290
57331,970,1300
57334,990,1360
57219,930,1290
57232,1060,1460
57239,990,1370
57261,980,1350
57273,1010,1400
57468,930,1290
57218,1390,1930
57223,1170,1540
57226,930,1290
57237,1070,1440
57259,930,1290
57442,1010,1290
57623,930,1110
57625,970,1240
57630,950,1190
57636,950,1190
57652,970,1220
57661,960,1230
57344,990,1300
57364,990,1260
57366,930,1210
57428,930,1240
57435,950,1220
57448,960,1240
57456,1330,1690
57466,950,1220
57471,1030,1360
57475,1010,1320
57763,1160,1390
57766,1150,1390
57782,1160,1390
57345,970,1230
57424,930,1120
57438,1040,1320
57465,940,1150
57467,980,1290
57469,930,1120
57470,950,1220
57473,1010,1280
57216,940,1300
57227,1050,1400
57246,930,1290
57251,1020,1320
57252,930,1290
57266,1010,1360
57269,940,1260
57279,1120,1490
57317,930,1240
57335,950,1240
57529,1010,1350
57533,1080,1440
57538,930,1240
57571,930,1240
57537,1020,1290
57543,930,1180
57552,970,1230
57567,950,1210
57233,970,1190
57241,930,1230
57248,1180,1550
57371,940,1270
57373,1020,1360
57476,980,1180
57311,930,1290
57340,980,1360
57649,930,1210
57650,950,1210
57651,950,1210
57720,950,1210
57755,930,1240
57776,950,1210
57501,1040,1310
57522,930,1180
57536,970,1210
57540,990,1240
57564,950,1210
57052,940,1260
57354,950,1300
57346,970,1230
57521,940,1190
57547,1040,1300
57752,950,1310
57358,930,1230
57531,960,1230
57559,930,1180
57562,960,1220
57051,940,1150
57054,930,1120
57214,1010,1270
57231,970,1160
57249,930,1110
57323,1010,1270
57017,930,1240
57050,990,1300
57057,940,1180
57075,930,1110
57076,960,1200
57759,1040,1440
57799,1080,1500
57365,1000,1200
57532,1030,1310
57534,1020,1330
57544,1050,1260
57548,930,1110
57568,940,1130
57569,1000,1230
57576,980,1210
57457,1090,1430
57224,930,1240
57247,980,1340
57262,930,1230
57270,930,1280
57421,930,1280
57430,930,1280
57579,980,1250
57580,970,1310
57585,970,1270
57337,1060,1400
57349,930,1180
57024,940,1260
57028,940,1260
57065,930,1240
57756,960,1280
57764,1080,1490
57770,930,1280
57772,1030,1330
57794,930,1280
57620,1210,1580
57640,960,1310
57450,1050,1310
57455,1070,1360
57255,930,1230
57257,930,1230
57260,980,1300
57429,930,1120
57436,1180,1410
57440,1060,1290
57477,930,1120
57520,1000,1270
57555,930,1290
57563,950,1300
57566,960,1290
57570,930,1290
57572,930,1290
57528,930,1250
57541,990,1260
57584,970,1310
57420,1080,1320
57046,1020,1420
57067,950,1320
57078,930,1290
57622,930,1110
37034,1400,1860
37144,940,1270
37183,980,1360
37334,940,1310
37360,930,1270
37388,960,1290
38221,930,1290
38317,940,1170
38318,980,1250
38320,960,1340
38333,960,1290
38341,930,1290
38380,940,1270
38387,1020,1310
37321,930,1230
37332,1390,1830
37337,950,1250
37381,930,1200
38572,930,1270
38201,930,1140
38231,960,1150
38235,990,1230
38258,950,1180
38321,1020,1290
38342,930,1150
38344,1090,1360
38388,930,1180
38390,1050,1310
37707,930,1160
37724,1030,1290
37730,930,1160
37752,1010,1260
37851,930,1160
37879,950,1180
38541,1220,1600
38551,930,1290
38562,930,1220
38568,1010,1350
38573,990,1230
38575,930,1260
37713,990,1290
37722,1040,1360
37727,930,1200
37743,930,1280
37753,950,1220
37843,940,1230
37330,1130,1500
37342,930,1240
37355,970,1300
37389,960,1280
37723,1060,1440
38555,930,1280
38557,940,1300
38558,1410,1950
38571,930,1290
38574,930,1270
38578,930,1280
38583,1010,1270
38311,940,1240
38328,930,1250
38329,930,1280
38363,940,1310
38374,930,1230
37059,1160,1390
38544,960,1330
38581,1060,1300
38582,930,1270
38007,930,1230
38024,930,1220
38025,930,1230
38030,930,1220
38047,930,1220
38070,930,1200
38080,940,1200
38240,1120,1440
38504,950,1210
38553,930,1250
38554,930,1170
38556,930,1200
38565,930,1210
38577,1140,1440
38589,930,1200
37306,1040,1390
37318,930,1230
37324,960,1280
37328,950,1310
37335,930,1290
37345,1160,1550
37352,930,1280
37376,1100,1430
37383,1460,1930
37398,990,1320
37047,1000,1310
38449,1230,1600
38453,1100,1430
38455,1230,1600
38456,950,1150
38459,950,1260
38460,930,1110
38464,950,1140
38468,1160,1390
38473,1230,1470
38477,1080,1330
38478,990,1190
37616,960,1330
37744,930,1290
37809,980,1360
37810,970,1290
37818,960,1330
37301,1000,1260
37305,980,1210
37313,930,1160
37339,1100,1380
37765,940,1140
38008,1020,1420
38052,930,1290
38061,940,1290
38067,930,1290
38381,930,1290
38310,960,1310
38327,960,1270
38357,1010,1390
38361,940,1260
38365,930,1230
38370,930,1210
38372,930,1220
38376,1060,1430
38379,1190,1650
38425,990,1190
38475,950,1180
38012,930,1230
38037,930,1230
38063,930,1240
38222,1060,1280
38224,930,1110
38229,930,1120
38236,990,1230
38242,960,1150
38251,930,1110
38256,1210,1450
37185,1000,1250
37134,970,1210
38501,1040,1440
38506,1150,1570
38545,930,1270
38564,930,1270
37680,940,1250
37691,950,1240
38077,930,1180
38079,950,1210
38041,930,1240
38457,1090,1310
38463,990,1200
38469,930,1110
38481,930,1110
38486,940,1130
38485,940,1130
37348,940,1300
37359,940,1300
38488,1010,1400
37303,940,1170
37322,930,1220
37329,930,1160
37354,960,1260
37370,930,1150
37371,930,1160
37826,970,1210
38339,930,1290
38367,1010,1400
38375,930,1290
38393,930,1290
37019,980,1290
38232,930,1190
38237,980,1190
38253,1150,1480
38254,930,1190
38255,930,1120
38257,960,1230
38260,930,1190
38261,930,1190
38281,930,1190
38542,930,1170
38543,950,1200
38570,930,1170
38580,930,1170
38502,1010,1400
38503,1010,1400
38505,1040,1440
37732,930,1190
37755,940,1180
37841,980,1230
37892,930,1160
37738,1220,1600
37862,1120,1470
37863,1050,1380
37864,1160,1520
37868,1160,1520
38559,1060,1340
37394,970,1190
38550,960,1150
38450,930,1110
38452,950,1150
38471,930,1160
38225,930,1120
38226,940,1170
38230,930,1120
38238,930,1120
38241,930,1120
38579,1080,1350
38587,930,1160
75751,1010,1330
75752,1100,1450
75763,1150,1430
75770,1080,1420
75779,1120,1350
75801,1110,1330
75802,1120,1340
75803,1140,1370
75832,1120,1340
75839,1210,1450
75844,970,1190
75853,1100,1360
75861,1040,1340
75882,1120,1340
75884,1120,1340
75886,1120,1340
79714,1430,1710
75901,1050,1400
75902,1020,1360
75903,1030,1380
75904,1030,1380
75915,1020,1360
75941,970,1300
75949,970,1300
75951,1050,1320
75969,1060,1420
75980,970,1300
79031,970,1300
79324,990,1280
79325,1230,1480
79344,970,1270
79347,990,1280
79371,990,1330
76380,970,1350
78071,1020,1300
78102,1210,1500
78104,1210,1500
78125,1250,1530
78142,1190,1470
78145,1350,1620
78146,1190,1470
78162,1190,1470
78389,1090,1350
78391,1060,1330
78635,1180,1630
78671,1360,1750
79511,1270,1530
79517,1070,1440
79527,1130,1540
79549,1110,1530
79738,1100,1320
79830,1060,1470
79832,1060,1470
79834,980,1360
79842,970,1350
79852,1030,1430
79088,970,1350
79255,1040,1350
79257,1010,1320
79261,970,1350
78353,970,1350
78355,1070,1350
76432,1110,1450
76442,970,1350
76471,970,1340
76474,970,1350
76801,1070,1350
76802,1280,1610
76803,1080,1360
76804,1080,1360
76823,970,1230
76827,1070,1340
76857,1080,1400
76878,1130,1350
76890,970,1240
78608,1210,1650
78611,1100,1450
78639,1040,1440
78657,1450,1980
77465,1110,1410
77971,1000,1240
77978,1080,1500
77982,1210,1680
77983,1310,1820
77990,1100,1460
75551,1060,1450
75555,970,1320
75560,1010,1330
75562,980,1310
75563,970,1330
75564,990,1280
75565,970,1320
75566,980,1310
75568,990,1290
75572,970,1330
75630,970,1270
75638,970,1250
75656,970,1320
79027,1050,1260
79035,1040,1250
79043,1150,1380
79045,1070,1280
79052,1030,1420
79063,970,1170
79085,1070,1280
75759,1110,1480
75764,970,1350
75766,970,1350
75780,1020,1410
75785,970,1350
75925,970,1350
75976,1070,1490
79095,970,1270
79201,1050,1410
79230,990,1290
79245,980,1360
79259,1050,1410
76865,1090,1340
76933,1080,1370
76949,970,1230
76953,1130,1450
79506,970,1300
76828,1040,1290
76834,1040,1250
76845,1050,1260
76873,1050,1260
76882,1060,1270
76884,1050,1260
76888,1050,1260
79538,1030,1250
79057,1130,1350
79079,1020,1230
79251,980,1260
77412,1140,1370
77434,1170,1410
77442,1140,1440
77455,1190,1620
77460,1070,1460
77470,1150,1380
77475,1100,1320
77964,1130,1350
78934,1140,1370
78935,1150,1380
78943,1120,1350
78951,1150,1380
78956,1150,1550
78962,980,1190
76436,1150,1590
76444,970,1350
76445,1050,1440
76446,1190,1660
76452,970,1320
76454,970,1350
76455,1050,1460
76468,970,1350
76531,970,1310
76836,1050,1370
76837,1150,1500
76852,1050,1370
76855,1150,1500
76858,1090,1420
76862,1150,1500
76866,1150,1500
76875,1070,1290
76238,1170,1460
76239,1060,1310
76241,1260,1550
76250,1320,1620
76252,1290,1590
76253,1290,1590
76263,1110,1450
76265,1060,1350
79223,1050,1410
79248,1020,1330
79252,970,1220
79731,980,1280
76943,1010,1320
79744,1210,1670
79781,1060,1400
79022,1150,1520
79051,1050,1380
79084,970,1270
79087,970,1300
79377,1070,1310
79025,1070,1280
75415,970,1320
75432,980,1350
75441,980,1350
75450,970,1340
77954,1130,1350
77967,1140,1370
77984,1170,1430
77994,1080,1350
78141,1050,1260
78151,1020,1260
78629,990,1380
79220,1120,1360
79229,980,1220
79236,1010,1320
79256,1130,1360
78014,1010,1310
78827,970,1350
78830,970,1350
78834,1010,1400
78836,970,1350
78839,970,1350
79065,1030,1240
79237,970,1180
79240,980,1200
78332,1000,1320
78341,1000,1300
78349,1090,1430
78357,1020,1330
78376,1290,1680
78384,1200,1570
76435,1420,1970
76448,980,1360
76466,980,1360
76470,980,1340
76950,980,1220
78828,1030,1350
78833,1090,1410
78840,1060,1440
78880,1020,1330
76401,1170,1630
76402,1170,1630
76433,1210,1630
76453,1090,1430
76461,1180,1640
76463,1020,1360
76465,1180,1640
76476,1370,1640
75413,1110,1510
75418,970,1350
75438,990,1380
75439,1020,1420
75443,990,1380
75446,970,1350
75447,970,1320
75475,1160,1610
75476,970,1340
75486,1370,1820
75488,970,1290
75492,990,1370
78932,1670,2230
78938,970,1320
78946,1340,1740
78949,1140,1510
78963,1090,1450
79526,1060,1410
79534,1050,1320
79543,1060,1270
79545,1020,1410
79546,970,1220
79556,1000,1380
79221,970,1170
79231,1010,1220
79234,1020,1310
79241,1040,1250
79258,1030,1240
76384,990,1190
79227,970,1270
75455,970,1260
75457,1090,1310
75478,1030,1360
75480,1090,1340
75481,1120,1450
75487,970,1210
75831,1030,1370
75838,990,1310
75840,1010,1350
75848,970,1300
75855,970,1290
75859,1490,2000
75860,970,1300
76667,990,1250
76693,990,1330
78017,1060,1380
78061,1090,1420
79323,990,1200
79342,1020,1240
79359,1020,1230
79360,1090,1310
78058,1150,1520
78618,1150,1520
78631,1600,2040
78675,1340,1720
79739,1230,1560
78122,1030,1410
78159,970,1350
78614,990,1380
78658,1130,1490
78677,980,1370
79002,1100,1320
79054,1110,1330
79059,1010,1310
79061,1010,1250
79066,1030,1240
77830,1110,1340
77831,1050,1290
77861,1010,1220
77872,1200,1670
77875,1100,1330
77876,1050,1290
79021,970,1300
79032,1000,1360
79041,970,1300
79064,970,1310
79072,980,1310
79073,970,1300
79233,1040,1400
79239,990,1320
76565,970,1310
79040,1120,1400
79062,1020,1370
79081,1150,1420
79083,970,1350
79086,1100,1390
79225,1080,1350
79247,1000,1280
79029,1140,1430
79044,1500,1980
76388,1010,1380
79539,970,1350
79544,970,1350
79547,1090,1520
79548,1090,1470
79003,970,1230
79011,990,1290
79014,970,1350
79046,970,1290
75124,970,1280
75148,970,1280
75163,970,1280
75756,1100,1450
75758,1050,1380
75778,1110,1460
75782,1130,1420
76627,1290,1760
76628,1100,1500
76631,1140,1560
76636,970,1330
76645,1050,1430
76648,970,1330
76650,1030,1420
76660,1030,1410
76666,1100,1470
76676,1090,1480
76692,1000,1370
76048,1300,1560
76467,1410,1690
75420,1020,1350
75431,1000,1310
75437,1230,1620
75440,1030,1430
75471,1250,1640
75472,970,1350
75482,1120,1480
75483,1120,1480
75497,1080,1340
75835,990,1220
75847,1210,1480
75849,990,1220
75851,1080,1330
75856,1120,1360
75858,1210,1480
79721,1170,1410
79733,1170,1410
79007,1000,1390
79008,970,1350
79078,980,1360
76427,980,1360
76449,970,1270
76450,1060,1470
76459,970,1350
76460,1000,1380
77957,1100,1320
77961,1040,1300
77962,1000,1200
77969,1030,1320
77970,970,1170
77991,1050,1400
75931,970,1210
75933,970,1230
75956,970,1230
75966,1010,1400
77612,970,1230
77615,970,1230
79734,1020,1330
79854,1060,1370
78360,970,1230
78361,970,1170
78342,1000,1320
78372,970,1290
78375,970,1290
78111,1270,1520
78116,1080,1380
78117,1170,1430
78144,1270,1520
78338,1020,1330
78385,1470,1760
79518,1020,1320
79528,1030,1340
76849,990,1340
78024,1030,1360
78025,1020,1350
78029,1120,1480
76854,1070,1440
76856,1020,1330
76859,970,1350
76874,970,1280
76883,970,1340
78832,1020,1330
78379,1470,1760
76363,970,1350
76371,1020,1340
79505,970,1270
79529,1140,1480
75411,970,1290
75416,980,1300
75417,970,1270
75421,970,1290
75425,970,1290
75434,970,1290
75435,970,1310
75436,970,1350
75460,970,1290
75461,970,1290
75462,1010,1340
75468,990,1320
75470,970,1320
75473,990,1320
75477,970,1290
79082,1010,1310
79312,970,1310
79326,970,1320
79369,1050,1430
78001,1020,1330
78021,1020,1320
77975,1110,1330
77986,1060,1270
77987,1040,1250
77853,1020,1250
78947,1140,1430
78948,1140,1430
75833,1000,1290
75846,1010,1330
75850,1030,1400
75852,1130,1570
77855,1100,1460
77864,970,1350
77871,970,1290
76635,970,1230
76678,1080,1400
76686,980,1260
79005,1000,1300
79024,970,1270
79034,970,1270
79056,970,1310
79070,990,1270
78022,1050,1340
78060,1030,1310
78075,1040,1330
78350,1030,1310
76831,1060,1430
76869,1020,1330
76885,1100,1530
78607,1020,1410
78609,980,1360
78643,1040,1450
78672,1070,1450
79754,1060,1280
76825,1040,1350
76871,1040,1330
76872,1070,1380
76887,1040,1350
78007,1040,1340
78072,1030,1330
75668,1060,1360
76820,1020,1330
76842,1020,1310
77404,1170,1490
77414,1190,1520
77415,1190,1520
77419,1120,1430
77428,1110,1410
77437,1070,1460
77440,1140,1450
77456,1190,1510
77457,1190,1520
77458,1170,1550
77468,1170,1490
77482,1100,1460
77483,1190,1520
76841,970,1310
76848,980,1350
76518,970,1220
76520,1040,1310
76523,1030,1360
77857,1030,1340
76864,980,1360
76870,970,1350
76880,970,1350
79512,1190,1550
79532,970,1270
79565,1200,1550
76251,1400,1950
76255,990,1350
79013,970,1220
75558,970,1260
75571,970,1250
75636,970,1250
79244,970,1170
75788,1070,1280
75937,970,1170
75943,1410,1690
75944,1000,1280
75958,1070,1280
75961,1110,1330
75962,1050,1260
75963,1070,1280
75964,1090,1310
75965,1040,1250
75978,1070,1280
75102,1080,1500
75105,1220,1610
75109,1400,1950
75110,1050,1460
75144,970,1350
75151,1060,1470
75153,1110,1550
75155,1060,1470
76639,970,1350
76679,1010,1400
76681,1160,1580
75928,970,1280
75932,1120,1480
75948,1040,1250
75977,1030,1300
77614,1050,1380
79535,1010,1370
79537,1090,1460
79033,990,1270
79093,1050,1320
76429,1000,1320
76472,1090,1440
76475,970,1270
76484,1060,1390
75631,1060,1320
75637,1000,1240
75643,980,1220
75685,1000,1240
75954,970,1350
75974,970,1320
79009,970,1170
79053,1020,1270
79730,1030,1320
79735,970,1350
79740,970,1350
79743,970,1260
75934,1090,1310
75936,970,1170
75939,970,1170
75960,1050,1260
77326,1150,1420
77335,1260,1510
77350,1140,1370
77351,1140,1370
77360,1170,1400
77399,1120,1340
79843,1190,1550
79845,970,1270
79846,970,1270
75410,1060,1340
76932,1020,1330
78801,1150,1520
78873,980,1280
78879,980,1280
75412,970,1330
75426,970,1350
75550,970,1320
79718,1020,1330
79770,1080,1300
79772,1080,1300
79780,1080,1300
79785,1080,1300
78340,1460,2030
78377,970,1350
78393,970,1350
76821,1130,1350
75930,1370,1690
75959,1040,1320
75968,970,1170
75972,1030,1340
75929,1160,1470
75935,1050,1460
76832,1030,1290
76877,1030,1290
76936,970,1270
76430,970,1270
75973,1070,1490
73960,1100,1390
76077,1250,1620
78536,970,1350
78545,980,1300
78547,980,1360
78548,1060,1470
78582,980,1360
78584,980,1360
78585,970,1350
78588,970,1350
78591,970,1350
76424,1010,1310
76481,1050,1440
76491,990,1190
76951,1140,1530
79502,970,1270
79540,990,1370
78851,1020,1330
79848,1020,1330
79355,1050,1260
79376,1010,1260
79378,1010,1260
76372,970,1350
76483,980,1290
75456,970,1260
75493,980,1270
75834,1010,1210
75845,1080,1290
75865,1010,1210
75926,970,1170
75938,970,1170
75942,1040,1250
75979,1070,1280
77616,1040,1250
77624,1040,1250
77660,1000,1250
79752,1080,1410
79778,1110,1480
78802,1120,1480
78838,1060,1400
78870,1070,1420
78881,980,1290
78837,1060,1440
78841,1060,1440
78842,1060,1440
78843,1060,1440
78871,1010,1320
75103,1190,1570
75117,1240,1630
75127,970,1280
75754,1110,1460
77334,1230,1630
77340,1200,1590
77341,1210,1600
77342,1210,1600
77367,1500,1990
79719,1080,1300
79742,970,1260
79756,1260,1630
79777,1110,1360
79788,1260,1630
77834,1310,1690
77880,1150,1450
77432,1090,1470
77436,1100,1500
77443,1140,1550
77448,1190,1630
77453,1120,1530
77454,1210,1590
77467,1070,1460
77488,1140,1550
79096,1010,1210
76364,1490,1790
76373,1090,1350
78561,1000,1390
78580,1000,1390
78590,1000,1390
78594,970,1350
78598,970,1350
79745,990,1190
79789,980,1180
75444,1020,1260
75783,1100,1360
78067,1000,1230
78076,970,1170
78564,970,1170
78829,1000,1370
78872,970,1350
84713,1210,1500
84731,1210,1530
84751,1130,1400
84752,1200,1480
84301,1110,1540
84302,1080,1500
84306,1030,1430
84307,1060,1470
84309,1140,1590
84311,1070,1490
84313,1000,1330
84314,1220,1700
84316,1110,1540
84324,1290,1790
84329,1120,1560
84330,1280,1780
84331,1360,1890
84334,970,1350
84336,1110,1540
84337,1200,1670
84340,1680,2340
84501,1090,1390
84520,1260,1600
84526,1030,1450
84529,970,1240
84539,1260,1600
84542,1130,1440
84023,1020,1390
84046,1150,1560
84001,1130,1480
84002,1130,1480
84007,1130,1490
84021,1190,1560
84027,1230,1620
84031,1100,1490
84051,1130,1480
84052,1100,1450
84053,1130,1480
84066,1120,1480
84072,1180,1550
84073,1190,1560
84513,1030,1390
84516,1030,1390
84518,1190,1600
84521,970,1310
84522,970,1310
84523,970,1310
84525,1270,1720
84528,980,1320
84537,1100,1480
84712,1080,1390
84716,1000,1230
84718,1070,1310
84726,1140,1400
84735,1030,1260
84736,1290,1570
84759,990,1220
84762,1660,1990
84764,970,1200
84775,970,1230
84776,1230,1480
84515,1560,2120
84532,1560,2100
84540,1560,2120
84714,1120,1560
84719,1170,1620
84721,1160,1610
84742,1190,1610
84753,1120,1560
84756,1120,1560
84760,1220,1700
84761,1120,1560
84772,1120,1560
84533,1270,1520
84710,1440,1730
84729,1540,1840
84741,1680,2010
84755,1560,1870
84758,1490,1790
84624,1220,1680
84631,970,1340
84635,1130,1560
84636,1380,1900
84637,1120,1540
84638,1120,1540
84640,1120,1540
84644,970,1340
84649,1260,1730
84656,1020,1440
84728,1120,1540
84723,1260,1710
84732,970,1290
84740,1230,1580
84743,1150,1560
84744,970,1290
84750,1150,1560
84028,1130,1580
84038,1130,1580
84064,1170,1630
84086,970,1300
84510,1140,1370
84511,1180,1410
84512,1070,1340
84530,1540,2010
84531,1140,1370
84534,970,1170
84535,1490,1790
84621,1150,1440
84622,1060,1290
84623,1140,1400
84627,1130,1380
84630,1350,1650
84632,1300,1590
84634,1350,1650
84642,1370,1670
84643,1310,1600
84646,970,1190
84647,1460,1780
84662,1370,1670
84665,1360,1660
84667,1090,1330
84620,970,1290
84652,1270,1690
84654,1170,1550
84657,1040,1380
84701,1050,1390
84711,1020,1350
84724,1110,1470
84730,1010,1340
84739,1230,1630
84754,1110,1470
84766,1090,1450
82930,1470,1890
84024,1630,2160
84033,1630,2160
84036,1630,2160
84055,2760,3740
84060,2180,2950
84061,2020,2730
84068,2190,2960
84008,1030,1400
84026,1110,1470
84035,1020,1390
84039,1030,1400
84063,1020,1390
84076,1030,1400
84078,1020,1390
84079,1030,1400
84085,1030,1400
84032,1650,2290
84049,2620,3640
84082,1680,2330
84715,1030,1300
84734,970,1230
84747,970,1230
84749,1000,1260
84773,970,1230
05443,1460,1790
05456,1950,2390
05469,1440,1760
05472,1480,1810
05473,1960,2400
05491,1480,1810
05669,1280,1590
05733,1440,1750
05734,1370,1680
05740,1440,1760
05743,1340,1630
05747,1270,1590
05748,1270,1590
05753,1480,1810
05760,1290,1590
05766,1420,1740
05767,1270,1590
05769,1880,2300
05770,1300,1590
05778,1270,1590
05148,1490,1820
05152,1440,2000
05155,1320,1590
05161,1190,1560
05201,1310,1820
05250,1490,2070
05251,1300,1670
05252,1660,2310
05253,1140,1540
05254,1160,1610
05255,1160,1610
05257,1570,2180
05260,1420,1870
05261,1650,2150
05262,1480,2050
05340,1320,1740
05343,1450,1740
05350,1440,1880
05352,1560,2170
05363,1350,1630
05761,1750,2140
05768,1610,1970
05775,1380,1680
05776,1460,1900
05042,1110,1540
05046,1230,1640
05050,1280,1770
05069,1200,1580
05081,1150,1490
05647,1480,1820
05658,1560,1920
05680,1280,1770
05819,1130,1570
05821,1310,1820
05822,1190,1540
05824,1060,1470
05828,1020,1420
05832,1400,1940
05836,1150,1570
05837,1220,1670
05838,1160,1610
05839,1030,1330
05841,1060,1370
05842,1310,1720
05843,1280,1590
05848,1160,1610
05849,1160,1610
05850,1310,1820
05851,1310,1820
05861,1160,1610
05862,1040,1450
05866,1270,1760
05867,1300,1770
05871,1540,2140
05873,1480,1990
05840,1010,1400
05846,990,1350
05858,1010,1400
05901,1020,1420
05902,1380,1840
05903,1040,1450
05904,1170,1630
05905,1130,1580
05906,1010,1400
05907,1100,1470
05442,2020,2800
05492,1160,1560
05652,1770,2450
05653,1160,1560
05655,1190,1650
05656,1230,1700
05661,1330,1840
05662,1350,1870
05672,1480,2050
05826,1640,2120
05032,1670,2190
05033,1330,1720
05036,1420,1830
05038,1420,1830
05039,1520,1960
05040,1410,1810
05041,1430,1850
05043,1410,1820
05045,1490,1920
05051,1360,1750
05054,1360,1750
05058,1740,2240
05060,1280,1590
05061,1320,1700
05065,1380,1810
05068,1540,2020
05070,1460,1880
05072,1440,1860
05074,1360,1750
05075,1880,2430
05076,1360,1750
05077,1300,1680
05079,1230,1590
05083,1140,1490
05085,1360,1750
05086,1360,1750
05641,1400,1720
05649,1370,1760
05654,1380,1740
05663,1340,1650
05675,1540,1970
05679,1910,2460
05820,1180,1520
05823,1180,1520
05825,1150,1480
05827,1520,1970
05829,1300,1680
05830,1170,1510
05833,990,1350
05845,1160,1500
05847,1220,1570
05853,1270,1640
05855,1140,1470
05857,1410,1820
05859,1530,1970
05860,1130,1460
05868,1500,1930
05872,1160,1520
05874,1160,1500
05875,1120,1440
05701,1310,1600
05702,1350,1640
05730,1310,1630
05731,1320,1610
05732,1160,1410
05735,1740,2120
05736,1350,1640
05737,1330,1620
05738,1720,2090
05739,1400,1700
05741,1350,1640
05742,1220,1490
05744,1510,1840
05745,1350,1640
05750,1350,1640
05751,1780,2170
05757,1590,1940
05758,1460,1780
05759,1380,1680
05762,1320,1610
05763,1410,1720
05764,1180,1440
05765,1460,1780
05772,1180,1530
05773,1370,1670
05774,1520,1850
05777,1460,1780
05601,1480,1820
05602,1570,1930
05609,1480,1820
05620,1480,1820
05633,1480,1820
05640,1610,1990
05648,1510,1860
05650,2220,2730
05651,1340,1650
05660,1720,2120
05664,1480,1820
05666,1800,2220
05667,1520,1870
05670,1400,1720
05671,1480,1820
05673,1880,2310
05674,1840,2260
05677,2000,2460
05678,1390,1730
05681,1590,2020
05682,1420,1750
05101,1410,1690
05141,1320,1660
05143,1270,1660
05146,1380,1660
05154,1400,1680
05156,1250,1640
05158,1240,1520
05301,1440,1730
05341,1610,1930
05342,1270,1530
05344,1440,1730
05345,1960,2350
05346,1400,1680
05351,1620,1940
05353,1630,1960
05354,1350,1620
05355,1610,1930
05356,1630,1960
05357,1420,1710
05358,1420,1710
05359,1490,1790
05360,1530,1900
05361,1360,1640
05362,1810,2180
05001,1460,1910
05030,1360,1800
05031,1560,2050
05034,1610,2110
05035,1680,2200
05037,1300,1700
05047,1360,1780
05048,1570,2080
05049,1360,1780
05052,1790,2390
05053,1520,1990
05055,1390,1820
05056,1430,1870
05059,1470,1920
05062,1420,1860
05067,1520,1990
05071,1480,1940
05073,1360,1780
05084,1490,1950
05088,1830,2430
05089,1330,1740
05091,1510,1980
05142,1580,2070
05149,1250,1640
05150,1220,1610
05151,1180,1530
05153,1380,1810
05746,1360,1780
23301,970,1260
23302,1050,1360
23303,1050,1360
23306,1260,1630
23308,1070,1390
23336,1230,1600
23337,1050,1360
23341,1050,1360
23350,910,1280
23356,1220,1580
23357,1020,1320
23358,960,1250
23359,960,1250
23389,1050,1360
23395,1050,1360
23401,1580,2050
23404,1050,1360
23407,1030,1340
23409,1020,1320
23410,1110,1440
23412,1050,1360
23414,1050,1360
23415,1110,1440
23416,1080,1400
23417,1110,1440
23418,1010,1310
23420,920,1190
23421,970,1260
23422,1120,1450
23423,1020,1330
23426,1110,1460
23427,1050,1360
23440,1050,1360
23441,1050,1360
23442,1040,1350
23480,1050,1360
23488,1150,1500
24445,980,1200
24448,1000,1410
24457,910,1270
24474,920,1270
24412,980,1200
24460,930,1250
24484,910,1200
24487,960,1190
24314,930,1210
24318,920,1190
24366,950,1220
23821,990,1360
23843,930,1300
23845,930,1200
23856,910,1280
23857,1100,1470
23868,910,1280
23873,910,1280
23876,1090,1430
23887,1050,1370
23889,960,1340
23893,1090,1480
23919,910,1190
23920,1110,1510
23938,960,1230
23950,910,1200
24217,950,1260
24225,910,1170
24239,990,1370
24256,1020,1260
24260,910,1190
24603,910,1280
24607,970,1240
24614,960,1340
24620,910,1280
24622,1030,1340
24627,910,1280
24631,910,1280
24634,1040,1440
24639,910,1170
24646,930,1270
24649,910,1190
24656,990,1380
24657,1300,1810
24658,910,1280
23004,910,1220
23040,1000,1210
23123,990,1270
23901,1130,1360
23921,1080,1430
23936,910,1220
22427,1010,1420
22436,1200,1560
22438,1260,1700
22446,1250,1740
22501,1250,1740
22535,1450,2020
22538,1410,1920
24053,1070,1340
24312,1000,1380
24317,1100,1530
24325,930,1240
24328,990,1350
24330,910,1260
24333,930,1290
24343,910,1280
24350,920,1250
24351,990,1300
24360,910,1220
24381,910,1280
23923,910,1160
23924,910,1190
23927,910,1190
23934,1110,1400
23937,1180,1480
23947,910,1150
23959,1030,1290
23962,1110,1400
23964,910,1160
23967,1120,1410
23976,960,1230
23027,1500,1800
24220,1090,1340
24226,910,1100
24228,910,1100
24237,1370,1680
24269,950,1190
24272,1110,1380
24283,910,1200
22454,1090,1310
22476,1110,1340
22504,1180,1480
22509,1110,1340
23115,1110,1340
24326,920,1250
24348,910,1250
24363,910,1250
24378,990,1290
23870,980,1360
23879,1040,1450
24520,910,1180
24529,960,1240
24534,1030,1320
24535,910,1180
24539,950,1210
24557,910,1270
24558,950,1210
24565,920,1250
24577,940,1200
24589,1030,1320
24592,910,1180
24594,990,1290
24597,1000,1300
24598,1060,1350
24054,1000,1250
24078,910,1100
24089,910,1100
24133,910,1160
24148,910,1100
24165,1260,1530
24168,910,1110
24530,950,1280
24413,910,1240
24433,910,1240
24442,910,1240
24458,910,1240
24465,910,1240
22443,1390,1930
22448,1920,2670
22451,1470,2040
22481,1470,2040
22485,1400,1950
22526,1470,2040
22544,1470,2040
22547,1470,2040
22473,1060,1280
22480,1010,1400
22482,1130,1470
22503,1110,1540
22507,1050,1460
22513,1050,1460
22517,1050,1460
22523,1050,1460
22528,1050,1460
22576,1140,1530
22578,1160,1610
24218,910,1240
24243,1050,1410
24248,910,1240
24263,910,1240
24265,970,1290
24277,910,1240
24281,910,1220
24282,930,1240
23170,1250,1740
23942,910,1110
23944,980,1210
23952,930,1160
23954,920,1110
23970,1090,1400
23974,910,1130
22709,1070,1490
22711,990,1350
22715,1070,1490
22719,1070,1490
22722,990,1350
22723,1040,1350
22725,1070,1490
22727,990,1350
22730,1070,1490
22731,1070,1490
22732,1130,1560
22738,1360,1800
22743,990,1270
22948,1270,1760
22972,1430,1900
22989,1170,1620
23915,1040,1340
23917,1050,1350
23941,950,1220
23968,940,1210
24580,910,1190
23032,1290,1550
23043,1320,1580
23070,1330,1600
23071,1360,1630
23079,1290,1550
23092,1430,1780
23169,1480,1770
23175,1440,1850
23176,1370,1680
23180,1290,1550
23307,970,1350
23310,960,1340
23316,960,1340
23347,960,1340
23354,950,1320
23398,910,1280
23405,960,1340
23408,950,1320
23413,950,1320
23486,910,1270
22432,1060,1280
22435,1250,1500
22460,1240,1570
22511,1060,1280
22530,1310,1570
22539,1060,1280
22579,1310,1570
23930,1020,1420
23955,1010,1400
22433,1510,2090
22542,1550,2150
22957,1230,1710
22650,920,1150
22835,910,1150
22851,910,1150
24076,980,1220
24082,960,1200
24171,910,1160
24177,910,1160
24185,960,1210
24069,1090,1510
24161,1010,1410
24527,1050,1450
24531,910,1270
24540,910,1270
24541,980,1350
24549,990,1370
24563,910,1270
24566,1370,1890
24586,1080,1480
23909,1130,1360
23943,1130,1360
22472,1130,1440
22520,1090,1510
22548,1160,1470
22572,1130,1440
24415,950,1320
24416,1040,1450
24435,950,1320
24473,950,1320
24555,910,1280
24578,1060,1480
24266,910,1170
24280,910,1170
24609,930,1130
22641,1180,1510
22644,1550,1980
22652,1120,1430
22660,980,1280
22664,1160,1480
22810,1090,1390
22824,1070,1370
22842,1120,1430
22845,1090,1390
22847,1050,1340
24311,910,1210
24316,930,1200
24354,910,1200
24368,910,1220
24374,910,1220
24375,1070,1390
23827,1020,1320
23828,1010,1340
23844,980,1330
23874,1140,1450
23878,1170,1520
24377,920,1150
24601,910,1100
24602,910,1100
24604,910,1130
24605,1020,1220
24606,1020,1220
24612,920,1160
24613,1000,1210
24630,910,1100
24635,910,1100
24637,920,1120
24640,910,1100
24641,960,1150
24651,910,1100
22442,1190,1650
22469,1160,1610
22488,1010,1400
22524,1190,1650
22529,1150,1530
22558,1190,1650
22577,1190,1650
22581,1190,1650
24216,960,1270
24246,930,1220
24273,960,1270
24279,910,1220
24293,920,1210
24322,910,1220
24323,910,1220
24382,910,1220
98832,1160,1610
98857,1140,1580
99017,1120,1550
99105,1140,1580
99125,1210,1680
99159,1110,1550
99169,1010,1400
99333,1160,1610
99341,1010,1400
98305,1150,1600
98324,1270,1770
98326,1130,1570
98331,1130,1570
98350,1130,1570
98357,1130,1570
98362,1200,1670
98363,1360,1890
98381,1130,1570
98382,1360,1890
99143,1390,1930
99359,1210,1600
99118,970,1350
99121,970,1350
99138,1250,1740
99140,1140,1580
99146,970,1350
99150,970,1350
99166,970,1350
98824,1250,1730
98837,1260,1750
98851,1060,1490
98853,1060,1490
98860,1060,1490
99103,1420,1980
99123,1080,1500
99135,1130,1580
99321,1160,1620
99349,1310,1820
99357,1080,1500
98520,1210,1680
98526,1170,1630
98535,1270,1760
98536,1220,1700
98537,1400,1940
98541,1140,1600
98547,1050,1470
98550,1200,1670
98552,1220,1700
98557,1140,1600
98559,1220,1700
98562,1220,1700
98563,1450,2020
98566,1170,1630
98569,1360,1890
98571,1220,1700
98575,1350,1890
98583,1120,1550
98587,1220,1700
98595,1050,1470
98236,1590,2210
98239,1450,2020
98249,1620,2250
98253,1530,2130
98260,1750,2430
98277,1620,2250
98278,1620,2250
98320,1110,1560
98325,1480,2060
98339,1250,1740
98358,1800,2500
98365,2020,2810
98368,1400,1950
98376,1190,1660
98922,1310,1820
98925,2180,3030
98926,1450,2020
98934,1390,1930
98940,1480,2040
98941,2180,3030
98943,1380,1920
98946,1660,2310
98950,1400,1950
98602,1280,1540
98613,1490,1790
98617,1410,1690
98619,1180,1410
98620,1180,1410
98623,1510,1820
98628,1100,1330
98635,1240,1490
98650,1260,1510
98670,1100,1330
98673,1220,1460
99356,1100,1330
98336,1280,1690
98355,1280,1690
98356,1280,1700
98361,1280,1690
98377,1280,1690
98532,1270,1680
98533,1300,1740
98538,1470,1940
98539,1270,1680
98542,1290,1700
98544,1310,1730
98564,1140,1520
98565,1270,1680
98570,1310,1730
98572,1380,1820
98582,1210,1600
98585,1280,1690
98591,1230,1620
98593,1250,1650
98596,1380,1820
99117,1010,1410
99134,1150,1600
99144,1100,1530
99147,1210,1690
99154,1130,1570
99185,990,1380
98524,1320,1840
98546,1340,1860
98548,1350,1880
98555,1350,1880
98560,1260,1760
98584,1380,1920
98588,1490,2040
98592,1340,1870
98814,1260,1730
98819,970,1330
98827,1560,2140
98829,1060,1450
98833,1140,1560
98834,1490,2040
98840,1060,1450
98841,1060,1450
98844,970,1330
98849,1220,1670
98855,990,1360
98856,1060,1450
98859,970,1350
98862,1280,1800
99124,990,1360
99155,1180,1620
98527,1160,1590
98561,1130,1550
98577,1240,1700
98586,1160,1590
98590,1170,1610
98614,1240,1700
98624,1240,1700
98631,1010,1390
98638,1230,1690
98640,1120,1540
98641,1120,1540
98644,1000,1340
99119,1160,1500
99139,1190,1490
99152,1000,1260
99153,970,1220
99180,1090,1430
98222,1920,2590
98243,1670,2210
98245,1610,2130
98250,1810,2400
98261,1560,2060
98279,2340,3100
98280,2120,2810
98286,1790,2370
98297,1760,2330
98612,1280,1780
98621,1230,1690
98643,1140,1590
98647,1140,1590
99102,1220,1700
99104,1170,1630
99111,1060,1480
99113,1200,1670
99128,1090,1510
99130,1160,1610
99136,1390,1930
99149,1060,1480
99158,1160,1610
99161,1060,1480
99163,1200,1670
99171,1120,1560
99174,1060,1480
99176,1080,1500
99179,1750,2430
26201,940,1180
26238,920,1180
26250,900,1180
26257,930,1180
26267,940,1190
26275,870,1150
26283,890,1190
26330,1180,1560
26347,1000,1350
26349,930,1250
26385,1080,1430
26416,870,1150
26203,880,1110
26217,870,1080
26335,960,1270
26376,870,1150
26412,900,1190
26447,870,1150
26601,870,1150
26610,870,1120
26611,880,1150
26615,920,1210
26619,900,1180
26621,900,1190
26623,880,1160
26624,880,1160
26627,910,1200
26629,870,1150
26631,920,1220
26636,870,1140
25234,1000,1350
25259,870,1170
25261,1050,1410
25266,870,1170
25267,940,1250
25268,870,1170
25276,900,1210
26136,870,1170
26137,870,1160
26147,1110,1500
26151,870,1170
26638,870,1150
26320,910,1160
26321,870,1150
26339,930,1210
26411,930,1210
26415,960,1190
26426,870,1140
26436,950,1230
26443,880,1150
26448,910,1180
26456,950,1230
26342,870,1140
26351,880,1150
26384,870,1140
26430,900,1180
26707,930,1210
26717,940,1290
26720,980,1320
26726,870,1150
26731,870,1130
26739,930,1260
26743,870,1140
26833,870,1130
26847,870,1130
26855,870,1140
26866,880,1190
24901,980,1250
24910,870,1140
24916,900,1170
24925,910,1190
24931,940,1190
24938,920,1170
24943,870,1140
24954,870,1150
24957,980,1250
24966,920,1170
24970,950,1210
24976,900,1190
24977,880,1130
24986,880,1130
24991,920,1170
25958,1010,1290
25972,960,1230
25984,870,1110
26261,870,1120
26801,930,1140
26810,930,1140
26812,930,1140
26815,900,1250
26818,900,1140
26836,930,1140
26838,910,1160
26301,870,1150
26302,960,1270
26323,870,1150
26361,910,1210
26366,990,1310
26369,1060,1400
26378,870,1150
26386,980,1300
26404,1120,1480
26408,1040,1380
26422,870,1150
26431,990,1320
26438,1060,1400
26451,870,1150
26463,950,1230
26568,940,1200
26591,960,1170
25231,870,1140
25239,1200,1560
25241,1090,1400
25243,900,1200
25244,880,1160
25262,1100,1420
25264,1180,1510
25271,870,1140
26218,960,1200
26338,880,1160
26343,920,1180
26372,900,1160
26452,880,1160
25501,870,1040
25505,870,1210
25521,950,1190
25540,970,1180
25544,940,1140
25564,870,1040
25567,870,1040
25571,870,1040
25573,870,1040
25022,870,1210
25076,870,1210
25121,870,1210
25183,870,1210
25547,870,1210
25601,960,1340
25606,900,1260
25607,870,1210
25611,880,1130
25612,870,1210
25614,870,1210
25617,870,1210
25624,870,1210
25625,870,1210
25628,870,1210
25630,870,1210
25632,870,1210
25634,870,1210
25635,870,1210
25637,950,1330
25638,870,1210
25639,870,1210
25644,880,1080
25646,870,1210
25647,870,1210
25649,870,1210
25650,900,1080
25652,960,1340
25653,960,1340
25654,870,1210
24801,1010,1330
24808,870,1150
24811,870,1150
24813,900,1190
24815,870,1150
24816,870,1150
24817,960,1260
24826,870,1150
24828,870,1150
24829,870,1150
24830,870,1150
24831,870,1150
24836,870,1150
24843,870,1150
24844,870,1150
24846,900,1080
24848,870,1150
24850,870,1150
24853,870,1150
24855,900,1190
24861,870,1150
24862,870,1150
24866,870,1150
24868,900,1190
24871,870,1150
24872,870,1150
24873,870,1150
24878,870,1150
24879,900,1190
24881,870,1150
24884,870,1150
24887,870,1150
24888,870,1150
24892,870,1150
24894,880,1140
24895,870,1150
25608,900,1080
26555,1010,1240
26559,950,1170
26560,910,1110
26563,910,1110
26571,930,1140
26572,1260,1550
26574,910,1110
26576,970,1190
26578,1010,1240
26586,1030,1270
26587,910,1110
25106,970,1210
25187,1070,1350
25247,870,1080
25253,1040,1290
25260,1100,1370
25265,940,1140
25287,980,1210
25502,870,1080
25503,970,1220
25515,970,1220
25550,870,1080
24701,890,1200
24712,950,1280
24714,900,1210
24715,900,1180
24724,890,1200
24729,900,1210
24731,900,1210
24733,900,1210
24736,890,1200
24737,910,1220
24738,900,1210
24739,950,1280
24740,880,1180
24747,930,1250
25820,900,1210
25922,880,1180
25971,900,1210
25979,890,1200
26719,870,1150
26750,870,1150
26753,1090,1440
26767,1060,1400
24851,900,1080
25621,880,1060
25651,900,1080
25661,980,1180
25666,900,1080
25667,980,1180
25670,870,1040
25672,900,1080
25676,940,1130
25678,870,1040
25685,970,1190
25688,870,1040
25690,870,1040
25692,900,1080
25696,900,1080
24918,870,1210
24941,900,1240
24945,870,1210
24951,870,1210
24963,870,1210
24974,890,1210
24981,870,1150
24983,870,1210
24984,900,1240
24985,870,1210
24993,870,1160
26202,870,1120
26205,870,1120
26208,880,1100
26651,940,1220
26660,940,1220
26662,940,1220
26667,940,1220
26671,930,1210
26676,910,1160
26678,1040,1400
26679,1160,1610
26681,1020,1360
26684,870,1130
26691,890,1140
26802,870,1210
26804,870,1210
26807,880,1220
26814,870,1210
26884,870,1210
26886,870,1210
26134,870,1170
26146,880,1150
26346,900,1130
24915,870,1150
24920,870,1150
24924,870,1150
24927,870,1150
24934,880,1160
24944,870,1150
24946,870,1130
26209,1160,1590
26264,870,1150
26273,920,1170
26282,890,1120
26291,870,1150
26294,930,1180
26224,930,1190
26230,930,1180
26236,950,1190
26241,910,1160
26253,980,1250
26254,930,1180
26259,930,1180
26263,870,1210
26268,940,1200
26270,930,1180
26276,900,1200
26278,930,1180
26280,950,1210
26285,930,1190
26293,960,1230
26296,930,1180
26148,870,1040
26178,870,1040
26325,870,1040
26327,870,1040
26362,870,1040
26421,940,1180
25005,940,1240
25251,890,1200
24935,870,1150
24962,870,1140
25966,870,1140
25977,900,1190
25978,870,1150
25985,870,1140
26424,1100,1460
26435,1000,1350
26260,950,1320
26269,890,1240
26271,940,1300
26289,870,1210
26292,890,1240
26149,870,1120
26159,960,1240
26167,940,1210
26175,870,1120
26377,920,1180
26210,940,1180
26215,870,1060
26228,960,1200
26234,960,1200
26237,960,1200
26206,890,1090
26222,870,1060
26266,880,1080
26288,870,1060
26298,870,1060
26162,970,1250
26348,940,1210
26419,940,1210
26437,940,1210
26561,940,1210
26581,940,1210
24716,870,1170
24719,870,1170
24726,870,1170
24818,870,1170
24822,870,1170
24823,870,1170
24827,870,1170
24834,870,1170
24839,870,1170
24845,870,1170
24847,870,1170
24849,870,1170
24854,870,1180
24857,870,1170
24860,870,1170
24867,870,1170
24869,870,1170
24870,870,1170
24874,870,1170
24880,870,1170
24882,870,1170
24898,870,1170
25810,870,1170
25826,870,1170
25845,870,1170
25848,870,1170
25870,870,1170
25875,870,1170
25876,870,1170
25882,990,1340
25913,870,1170
25916,870,1170
25928,870,1170
25943,870,1170
53910,970,1240
53920,1170,1500
53934,1020,1300
53936,1130,1440
53952,1150,1470
53964,970,1250
54457,970,1230
54494,1070,1340
54613,990,1260
54646,970,1200
54921,970,1170
54930,1010,1330
54943,970,1270
54966,970,1280
54514,970,1320
54517,1010,1310
54527,970,1350
54546,970,1350
54559,990,1350
54806,1020,1400
54846,1000,1390
54850,970,1350
54855,970,1350
54856,1090,1450
54861,1020,1400
54004,1000,1220
54728,1030,1320
54733,970,1250
54762,970,1250
54763,970,1290
54805,970,1250
54812,970,1250
54813,970,1200
54817,970,1190
54822,1070,1370
54826,1050,1330
54829,1070,1370
54841,1000,1280
54857,970,1200
54868,980,1260
54870,1360,1630
54889,1000,1230
54814,970,1280
54816,970,1280
54821,970,1280
54827,970,1280
54832,1160,1530
54839,1060,1410
54844,970,1280
54847,1050,1380
54865,970,1280
54891,970,1280
54610,970,1180
54612,1110,1460
54622,970,1180
54629,1150,1400
54736,970,1310
54747,1000,1310
54756,970,1180
54024,1080,1340
54801,970,1170
54837,1000,1210
54840,1050,1260
54845,1030,1240
54853,1010,1250
54871,1080,1300
54872,1000,1210
54893,1010,1210
54420,970,1240
54422,1080,1380
54436,970,1240
54437,970,1240
54446,970,1240
54456,970,1240
54460,1010,1290
54466,970,1220
54493,1300,1650
54498,1110,1410
54746,1170,1470
54754,1020,1230
54771,1000,1270
53518,970,1190
53805,970,1210
53821,1000,1200
53826,970,1170
54626,970,1170
54631,1000,1200
54645,970,1170
54654,980,1180
54657,970,1170
53003,1370,1780
53016,1040,1400
53032,970,1310
53034,1020,1370
53035,1350,1820
53039,990,1330
53047,1090,1470
53050,970,1310
53059,970,1310
53078,1170,1580
53094,1170,1550
53098,1260,1700
53099,1350,1820
53557,1110,1500
53579,1080,1450
53916,1110,1490
53922,970,1310
53933,1300,1750
54202,1330,1620
54204,1120,1360
54209,1350,1640
54210,1030,1240
54211,1180,1430
54212,1240,1490
54226,1140,1380
54234,1370,1660
54235,1130,1370
54246,1030,1240
54725,970,1300
54737,1030,1370
54764,1020,1360
54765,1020,1360
54772,1000,1330
54103,1000,1210
54120,1080,1330
54121,1120,1380
54151,1070,1300
54542,1050,1280
54125,970,1170
54465,990,1190
54511,1000,1210
54520,970,1180
54521,1060,1270
54541,1000,1210
54562,970,1170
54566,970,1180
53801,970,1210
53802,970,1210
53804,970,1210
53806,970,1210
53807,970,1240
53808,970,1210
53809,970,1210
53810,970,1210
53811,1070,1340
53812,970,1240
53813,980,1220
53816,970,1210
53817,970,1210
53820,970,1210
53824,970,1210
53825,970,1220
53827,1040,1300
53939,970,1170
53947,970,1170
53949,970,1250
54941,970,1170
54960,970,1260
54968,970,1170
54525,1110,1380
54534,970,1210
54536,1050,1320
54538,970,1170
54545,1280,1540
54547,1150,1430
54550,1160,1450
54552,970,1210
54557,1140,1410
54565,970,1310
54611,1070,1280
54615,970,1240
54616,970,1280
54627,970,1280
54635,1020,1220
54643,970,1170
54659,970,1170
54666,1230,1580
53038,1340,1770
53137,1200,1590
53156,1070,1340
53549,1160,1540
53551,1220,1610
53941,990,1260
53944,1100,1360
53948,970,1200
53950,970,1200
53962,1050,1300
54413,980,1230
54618,1070,1340
54637,1210,1490
54641,970,1200
53510,970,1350
53530,1050,1460
53541,970,1350
53586,970,1350
53587,970,1350
53599,970,1300
53803,1060,1470
54418,970,1170
54424,1000,1200
54428,970,1170
54430,970,1170
54435,1010,1370
54462,1020,1220
54463,970,1170
54464,990,1190
54485,990,1200
54442,1190,1660
54459,1110,1380
54487,970,1320
54501,970,1210
54532,970,1350
54564,1130,1480
53063,970,1170
54207,970,1250
54214,1000,1200
54215,970,1170
54220,970,1170
54228,970,1170
54232,970,1170
54240,970,1170
54245,1110,1330
54247,1150,1380
54102,1020,1230
54119,1100,1320
54143,990,1190
54156,1010,1210
54159,970,1190
54177,970,1170
53930,1020,1310
53953,970,1250
54982,970,1290
54135,970,1310
54150,1020,1310
54166,970,1250
54648,970,1280
54660,1050,1380
54662,1040,1370
54670,970,1280
54529,1020,1290
54531,1140,1370
54539,1000,1200
54543,1010,1210
54548,1070,1280
54558,1080,1300
54568,970,1170
54001,1230,1520
54006,1000,1210
54009,1260,1560
54810,1270,1570
54824,1000,1210
54858,1000,1210
54406,970,1170
54407,1160,1390
54423,970,1170
54454,970,1220
54458,1010,1210
54467,1140,1370
54475,970,1210
54481,1030,1230
54482,1120,1340
54909,1030,1250
54945,970,1280
54977,1130,1480
54981,970,1280
54984,1040,1380
54470,970,1240
54490,970,1240
54513,1040,1310
54515,1040,1290
54524,980,1220
54530,970,1200
54537,1000,1250
54555,1000,1240
54556,980,1220
53540,1290,1550
53556,980,1260
53581,970,1170
53584,980,1180
53924,980,1260
53937,1090,1360
54526,970,1200
54563,1040,1280
54731,1350,1660
54819,970,1200
54835,970,1170
54848,970,1200
54895,1070,1320
53577,1110,1400
53940,1110,1400
53942,1020,1290
53943,1160,1470
53951,1010,1280
53959,1070,1350
53961,1060,1340
54828,1050,1250
54843,1050,1250
54862,1080,1300
54867,970,1170
54876,1230,1480
54896,1210,1450
54127,1030,1330
54128,1020,1310
54416,970,1250
54450,1220,1560
54486,1090,1400
54928,1020,1330
54948,1020,1320
54950,970,1280
54978,980,1260
54447,970,1250
54625,970,1280
54630,1060,1400
54760,970,1280
54773,970,1280
54512,1130,1350
54519,1000,1210
54554,970,1170
54560,1230,1470
54561,1090,1310
53115,1140,1430
53121,1130,1420
53125,1510,1900
53147,1320,1660
53148,1210,1520
53157,1210,1520
53176,1290,1620
53184,1140,1430
53191,1270,1600
53195,1070,1340
54875,970,1170
54888,970,1170
54926,1000,1310
54933,970,1280
54946,970,1280
54949,970,1280
54962,1000,1320
54965,1150,1530
54969,970,1280
54983,1060,1400
54967,1120,1470
54970,970,1290
54976,970,1290
54410,970,1220
54415,970,1220
54441,1030,1300
54469,970,1220
54489,1140,1430
54495,970,1220
82051,960,1300
82055,990,1380
82058,960,1250
82070,990,1380
82072,960,1340
82073,990,1380
82083,990,1380
82084,960,1340
82201,960,1250
82329,980,1290
82401,960,1340
82410,960,1190
82411,960,1240
82412,1170,1440
82420,1010,1260
82421,960,1230
82422,970,1200
82423,960,1190
82426,970,1200
82428,960,1190
82431,1030,1270
82432,960,1280
82434,960,1190
82435,960,1340
82441,1020,1250
82442,990,1380
82716,960,1270
82717,1020,1350
82718,1080,1420
82721,960,1230
82725,970,1290
82727,1000,1310
82731,960,1260
82732,1150,1510
82831,1160,1440
82301,960,1270
82321,1070,1410
82323,1100,1410
82324,980,1290
82325,1130,1490
82327,1190,1570
82331,980,1290
82332,1140,1480
82334,1190,1570
82335,980,1290
82615,980,1290
82224,960,1330
82229,990,1360
82633,990,1360
82637,1070,1470
82710,1080,1310
82711,960,1230
82712,1080,1400
82714,990,1270
82720,960,1230
82729,1070,1360
82730,1150,1580
82310,980,1340
82501,980,1340
82510,960,1320
82512,980,1350
82513,960,1320
82514,960,1320
82515,980,1340
82516,1030,1420
82520,980,1340
82523,1080,1480
82524,960,1320
82649,960,1320
82212,960,1290
82217,970,1300
82218,980,1320
82219,1110,1520
82223,960,1290
82225,1200,1650
82240,980,1320
82242,1120,1530
82243,970,1300
82244,1000,1330
82430,960,1340
82443,960,1340
82640,1080,1420
82832,1200,1450
82834,1110,1360
82835,1420,1700
82840,1120,1370
83101,960,1340
83110,960,1340
83111,1190,1650
83112,1240,1730
83113,960,1340
83114,1350,1880
83116,960,1340
83118,1420,1960
83119,960,1340
83121,960,1340
83122,1130,1580
83123,960,1340
83124,960,1340
83126,960,1340
83128,1420,1970
82222,1200,1650
82227,960,1330
82190,1420,1890
82414,1070,1490
82433,960,1340
82440,960,1340
82450,1070,1490
82213,960,1250
82214,1020,1330
82215,960,1250
82801,1120,1340
82833,1120,1350
82836,1000,1200
82837,1420,1700
82838,1060,1290
82839,1010,1210
82842,1130,1350
82844,1050,1260
82845,1210,1450
82922,1360,1860
82923,1040,1440
82925,1070,1490
82941,1090,1520
83115,1020,1420
82322,960,1270
82336,1000,1270
82901,990,1260
82902,1000,1270
82929,1000,1270
82932,1000,1270
82934,1000,1270
82935,1020,1290
82938,1130,1540
82942,990,1260
82943,990,1260
82945,990,1260
83001,1740,2330
83002,1650,2210
83011,1650,2210
83012,1650,2210
83013,1420,1890
83014,1420,1890
83025,1440,1920
83414,1420,1890
82931,960,1340
82933,1020,1420
82936,970,1350
82937,1110,1540
82939,970,1350
82944,970,1350
82715,1060,1460
82723,1090,1490
00601,540,750
00631,540,750
00611,510,660
00664,510,660
00757,530,740
00765,480,660
00769,490,680
00775,510,710
