"area_fips","own_code","industry_code","agglvl_code","size_code","year","qtr","disclosure_code","annual_avg_estabs","annual_avg_emplvl","total_annual_wages","taxable_annual_wages","annual_contributions","annual_avg_wkly_wage","avg_annual_pay","lq_disclosure_code","lq_annual_avg_estabs","lq_annual_avg_emplvl","lq_total_annual_wages","lq_taxable_annual_wages","lq_annual_contributions","lq_annual_avg_wkly_wage","lq_avg_annual_pay","oty_disclosure_code","oty_annual_avg_estabs_chg","oty_annual_avg_estabs_pct_chg","oty_annual_avg_emplvl_chg","oty_annual_avg_emplvl_pct_chg","oty_total_annual_wages_chg","oty_total_annual_wages_pct_chg","oty_taxable_annual_wages_chg","oty_taxable_annual_wages_pct_chg","oty_annual_contributions_chg","oty_annual_contributions_pct_chg","oty_annual_avg_wkly_wage_chg","oty_annual_avg_wkly_wage_pct_chg","oty_avg_annual_pay_chg","oty_avg_annual_pay_pct_chg"
"01000","3","23","54","0","2025","A","N",3,0,0,0,0,0,0,"N",0.05,0,0,0,0,0,0,"N",0,0.0,0,0,0,0,0,0,0,0,0,0,0,0
"01000","5","23","54","0","2025","A","",13036,109827,8464018121,1280978930,6988554,1482,77067,"",1.02,0.98,1.09,0.93,0.72,1.11,1.11,"",369,2.9,2992,2.8,647474223,8.3,40539652,3.3,-1586168,-18.5,75,5.3,3903,5.3
"01001","5","23","74","0","2025","A","N",116,0,0,0,0,0,0,"N",1.26,0,0,0,0,0,0,"N",7,6.4,0,0,0,0,0,0,0,0,0,0,0,0
"01003","5","23","74","0","2025","A","",1026,6262,457375814,79385819,510244,1405,73034,"",1.41,1.34,1.71,1.27,1.09,1.27,1.27,"",69,7.2,403,6.9,42589166,10.3,8930828,12.7,48543,10.5,44,3.2,2236,3.2
"01005","5","23","74","0","2025","A","",32,139,10063198,1420195,3682,1391,72310,"",0.69,0.34,0.49,0.30,0.11,1.43,1.43,"",0,0.0,-8,-5.4,-59513,-0.6,-63787,-4.3,-5707,-60.8,64,4.8,3292,4.8
"01007","5","23","74","0","2025","A","",42,806,67592743,8897829,24733,1613,83871,"",1.16,3.10,4.30,3.11,1.37,1.39,1.39,"",0,0.0,49,6.5,6805123,11.2,-445413,-4.8,-38101,-60.6,69,4.5,3606,4.5
"01009","5","23","74","0","2025","A","",153,676,42938065,7542932,39827,1221,63479,"",1.96,1.38,1.71,1.39,0.97,1.23,1.23,"",11,7.7,12,1.8,3797280,9.7,437389,6.2,-19996,-33.4,87,7.7,4532,7.7
"01011","5","23","74","0","2025","A","N",6,0,0,0,0,0,0,"N",0.37,0,0,0,0,0,0,"N",0,0.0,0,0,0,0,0,0,0,0,0,0,0,0
"01013","5","23","74","0","2025","A","",33,241,14573384,2651138,20023,1162,60408,"",0.81,0.67,0.79,0.55,0.72,1.17,1.17,"",-2,-5.7,14,6.2,1093589,8.1,26778,1.0,-7467,-27.2,20,1.8,1047,1.8
"01015","5","23","74","0","2025","A","N",204,0,0,0,0,0,0,"N",0.90,0,0,0,0,0,0,"N",11,5.7,0,0,0,0,0,0,0,0,0,0,0,0
"01017","5","23","74","0","2025","A","",70,270,16724751,2757755,15256,1193,62058,"",1.09,0.55,0.60,0.45,0.28,1.10,1.10,"",3,4.5,24,9.8,2459711,17.2,274288,11.0,-226,-1.5,78,7.0,4070,7.0
"01019","5","23","74","0","2025","A","",32,163,14754239,1976116,22149,1739,90424,"",0.78,0.57,1.02,0.59,0.93,1.80,1.80,"",0,0.0,57,53.8,8377279,131.4,568604,40.4,12370,126.5,578,49.8,30074,49.8
"01021","5","23","74","0","2025","A","",107,624,44634348,6747825,28636,1374,71472,"",1.45,1.25,1.69,1.14,0.58,1.35,1.35,"",5,4.9,76,13.9,6642183,17.5,830101,14.0,-2956,-9.4,40,3.0,2080,3.0
"01023","5","23","74","0","2025","A","N",22,0,0,0,0,0,0,"N",0.78,0,0,0,0,0,0,"N",0,0.0,0,0,0,0,0,0,0,0,0,0,0,0
"01025","5","23","74","0","2025","A","",32,163,10301153,2065140,11369,1218,63327,"",0.56,0.40,0.45,0.44,0.37,1.13,1.13,"",3,10.3,1,0.6,422532,4.3,176538,9.3,-4474,-28.2,49,4.2,2535,4.2
"01027","5","23","74","0","2025","A","N",16,0,0,0,0,0,0,"N",0.79,0,0,0,0,0,0,"N",1,6.7,0,0,0,0,0,0,0,0,0,0,0,0
"01029","5","23","74","0","2025","A","",28,422,30676462,4417923,26572,1397,72636,"",1.23,2.82,3.35,2.54,2.53,1.19,1.19,"",0,0.0,-34,-7.5,-2935863,-8.7,-360989,-7.6,-13899,-34.3,-19,-1.3,-1021,-1.4
"01031","5","23","74","0","2025","A","",96,433,23895860,4312844,21164,1061,55197,"",0.86,0.46,0.49,0.36,0.29,1.06,1.06,"",2,2.1,0,0.0,821812,3.6,45457,1.1,646,3.1,36,3.5,1898,3.6
"01033","5","23","74","0","2025","A","",143,1762,124214175,20057580,169243,1356,70496,"",1.08,1.35,1.47,1.29,1.33,1.10,1.10,"",4,2.9,24,1.4,9578632,8.4,408661,2.1,21400,14.5,88,6.9,4553,6.9
"01035","5","23","74","0","2025","A","",14,88,4326313,944090,2577,948,49303,"",0.62,0.49,0.45,0.42,0.23,0.92,0.92,"",1,7.7,1,1.1,142942,3.4,-84033,-8.2,-2666,-50.8,20,2.2,1033,2.1
"01037","5","23","74","0","2025","A","N",15,0,0,0,0,0,0,"N",1.17,0,0,0,0,0,0,"N",1,7.1,0,0,0,0,0,0,0,0,0,0,0,0
"01039","5","23","74","0","2025","A","N",100,0,0,0,0,0,0,"N",1.10,0,0,0,0,0,0,"N",7,7.5,0,0,0,0,0,0,0,0,0,0,0,0
"01041","5","23","74","0","2025","A","",25,110,5980756,1085301,7692,1047,54453,"",1.05,0.60,0.61,0.50,0.41,1.01,1.01,"",-2,-7.4,-6,-5.2,-626351,-9.5,-140964,-11.5,-781,-9.2,-48,-4.4,-2464,-4.3
"01043","5","23","74","0","2025","A","N",284,0,0,0,0,0,0,"N",1.53,0,0,0,0,0,0,"N",24,9.2,0,0,0,0,0,0,0,0,0,0,0,0
"01045","5","23","74","0","2025","A","",76,683,45700598,7275558,32291,1286,66887,"",0.84,0.71,0.66,0.74,0.45,0.94,0.94,"",-4,-5.0,-25,-3.5,1704404,3.9,-358392,-4.7,-7937,-19.7,92,7.7,4789,7.7
"01047","5","23","74","0","2025","A","N",59,0,0,0,0,0,0,"N",0.75,0,0,0,0,0,0,"N",2,3.5,0,0,0,0,0,0,0,0,0,0,0,0
"01049","5","23","74","0","2025","A","",116,779,51589904,8029569,63631,1274,66261,"",0.95,0.62,0.72,0.51,0.67,1.17,1.17,"",10,9.4,35,4.7,591093,1.2,238941,3.1,8063,14.5,-44,-3.3,-2293,-3.3
"01051","5","23","74","0","2025","A","",213,1078,71677217,12615701,67174,1279,66491,"",1.45,0.92,1.16,0.92,0.81,1.26,1.26,"",13,6.5,56,5.5,5117506,7.7,824791,7.0,3202,5.0,27,2.2,1380,2.1
"01053","5","23","74","0","2025","A","N",79,0,0,0,0,0,0,"N",1.07,0,0,0,0,0,0,"N",4,5.3,0,0,0,0,0,0,0,0,0,0,0,0
"01055","5","23","74","0","2025","A","N",165,0,0,0,0,0,0,"N",0.84,0,0,0,0,0,0,"N",7,4.4,0,0,0,0,0,0,0,0,0,0,0,0
"01057","5","23","74","0","2025","A","",24,115,6799721,1671032,7371,1133,58915,"",0.87,0.55,0.59,0.71,0.58,1.06,1.06,"",-6,-20.0,-11,-8.7,602550,9.7,131812,8.6,-3814,-34.1,184,19.4,9568,19.4
"01059","5","23","74","0","2025","A","",61,238,12834789,2513961,23605,1036,53890,"",1.12,0.41,0.41,0.36,0.43,1.00,1.00,"",3,5.2,21,9.7,505343,4.1,208643,9.1,730,3.2,-55,-5.0,-2862,-5.0
"01061","5","23","74","0","2025","A","",63,250,11649842,2729411,10575,896,46584,"",1.31,0.85,0.84,0.75,0.53,0.99,0.99,"",-2,-3.1,41,19.6,2266588,24.2,499477,22.4,-4905,-31.7,32,3.7,1652,3.7
"01063","5","23","74","0","2025","A","",8,102,8187577,1595811,3192,1536,79879,"",0.61,1.10,1.74,1.37,0.31,1.57,1.57,"",0,0.0,11,12.1,1787265,27.9,334540,26.5,161,5.3,190,14.1,9866,14.1
"01065","5","23","74","0","2025","A","N",26,0,0,0,0,0,0,"N",0.96,0,0,0,0,0,0,"N",2,8.3,0,0,0,0,0,0,0,0,0,0,0,0
"01067","5","23","74","0","2025","A","",30,231,16517886,2446706,6160,1377,71583,"",0.90,1.16,1.33,1.01,0.45,1.15,1.15,"",-1,-3.2,5,2.2,1299525,8.5,108385,4.6,-719,-10.5,84,6.5,4344,6.5
"01069","5","23","74","0","2025","A","N",269,0,0,0,0,0,0,"N",0.89,0,0,0,0,0,0,"N",9,3.5,0,0,0,0,0,0,0,0,0,0,0,0
"01071","5","23","74","0","2025","A","",102,739,42004360,7730056,30868,1094,56865,"",1.06,0.92,0.94,0.79,0.44,1.02,1.02,"",4,4.1,27,3.8,3051867,7.8,-239362,-3.0,-16666,-35.1,41,3.9,2124,3.9
"01073","5","23","74","0","2025","A","",1574,19776,1798328206,227328109,1157199,1749,90937,"",0.85,1.01,1.14,0.94,0.69,1.13,1.12,"",38,2.5,408,2.1,133812214,8.0,8745365,4.0,-295972,-20.4,96,5.8,4996,5.8
"01075","5","23","74","0","2025","A","",20,72,3554049,801726,7075,955,49649,"",0.87,0.41,0.35,0.39,0.56,0.88,0.88,"",0,0.0,-1,-1.4,225772,6.8,-38149,-4.5,-399,-5.3,78,8.9,4056,8.9
"01077","5","23","74","0","2025","A","N",201,0,0,0,0,0,0,"N",0.97,0,0,0,0,0,0,"N",11,5.8,0,0,0,0,0,0,0,0,0,0,0,0
"01079","5","23","74","0","2025","A","",55,333,20567137,3602209,20000,1188,61794,"",1.20,1.13,1.27,1.21,0.93,1.12,1.12,"",5,10.0,-136,-29.0,-12340453,-37.5,-2078214,-36.6,-40550,-67.0,-161,-11.9,-8371,-11.9
"01081","3","23","74","0","2025","A","N",1,0,0,0,0,0,0,"N",0.62,0,0,0,0,0,0,"N",0,0.0,0,0,0,0,0,0,0,0,0,0,0,0
"01081","5","23","74","0","2025","A","N",404,0,0,0,0,0,0,"N",1.12,0,0,0,0,0,0,"N",36,9.8,0,0,0,0,0,0,0,0,0,0,0,0
"01083","5","23","74","0","2025","A","",240,2848,222457764,36817124,449306,1502,78112,"",1.37,1.55,1.75,1.53,2.44,1.13,1.13,"",18,8.1,190,7.1,21553052,10.7,-146048,-0.4,-82985,-15.6,48,3.3,2515,3.3
"01085","5","23","74","0","2025","A","N",16,0,0,0,0,0,0,"N",0.96,0,0,0,0,0,0,"N",1,6.7,0,0,0,0,0,0,0,0,0,0,0,0
"01087","5","23","74","0","2025","A","N",12,0,0,0,0,0,0,"N",0.48,0,0,0,0,0,0,"N",1,9.1,0,0,0,0,0,0,0,0,0,0,0,0
"01089","5","23","74","0","2025","A","",982,8079,660375692,89414383,600785,1572,81741,"",0.86,0.65,0.62,0.61,0.58,0.95,0.95,"",60,6.5,289,3.7,79869023,13.8,4401995,5.2,65726,12.3,139,9.7,7222,9.7
"01091","5","23","74","0","2025","A","",34,536,37533946,6533499,18120,1345,69961,"",0.74,1.39,1.63,1.40,0.70,1.17,1.17,"",1,3.0,27,5.3,3358447,9.8,487966,8.1,-7180,-28.4,53,4.1,2764,4.1
"01093","5","23","74","0","2025","A","",23,140,6389017,1604603,8946,879,45717,"",0.40,0.26,0.22,0.26,0.20,0.85,0.85,"",2,9.5,13,10.2,818644,14.7,177722,12.5,385,4.5,35,4.1,1827,4.2
"01095","5","23","74","0","2025","A","N",227,0,0,0,0,0,0,"N",1.09,0,0,0,0,0,0,"N",10,4.6,0,0,0,0,0,0,0,0,0,0,0,0
"01097","3","23","74","0","2025","A","N",1,0,0,0,0,0,0,"N",0.23,0,0,0,0,0,0,"N",0,0.0,0,0,0,0,0,0,0,0,0,0,0,0
"01097","5","23","74","0","2025","A","",1052,12802,997629369,157213315,724571,1499,77929,"",1.08,1.38,1.56,1.37,0.89,1.13,1.13,"",46,4.6,10,0.1,58842728,6.3,4444,0.0,-337755,-31.8,88,6.2,4538,6.2
"01099","5","23","74","0","2025","A","",24,179,11637567,1963495,10267,1251,65075,"",0.63,0.56,0.61,0.53,0.34,1.07,1.07,"",2,9.1,5,2.9,638918,5.8,39929,2.1,-1288,-11.1,32,2.6,1682,2.7
"01101","5","23","74","0","2025","A","",414,5299,403438411,56663508,313225,1464,76130,"",0.71,0.76,0.84,0.76,0.59,1.11,1.11,"",20,5.1,145,2.8,26069688,6.9,1330590,2.4,-22916,-6.8,56,4.0,2916,4.0
"01103","5","23","74","0","2025","A","",346,3910,322375718,45717616,154737,1586,82456,"",1.30,1.35,1.66,1.18,0.64,1.22,1.22,"",11,3.3,120,3.2,43149141,15.5,82670,0.2,-81241,-34.4,169,11.9,8785,11.9
"01105","5","23","74","0","2025","A","N",11,0,0,0,0,0,0,"N",0.72,0,0,0,0,0,0,"N",1,10.0,0,0,0,0,0,0,0,0,0,0,0,0
"01107","5","23","74","0","2025","A","",22,364,26480685,4117439,11865,1398,72699,"",0.75,1.90,2.40,2.05,0.82,1.26,1.26,"",-2,-8.3,-26,-6.7,202934,0.8,-619725,-13.1,-11311,-48.8,103,8.0,5363,8.0
"01109","5","23","74","0","2025","A","",44,358,20189142,3700315,28224,1084,56368,"",0.69,0.44,0.42,0.39,0.42,0.97,0.97,"",4,10.0,-27,-7.0,-24303,-0.1,-236962,-6.0,-9549,-25.3,75,7.4,3900,7.4
"01111","5","23","74","0","2025","A","",38,195,11186992,2696357,20818,1102,57320,"",1.00,0.75,0.90,0.92,0.85,1.19,1.19,"",2,5.6,15,8.3,1573703,16.4,741585,37.9,4391,26.7,73,7.1,3814,7.1
"01113","5","23","74","0","2025","A","N",128,0,0,0,0,0,0,"N",1.32,0,0,0,0,0,0,"N",6,4.9,0,0,0,0,0,0,0,0,0,0,0,0
"01115","5","23","74","0","2025","A","N",269,0,0,0,0,0,0,"N",1.64,0,0,0,0,0,0,"N",17,6.7,0,0,0,0,0,0,0,0,0,0,0,0
"01117","5","23","74","0","2025","A","",726,5490,434811136,60609161,291356,1523,79197,"",1.22,1.23,1.30,1.00,0.69,1.06,1.06,"",38,5.5,-92,-1.6,16284895,3.9,278277,0.5,-9364,-3.1,81,5.6,4224,5.6
"01119","5","23","74","0","2025","A","",18,84,6540108,940577,13667,1500,78013,"",0.77,0.54,0.78,0.61,1.27,1.44,1.44,"",3,20.0,52,162.5,4322694,194.9,589455,167.9,10388,316.8,153,11.4,7989,11.4
"01121","5","23","74","0","2025","A","",124,1032,66433899,11649989,56984,1238,64400,"",0.98,0.61,0.61,0.55,0.44,0.98,0.99,"",5,4.2,-59,-5.4,-3598281,-5.1,-725496,-5.9,-20941,-26.9,4,0.3,219,0.3
"01123","5","23","74","0","2025","A","N",104,0,0,0,0,0,0,"N",1.23,0,0,0,0,0,0,"N",6,6.1,0,0,0,0,0,0,0,0,0,0,0,0
"01125","5","23","74","0","2025","A","",490,5027,347327082,55924138,210518,1329,69095,"",1.13,0.96,1.00,0.96,0.57,1.04,1.04,"",10,2.1,189,3.9,29926984,9.4,3037900,5.7,-68180,-24.5,67,5.3,3484,5.3
"01127","5","23","74","0","2025","A","",94,536,36153369,5613030,28956,1298,67492,"",0.78,0.54,0.67,0.43,0.32,1.25,1.25,"",-7,-6.9,-9,-1.7,597623,1.7,-312907,-5.3,-11965,-29.2,43,3.4,2212,3.4
"01129","5","23","74","0","2025","A","",31,215,17164413,3373726,26617,1538,79989,"",1.22,0.76,0.60,1.01,0.98,0.80,0.80,"",1,3.3,69,47.3,5740593,50.3,1189149,54.4,1447,5.7,28,1.9,1475,1.9
"01131","5","23","74","0","2025","A","",16,140,7972384,1693757,7798,1091,56743,"",0.59,0.98,0.87,1.10,0.87,0.88,0.88,"",1,6.7,24,20.7,1505133,23.3,360940,27.1,1570,25.2,21,2.0,1111,2.0
"01133","5","23","74","0","2025","A","N",40,0,0,0,0,0,0,"N",0.90,0,0,0,0,0,0,"N",3,8.1,0,0,0,0,0,0,0,0,0,0,0,0
"01999","3","23","74","0","2025","A","N",1,0,0,0,0,0,0,"N",0.15,0,0,0,0,0,0,"N",0,0.0,0,0,0,0,0,0,0,0,0,0,0,0
"01999","5","23","74","0","2025","A","",1368,6660,573530203,90003949,527671,1656,86110,"",0.95,1.53,1.33,1.23,0.79,0.86,0.86,"N",-167,-10.9,0,0,0,0,0,0,0,0,0,0,0,0
"02000","3","23","54","0","2025","A","",46,103,4254598,3936864,59056,792,41207,"",5.21,0.44,0.27,2.89,5.99,0.62,0.62,"",12,35.3,19,22.6,979971,29.9,895220,29.4,12234,26.1,45,6.0,2377,6.1
"02000","5","23","54","0","2025","A","N",2630,0,0,0,0,0,0,"N",1.34,0,0,0,0,0,0,"N",33,1.3,0,0,0,0,0,0,0,0,0,0,0,0
"02013","3","23","74","0","2025","A","",0,0,33342,33342,500,1282,66684,"",0.00,0.00,0.40,2.73,5.74,1.05,1.05,"N",0,0,0,0,0,0,0,0,0,0,0,0,0,0
"02013","5","23","74","0","2025","A","N",1,0,0,0,0,0,0,"N",0.14,0,0,0,0,0,0,"N",0,0.0,0,0,0,0,0,0,0,0,0,0,0,0
"02016","5","23","74","0","2025","A","N",9,0,0,0,0,0,0,"N",0.75,0,0,0,0,0,0,"N",1,12.5,0,0,0,0,0,0,0,0,0,0,0,0
"02020","3","23","74","0","2025","A","",1,3,272796,191026,2865,1614,83937,"",0.33,0.03,0.04,0.32,0.65,1.22,1.22,"",0,0.0,2,200.0,193498,244.0,120561,171.1,1695,144.9,-673,-29.4,-35010,-29.4
"02020","5","23","74","0","2025","A","",902,8629,974570684,547553318,8226260,2172,112946,"",1.32,1.10,1.48,1.42,0.86,1.35,1.35,"",-6,-0.7,258,3.1,100925829,11.6,45473106,9.1,357908,4.5,165,8.2,8577,8.2
"02050","3","23","74","0","2025","A","",12,24,1063304,918981,13787,837,43548,"",114.04,5.42,4.82,45.31,90.71,0.87,0.87,"",4,50.0,5,26.3,412234,63.3,267911,41.1,3650,36.0,172,25.9,8978,26.0
"02050","5","23","74","0","2025","A","",8,55,2333058,2058594,30880,819,42613,"",0.34,0.17,0.12,0.16,0.09,0.70,0.70,"",-2,-20.0,-1,-1.8,53266,2.3,30248,1.5,130,0.4,43,5.5,2263,5.6
"02060","5","23","74","0","2025","A","N",3,0,0,0,0,0,0,"N",0.33,0,0,0,0,0,0,"N",-3,-50.0,0,0,0,0,0,0,0,0,0,0,0,0
"02063","5","23","74","0","2025","A","",24,87,10718260,5692787,125264,2367,123080,"",0.77,0.45,0.66,0.55,0.48,1.46,1.46,"",3,14.3,-4,-4.4,-507392,-4.5,-683290,-10.7,25367,25.4,-7,-0.3,-392,-0.3
"02066","5","23","74","0","2025","A","",11,20,1531907,1347642,20216,1511,78559,"",0.97,0.35,0.42,0.53,0.33,1.25,1.24,"",1,10.0,-3,-13.0,-483443,-24.0,-173146,-11.4,-4592,-18.5,-150,-9.0,-7813,-9.0
"02068","5","23","74","0","2025","A","",10,40,4387354,2722856,50589,2088,108553,"",0.87,0.37,0.54,0.44,0.32,1.46,1.46,"",0,0.0,6,17.6,1215257,38.3,547642,25.2,16362,47.8,276,15.2,14332,15.2
"02070","3","23","74","0","2025","A","",4,4,110071,110071,1651,564,29352,"",75.53,2.77,1.22,12.09,25.44,0.47,0.47,"",2,100.0,2,100.0,76508,228.0,76508,228.0,1143,225.0,277,96.5,14435,96.8
"02070","5","23","74","0","2025","A","N",10,0,0,0,0,0,0,"N",0.85,0,0,0,0,0,0,"N",0,0.0,0,0,0,0,0,0,0,0,0,0,0,0
"02090","5","23","74","0","2025","A","",323,2676,315998682,181572266,2724789,2271,118071,"",1.68,1.36,2.07,2.18,1.33,1.52,1.52,"",6,1.9,-208,-7.2,-8406880,-2.6,-6614568,-3.5,-193155,-6.6,107,4.9,5567,4.9
"02100","5","23","74","0","2025","A","",19,171,16837462,10226680,162469,1895,98561,"",1.48,3.07,4.78,3.89,2.53,1.56,1.56,"",-2,-9.5,23,15.5,5216510,44.9,2741054,36.6,41907,34.8,382,25.2,19908,25.3
"02105","5","23","74","0","2025","A","N",12,0,0,0,0,0,0,"N",1.10,0,0,0,0,0,0,"N",0,0.0,0,0,0,0,0,0,0,0,0,0,0,0
"02110","5","23","74","0","2025","A","N",141,0,0,0,0,0,0,"N",1.55,0,0,0,0,0,0,"N",5,3.7,0,0,0,0,0,0,0,0,0,0,0,0
"02122","3","23","74","0","2025","A","",3,4,101839,101839,1528,470,24441,"",3.56,0.26,0.11,1.34,2.75,0.42,0.42,"",1,50.0,1,33.3,14433,16.5,14433,16.5,150,10.9,-123,-20.7,-6408,-20.8
"02122","5","23","74","0","2025","A","",283,1020,72833486,52292234,789243,1373,71382,"",1.51,0.89,0.89,1.07,0.66,1.00,1.00,"",9,3.3,4,0.4,3440966,5.0,2665977,5.4,7063,0.9,60,4.6,3116,4.6
"02130","5","23","74","0","2025","A","",63,287,25442130,16296100,244446,1702,88520,"",1.28,0.75,0.94,0.96,0.60,1.25,1.24,"",-2,-3.1,-4,-1.4,582763,2.3,488721,3.1,4645,1.9,59,3.6,3068,3.6
"02150","3","23","74","0","2025","A","",1,2,112622,112622,1689,1444,75081,"",5.99,0.49,0.50,4.88,9.46,1.36,1.36,"N",1,100.0,0,0,0,0,0,0,0,0,0,0,0,0
"02150","5","23","74","0","2025","A","",41,169,15338456,9322818,220136,1749,90939,"",1.10,0.56,0.75,0.63,0.57,1.35,1.35,"",-2,-4.7,-16,-8.6,-1050581,-6.4,-892324,-8.7,57748,35.6,48,2.8,2509,2.8
"02158","3","23","74","0","2025","A","",7,16,629540,629540,9444,734,38154,"",162.01,11.06,11.02,125.52,247.93,0.97,0.97,"",2,40.0,-6,-27.3,-526894,-45.6,-320497,-33.7,-4819,-33.8,-292,-28.5,-15220,-28.5
"02158","5","23","74","0","2025","A","N",3,0,0,0,0,0,0,"N",0.31,0,0,0,0,0,0,"N",0,0.0,0,0,0,0,0,0,0,0,0,0,0,0
"02164","3","23","74","0","2025","A","",2,3,135857,135857,2038,922,47950,"",52.66,5.16,5.11,43.19,86.11,1.05,1.05,"",-1,-33.3,1,50.0,65011,91.8,65011,91.8,918,82.0,268,41.0,13944,41.0
"02164","5","23","74","0","2025","A","N",7,0,0,0,0,0,0,"N",0.83,0,0,0,0,0,0,"N",1,16.7,0,0,0,0,0,0,0,0,0,0,0,0
"02170","5","23","74","0","2025","A","",548,3745,379264446,223182634,3364277,1947,101263,"",2.43,2.36,3.62,2.83,1.76,1.53,1.53,"",20,3.8,236,6.7,40392964,11.9,22383726,11.1,265132,8.6,90,4.8,4693,4.9
"02180","3","23","74","0","2025","A","",7,19,690045,630845,9461,689,35846,"",68.57,6.91,3.55,39.13,80.03,0.51,0.51,"",3,75.0,7,58.3,263898,61.9,216236,52.2,2970,45.8,1,0.1,85,0.2
"02180","5","23","74","0","2025","A","",18,57,6200739,3970715,59557,2107,109586,"",0.79,0.28,0.35,0.39,0.23,1.27,1.27,"N",3,20.0,0,0,0,0,0,0,0,0,0,0,0,0
"02185","5","23","74","0","2025","A","N",23,0,0,0,0,0,0,"N",1.30,0,0,0,0,0,0,"N",3,15.0,0,0,0,0,0,0,0,0,0,0,0,0
"02188","3","23","74","0","2025","A","",8,22,943472,911031,13667,809,42088,"",151.05,10.27,5.25,59.38,123.65,0.50,0.50,"",1,14.3,0,0.0,209758,28.6,183532,25.2,2455,21.9,177,28.0,9235,28.1
"02188","5","23","74","0","2025","A","",10,58,7432286,3948214,59220,2482,129070,"",0.85,0.36,0.45,0.40,0.25,1.26,1.26,"",0,0.0,-20,-25.6,-2478632,-25.0,-1822631,-31.6,-35002,-37.1,31,1.3,1598,1.3
"02195","5","23","74","0","2025","A","N",14,0,0,0,0,0,0,"N",1.01,0,0,0,0,0,0,"N",4,40.0,0,0,0,0,0,0,0,0,0,0,0,0
"02198","5","23","74","0","2025","A","",24,34,1879494,1669646,25044,1050,54610,"",1.28,0.30,0.27,0.42,0.26,0.88,0.88,"",2,9.1,-1,-2.9,228677,13.9,158868,10.5,1418,6.0,134,14.6,6990,14.7
"02220","5","23","74","0","2025","A","",38,229,26197207,15257242,228862,2202,114523,"",1.18,0.97,1.56,1.48,0.93,1.61,1.61,"",-2,-5.0,35,18.0,5925982,29.2,4227134,38.3,57262,33.4,192,9.6,9987,9.6
"02230","5","23","74","0","2025","A","N",8,0,0,0,0,0,0,"N",0.94,0,0,0,0,0,0,"N",-1,-11.1,0,0,0,0,0,0,0,0,0,0,0,0
"02240","5","23","74","0","2025","A","",16,83,8747142,4991700,74878,2025,105282,"",0.81,0.51,0.54,0.53,0.33,1.07,1.07,"",-1,-5.9,-12,-12.6,-862653,-9.0,-740627,-12.9,-13569,-15.3,83,4.3,4303,4.3
"02275","5","23","74","0","2025","A","N",9,0,0,0,0,0,0,"N",1.17,0,0,0,0,0,0,"N",-2,-18.2,0,0,0,0,0,0,0,0,0,0,0,0
"02282","5","23","74","0","2025","A","N",4,0,0,0,0,0,0,"N",1.20,0,0,0,0,0,0,"N",0,0.0,0,0,0,0,0,0,0,0,0,0,0,0
"02290","3","23","74","0","2025","A","",2,5,161710,161710,2426,666,34652,"",23.52,3.04,2.00,28.50,56.87,0.70,0.70,"",1,100.0,3,150.0,125561,347.3,125561,347.3,1883,346.8,269,67.8,13995,67.7
"02290","5","23","74","0","2025","A","",10,23,1507415,1245399,18681,1279,66504,"",0.53,0.19,0.20,0.34,0.20,1.10,1.10,"",0,0.0,6,35.3,560067,59.1,482984,63.3,6648,55.2,197,18.2,10226,18.2
"02999","5","23","74","0","2025","A","",38,67,7322401,4609348,69139,2091,108749,"",0.23,0.41,0.42,0.44,0.26,1.04,1.04,"",-2,-5.0,1,1.5,238189,3.4,164654,3.7,-120,-0.2,40,2.0,2086,2.0
"04000","3","23","54","0","2025","A","",72,2786,196043321,1653033,13950,1353,70361,"",0.91,1.21,1.33,0.47,0.79,1.10,1.10,"",1,1.4,54,2.0,10964760,5.9,-160191,-8.8,6213,80.3,50,3.8,2625,3.9
"04000","5","23","54","0","2025","A","",18715,223794,18553302266,2650026785,35253145,1594,82904,"",1.07,1.31,1.38,1.19,0.92,1.06,1.06,"",298,1.6,-2890,-1.3,550352474,3.1,-46948366,-1.7,-2853449,-7.5,67,4.4,3485,4.4
"04001","3","23","74","0","2025","A","",5,110,5732487,126020,544,1000,51995,"",23.03,9.16,9.36,13.08,7.83,1.02,1.02,"",0,0.0,-7,-6.0,-66727,-1.2,-123585,-49.5,-1623,-74.9,47,4.9,2464,5.0
"04001","5","23","74","0","2025","A","",50,682,32159472,9507788,411298,906,47137,"",1.04,0.76,0.58,1.54,2.73,0.75,0.76,"",-2,-3.8,132,24.0,6115630,23.5,2455810,34.8,-9784,-2.3,-5,-0.5,-215,-0.5
"04003","3","23","74","0","2025","A","",7,120,6192681,158524,366,994,51677,"",7.83,4.89,4.69,5.38,2.63,0.96,0.96,"",0,0.0,4,3.4,457106,8.0,37822,31.3,166,83.0,41,4.3,2126,4.3
"04003","5","23","74","0","2025","A","",242,2049,122119331,23690700,245308,1146,59609,"",1.22,1.12,1.02,1.26,0.81,0.90,0.90,"",1,0.4,-48,-2.3,679452,0.6,-329746,-1.4,-87826,-26.4,32,2.9,1705,2.9
"04005","3","23","74","0","2025","A","N",5,0,0,0,0,0,0,"N",3.45,0,0,0,0,0,0,"N",0,0.0,0,0,0,0,0,0,0,0,0,0,0,0
"04005","5","23","74","0","2025","A","",415,3139,194399667,37750823,419390,1191,61930,"",1.29,0.89,0.90,0.93,0.68,1.01,1.01,"",5,1.2,17,0.5,11266858,6.2,426327,1.1,-116391,-21.7,63,5.6,3263,5.6
"04007","3","23","74","0","2025","A","N",3,0,0,0,0,0,0,"N",7.65,0,0,0,0,0,0,"N",0,0.0,0,0,0,0,0,0,0,0,0,0,0,0
"04007","5","23","74","0","2025","A","",140,730,43034683,8093085,85297,1133,58931,"",1.61,0.86,0.79,0.83,0.68,0.92,0.92,"",-4,-2.8,-31,-4.1,1868308,4.5,-922921,-10.2,-446,-0.5,92,8.8,4812,8.9
"04009","3","23","74","0","2025","A","",5,53,2858877,0,0,1037,53941,"",22.89,6.72,7.06,0.00,0.00,1.05,1.05,"",0,0.0,0,0.0,148545,5.5,0,0.0,0,0.0,47,4.7,2479,4.8
"04009","5","23","74","0","2025","A","N",71,0,0,0,0,0,0,"N",1.46,0,0,0,0,0,0,"N",0,0.0,0,0,0,0,0,0,0,0,0,0,0,0
"04011","5","23","74","0","2025","A","N",10,0,0,0,0,0,0,"N",1.23,0,0,0,0,0,0,"N",-2,-16.7,0,0,0,0,0,0,0,0,0,0,0,0
"04012","3","23","74","0","2025","A","N",2,0,0,0,0,0,0,"N",14.28,0,0,0,0,0,0,"N",0,0.0,0,0,0,0,0,0,0,0,0,0,0,0
"04012","5","23","74","0","2025","A","N",28,0,0,0,0,0,0,"N",0.90,0,0,0,0,0,0,"N",1,3.7,0,0,0,0,0,0,0,0,0,0,0,0
"04013","3","23","74","0","2025","A","",21,1281,109592651,109681,1337,1645,85547,"",0.43,0.79,1.00,0.04,0.11,1.27,1.27,"",1,5.0,37,3.0,5602920,5.4,-393,-0.4,767,134.6,38,2.4,1976,2.4
"04013","5","23","74","0","2025","A","",11486,171081,15024098578,2027786528,25924269,1689,87819,"",1.05,1.41,1.51,1.25,0.98,1.07,1.07,"",121,1.1,-3472,-2.0,339929983,2.3,-55426789,-2.7,-1946122,-7.0,71,4.4,3695,4.4
"04015","3","23","74","0","2025","A","N",1,0,0,0,0,0,0,"N",0.56,0,0,0,0,0,0,"N",0,0.0,0,0,0,0,0,0,0,0,0,0,0,0
"04015","5","23","74","0","2025","A","",778,4598,277859210,55935825,900072,1162,60434,"",1.97,1.54,1.63,1.46,1.45,1.06,1.06,"",16,2.1,188,4.3,29576093,11.9,4836548,9.5,139955,18.4,79,7.3,4133,7.3
"04017","3","23","74","0","2025","A","N",3,0,0,0,0,0,0,"N",4.35,0,0,0,0,0,0,"N",0,0.0,0,0,0,0,0,0,0,0,0,0,0,0
"04017","5","23","74","0","2025","A","",262,1638,87116720,18719003,271133,1022,53169,"",1.71,1.11,1.05,1.27,1.06,0.95,0.95,"",3,1.2,125,8.3,7424528,9.3,266171,1.4,-97568,-26.5,9,0.9,489,0.9
"04019","3","23","74","0","2025","A","",3,168,8444085,576717,5285,964,50138,"",0.37,0.61,0.54,1.58,3.42,0.89,0.89,"",0,0.0,-20,-10.6,-1055328,-11.1,-121835,-17.4,3743,242.7,-8,-0.8,-413,-0.8
"04019","5","23","74","0","2025","A","",2114,20421,1380546844,226288929,2608331,1300,67605,"",1.16,1.00,0.97,0.97,0.78,0.98,0.98,"",0,0.0,-330,-1.6,55606163,4.2,-6861176,-2.9,-381243,-12.8,72,5.9,3755,5.9
"04021","3","23","74","0","2025","A","",7,180,11647231,248973,1758,1246,64767,"",3.76,3.15,3.77,3.25,4.38,1.20,1.20,"",0,0.0,9,5.3,1371204,13.3,17422,7.5,4,0.2,92,8.0,4761,7.9
"04021","5","23","74","0","2025","A","",600,5466,430884167,71742228,1352771,1516,78832,"",1.45,1.29,1.53,1.47,1.55,1.19,1.19,"",73,13.9,952,21.1,109908029,34.2,13072018,22.3,-51718,-3.7,148,10.8,7720,10.9
"04023","3","23","74","0","2025","A","N",1,0,0,0,0,0,0,"N",2.34,0,0,0,0,0,0,"N",0,0.0,0,0,0,0,0,0,0,0,0,0,0,0
"04023","5","23","74","0","2025","A","N",73,0,0,0,0,0,0,"N",0.77,0,0,0,0,0,0,"N",1,1.4,0,0,0,0,0,0,0,0,0,0,0,0
"04025","3","23","74","0","2025","A","N",4,0,0,0,0,0,0,"N",1.55,0,0,0,0,0,0,"N",0,0.0,0,0,0,0,0,0,0,0,0,0,0,0
"04025","5","23","74","0","2025","A","",1005,5960,367496582,68809525,781930,1186,61655,"",1.75,1.58,1.59,1.41,1.00,1.01,1.01,"",4,0.4,-57,-0.9,11791964,3.3,-319645,-0.5,4685,0.6,49,4.3,2542,4.3
"04027","3","23","74","0","2025","A","N",3,0,0,0,0,0,0,"N",2.16,0,0,0,0,0,0,"N",0,0.0,0,0,0,0,0,0,0,0,0,0,0,0
"04027","5","23","74","0","2025","A","",451,4010,224460622,47006324,1154166,1077,55982,"",1.46,1.06,0.97,0.97,0.47,0.92,0.92,"",2,0.4,47,1.2,14826810,7.1,2584229,5.8,-89031,-7.2,60,5.9,3084,5.8
"04999","3","23","74","0","2025","A","N",1,0,0,0,0,0,0,"N",0.11,0,0,0,0,0,0,"N",-1,-50.0,0,0,0,0,0,0,0,0,0,0,0,0
"04999","5","23","74","0","2025","A","",990,3019,305549035,41645479,885185,1946,101203,"",0.47,0.70,0.62,0.56,0.48,0.89,0.89,"",78,8.6,-265,-8.1,-29114254,-8.7,-5441331,-11.6,-70745,-7.4,-14,-0.7,-702,-0.7
"05000","2","23","54","0","2025","A","",10,2839,140945156,0,0,955,49642,"",0.60,4.62,4.10,0.00,0.00,0.89,0.89,"",0,0.0,102,3.7,10616354,8.1,0,0.0,0,0.0,39,4.3,2017,4.2
"05000","3","23","54","0","2025","A","",113,3291,152707634,10347283,25092,892,46400,"",2.95,3.54,3.05,8.74,5.39,0.86,0.86,"",0,0.0,19,0.6,8606387,6.0,3465,0.0,-3375,-11.9,45,5.3,2362,5.4
"05000","5","23","54","0","2025","A","N",8912,0,0,0,0,0,0,"N",1.04,0,0,0,0,0,0,"N",636,7.7,0,0,0,0,0,0,0,0,0,0,0,0
"05001","3","23","74","0","2025","A","",2,40,1425559,182887,365,693,36014,"",9.14,6.18,4.60,20.60,10.56,0.75,0.75,"",0,0.0,1,2.6,16441,1.2,-3162,-1.7,-7,-1.9,3,0.4,113,0.3
"05001","5","23","74","0","2025","A","",33,222,12499834,1940155,9499,1085,56433,"",0.68,0.46,0.44,0.34,0.13,0.96,0.96,"",-1,-2.9,-12,-5.1,-1631094,-11.5,-70893,-3.5,1368,16.8,-75,-6.5,-3913,-6.5
"05003","3","23","74","0","2025","A","",2,48,1898573,374022,748,767,39900,"",11.39,11.17,9.58,65.75,28.45,0.87,0.87,"",0,0.0,-2,-4.0,61814,3.4,-12995,-3.4,-24,-3.1,61,8.6,3165,8.6
"05003","5","23","74","0","2025","A","",36,669,45301220,7776955,117440,1302,67723,"",0.92,2.09,2.51,2.14,2.06,1.20,1.20,"",-3,-7.7,109,19.5,9164207,25.4,7813,0.1,8816,8.1,60,4.8,3135,4.9
"05005","3","23","74","0","2025","A","",2,84,3804384,596329,1193,876,45561,"",4.16,7.18,7.85,43.78,22.62,1.10,1.10,"",0,0.0,2,2.4,311183,8.9,-19880,-3.2,-39,-3.2,53,6.4,2743,6.4
"05005","5","23","74","0","2025","A","",146,676,31413823,6865802,86547,893,46459,"",1.36,0.78,0.71,0.79,0.76,0.92,0.92,"",12,9.0,51,8.2,2035901,6.9,609869,9.7,6194,7.7,-12,-1.3,-577,-1.2
"05007","3","23","74","0","2025","A","",5,220,12193346,0,0,1066,55445,"",1.57,2.05,1.42,0.00,0.00,0.69,0.69,"",0,0.0,10,4.8,233585,2.0,0,0.0,0,0.0,-27,-2.5,-1371,-2.4
"05007","5","23","74","0","2025","A","N",1028,0,0,0,0,0,0,"N",1.45,0,0,0,0,0,0,"N",111,12.1,0,0,0,0,0,0,0,0,0,0,0,0
"05009","2","23","74","0","2025","A","",1,285,14716897,0,0,993,51638,"",6.29,42.92,49.11,0.00,0.00,1.14,1.14,"",0,0.0,11,4.0,1108514,8.1,0,0.0,0,0.0,36,3.8,1897,3.8
"05009","3","23","74","0","2025","A","",3,45,2014151,280825,561,869,45177,"",8.23,4.48,4.62,22.94,11.62,1.04,1.04,"",0,0.0,2,4.7,187770,10.3,-18133,-6.1,-36,-6.0,46,5.6,2371,5.5
"05009","5","23","74","0","2025","A","",82,560,31697449,5345119,69517,1088,56561,"",1.01,0.75,0.80,0.68,0.66,1.07,1.07,"N",8,10.8,0,0,0,0,0,0,0,0,0,0,0,0
"05011","3","23","74","0","2025","A","",1,15,620160,144196,288,774,40227,"",8.44,6.19,6.37,52.99,37.96,1.00,1.00,"",0,0.0,0,0.0,12381,2.0,-34087,-19.1,-67,-18.9,-10,-1.3,-518,-1.3
"05011","5","23","74","0","2025","A","",20,74,3216400,744507,9840,835,43416,"",0.76,0.41,0.36,0.43,0.60,0.88,0.88,"",0,0.0,7,10.4,699537,27.8,53917,7.8,-817,-7.7,109,15.0,5663,15.0
"05013","3","23","74","0","2025","A","",1,16,683809,177890,355,835,43416,"",27.86,6.54,4.08,52.58,81.12,0.63,0.63,"",0,0.0,-1,-5.9,11978,1.8,-15809,-8.2,-31,-8.0,82,10.9,4280,10.9
"05013","5","23","74","0","2025","A","",11,53,2923574,516454,1412,1068,55511,"",1.38,0.29,0.19,0.24,0.15,0.66,0.66,"",-1,-8.3,-59,-52.7,-3166081,-52.0,-564401,-52.2,-2323,-62.2,20,1.9,1017,1.9
"05015","3","23","74","0","2025","A","",2,27,1243870,287930,1260,900,46791,"",6.93,3.54,4.36,29.60,40.33,1.25,1.25,"",0,0.0,0,0.0,108802,9.6,8951,3.2,702,125.8,84,10.3,4359,10.3
"05015","5","23","74","0","2025","A","",92,469,24891969,4249299,38598,1020,53037,"",1.43,0.83,0.96,0.68,0.57,1.16,1.16,"",7,8.2,39,9.1,3195908,14.7,518843,13.9,14592,60.8,49,5.0,2542,5.0
"05017","3","23","74","0","2025","A","",1,16,613685,127494,254,719,37382,"",7.86,8.43,8.14,61.95,20.92,0.94,0.94,"",0,0.0,1,6.7,103843,20.4,1275,1.0,3,1.2,80,12.5,4131,12.4
"05017","5","23","74","0","2025","A","N",17,0,0,0,0,0,0,"N",0.60,0,0,0,0,0,0,"N",4,30.8,0,0,0,0,0,0,0,0,0,0,0,0
"05019","3","23","74","0","2025","A","",4,39,1864255,30871,401,919,47801,"",17.03,6.25,7.18,4.89,15.91,1.15,1.15,"",0,0.0,-4,-9.3,172813,10.2,2666,9.5,-303,-43.0,165,21.9,8617,22.0
"05019","5","23","74","0","2025","A","N",30,0,0,0,0,0,0,"N",0.57,0,0,0,0,0,0,"N",4,15.4,0,0,0,0,0,0,0,0,0,0,0,0
"05021","5","23","74","0","2025","A","",35,143,6164252,1462695,61361,829,43107,"",1.26,0.89,0.83,0.89,1.62,0.93,0.93,"N",4,12.9,0,0,0,0,0,0,0,0,0,0,0,0
"05023","3","23","74","0","2025","A","",1,30,1080531,281554,562,704,36628,"",4.42,6.42,6.11,44.97,25.65,0.97,0.97,"",0,0.0,1,3.4,54778,5.3,6566,2.4,13,2.4,28,4.1,1459,4.1
"05023","5","23","74","0","2025","A","",70,323,15831369,3031833,35720,943,49014,"",1.39,0.93,0.98,0.76,0.75,1.06,1.06,"",6,9.4,25,8.4,1248314,8.6,292762,10.7,5458,18.0,1,0.1,36,0.1
"05025","3","23","74","0","2025","A","",1,15,501544,142123,568,632,32888,"",22.96,20.07,17.01,173.05,155.10,0.83,0.83,"",0,0.0,0,0.0,157,0.0,3706,2.7,15,2.7,7,1.1,366,1.1
"05025","5","23","74","0","2025","A","N",2,0,0,0,0,0,0,"N",0.21,0,0,0,0,0,0,"N",0,0.0,0,0,0,0,0,0,0,0,0,0,0,0
"05027","3","23","74","0","2025","A","",2,44,1586411,0,0,695,36123,"",9.05,7.75,6.24,0.00,0.00,0.81,0.81,"",0,0.0,0,0.0,124220,8.5,0,0.0,0,0.0,51,7.9,2638,7.9
"05027","5","23","74","0","2025","A","",30,123,6293326,1099775,7585,983,51096,"",0.61,0.29,0.27,0.26,0.11,0.93,0.93,"",0,0.0,-16,-11.5,-418625,-6.2,-205238,-15.7,-262,-3.3,57,6.2,2953,6.1
"05029","3","23","74","0","2025","A","",2,45,2090997,233405,467,889,46210,"",11.34,9.97,10.14,45.37,25.36,1.01,1.01,"",0,0.0,-6,-11.8,-117860,-5.3,-62424,-21.1,-716,-60.5,52,6.2,2686,6.2
"05029","5","23","74","0","2025","A","",55,568,41345504,5444749,63372,1399,72738,"",1.40,1.69,2.20,1.66,1.59,1.30,1.30,"",0,0.0,22,4.0,2901685,7.5,243732,4.7,-8694,-12.1,46,3.4,2392,3.4
"05031","3","23","74","0","2025","A","",2,103,5324565,502988,1005,998,51905,"",1.86,2.61,2.88,10.95,5.56,1.11,1.11,"",0,0.0,-12,-10.4,-544473,-9.3,24314,5.1,48,5.0,19,1.9,981,1.9
"05031","5","23","74","0","2025","A","",294,2569,168957256,25330634,360645,1265,65770,"",1.23,0.87,1.01,0.86,0.92,1.15,1.15,"",8,2.8,-48,-1.8,3834322,2.3,-223443,-0.9,-43926,-10.9,52,4.3,2684,4.3
"05033","3","23","74","0","2025","A","",2,40,2251641,426741,853,1096,57004,"",4.31,3.15,4.01,24.27,16.72,1.29,1.29,"",0,0.0,-2,-4.8,20961,0.9,-23586,-5.2,-47,-5.2,81,8.0,4207,8.0
"05033","5","23","74","0","2025","A","N",165,0,0,0,0,0,0,"N",1.60,0,0,0,0,0,0,"N",15,10.0,0,0,0,0,0,0,0,0,0,0,0,0
"05035","3","23","74","0","2025","A","",2,49,3987458,363837,727,1570,81654,"",5.12,3.84,7.09,20.08,7.92,1.85,1.85,"",0,0.0,1,2.1,972386,32.3,34217,10.4,68,10.3,356,29.3,18511,29.3
"05035","5","23","74","0","2025","A","N",40,0,0,0,0,0,0,"N",0.46,0,0,0,0,0,0,"N",4,11.1,0,0,0,0,0,0,0,0,0,0,0,0
"05037","2","23","74","0","2025","A","",1,267,13024112,0,0,937,48719,"",14.46,120.53,149.02,0.00,0.00,1.24,1.23,"",0,0.0,9,3.5,981012,8.1,0,0.0,0,0.0,38,4.2,1995,4.3
"05037","3","23","74","0","2025","A","",1,27,713043,170763,341,516,26823,"",6.31,8.05,5.61,46.16,18.99,0.71,0.71,"",0,0.0,1,3.8,19843,2.9,-17419,-9.3,-35,-9.3,-2,-0.4,-97,-0.4
"05037","5","23","74","0","2025","A","N",23,0,0,0,0,0,0,"N",0.65,0,0,0,0,0,0,"N",-1,-4.2,0,0,0,0,0,0,0,0,0,0,0,0
"05039","3","23","74","0","2025","A","",1,13,398745,0,0,579,30094,"",13.17,6.87,5.12,0.00,0.00,0.73,0.73,"",0,0.0,-2,-13.3,-40771,-9.3,0,0.0,0,0.0,22,3.9,1115,3.8
"05039","5","23","74","0","2025","A","",15,68,3148647,645070,2985,893,46417,"",0.89,0.48,0.44,0.39,0.22,0.92,0.92,"",1,7.1,4,6.2,93565,3.1,33139,5.4,-832,-21.8,-27,-2.9,-1443,-3.0
"05041","3","23","74","0","2025","A","",1,6,587581,116928,466,1784,92776,"",6.63,2.12,4.90,37.71,44.19,2.18,2.18,"",0,0.0,-1,-14.3,-15597,-2.6,-13524,-10.4,-2273,-83.0,44,2.5,2299,2.5
"05041","5","23","74","0","2025","A","",16,83,3999875,685244,2747,931,48434,"",0.48,0.39,0.37,0.35,0.12,0.93,0.93,"",1,6.7,1,1.2,48724,1.2,-40614,-5.6,-753,-21.5,5,0.5,298,0.6
"05043","3","23","74","0","2025","A","",1,5,163046,32378,65,588,30571,"",5.44,1.11,0.93,6.38,3.84,0.78,0.78,"",0,0.0,0,0.0,11234,7.4,624,2.0,-63,-49.2,14,2.4,706,2.4
"05043","5","23","74","0","2025","A","",28,149,8531621,1716092,16542,1100,57195,"",0.68,0.44,0.53,0.53,0.45,1.20,1.20,"",-1,-3.4,-23,-13.4,-1027757,-10.8,-145578,-7.8,-3388,-17.0,31,2.9,1617,2.9
"05045","3","23","74","0","2025","A","",2,74,4213546,391859,783,1089,56621,"",1.68,2.26,2.84,9.92,4.92,1.25,1.25,"",0,0.0,2,2.8,415433,10.9,12595,3.3,26,3.4,72,7.1,3747,7.1
"05045","5","23","74","0","2025","A","",431,3860,246166423,35925351,328996,1227,63782,"",1.62,1.59,1.82,1.42,0.95,1.15,1.15,"",21,5.1,80,2.1,10789599,4.6,-348811,-1.0,-31805,-8.8,30,2.5,1520,2.4
"05047","3","23","74","0","2025","A","",1,18,718474,151170,604,761,39549,"",7.36,5.14,5.05,36.65,52.50,0.98,0.97,"",0,0.0,-1,-5.3,-60904,-7.8,-21152,-12.3,-430,-41.6,-14,-1.8,-764,-1.9
"05047","5","23","74","0","2025","A","N",39,0,0,0,0,0,0,"N",1.29,0,0,0,0,0,0,"N",-1,-2.5,0,0,0,0,0,0,0,0,0,0,0,0
"05049","5","23","74","0","2025","A","N",18,0,0,0,0,0,0,"N",1.06,0,0,0,0,0,0,"N",-2,-10.0,0,0,0,0,0,0,0,0,0,0,0,0
"05051","3","23","74","0","2025","A","",3,109,4531792,324663,697,800,41576,"",2.53,3.98,3.99,9.24,5.29,1.00,1.00,"",0,0.0,3,2.8,231191,5.4,-22272,-6.4,-122,-14.9,20,2.6,1004,2.5
"05051","5","23","74","0","2025","A","",394,2005,108043352,19151380,241328,1036,53896,"",1.49,0.98,1.04,0.85,0.84,1.06,1.06,"",17,4.5,-3,-0.1,5312769,5.2,-786641,-3.9,-42000,-14.8,52,5.3,2737,5.3
"05053","5","23","74","0","2025","A","",53,433,33225621,4005574,50353,1476,76734,"",1.83,1.78,2.37,1.52,1.39,1.33,1.33,"",9,20.5,56,14.9,4523080,15.8,453465,12.8,21180,72.6,13,0.9,667,0.9
"05055","2","23","74","0","2025","A","",1,281,15513048,0,0,1061,55190,"",6.77,38.81,47.45,0.00,0.00,1.22,1.22,"",0,0.0,10,3.7,1168485,8.1,0,0.0,0,0.0,43,4.2,2258,4.3
"05055","3","23","74","0","2025","A","",2,66,3089197,0,0,898,46688,"",5.91,6.02,6.49,0.00,0.00,1.08,1.08,"",0,0.0,3,4.8,327407,11.9,0,0.0,0,0.0,52,6.1,2675,6.1
"05055","5","23","74","0","2025","A","",72,530,36621660,6156213,126907,1330,69152,"",0.96,0.65,0.85,0.71,0.65,1.30,1.30,"",1,1.4,20,3.9,3789537,11.5,69305,1.1,1574,1.3,91,7.3,4723,7.3
"05057","2","23","74","0","2025","A","",1,288,13410673,0,0,895,46524,"",13.13,78.89,85.57,0.00,0.00,1.08,1.08,"",0,0.0,10,3.6,1010125,8.1,0,0.0,0,0.0,37,4.3,1918,4.3
"05057","3","23","74","0","2025","A","",2,34,1461718,0,0,819,42574,"",11.46,6.15,6.41,0.00,0.00,1.03,1.03,"",0,0.0,-1,-2.9,31974,2.2,0,0.0,0,0.0,30,3.8,1529,3.7
"05057","5","23","74","0","2025","A","",24,99,5053892,845459,7742,984,51179,"",0.62,0.24,0.24,0.20,0.22,1.01,1.01,"",-1,-4.0,-53,-34.9,-2444432,-32.6,-695058,-45.1,-3958,-33.8,36,3.8,1902,3.9
"05059","3","23","74","0","2025","A","",3,42,1677349,260860,520,777,40418,"",13.60,7.74,6.99,43.24,24.75,0.91,0.91,"",0,0.0,-7,-14.3,40748,2.5,27171,11.6,53,11.3,137,21.4,7131,21.4
"05059","5","23","74","0","2025","A","",72,240,9964087,2351895,41426,799,41531,"",1.47,0.59,0.46,0.61,0.91,0.77,0.77,"",10,16.1,47,24.4,2300054,30.0,598290,34.1,7012,20.4,35,4.6,1804,4.5
"05061","3","23","74","0","2025","A","",1,19,815528,0,0,815,42365,"",8.42,4.66,4.83,0.00,0.00,1.03,1.02,"",0,0.0,1,5.6,101933,14.3,0,0.0,0,0.0,63,8.4,3264,8.3
"05061","5","23","74","0","2025","A","",20,182,9908148,2110135,27838,1046,54391,"",0.76,0.60,0.65,0.68,1.09,1.08,1.07,"",0,0.0,6,3.4,-2186824,-18.1,-53803,-2.5,-17075,-38.0,-274,-20.8,-14265,-20.8
"05063","2","23","74","0","2025","A","",1,261,12301819,0,0,908,47194,"",6.81,31.23,31.37,0.00,0.00,1.01,1.01,"",0,0.0,9,3.6,926606,8.1,0,0.0,0,0.0,41,4.7,2114,4.7
"05063","3","23","74","0","2025","A","",3,78,3413354,153136,305,839,43621,"",8.91,6.17,5.98,9.97,5.01,0.97,0.97,"",0,0.0,0,0.0,280878,9.0,2660,1.8,5,1.7,66,8.5,3418,8.5
"05063","5","23","74","0","2025","A","",70,603,36178110,6084817,201954,1154,60030,"",0.93,0.64,0.70,0.62,1.53,1.09,1.09,"",2,2.9,31,5.4,2315956,6.8,74586,1.2,3647,1.8,15,1.3,805,1.4
"05065","5","23","74","0","2025","A","N",23,0,0,0,0,0,0,"N",1.12,0,0,0,0,0,0,"N",1,4.5,0,0,0,0,0,0,0,0,0,0,0,0
"05067","3","23","74","0","2025","A","",2,32,1070975,217420,435,644,33468,"",13.83,8.84,6.52,56.73,21.48,0.74,0.74,"",0,0.0,0,0.0,23023,2.2,-5261,-2.4,-10,-2.2,19,3.0,973,3.0
"05067","5","23","74","0","2025","A","",21,172,10954809,1440937,29653,1221,63506,"",0.65,0.64,0.73,0.59,0.67,1.14,1.14,"",1,5.0,10,6.2,964644,9.7,60379,4.4,-14690,-33.1,39,3.3,2028,3.3
"05069","2","23","74","0","2025","A","",1,267,13012612,0,0,936,48676,"",3.93,22.81,22.57,0.00,0.00,0.99,0.99,"",0,0.0,10,3.9,980143,8.1,0,0.0,0,0.0,36,4.0,1872,4.0
"05069","3","23","74","0","2025","A","",2,95,3477319,0,0,705,36635,"",3.43,5.36,4.14,0.00,0.00,0.77,0.77,"",0,0.0,0,0.0,31898,0.9,0,0.0,0,0.0,10,1.4,494,1.4
"05069","5","23","74","0","2025","A","",89,491,26542169,4259094,55182,1039,54048,"",0.69,0.37,0.35,0.36,0.40,0.93,0.93,"",5,6.0,19,4.0,1260163,5.0,-266482,-5.9,11398,26.0,9,0.9,503,0.9
"05071","5","23","74","0","2025","A","",45,215,9342595,2113010,10980,834,43370,"",1.11,0.52,0.47,0.58,0.33,0.92,0.92,"",-1,-2.2,-22,-9.3,-510744,-5.2,-72893,-3.3,-11226,-50.6,36,4.5,1853,4.5
"05073","3","23","74","0","2025","A","",1,17,707070,174723,349,781,40597,"",17.50,22.84,26.45,188.17,95.08,1.13,1.13,"",0,0.0,-1,-5.6,5572,0.8,-10474,-5.7,-21,-5.7,35,4.7,1804,4.7
"05073","5","23","74","0","2025","A","",11,78,4166233,910586,9093,1022,53129,"",0.87,1.41,1.71,1.54,1.14,1.21,1.21,"",1,10.0,4,5.4,-314667,-7.0,72010,8.6,2878,46.3,-150,-12.8,-7836,-12.9
"05075","5","23","74","0","2025","A","",34,181,13556279,2245391,50921,1442,75000,"",1.02,0.83,1.30,0.99,1.29,1.57,1.57,"",7,25.9,1,0.6,-766092,-5.3,186273,9.0,16805,49.3,-91,-5.9,-4716,-5.9
"05077","3","23","74","0","2025","A","",2,23,652368,95045,189,549,28571,"",26.82,20.76,14.72,88.97,40.73,0.71,0.71,"",0,0.0,0,0.0,-37236,-5.4,-15380,-13.9,-31,-14.1,-28,-4.9,-1412,-4.7
"05077","5","23","74","0","2025","A","N",4,0,0,0,0,0,0,"N",0.24,0,0,0,0,0,0,"N",1,33.3,0,0,0,0,0,0,0,0,0,0,0,0
"05079","5","23","74","0","2025","A","N",13,0,0,0,0,0,0,"N",0.74,0,0,0,0,0,0,"N",-3,-18.8,0,0,0,0,0,0,0,0,0,0,0,0
"05081","3","23","74","0","2025","A","",1,18,868036,185868,372,906,47133,"",11.30,8.28,7.51,74.66,46.80,0.89,0.89,"",0,0.0,-1,-5.3,55904,6.9,13001,7.5,26,7.5,102,12.7,5306,12.7
"05081","5","23","74","0","2025","A","N",14,0,0,0,0,0,0,"N",0.71,0,0,0,0,0,0,"N",3,27.3,0,0,0,0,0,0,0,0,0,0,0,0
"05083","3","23","74","0","2025","A","",1,23,891528,229650,919,759,39477,"",6.09,6.39,6.57,62.09,84.69,1.05,1.05,"",0,0.0,-3,-11.5,-34726,-3.7,23265,11.3,-319,-25.8,78,11.5,4079,11.5
"05083","5","23","74","0","2025","A","N",40,0,0,0,0,0,0,"N",1.10,0,0,0,0,0,0,"N",2,5.3,0,0,0,0,0,0,0,0,0,0,0,0
"05085","3","23","74","0","2025","A","",1,24,1009694,206255,413,798,41494,"",1.92,2.11,2.31,14.69,7.70,1.08,1.08,"",0,0.0,0,0.0,66133,7.0,-14374,-6.5,-28,-6.3,52,7.0,2718,7.0
"05085","5","23","74","0","2025","A","",187,1089,66732253,10489210,108600,1179,61288,"",1.61,1.29,1.68,1.17,0.93,1.30,1.30,"",10,5.6,9,0.8,1713783,2.6,185362,1.8,-2104,-1.9,22,1.9,1100,1.8
"05087","5","23","74","0","2025","A","",47,190,9858894,1855476,23676,999,51957,"",2.02,0.99,1.03,0.81,1.08,1.04,1.04,"",2,4.4,-4,-2.1,-678473,-6.4,-259244,-12.3,-3495,-12.9,-47,-4.5,-2453,-4.5
"05089","3","23","74","0","2025","A","",2,27,1208272,0,0,855,44476,"",18.05,12.33,14.42,0.00,0.00,1.16,1.16,"",0,0.0,0,0.0,84658,7.5,0,0.0,0,0.0,50,6.2,2602,6.2
"05089","5","23","74","0","2025","A","N",42,0,0,0,0,0,0,"N",1.70,0,0,0,0,0,0,"N",6,16.7,0,0,0,0,0,0,0,0,0,0,0,0
"05091","3","23","74","0","2025","A","",2,79,3057015,305541,1222,741,38534,"",6.13,9.18,7.70,26.30,33.12,0.84,0.84,"",0,0.0,4,5.3,160753,5.6,24924,8.9,661,117.8,-6,-0.8,-299,-0.8
"05091","5","23","74","0","2025","A","",72,620,36460117,6442746,93813,1131,58799,"",0.99,0.97,1.01,0.87,1.17,1.04,1.04,"",3,4.3,-25,-3.9,-426365,-1.2,-75063,-1.2,-32156,-25.5,31,2.8,1588,2.8
"05093","3","23","74","0","2025","A","",3,41,1563295,0,0,726,37746,"",8.14,2.91,1.63,0.00,0.00,0.56,0.56,"",0,0.0,-5,-10.9,-9563,-0.6,0,0.0,0,0.0,70,10.7,3615,10.6
"05093","5","23","74","0","2025","A","N",53,0,0,0,0,0,0,"N",0.65,0,0,0,0,0,0,"N",5,10.4,0,0,0,0,0,0,0,0,0,0,0,0
"05095","3","23","74","0","2025","A","",2,16,498740,168766,338,581,30227,"",24.32,12.94,10.59,116.39,51.11,0.79,0.79,"",0,0.0,2,14.3,61426,14.0,24124,16.7,50,17.4,-27,-4.4,-1386,-4.4
"05095","5","23","74","0","2025","A","N",5,0,0,0,0,0,0,"N",0.27,0,0,0,0,0,0,"N",0,0.0,0,0,0,0,0,0,0,0,0,0,0,0
"05097","3","23","74","0","2025","A","",1,24,877209,197086,394,713,37065,"",15.27,26.28,28.89,201.73,88.81,1.12,1.11,"",0,0.0,1,4.3,65226,8.0,-3545,-1.8,-6,-1.5,24,3.5,1242,3.5
"05097","5","23","74","0","2025","A","",29,75,3174261,709030,14945,816,42418,"",1.99,1.10,1.15,1.14,1.55,1.04,1.04,"",2,7.4,4,5.6,451505,16.6,3257,0.5,-254,-1.7,83,11.3,4293,11.3
"05099","3","23","74","0","2025","A","",2,22,684254,188999,941,585,30411,"",30.53,15.68,10.75,103.39,181.15,0.67,0.67,"",0,0.0,0,0.0,53054,8.4,15409,8.9,-1348,-58.9,41,7.5,2148,7.6
"05099","5","23","74","0","2025","A","N",9,0,0,0,0,0,0,"N",0.62,0,0,0,0,0,0,"N",-1,-10.0,0,0,0,0,0,0,0,0,0,0,0,0
"05101","5","23","74","0","2025","A","N",4,0,0,0,0,0,0,"N",0.42,0,0,0,0,0,0,"N",0,0.0,0,0,0,0,0,0,0,0,0,0,0,0
"05103","2","23","74","0","2025","A","",1,259,12586657,0,0,936,48660,"",11.56,80.97,85.86,0.00,0.00,1.06,1.06,"",0,0.0,9,3.6,948061,8.1,0,0.0,0,0.0,41,4.6,2121,4.6
"05103","3","23","74","0","2025","A","",2,38,1488920,264138,529,752,39096,"",10.09,7.85,6.98,49.18,22.59,0.89,0.89,"",0,0.0,0,0.0,-85023,-5.4,-15,0.0,0,0.0,-38,-4.8,-1963,-4.8
"05103","5","23","74","0","2025","A","",42,267,14990502,2671968,40686,1079,56127,"",0.95,0.74,0.77,0.78,0.80,1.04,1.04,"",3,7.7,63,30.9,4006168,36.5,582055,27.9,4063,11.1,44,4.3,2282,4.2
"05105","5","23","74","0","2025","A","",23,81,3980526,794812,7505,944,49092,"",1.77,1.42,1.44,1.54,1.52,1.01,1.01,"",5,27.8,2,2.5,444200,12.6,-1456,-0.2,1787,31.3,81,9.4,4234,9.4
"05107","3","23","74","0","2025","A","",2,11,485682,152336,305,824,42854,"",9.93,3.57,4.18,41.42,16.89,1.14,1.14,"",0,0.0,-2,-15.4,-96098,-16.5,-21270,-12.3,-42,-12.1,-42,-4.8,-2187,-4.9
"05107","5","23","74","0","2025","A","N",19,0,0,0,0,0,0,"N",0.42,0,0,0,0,0,0,"N",-2,-9.5,0,0,0,0,0,0,0,0,0,0,0,0
"05109","5","23","74","0","2025","A","",19,59,1845230,533499,8129,598,31099,"",0.94,0.45,0.31,0.42,0.55,0.68,0.68,"",3,18.8,-4,-6.3,-83822,-4.3,-89694,-14.4,-940,-10.4,6,1.0,316,1.0
"05111","3","23","74","0","2025","A","",2,23,927016,19462,39,781,40599,"",11.86,6.05,5.39,4.23,1.81,0.90,0.90,"",0,0.0,0,0.0,25012,2.8,-255,-1.3,-1,-2.5,35,4.7,1803,4.6
"05111","5","23","74","0","2025","A","N",30,0,0,0,0,0,0,"N",0.80,0,0,0,0,0,0,"N",2,7.1,0,0,0,0,0,0,0,0,0,0,0,0
"05113","3","23","74","0","2025","A","",1,25,989403,199174,398,766,39842,"",5.63,6.10,6.37,44.52,22.68,1.05,1.05,"",0,0.0,0,0.0,23027,2.4,-1379,-0.7,-3,-0.7,20,2.7,1058,2.7
"05113","5","23","74","0","2025","A","",42,190,10435051,1738500,11430,1054,54825,"",1.06,0.62,0.74,0.61,0.30,1.18,1.18,"",4,10.5,-30,-13.6,-629188,-5.7,-529329,-23.3,-16656,-59.3,88,9.1,4590,9.1
"05115","2","23","74","0","2025","A","",1,270,13154161,0,0,937,48704,"",3.68,21.41,21.98,0.00,0.00,1.03,1.03,"",0,0.0,10,3.8,990805,8.1,0,0.0,0,0.0,37,4.1,1907,4.1
"05115","3","23","74","0","2025","A","",3,72,3832395,94093,376,1019,52982,"",4.82,3.77,4.40,3.85,3.78,1.16,1.16,"",0,0.0,0,0.0,227686,6.3,-9206,-8.9,170,82.5,53,5.5,2742,5.5
"05115","5","23","74","0","2025","A","",186,1290,91440390,13547758,295908,1363,70870,"",1.34,0.91,1.15,0.87,1.37,1.27,1.27,"",3,1.6,-85,-6.2,558660,0.6,-960445,-6.6,9143,3.2,92,7.2,4758,7.2
"05117","3","23","74","0","2025","A","",1,14,529335,137632,275,714,37146,"",13.60,13.78,12.75,123.20,59.67,0.91,0.91,"",0,0.0,-2,-12.5,-11445,-2.1,-1309,-0.9,-2,-0.7,43,6.4,2257,6.5
"05117","5","23","74","0","2025","A","N",12,0,0,0,0,0,0,"N",0.73,0,0,0,0,0,0,"N",-1,-7.7,0,0,0,0,0,0,0,0,0,0,0,0
"05119","2","23","74","0","2025","A","",1,357,19297608,0,0,1039,54030,"",0.45,2.89,2.60,0.00,0.00,0.90,0.90,"",0,0.0,13,3.8,1453545,8.1,0,0.0,0,0.0,40,4.0,2082,4.0
"05119","3","23","74","0","2025","A","",6,584,28445282,0,0,937,48722,"",1.17,3.12,2.63,0.00,0.00,0.84,0.84,"",0,0.0,18,3.2,2003269,7.6,0,0.0,0,0.0,39,4.3,2018,4.3
"05119","5","23","74","0","2025","A","",1024,11008,814774081,104072808,986789,1423,74020,"",0.90,0.79,0.83,0.76,0.56,1.05,1.05,"",33,3.3,139,1.3,39442896,5.1,-2460312,-2.3,-144394,-12.8,51,3.7,2684,3.8
"05121","3","23","74","0","2025","A","",1,20,790122,218496,436,744,38700,"",7.16,4.38,4.70,36.22,20.95,1.05,1.05,"",0,0.0,-3,-13.0,20396,2.6,12306,6.0,24,5.8,110,17.4,5712,17.3
"05121","5","23","74","0","2025","A","",24,72,2755694,712870,15625,735,38229,"",0.77,0.21,0.18,0.19,0.35,0.85,0.85,"",2,9.1,-10,-12.2,-120122,-4.2,-72311,-9.2,3322,27.0,58,8.6,3051,8.7
"05123","3","23","74","0","2025","A","",2,52,1728859,402938,1504,634,32983,"",9.66,10.90,8.27,75.07,86.83,0.75,0.75,"",0,0.0,-2,-3.7,-9429,-0.5,73712,22.4,686,83.9,11,1.8,593,1.8
"05123","5","23","74","0","2025","A","",32,204,12115123,1855101,23428,1144,59485,"",0.69,0.57,0.64,0.54,0.62,1.11,1.11,"N",6,23.1,0,0,0,0,0,0,0,0,0,0,0,0
"05125","3","23","74","0","2025","A","",2,63,3045335,364119,728,930,48339,"",2.16,3.10,3.51,13.36,7.03,1.13,1.13,"",0,0.0,-7,-10.0,62139,2.1,-1864,-0.5,-4,-0.5,107,13.0,5518,12.9
"05125","5","23","74","0","2025","A","",370,2623,163761217,26135713,283333,1201,62431,"",1.80,1.74,2.07,1.50,1.26,1.19,1.19,"",29,8.5,-76,-2.8,310803,0.2,188260,0.7,-46588,-14.1,36,3.1,1875,3.1
"05127","5","23","74","0","2025","A","N",8,0,0,0,0,0,0,"N",0.56,0,0,0,0,0,0,"N",0,0.0,0,0,0,0,0,0,0,0,0,0,0,0
"05129","5","23","74","0","2025","A","N",12,0,0,0,0,0,0,"N",0.88,0,0,0,0,0,0,"N",0,0.0,0,0,0,0,0,0,0,0,0,0,0,0
"05131","2","23","74","0","2025","A","",1,304,13927569,0,0,882,45865,"",1.73,9.56,8.57,0.00,0.00,0.90,0.90,"",0,0.0,11,3.8,1049058,8.1,0,0.0,0,0.0,38,4.5,1961,4.5
"05131","3","23","74","0","2025","A","",3,144,6461234,94473,189,864,44922,"",2.27,2.99,2.73,1.58,0.90,0.92,0.91,"",0,0.0,3,2.1,361503,5.9,2947,3.2,6,3.3,31,3.7,1585,3.7
"05131","5","23","74","0","2025","A","",285,2762,162768792,26198130,322264,1133,58933,"",0.97,0.77,0.76,0.68,0.70,0.98,0.98,"",0,0.0,-27,-1.0,8256631,5.3,427912,1.7,42029,15.0,68,6.4,3527,6.4
"05133","5","23","74","0","2025","A","",24,213,13222590,2122087,22307,1194,62102,"",0.94,0.82,1.04,0.74,0.85,1.28,1.28,"",2,9.1,34,19.0,2010866,17.9,251708,13.5,-1370,-5.8,-11,-0.9,-533,-0.9
"05135","3","23","74","0","2025","A","",2,25,641270,189249,379,500,25997,"",13.67,8.90,6.26,61.74,26.75,0.71,0.71,"",0,0.0,4,19.0,73797,13.0,28461,17.7,58,18.1,-16,-3.1,-813,-3.0
"05135","5","23","74","0","2025","A","",34,159,8341848,1558164,60628,1007,52355,"",1.04,0.76,0.89,0.80,1.97,1.17,1.17,"",5,17.2,47,42.0,2922248,53.9,481037,44.7,15330,33.8,79,8.5,4109,8.5
"05137","5","23","74","0","2025","A","N",26,0,0,0,0,0,0,"N",1.11,0,0,0,0,0,0,"N",6,30.0,0,0,0,0,0,0,0,0,0,0,0,0
"05139","3","23","74","0","2025","A","",2,69,2748123,0,0,761,39589,"",4.81,6.04,4.37,0.00,0.00,0.72,0.72,"",0,0.0,2,3.0,215732,8.5,0,0.0,0,0.0,37,5.1,1933,5.1
"05139","5","23","74","0","2025","A","",75,1244,97261968,12997448,194196,1504,78185,"",0.81,1.46,1.70,1.36,1.54,1.16,1.16,"",5,7.1,-122,-8.9,-2869489,-2.9,-1695679,-11.5,-18669,-8.8,95,6.7,4900,6.7
"05141","5","23","74","0","2025","A","",36,141,5678742,1399464,21942,775,40275,"",1.35,0.72,0.59,0.77,0.78,0.82,0.82,"",-2,-5.3,-27,-16.1,-1390834,-19.7,-253649,-15.3,-6614,-23.2,-32,-4.0,-1702,-4.1
"05143","3","23","74","0","2025","A","",3,235,14364804,0,0,1177,61192,"",1.16,2.71,3.08,0.00,0.00,1.14,1.14,"",0,0.0,15,6.8,1657366,13.0,0,0.0,0,0.0,66,5.9,3409,5.9
"05143","5","23","74","0","2025","A","",766,8174,597236853,78869929,688454,1405,73065,"",1.33,1.27,1.41,1.15,0.91,1.11,1.11,"",53,7.4,249,3.1,35781643,6.4,2350352,3.1,-117662,-14.6,43,3.2,2221,3.1
"05145","3","23","74","0","2025","A","",2,77,3522019,486971,974,883,45939,"",3.04,4.07,4.45,23.03,11.00,1.10,1.10,"",0,0.0,7,10.0,391276,12.5,9346,2.0,19,2.0,20,2.3,1054,2.3
"05145","5","23","74","0","2025","A","",192,1530,85193352,16186314,310321,1071,55670,"",1.31,1.09,1.18,1.20,1.61,1.09,1.09,"",7,3.8,-119,-7.2,-4393504,-4.9,-2310812,-12.5,-64889,-17.3,26,2.5,1356,2.5
"05147","5","23","74","0","2025","A","N",10,0,0,0,0,0,0,"N",0.69,0,0,0,0,0,0,"N",0,0.0,0,0,0,0,0,0,0,0,0,0,0,0
"05149","3","23","74","0","2025","A","",1,30,1173748,0,0,763,39676,"",6.71,6.58,6.70,0.00,0.00,1.03,1.03,"",0,0.0,-1,-3.2,146909,14.3,0,0.0,0,0.0,117,18.1,6101,18.2
"05149","5","23","74","0","2025","A","",42,254,11810291,2646614,20025,893,46421,"",1.27,0.75,0.74,0.81,0.96,0.99,0.99,"N",6,16.7,0,0,0,0,0,0,0,0,0,0,0,0
"05999","5","23","74","0","2025","A","",1373,4660,390378527,60648261,1359822,1611,83781,"",0.70,1.50,1.28,1.32,1.10,0.85,0.85,"",193,16.4,-691,-12.9,-58949693,-13.1,-7678509,-11.2,-536036,-28.3,-4,-0.2,-195,-0.2
"06000","2","23","54","0","2025","A","",1,37,3519086,0,0,1817,94472,"",0.00,0.00,0.00,0.00,0.00,1.06,1.06,"",0,0.0,-1,-2.6,538602,18.1,0,0.0,0,0.0,299,19.7,15519,19.7
"06000","3","23","54","0","2025","A","",108,10833,1055626117,1764646,84887,1874,97448,"",0.16,0.84,0.95,0.10,0.31,1.14,1.14,"",0,0.0,-38,-0.3,45264363,4.5,193170,12.3,15575,22.5,87,4.9,4508,4.9
"06000","5","23","54","0","2025","A","",98377,892488,83338273285,9403350078,410927270,1796,93377,"",0.65,0.93,0.83,0.87,0.68,0.89,0.89,"",4380,4.7,-20982,-2.3,1617440352,2.0,-226470632,-2.4,11700532,2.9,76,4.4,3915,4.4
"06001","3","23","74","0","2025","A","",6,1325,148876170,0,0,2161,112359,"",0.22,2.38,2.97,0.00,0.00,1.25,1.25,"",0,0.0,-27,-2.0,6751326,4.8,0,0.0,0,0.0,140,6.9,7257,6.9
"06001","5","23","74","0","2025","A","",3470,44862,4959951537,461319108,21440794,2126,110561,"",0.58,1.08,1.09,1.01,0.86,1.01,1.01,"",108,3.2,-1652,-3.6,46629612,0.9,-18869921,-3.9,-109693,-0.5,95,4.7,4929,4.7
"06003","3","23","74","0","2025","A","",1,8,384023,0,0,953,49551,"",29.90,11.11,12.43,0.00,0.00,1.16,1.15,"",0,0.0,3,60.0,132992,53.0,0,0.0,0,0.0,-100,-9.5,-5219,-9.5
"06003","5","23","74","0","2025","A","N",6,0,0,0,0,0,0,"N",0.81,0,0,0,0,0,0,"N",2,50.0,0,0,0,0,0,0,0,0,0,0,0,0
"06005","3","23","74","0","2025","A","",1,24,1950621,0,0,1591,82712,"",2.03,2.77,4.14,0.00,0.00,1.53,1.53,"",0,0.0,1,4.3,138920,7.7,0,0.0,0,0.0,98,6.6,5068,6.5
"06005","5","23","74","0","2025","A","",107,418,30543863,5370396,243024,1405,73071,"",0.98,0.65,0.71,1.00,0.82,1.10,1.10,"",1,0.9,-79,-15.9,-57716,-0.2,-870103,-13.9,-9070,-3.6,220,18.6,11457,18.6
"06007","3","23","74","0","2025","A","",1,134,8801330,0,0,1262,65641,"",0.31,2.39,3.00,0.00,0.00,1.25,1.25,"",0,0.0,4,3.1,115336,1.3,0,0.0,0,0.0,-20,-1.6,-1046,-1.6
"06007","5","23","74","0","2025","A","",613,3787,306458642,41271343,1932288,1556,80927,"",0.85,0.91,1.15,1.07,0.86,1.26,1.26,"",13,2.2,-131,-3.3,3167858,1.0,-3852974,-8.5,-37331,-1.9,67,4.5,3519,4.5
"06009","3","23","74","0","2025","A","",1,53,3749197,0,0,1363,70851,"",1.88,7.35,9.82,0.00,0.00,1.34,1.34,"",0,0.0,-10,-15.9,-267018,-6.6,0,0.0,0,0.0,135,11.0,7017,11.0
"06009","5","23","74","0","2025","A","",212,907,75951521,9955619,487846,1610,83701,"",1.79,1.69,2.18,1.97,1.59,1.29,1.29,"",0,0.0,-66,-6.8,939181,1.3,-1082889,-9.8,-56125,-10.3,128,8.6,6614,8.6
"06011","5","23","74","0","2025","A","",37,140,9678359,1466475,44434,1329,69131,"",0.43,0.28,0.29,0.23,0.09,1.04,1.04,"",1,2.8,16,12.9,1888405,24.2,189347,14.8,3670,9.0,122,10.1,6351,10.1
"06013","3","23","74","0","2025","A","",5,410,42642270,35000,560,1998,103921,"",0.34,1.54,2.08,0.10,0.11,1.35,1.35,"",0,0.0,31,8.2,5403359,14.5,-7000,-16.7,-154,-21.6,109,5.8,5687,5.8
"06013","5","23","74","0","2025","A","",2946,25914,2694587166,275323676,12277678,2000,103980,"",0.91,1.31,1.45,1.25,1.07,1.11,1.11,"",104,3.7,-1486,-5.4,-42334551,-1.5,-18506849,-6.3,-224934,-1.8,79,4.1,4094,4.1
"06015","3","23","74","0","2025","A","",3,52,8349321,588891,36511,3073,159796,"",9.56,8.73,27.56,108.37,386.02,3.14,3.14,"",0,0.0,1,2.0,2883049,52.7,175056,42.3,13800,60.8,998,48.1,51909,48.1
"06015","5","23","74","0","2025","A","N",52,0,0,0,0,0,0,"N",0.74,0,0,0,0,0,0,"N",2,4.0,0,0,0,0,0,0,0,0,0,0,0,0
"06017","3","23","74","0","2025","A","",1,138,12576188,0,0,1757,91352,"",0.41,3.28,4.94,0.00,0.00,1.51,1.51,"",0,0.0,22,19.0,-811463,-6.1,0,0.0,0,0.0,-462,-20.8,-24059,-20.8
"06017","5","23","74","0","2025","A","",805,5835,492899089,60760384,2830103,1625,84479,"",1.50,1.86,2.13,1.77,1.41,1.14,1.14,"",38,5.0,-285,-4.7,4211609,0.9,-3618133,-5.6,72031,2.6,89,5.8,4627,5.8
"06019","3","23","74","0","2025","A","",2,360,28421656,0,0,1519,78986,"",0.12,1.18,1.75,0.00,0.00,1.48,1.48,"",0,0.0,11,3.2,2629494,10.2,0,0.0,0,0.0,98,6.9,5118,6.9
"06019","5","23","74","0","2025","A","",1982,22242,1815315922,229559133,11340533,1570,81617,"",0.55,0.98,1.23,0.94,0.73,1.25,1.25,"",82,4.3,-455,-2.0,79009252,4.6,-5929295,-2.5,452450,4.2,99,6.7,5118,6.7
"06021","3","23","74","0","2025","A","",1,39,2590918,0,0,1286,66862,"",2.07,5.62,7.66,0.00,0.00,1.37,1.37,"",0,0.0,4,11.4,151809,6.2,0,0.0,0,0.0,-42,-3.2,-2169,-3.1
"06021","5","23","74","0","2025","A","",58,225,14084825,2242026,101869,1203,62576,"",0.54,0.44,0.46,0.40,0.28,1.05,1.05,"",4,7.4,-33,-12.8,-622458,-4.2,-311147,-12.2,-6782,-6.2,108,9.9,5626,9.9
"06023","3","23","74","0","2025","A","",3,18,1131933,145474,7996,1177,61186,"",1.12,0.48,0.60,3.69,12.67,1.21,1.21,"",0,0.0,-2,-10.0,-34615,-3.0,-13182,-8.3,369,4.8,41,3.6,2120,3.6
"06023","5","23","74","0","2025","A","",398,2778,229129980,29131576,1417483,1586,82483,"",0.67,1.00,1.33,1.16,1.03,1.33,1.33,"",23,6.1,176,6.8,24756015,12.1,2454387,9.2,197926,16.2,75,5.0,3931,5.0
"06025","3","23","74","0","2025","A","",1,76,4018391,0,0,1024,53224,"",0.28,1.58,1.68,0.00,0.00,1.07,1.07,"",0,0.0,1,1.3,201883,5.3,0,0.0,0,0.0,44,4.5,2281,4.5
"06025","5","23","74","0","2025","A","",208,1674,118840663,18648496,999749,1365,70988,"",0.26,0.47,0.54,0.50,0.39,1.17,1.17,"",15,7.8,-45,-2.6,4197043,3.7,194285,1.1,46568,4.9,82,6.4,4283,6.4
"06027","5","23","74","0","2025","A","N",74,0,0,0,0,0,0,"N",1.10,0,0,0,0,0,0,"N",10,15.6,0,0,0,0,0,0,0,0,0,0,0,0
"06029","5","23","74","0","2025","A","",1512,16088,1310359066,170897482,8490717,1566,81452,"",0.65,0.88,1.07,0.83,0.61,1.22,1.22,"",88,6.2,104,0.7,74323797,6.0,3594966,2.1,558165,7.0,79,5.3,4123,5.3
"06031","5","23","74","0","2025","A","",155,1241,89061668,12378583,542998,1380,71756,"",0.35,0.45,0.52,0.45,0.29,1.16,1.16,"",15,10.7,81,7.0,8930311,11.1,1117565,9.9,66407,13.9,51,3.8,2652,3.8
"06033","3","23","74","0","2025","A","",1,45,2889401,0,0,1242,64568,"",0.73,3.56,4.63,0.00,0.00,1.31,1.31,"",0,0.0,0,0.0,107412,3.9,0,0.0,0,0.0,62,5.3,3201,5.2
"06033","5","23","74","0","2025","A","",216,847,58240718,8989248,390679,1322,68748,"",0.71,0.90,1.03,0.99,0.69,1.14,1.14,"",12,5.9,-27,-3.1,1496687,2.6,-330820,-3.5,22022,6.0,74,5.9,3842,5.9
"06035","3","23","74","0","2025","A","",1,27,1706571,0,0,1219,63402,"",3.84,4.24,5.06,0.00,0.00,1.20,1.20,"",-1,-50.0,-2,-6.9,-463750,-21.4,0,0.0,0,0.0,-233,-16.0,-12087,-16.0
"06035","5","23","74","0","2025","A","N",44,0,0,0,0,0,0,"N",0.76,0,0,0,0,0,0,"N",-1,-2.2,0,0,0,0,0,0,0,0,0,0,0,0
"06037","3","23","74","0","2025","A","",12,1720,172811287,414765,17614,1932,100486,"",0.06,0.53,0.71,0.10,0.27,1.33,1.33,"",0,0.0,-28,-1.6,536303,0.3,94776,29.6,2529,16.8,37,2.0,1959,2.0
"06037","5","23","74","0","2025","A","",20000,146074,13099817965,1540249763,63230865,1725,89679,"",0.43,0.61,0.59,0.58,0.44,0.97,0.97,"",1006,5.3,-5047,-3.3,106888419,0.8,-55369575,-3.5,945138,1.5,72,4.4,3702,4.3
"06039","3","23","74","0","2025","A","",1,55,3367686,0,0,1178,61231,"",0.48,1.33,1.59,0.00,0.00,1.20,1.20,"",0,0.0,-1,-1.8,87206,2.7,0,0.0,0,0.0,51,4.5,2651,4.5
"06039","5","23","74","0","2025","A","",322,2281,159723453,23652083,1025934,1347,70026,"",0.69,0.74,0.83,0.67,0.42,1.12,1.12,"",8,2.5,-43,-1.9,2956568,1.9,-676333,-2.8,-45463,-4.2,49,3.8,2556,3.8
"06041","3","23","74","0","2025","A","",1,48,4916554,0,0,1960,101897,"",0.21,0.61,0.75,0.00,0.00,1.22,1.22,"",0,0.0,-82,-63.1,-8774063,-64.1,0,0.0,0,0.0,-61,-3.0,-3213,-3.1
"06041","5","23","74","0","2025","A","",1104,7354,705174183,72926653,2829495,1844,95886,"",1.06,1.26,1.18,1.15,0.88,0.94,0.94,"",31,2.9,-99,-1.3,11321076,1.6,-3243189,-4.3,41690,1.5,54,3.0,2785,3.0
"06043","3","23","74","0","2025","A","",1,28,1889593,0,0,1290,67086,"",4.26,6.43,9.12,0.00,0.00,1.41,1.41,"",0,0.0,-2,-6.7,-150112,-7.4,0,0.0,0,0.0,-18,-1.4,-904,-1.3
"06043","5","23","74","0","2025","A","",63,230,16147525,2717264,120816,1352,70309,"",1.21,0.71,0.86,0.92,0.53,1.21,1.21,"",1,1.6,7,3.1,1700572,11.8,296724,12.3,14626,13.8,104,8.3,5427,8.4
"06045","3","23","74","0","2025","A","",2,65,4420399,0,0,1304,67832,"",1.22,2.85,3.97,0.00,0.00,1.39,1.39,"",1,100.0,6,10.2,776160,21.3,0,0.0,0,0.0,109,9.1,5714,9.2
"06045","5","23","74","0","2025","A","",293,1560,117018927,15770728,710623,1442,74988,"",0.80,0.92,1.15,0.98,0.80,1.25,1.25,"",14,5.0,87,5.9,15341813,15.1,627980,4.1,62067,9.6,114,8.6,5941,8.6
"06047","3","23","74","0","2025","A","",2,78,4850034,0,0,1189,61850,"",0.63,1.28,1.59,0.00,0.00,1.24,1.24,"",0,0.0,2,2.6,389444,8.7,0,0.0,0,0.0,62,5.5,3222,5.5
"06047","5","23","74","0","2025","A","",483,3401,217910442,40512796,1952082,1232,64065,"",0.69,0.75,0.78,0.83,0.62,1.05,1.05,"",38,8.5,43,1.3,12057016,5.9,2156780,5.6,345139,21.5,53,4.5,2766,4.5
"06049","3","23","74","0","2025","A","",1,34,1925749,0,0,1097,57059,"",6.87,17.72,21.17,0.00,0.00,1.20,1.20,"",0,0.0,4,13.3,392691,25.6,0,0.0,0,0.0,130,13.4,6795,13.5
"06049","5","23","74","0","2025","A","N",19,0,0,0,0,0,0,"N",0.59,0,0,0,0,0,0,"N",-1,-5.0,0,0,0,0,0,0,0,0,0,0,0,0
"06051","3","23","74","0","2025","A","",1,27,2246766,0,0,1600,83214,"",3.88,4.63,8.14,0.00,0.00,1.76,1.76,"",0,0.0,-1,-3.6,6544,0.3,0,0.0,0,0.0,70,4.6,3679,4.6
"06051","5","23","74","0","2025","A","",96,474,32191711,5388586,202701,1307,67951,"",1.67,1.09,1.28,1.05,0.56,1.17,1.17,"",0,0.0,-3,-0.6,1309501,4.2,126912,2.4,29555,17.1,63,5.1,3242,5.0
"06053","3","23","74","0","2025","A","",2,170,15592428,0,0,1760,91496,"",0.35,1.20,1.97,0.00,0.00,1.64,1.64,"",0,0.0,6,3.7,1073111,7.4,0,0.0,0,0.0,62,3.7,3188,3.6
"06053","5","23","74","0","2025","A","",1243,7846,630805711,80166552,3258107,1546,80401,"",0.97,0.75,0.88,0.64,0.38,1.17,1.17,"",59,5.0,283,3.7,57391036,10.0,2592068,3.3,303440,10.3,88,6.0,4581,6.0
"06055","5","23","74","0","2025","A","",534,4089,409204614,41247682,1775621,1924,100070,"",1.00,0.98,1.24,0.86,0.67,1.27,1.27,"",17,3.3,-83,-2.0,19654205,5.0,-1365196,-3.2,6711,0.4,128,7.1,6694,7.2
"06057","3","23","74","0","2025","A","",1,44,3587715,0,0,1559,81078,"",0.61,1.79,2.51,0.00,0.00,1.40,1.40,"",0,0.0,6,15.8,421331,13.3,0,0.0,0,0.0,-33,-2.1,-1703,-2.1
"06057","5","23","74","0","2025","A","",636,3508,278546631,39389519,1627444,1527,79413,"",1.75,1.91,2.14,1.96,1.44,1.12,1.12,"",24,3.9,-100,-2.8,878819,0.3,-399658,-1.0,54662,3.5,47,3.2,2445,3.2
"06059","3","23","74","0","2025","A","",9,519,33666156,0,0,1247,64867,"",0.16,0.44,0.38,0.00,0.00,0.87,0.87,"",0,0.0,-17,-3.2,1108241,3.4,0,0.0,0,0.0,79,6.8,4153,6.8
"06059","5","23","74","0","2025","A","",8766,103487,10312821121,1077300409,45306909,1916,99654,"",0.72,1.17,1.28,1.03,0.82,1.09,1.09,"",363,4.3,-1815,-1.7,293429507,2.9,-18529516,-1.7,851475,1.9,86,4.7,4505,4.7
"06061","3","23","74","0","2025","A","",2,152,13800824,0,0,1743,90646,"",0.34,1.14,1.54,0.00,0.00,1.36,1.36,"",0,0.0,-2,-1.3,1035069,8.1,0,0.0,0,0.0,153,9.6,7975,9.6
"06061","5","23","74","0","2025","A","",1756,18862,1720026747,200540547,8924138,1754,91189,"",1.36,1.89,2.11,1.81,1.46,1.12,1.12,"",68,4.0,-400,-2.1,69024901,4.2,-3650010,-1.8,194619,2.2,106,6.4,5475,6.4
"06063","5","23","74","0","2025","A","",109,489,33295037,5055714,258235,1310,68100,"",1.41,1.40,1.40,1.48,1.06,1.00,1.00,"",3,2.8,54,12.4,4593410,16.0,403824,8.7,26312,11.3,41,3.2,2107,3.2
"06065","3","23","74","0","2025","A","",1,11,755976,51900,2231,1352,70323,"",0.03,0.02,0.02,0.07,0.18,1.31,1.31,"",0,0.0,0,0.0,23329,3.2,-7800,-13.1,82,3.8,81,6.4,4220,6.4
"06065","5","23","74","0","2025","A","",6552,70187,5429023894,761681882,32354787,1488,77351,"",0.91,1.57,1.84,1.56,1.21,1.18,1.18,"",361,5.8,-4029,-5.4,4669800,0.1,-35613929,-4.5,942018,3.0,82,5.8,4262,5.8
"06067","3","23","74","0","2025","A","",2,256,25563161,30280,484,1919,99791,"",0.07,0.49,0.68,0.06,0.05,1.38,1.38,"",0,0.0,1,0.4,865073,3.5,-8435,-21.8,-135,-21.8,59,3.2,3062,3.2
"06067","5","23","74","0","2025","A","",3772,44948,4102036807,463879105,21486766,1755,91263,"",0.63,1.16,1.20,1.34,1.12,1.03,1.03,"",202,5.7,-548,-1.2,157061143,4.0,-9871721,-2.1,716434,3.4,87,5.2,4553,5.3
"06069","5","23","74","0","2025","A","",248,1465,112197022,16836250,718457,1473,76594,"",1.54,1.48,1.72,1.56,1.03,1.16,1.16,"",18,7.8,-150,-9.3,-9714759,-8.0,14109,0.1,51865,7.8,21,1.4,1107,1.5
"06071","3","23","74","0","2025","A","",2,365,32423750,0,0,1710,88934,"",0.07,0.60,0.96,0.00,0.00,1.58,1.58,"",0,0.0,5,1.4,2305806,7.7,0,0.0,0,0.0,100,6.2,5196,6.2
"06071","5","23","74","0","2025","A","",4396,39553,3353384624,425508441,18455190,1630,84782,"",0.69,0.88,1.09,0.90,0.73,1.23,1.23,"",191,4.5,-1406,-3.4,78990152,2.4,-14878631,-3.4,512219,2.9,93,6.1,4838,6.1
"06073","3","23","74","0","2025","A","",4,1081,113917039,0,0,2026,105365,"",0.08,0.99,1.38,0.00,0.00,1.40,1.40,"",0,0.0,70,6.9,11879530,11.6,0,0.0,0,0.0,85,4.4,4413,4.4
"06073","5","23","74","0","2025","A","",9255,88469,7774095559,930537118,41009008,1690,87874,"",0.85,1.09,1.04,1.09,0.88,0.95,0.95,"",390,4.4,-1471,-1.6,183436105,2.4,-14596344,-1.5,1423428,3.6,67,4.1,3477,4.1
"06075","3","23","74","0","2025","A","",1,424,54827797,0,0,2486,129260,"",0.04,0.85,0.64,0.00,0.00,0.75,0.75,"",0,0.0,-8,-1.9,272937,0.5,0,0.0,0,0.0,58,2.4,3000,2.4
"06075","5","23","74","0","2025","A","",1939,21752,2802918502,222706551,10471543,2478,128861,"",0.36,0.59,0.36,0.53,0.42,0.61,0.61,"",36,1.9,15,0.1,151968606,5.7,-4840494,-2.1,222565,2.2,133,5.7,6908,5.7
"06077","3","23","74","0","2025","A","",4,418,34834541,149305,3285,1602,83286,"",0.49,2.02,2.99,0.57,0.72,1.48,1.48,"",0,0.0,15,3.7,3316224,10.5,-25205,-14.4,-206,-5.9,98,6.5,5061,6.5
"06077","5","23","74","0","2025","A","",1505,14066,1224872031,150552980,7062316,1675,87082,"",0.82,0.91,1.16,0.90,0.72,1.26,1.26,"",73,5.1,-531,-3.6,20828008,1.7,-3940539,-2.6,85128,1.2,89,5.6,4599,5.6
"06079","3","23","74","0","2025","A","",1,4,192643,70222,4353,839,43617,"",0.24,0.05,0.04,0.66,2.78,0.77,0.77,"",0,0.0,-1,-20.0,-15842,-7.6,21222,43.3,1315,43.3,75,9.8,3906,9.8
"06079","5","23","74","0","2025","A","",1218,8664,733406952,89581931,3738512,1628,84654,"",1.29,1.34,1.64,1.32,1.10,1.22,1.22,"",44,3.7,-156,-1.8,38860443,5.6,-1342571,-1.5,214974,6.1,114,7.5,5909,7.5
"06081","3","23","74","0","2025","A","",5,246,27818481,0,0,2173,113007,"",0.44,0.84,0.50,0.00,0.00,0.60,0.60,"",0,0.0,45,22.4,6302872,29.3,0,0.0,0,0.0,114,5.5,5920,5.5
"06081","5","23","74","0","2025","A","",2104,16088,1748669303,163349714,6428516,2090,108693,"",0.83,0.74,0.35,0.61,0.44,0.47,0.47,"",96,4.8,-264,-1.6,24763890,1.4,954485,0.6,277803,4.5,63,3.1,3267,3.1
"06083","3","23","74","0","2025","A","",1,39,3718077,0,0,1814,94328,"",0.16,0.25,0.38,0.00,0.00,1.47,1.47,"",0,0.0,3,8.3,452022,13.8,0,0.0,0,0.0,61,3.5,3182,3.5
"06083","5","23","74","0","2025","A","",1429,10215,779795273,104276347,3876735,1468,76336,"",1.01,0.90,0.87,0.84,0.57,0.97,0.97,"",45,3.3,-129,-1.2,20773417,2.7,-963749,-0.9,185768,5.0,57,4.0,2956,4.0
"06085","3","23","74","0","2025","A","",3,863,101213263,0,0,2255,117281,"",0.10,1.08,0.68,0.00,0.00,0.63,0.63,"",0,0.0,6,0.7,5207545,5.4,0,0.0,0,0.0,101,4.7,5256,4.7
"06085","5","23","74","0","2025","A","",4429,50659,6215895903,544247465,24482797,2360,122700,"",0.65,0.85,0.46,0.78,0.64,0.54,0.54,"",246,5.9,-618,-1.2,-277622217,-4.3,-10107624,-1.8,1543441,6.7,-75,-3.1,-3937,-3.1
"06087","3","23","74","0","2025","A","",2,381,41573391,0,0,2101,109236,"",0.54,5.12,9.05,0.00,0.00,1.77,1.77,"",0,0.0,2,0.5,2448249,6.3,0,0.0,0,0.0,117,5.9,6071,5.9
"06087","5","23","74","0","2025","A","",967,4971,380462264,49035363,1914473,1472,76531,"",1.18,0.90,0.91,0.82,0.56,1.01,1.01,"",23,2.4,-66,-1.3,10436145,2.8,-1126542,-2.2,101168,5.6,59,4.2,3068,4.2
"06089","3","23","74","0","2025","A","",1,88,7103837,0,0,1555,80879,"",0.32,1.72,2.58,0.00,0.00,1.50,1.50,"",0,0.0,0,0.0,-41797,-0.6,0,0.0,0,0.0,-12,-0.8,-630,-0.8
"06089","5","23","74","0","2025","A","",615,4166,325974311,45283103,2271967,1505,78245,"",0.88,1.10,1.30,1.15,0.99,1.19,1.19,"",25,4.2,3,0.1,13681841,4.4,-932434,-2.0,-174,0.0,62,4.3,3221,4.3
"06091","3","23","74","0","2025","A","",1,15,1180252,132455,4768,1488,77394,"",20.65,34.32,55.26,246.20,510.59,1.58,1.58,"",0,0.0,-1,-6.2,6264,0.5,1254,1.0,45,1.0,120,8.8,6243,8.8
"06091","5","23","74","0","2025","A","N",16,0,0,0,0,0,0,"N",1.48,0,0,0,0,0,0,"N",4,33.3,0,0,0,0,0,0,0,0,0,0,0,0
"06093","3","23","74","0","2025","A","",2,80,4881591,50829,2998,1166,60641,"",3.15,8.10,9.99,4.32,13.27,1.23,1.23,"",0,0.0,-4,-4.8,111554,2.3,-3026,-5.6,198,7.1,67,6.1,3515,6.2
"06093","5","23","74","0","2025","A","",134,567,37677842,5814706,275150,1278,66471,"",0.95,0.77,0.85,0.77,0.56,1.10,1.10,"",2,1.5,-55,-8.8,-6091044,-13.9,-957562,-14.1,-59014,-17.7,-75,-5.5,-3878,-5.5
"06095","3","23","74","0","2025","A","",2,151,14726174,0,0,1875,97524,"",0.39,1.47,2.22,0.00,0.00,1.51,1.51,"",0,0.0,2,1.3,1232953,9.1,0,0.0,0,0.0,129,7.4,6712,7.4
"06095","5","23","74","0","2025","A","",955,11024,1163320425,119730095,5965512,2029,105528,"",0.85,1.45,1.93,1.45,1.30,1.33,1.33,"",33,3.6,37,0.3,41830964,3.7,-259020,-0.2,184850,3.2,66,3.4,3452,3.4
"06097","3","23","74","0","2025","A","",2,175,14954808,53625,2789,1647,85660,"",0.25,1.19,1.58,0.29,0.97,1.33,1.33,"",0,0.0,14,8.7,1232972,9.0,-34790,-39.3,-1985,-41.6,5,0.3,254,0.3
"06097","5","23","74","0","2025","A","",2383,15993,1422574880,162618245,6715855,1711,88952,"",1.36,1.46,1.65,1.36,1.08,1.13,1.13,"",75,3.2,-288,-1.8,31125499,2.2,-2657770,-1.6,197190,3.0,67,4.1,3487,4.1
"06099","3","23","74","0","2025","A","",2,200,17850020,0,0,1718,89325,"",0.31,1.41,2.20,0.00,0.00,1.57,1.57,"",0,0.0,7,3.6,864136,5.1,0,0.0,0,0.0,24,1.4,1239,1.4
"06099","5","23","74","0","2025","A","",1193,11083,872493476,121221893,5525786,1514,78725,"",0.82,1.05,1.18,1.05,0.82,1.13,1.13,"",59,5.2,93,0.8,41576591,5.0,-1108825,-0.9,87591,1.6,60,4.1,3118,4.1
"06101","2","23","74","0","2025","A","",1,37,3519086,0,0,1817,94472,"",1.48,2.38,4.33,0.00,0.00,1.80,1.80,"",0,0.0,-1,-2.6,538602,18.1,0,0.0,0,0.0,299,19.7,15519,19.7
"06101","3","23","74","0","2025","A","",2,26,1558487,41900,1298,1153,59942,"",1.29,1.11,1.32,1.27,2.04,1.19,1.19,"",0,0.0,-3,-10.3,-211692,-12.0,300,0.7,-283,-17.9,-4,-0.3,-234,-0.4
"06101","5","23","74","0","2025","A","",228,1501,110647084,16830701,785549,1417,73703,"",0.66,0.86,1.03,0.80,0.57,1.20,1.20,"",14,6.5,-78,-4.9,1932032,1.8,69264,0.4,71901,10.1,93,7.0,4834,7.0
"06103","5","23","74","0","2025","A","",143,1064,125836938,11945986,654476,2273,118222,"",0.78,1.03,1.87,1.13,0.95,1.82,1.82,"",7,5.1,106,11.1,27351601,27.8,1663800,16.2,125489,23.7,296,15.0,15428,15.0
"06105","5","23","74","0","2025","A","N",23,0,0,0,0,0,0,"N",0.66,0,0,0,0,0,0,"N",3,15.0,0,0,0,0,0,0,0,0,0,0,0,0
"06107","3","23","74","0","2025","A","",1,104,5869868,0,0,1083,56306,"",0.18,0.84,0.98,0.00,0.00,1.17,1.17,"",0,0.0,-105,-50.2,-3628297,-38.2,0,0.0,0,0.0,210,24.1,10896,24.0
"06107","5","23","74","0","2025","A","",802,7239,503222138,70544442,3243379,1337,69519,"",0.66,0.78,0.92,0.65,0.43,1.18,1.18,"",42,5.5,57,0.8,43893630,9.6,-825852,-1.2,239450,8.0,107,8.7,5561,8.7
"06109","3","23","74","0","2025","A","",1,49,3509499,0,0,1366,71019,"",1.47,3.74,5.02,0.00,0.00,1.33,1.33,"",0,0.0,-2,-3.9,-240055,-6.4,0,0.0,0,0.0,-46,-3.3,-2382,-3.2
"06109","5","23","74","0","2025","A","",207,837,63880271,9078048,409394,1468,76313,"",1.37,0.86,1.00,0.98,0.75,1.17,1.17,"",7,3.5,-73,-8.0,-4037031,-5.9,-422732,-4.4,670,0.2,32,2.2,1651,2.2
"06111","3","23","74","0","2025","A","",4,200,15362190,0,0,1475,76683,"",0.35,0.84,1.01,0.00,0.00,1.21,1.21,"",0,0.0,-13,-6.1,-1038048,-6.3,0,0.0,0,0.0,-8,-0.5,-434,-0.6
"06111","5","23","74","0","2025","A","",2632,17679,1418286055,181047349,6924245,1543,80225,"",1.03,0.99,1.02,0.91,0.66,1.03,1.03,"",109,4.3,-200,-1.1,61829998,4.6,-4117823,-2.2,212637,3.2,84,5.8,4356,5.7
"06113","5","23","74","0","2025","A","",463,4902,512245183,55414809,2721872,2009,104487,"",0.71,0.84,1.03,1.06,0.89,1.22,1.22,"",9,2.0,-306,-5.9,-1117303,-0.2,-121468,-0.2,139603,5.4,113,6.0,5915,6.0
"06115","5","23","74","0","2025","A","",155,1009,78203470,13272885,624781,1491,77538,"",0.89,0.91,0.94,1.59,1.25,1.03,1.03,"",11,7.6,36,3.7,5033676,6.9,2139274,19.2,153468,32.6,44,3.0,2312,3.1
"06999","3","23","74","0","2025","A","",1,6,628091,0,0,2101,109233,"",0.04,0.01,0.01,0.00,0.00,0.79,0.79,"",0,0.0,1,20.0,77969,14.2,0,0.0,0,0.0,20,1.0,1012,0.9
"06999","5","23","74","0","2025","A","",2293,16867,2046841271,186214210,8602114,2334,121354,"",0.38,0.54,0.38,0.40,0.28,0.72,0.72,"",102,4.7,12,0.1,146057639,7.7,51885,0.0,240679,2.9,165,7.6,8583,7.6
"08000","2","23","54","0","2025","A","",63,3290,272314066,0,0,1592,82766,"",1.66,2.42,2.60,0.00,0.00,1.07,1.07,"",0,0.0,66,2.0,14166088,5.5,0,0.0,0,0.0,52,3.4,2691,3.4
"08000","3","23","54","0","2025","A","",8,102,7436345,4126757,58974,1409,73264,"",0.09,0.05,0.05,0.47,0.69,0.99,0.99,"",0,0.0,-9,-8.1,-723612,-8.9,-39736,-1.0,35500,151.2,-3,-0.2,-139,-0.2
"08000","5","23","54","0","2025","A","",21171,184736,15746843650,6063991285,172702826,1639,85240,"",1.09,1.21,1.13,1.09,0.93,0.94,0.94,"",-531,-2.4,-2474,-1.3,509944321,3.3,603707356,11.1,32926683,23.6,74,4.7,3851,4.7
"08001","2","23","74","0","2025","A","",1,74,5752409,0,0,1502,78087,"",0.46,0.63,0.71,0.00,0.00,1.13,1.13,"",0,0.0,-1,-1.3,65308,1.1,0,0.0,0,0.0,44,3.0,2259,3.0
"08001","5","23","74","0","2025","A","",1931,26316,2275913569,894194214,29610961,1663,86485,"",1.75,1.99,2.12,1.97,1.90,1.06,1.06,"",-25,-1.3,-214,-0.8,44256131,2.0,108426469,13.8,7361902,33.1,45,2.8,2368,2.8
"08003","2","23","74","0","2025","A","",1,58,4307145,0,0,1418,73731,"",10.52,15.11,24.21,0.00,0.00,1.59,1.59,"",0,0.0,0,0.0,181770,4.4,0,0.0,0,0.0,46,3.4,2399,3.4
"08003","5","23","74","0","2025","A","N",50,0,0,0,0,0,0,"N",1.03,0,0,0,0,0,0,"N",-1,-2.0,0,0,0,0,0,0,0,0,0,0,0,0
"08005","2","23","74","0","2025","A","",1,202,16224158,0,0,1544,80284,"",0.25,1.26,1.24,0.00,0.00,0.99,0.99,"",0,0.0,2,1.0,638594,4.1,0,0.0,0,0.0,49,3.3,2551,3.3
"08005","5","23","74","0","2025","A","",2106,24049,2318034955,799214303,20473641,1854,96388,"",1.04,1.33,1.34,1.17,0.89,1.01,1.01,"",-58,-2.7,-655,-2.7,60600071,2.7,73313062,10.1,3987761,24.2,97,5.5,5009,5.5
"08007","2","23","74","0","2025","A","",1,8,545700,0,0,1272,66145,"",9.57,3.47,5.03,0.00,0.00,1.40,1.40,"",0,0.0,1,14.3,15224,2.9,0,0.0,0,0.0,-119,-8.6,-6193,-8.6
"08007","3","23","74","0","2025","A","",1,4,149445,149445,299,766,39852,"",4.18,1.15,0.95,8.36,2.35,0.88,0.88,"",0,0.0,0,0.0,18189,13.9,18189,13.9,37,14.1,135,21.4,7038,21.4
"08007","5","23","74","0","2025","A","",89,503,33199531,15868206,466975,1270,66047,"",1.67,1.94,2.31,1.39,1.69,1.19,1.19,"",-12,-11.9,-60,-10.7,-3146669,-8.7,290813,1.9,66607,16.6,29,2.3,1498,2.3
"08009","2","23","74","0","2025","A","",1,8,505204,0,0,1214,63150,"",53.47,14.62,24.55,0.00,0.00,1.68,1.68,"",0,0.0,0,0.0,25739,5.4,0,0.0,0,0.0,61,5.3,3217,5.4
"08009","5","23","74","0","2025","A","",13,59,3092873,1971602,40861,1004,52200,"",1.36,0.96,1.13,0.81,1.13,1.18,1.18,"",-1,-7.1,8,15.7,562021,22.2,436839,28.5,5954,17.1,48,5.0,2494,5.0
"08011","2","23","74","0","2025","A","",1,4,252199,0,0,1265,65791,"",69.97,7.26,10.38,0.00,0.00,1.49,1.49,"",0,0.0,-1,-20.0,-14434,-5.4,0,0.0,0,0.0,146,13.0,7617,13.1
"08011","5","23","74","0","2025","A","N",2,0,0,0,0,0,0,"N",0.27,0,0,0,0,0,0,"N",-1,-33.3,0,0,0,0,0,0,0,0,0,0,0,0
"08013","2","23","74","0","2025","A","",1,40,3420994,0,0,1648,85703,"",0.35,0.44,0.41,0.00,0.00,0.92,0.92,"",0,0.0,2,5.3,196367,6.1,0,0.0,0,0.0,37,2.3,1946,2.3
"08013","5","23","74","0","2025","A","",772,5062,415734678,159471258,3921856,1579,82130,"",0.53,0.50,0.38,0.46,0.32,0.75,0.75,"",-62,-7.4,-402,-7.4,-10718661,-2.5,5158586,3.3,394028,11.2,78,5.2,4089,5.2
"08014","5","23","74","0","2025","A","N",186,0,0,0,0,0,0,"N",0.67,0,0,0,0,0,0,"N",3,1.6,0,0,0,0,0,0,0,0,0,0,0,0
"08015","2","23","74","0","2025","A","",1,25,1741788,0,0,1353,70375,"",5.23,5.69,7.95,0.00,0.00,1.41,1.41,"",0,0.0,2,8.7,103856,6.3,0,0.0,0,0.0,-12,-0.9,-582,-0.8
"08015","5","23","74","0","2025","A","",172,719,52546910,21676904,459492,1405,73049,"",1.76,1.45,1.81,1.31,0.99,1.24,1.24,"",-6,-3.4,9,1.3,3549648,7.2,2588689,13.6,69922,17.9,78,5.9,4023,5.8
"08017","2","23","74","0","2025","A","",1,6,391296,0,0,1173,60981,"",69.97,17.77,21.39,0.00,0.00,1.13,1.13,"",0,0.0,0,0.0,11592,3.1,0,0.0,0,0.0,20,1.7,1028,1.7
"08017","5","23","74","0","2025","A","N",6,0,0,0,0,0,0,"N",0.82,0,0,0,0,0,0,"N",0,0.0,0,0,0,0,0,0,0,0,0,0,0,0
"08019","2","23","74","0","2025","A","",1,29,2912976,0,0,1926,100160,"",16.28,17.99,28.69,0.00,0.00,1.59,1.59,"",0,0.0,-1,-3.3,24917,0.9,0,0.0,0,0.0,70,3.8,3623,3.8
"08019","5","23","74","0","2025","A","",30,76,5966091,2662954,107414,1500,77988,"",0.96,0.42,0.44,0.39,0.48,1.05,1.05,"",-1,-3.2,-10,-11.6,-364554,-5.8,13648,0.5,14040,15.0,84,5.9,4376,5.9
"08021","2","23","74","0","2025","A","",1,6,480202,0,0,1458,75821,"",32.89,7.74,15.73,0.00,0.00,1.92,1.93,"",0,0.0,0,0.0,17454,3.8,0,0.0,0,0.0,15,1.0,781,1.0
"08021","5","23","74","0","2025","A","",23,143,7841040,3840858,73452,1054,54801,"",1.48,1.64,1.94,1.25,0.92,1.18,1.18,"",1,4.5,3,2.1,794183,11.3,480162,14.3,7472,11.3,85,8.8,4436,8.8
"08023","2","23","74","0","2025","A","",1,3,179681,0,0,1257,65339,"",56.70,6.91,10.57,0.00,0.00,1.67,1.67,"",0,0.0,0,0.0,-8472,-4.5,0,0.0,0,0.0,51,4.2,2621,4.2
"08023","5","23","74","0","2025","A","N",4,0,0,0,0,0,0,"N",0.44,0,0,0,0,0,0,"N",-1,-20.0,0,0,0,0,0,0,0,0,0,0,0,0
"08025","2","23","74","0","2025","A","",1,5,302571,0,0,1225,63699,"",91.35,9.49,10.97,0.00,0.00,1.22,1.22,"",0,0.0,1,25.0,59938,24.7,0,0.0,0,0.0,34,2.9,1750,2.8
"08025","5","23","74","0","2025","A","N",4,0,0,0,0,0,0,"N",0.72,0,0,0,0,0,0,"N",0,0.0,0,0,0,0,0,0,0,0,0,0,0,0
"08027","2","23","74","0","2025","A","",1,3,248144,0,0,1468,76352,"",31.32,6.22,11.99,0.00,0.00,1.78,1.78,"",0,0.0,-1,-25.0,-15697,-5.9,0,0.0,0,0.0,200,15.8,10392,15.8
"08027","5","23","74","0","2025","A","",29,77,4023542,2224211,57850,1006,52310,"",1.78,1.42,1.47,1.14,1.24,1.04,1.04,"",-2,-6.5,1,1.3,339266,9.2,336981,17.9,10793,22.9,80,8.6,4150,8.6
"08029","2","23","74","0","2025","A","",1,16,1166294,0,0,1359,70684,"",6.38,3.87,6.17,0.00,0.00,1.55,1.55,"",0,0.0,-1,-5.9,29715,2.6,0,0.0,0,0.0,67,5.2,3497,5.2
"08029","5","23","74","0","2025","A","",134,622,38914576,18685385,448811,1203,62572,"",1.68,1.33,1.55,1.08,1.11,1.16,1.16,"",-2,-1.5,35,6.0,5141717,15.2,2610397,16.2,76099,20.4,97,8.8,5045,8.8
"08031","2","23","74","0","2025","A","",1,939,85258814,0,0,1747,90830,"",0.15,3.56,3.31,0.00,0.00,0.93,0.93,"",0,0.0,17,1.8,4822136,6.0,0,0.0,0,0.0,69,4.1,3588,4.1
"08031","3","23","74","0","2025","A","",1,2,172797,172797,345,1662,86398,"",0.07,0.01,0.00,0.10,0.02,0.92,0.92,"",0,0.0,0,0.0,4417,2.6,4417,2.6,10,3.0,43,2.7,2208,2.6
"08031","5","23","74","0","2025","A","",1858,21866,2185009431,735798481,21074450,1922,99925,"",0.56,0.74,0.64,0.64,0.51,0.87,0.87,"",-90,-4.6,-206,-0.9,121451260,5.9,81429280,12.4,4443187,26.7,124,6.9,6433,6.9
"08033","2","23","74","0","2025","A","",1,7,489270,0,0,1298,67486,"",67.12,28.31,52.31,0.00,0.00,1.78,1.78,"",0,0.0,-1,-12.5,-56641,-10.4,0,0.0,0,0.0,-42,-3.1,-2205,-3.2
"08033","5","23","74","0","2025","A","",6,15,712913,414437,32369,899,46748,"",0.79,0.54,0.58,0.37,1.53,1.05,1.05,"",1,20.0,1,7.1,-34412,-4.6,8283,2.0,4496,16.1,-140,-13.5,-7275,-13.5
"08035","2","23","74","0","2025","A","",1,22,1673763,0,0,1480,76955,"",0.40,0.31,0.29,0.00,0.00,0.95,0.95,"",0,0.0,2,10.0,193562,13.1,0,0.0,0,0.0,26,1.8,1370,1.8
"08035","5","23","74","0","2025","A","",1125,10789,1003046140,359559101,10291059,1788,92970,"",0.89,1.36,1.32,1.17,0.98,0.97,0.97,"",-23,-2.0,-350,-3.1,-3566798,-0.4,29276883,8.9,2004772,24.2,50,2.9,2603,2.9
"08037","2","23","74","0","2025","A","",1,83,7075058,0,0,1646,85585,"",1.68,4.96,6.85,0.00,0.00,1.39,1.39,"",0,0.0,2,2.5,459557,6.9,0,0.0,0,0.0,69,4.4,3575,4.4
"08037","3","23","74","0","2025","A","",1,3,276895,276895,554,1775,92298,"",0.73,0.12,0.18,2.10,0.53,1.56,1.56,"",0,0.0,0,0.0,21965,8.6,21965,8.6,45,8.8,141,8.6,7321,8.6
"08037","5","23","74","0","2025","A","",636,3720,311125847,120716600,3027585,1608,83627,"",2.09,1.97,2.27,1.44,1.34,1.15,1.15,"",-12,-1.9,-10,-0.3,17320871,5.9,12943775,12.0,781091,34.8,93,6.1,4868,6.2
"08039","2","23","74","0","2025","A","",1,2,122682,0,0,1089,56622,"",7.41,0.83,0.86,0.00,0.00,0.96,0.96,"",0,0.0,0,0.0,24100,24.4,0,0.0,0,0.0,6,0.6,289,0.5
"08039","5","23","74","0","2025","A","",190,1210,88045892,39184426,1040949,1400,72785,"",2.76,4.45,4.67,3.09,2.93,1.05,1.05,"",-5,-2.6,192,18.9,20144734,29.7,9866926,33.7,383130,58.2,118,9.2,6095,9.1
"08041","2","23","74","0","2025","A","",1,101,7964203,0,0,1520,79049,"",0.26,0.70,0.85,0.00,0.00,1.22,1.22,"",0,0.0,3,3.1,517634,7.0,0,0.0,0,0.0,54,3.7,2804,3.7
"08041","5","23","74","0","2025","A","",2076,17024,1281658223,543493817,17138064,1448,75286,"",1.06,1.04,1.03,1.01,0.95,0.99,0.99,"",-66,-3.1,-713,-4.0,-7512789,-0.6,32098245,6.3,1847335,12.1,50,3.6,2604,3.6
"08043","2","23","74","0","2025","A","",1,12,775567,0,0,1243,64631,"",5.89,1.76,2.17,0.00,0.00,1.24,1.24,"",0,0.0,0,0.0,50684,7.0,0,0.0,0,0.0,81,7.0,4224,7.0
"08043","5","23","74","0","2025","A","",142,726,45416131,22040085,780335,1203,62549,"",1.64,0.94,0.96,1.17,1.32,1.02,1.02,"",-14,-9.0,-79,-9.8,-2680896,-5.6,-468279,-2.1,-102392,-11.6,54,4.7,2801,4.7
"08045","2","23","74","0","2025","A","",1,74,5984525,0,0,1566,81422,"",2.17,5.65,7.39,0.00,0.00,1.32,1.32,"",0,0.0,2,2.8,193287,3.3,0,0.0,0,0.0,17,1.1,895,1.1
"08045","5","23","74","0","2025","A","",639,3858,287222993,122933437,3134604,1432,74452,"",2.71,2.61,2.68,2.33,2.01,1.02,1.02,"",3,0.5,103,2.7,18754994,7.0,16055252,15.0,454074,16.9,57,4.1,2961,4.1
"08047","2","23","74","0","2025","A","",1,4,350065,0,0,1683,87516,"",28.98,1.78,2.46,0.00,0.00,1.39,1.39,"",0,0.0,0,0.0,29373,9.2,0,0.0,0,0.0,38,2.3,1998,2.3
"08047","5","23","74","0","2025","A","",24,60,4235381,2129948,49863,1350,70200,"",1.36,0.24,0.22,0.17,0.18,0.95,0.94,"",-2,-7.7,-4,-6.2,-6552,-0.2,234519,12.4,12440,33.2,80,6.3,4178,6.3
"08049","2","23","74","0","2025","A","",1,18,1620960,0,0,1716,89227,"",6.62,4.67,8.39,0.00,0.00,1.78,1.78,"",0,0.0,3,20.0,294430,22.2,0,0.0,0,0.0,52,3.1,2714,3.1
"08049","5","23","74","0","2025","A","",188,804,59628214,24904727,675824,1426,74126,"",2.44,1.85,2.33,1.43,1.57,1.26,1.26,"",3,1.6,19,2.4,4967155,9.1,2806868,12.7,145386,27.4,86,6.4,4457,6.4
"08051","2","23","74","0","2025","A","",1,11,775155,0,0,1325,68903,"",4.91,2.48,3.37,0.00,0.00,1.33,1.33,"",0,0.0,1,10.0,95274,14.0,0,0.0,0,0.0,-16,-1.2,-828,-1.2
"08051","5","23","74","0","2025","A","",248,944,63975982,30263299,650033,1304,67801,"",2.39,1.89,2.10,1.56,1.27,1.11,1.11,"",-2,-0.8,-61,-6.1,595277,0.9,1499038,5.2,26685,4.3,91,7.5,4736,7.5
"08053","2","23","74","0","2025","A","",1,4,249377,0,0,1279,66501,"",85.42,28.17,48.76,0.00,0.00,1.85,1.85,"",0,0.0,0,0.0,-37699,-13.1,0,0.0,0,0.0,-20,-1.5,-1046,-1.5
"08053","5","23","74","0","2025","A","N",10,0,0,0,0,0,0,"N",1.68,0,0,0,0,0,0,"N",0,0.0,0,0,0,0,0,0,0,0,0,0,0,0
"08055","2","23","74","0","2025","A","",1,17,1165243,0,0,1305,67878,"",33.39,19.55,30.73,0.00,0.00,1.56,1.56,"",0,0.0,0,0.0,1443,0.1,0,0.0,0,0.0,20,1.6,1057,1.6
"08055","5","23","74","0","2025","A","",18,55,3118904,1551420,56883,1099,57140,"",1.18,0.56,0.62,0.46,0.65,1.11,1.11,"",-4,-18.2,3,5.8,416057,15.4,97328,6.7,3960,7.5,99,9.9,5162,9.9
"08057","2","23","74","0","2025","A","",1,6,396520,0,0,1326,68960,"",72.28,22.91,32.06,0.00,0.00,1.46,1.46,"",0,0.0,0,0.0,12243,3.2,0,0.0,0,0.0,2,0.2,134,0.2
"08057","5","23","74","0","2025","A","N",6,0,0,0,0,0,0,"N",0.85,0,0,0,0,0,0,"N",-2,-25.0,0,0,0,0,0,0,0,0,0,0,0,0
"08059","2","23","74","0","2025","A","",1,204,18836330,0,0,1779,92486,"",0.26,1.76,2.12,0.00,0.00,1.21,1.21,"",0,0.0,11,5.7,1518423,8.8,0,0.0,0,0.0,52,3.0,2678,3.0
"08059","5","23","74","0","2025","A","",2140,17699,1566957951,583940914,15775936,1703,88534,"",1.10,1.35,1.33,1.25,1.02,0.99,0.99,"",-30,-1.4,-192,-1.1,62443015,4.2,41799255,7.7,3058853,24.1,86,5.3,4443,5.3
"08061","2","23","74","0","2025","A","",1,6,362724,0,0,1213,63082,"",126.49,26.05,37.98,0.00,0.00,1.52,1.52,"",0,0.0,0,0.0,4900,1.4,0,0.0,0,0.0,66,5.8,3445,5.8
"08061","5","23","74","0","2025","A","N",4,0,0,0,0,0,0,"N",0.99,0,0,0,0,0,0,"N",1,33.3,0,0,0,0,0,0,0,0,0,0,0,0
"08063","2","23","74","0","2025","A","",1,14,849045,0,0,1209,62892,"",20.43,9.78,12.83,0.00,0.00,1.36,1.36,"",0,0.0,1,7.7,72179,9.3,0,0.0,0,0.0,22,1.9,1154,1.9
"08063","5","23","74","0","2025","A","",21,94,5110280,2947492,101324,1051,54655,"",0.84,0.58,0.58,0.54,0.67,1.01,1.01,"",-1,-4.5,-2,-2.1,181778,3.7,55988,1.9,27627,37.5,63,6.4,3272,6.4
"08065","2","23","74","0","2025","A","",1,6,435171,0,0,1477,76795,"",22.68,4.31,5.34,0.00,0.00,1.31,1.31,"",0,0.0,-2,-25.0,-157718,-26.6,0,0.0,0,0.0,-43,-2.8,-2257,-2.9
"08065","5","23","74","0","2025","A","",46,165,10840300,5077771,144593,1266,65832,"",2.05,1.05,1.00,0.79,0.93,0.96,0.96,"",-2,-4.2,-11,-6.2,38429,0.4,69701,1.4,17852,14.1,89,7.6,4603,7.5
"08067","2","23","74","0","2025","A","",1,139,11436906,0,0,1581,82231,"",2.12,10.82,15.10,0.00,0.00,1.39,1.39,"",0,0.0,2,1.5,625371,5.8,0,0.0,0,0.0,60,3.9,3122,3.9
"08067","5","23","74","0","2025","A","",362,2002,137094672,62232983,1746403,1317,68467,"",1.51,1.38,1.37,1.06,1.14,0.99,0.99,"",2,0.6,92,4.8,10390432,8.2,7255799,13.2,285171,19.5,41,3.2,2138,3.2
"08069","2","23","74","0","2025","A","",1,45,3030295,0,0,1290,67091,"",0.43,0.56,0.54,0.00,0.00,0.96,0.96,"",0,0.0,0,0.0,-77009,-2.5,0,0.0,0,0.0,-28,-2.1,-1452,-2.1
"08069","5","23","74","0","2025","A","",1371,10845,852901066,349916037,8998127,1512,78647,"",1.15,1.20,1.15,1.20,0.96,0.96,0.96,"",-65,-4.5,-224,-2.0,29911226,3.6,37148189,11.9,1572575,21.2,82,5.7,4296,5.8
"08071","2","23","74","0","2025","A","",1,22,1514837,0,0,1304,67829,"",11.75,10.10,16.21,0.00,0.00,1.58,1.58,"",0,0.0,0,0.0,38193,2.6,0,0.0,0,0.0,18,1.4,962,1.4
"08071","5","23","74","0","2025","A","",34,149,7306535,4497944,144688,941,48928,"",0.78,0.61,0.59,0.53,0.74,0.97,0.97,"",-3,-8.1,-19,-11.3,-198873,-2.6,97251,2.2,-2682,-1.8,83,9.7,4319,9.7
"08073","2","23","74","0","2025","A","",1,34,2300042,0,0,1317,68488,"",39.15,33.04,44.34,0.00,0.00,1.36,1.36,"",0,0.0,-2,-5.6,-101083,-4.2,0,0.0,0,0.0,25,1.9,1324,2.0
"08073","5","23","74","0","2025","A","N",11,0,0,0,0,0,0,"N",0.84,0,0,0,0,0,0,"N",0,0.0,0,0,0,0,0,0,0,0,0,0,0,0
"08075","2","23","74","0","2025","A","",1,33,2271188,0,0,1337,69526,"",10.21,9.03,12.87,0.00,0.00,1.44,1.44,"",0,0.0,1,3.1,-12611,-0.6,0,0.0,0,0.0,-14,-1.0,-745,-1.1
"08075","5","23","74","0","2025","A","",51,349,21931834,11578671,691108,1208,62797,"",1.02,0.85,0.94,1.01,1.94,1.11,1.11,"",0,0.0,64,22.5,5967601,37.4,4372032,60.7,386332,126.8,129,12.0,6700,11.9
"08077","2","23","74","0","2025","A","",1,185,14642161,0,0,1522,79147,"",1.16,5.88,8.54,0.00,0.00,1.45,1.45,"",0,0.0,8,4.5,1005488,7.4,0,0.0,0,0.0,42,2.8,2212,2.9
"08077","5","23","74","0","2025","A","",656,5024,369694872,160641470,5294036,1415,73589,"",1.49,1.42,1.63,1.51,1.44,1.15,1.15,"",-19,-2.8,-98,-1.9,21979439,6.3,20583215,14.7,715347,15.6,110,8.4,5706,8.4
"08079","2","23","74","0","2025","A","",1,3,214583,0,0,1376,71528,"",78.30,10.51,17.46,0.00,0.00,1.66,1.66,"",0,0.0,0,0.0,9656,4.7,0,0.0,0,0.0,-102,-6.9,-5320,-6.9
"08079","5","23","74","0","2025","A","N",5,0,0,0,0,0,0,"N",0.77,0,0,0,0,0,0,"N",-2,-28.6,0,0,0,0,0,0,0,0,0,0,0,0
"08081","2","23","74","0","2025","A","",1,48,3645784,0,0,1458,75822,"",14.11,22.41,31.20,0.00,0.00,1.39,1.39,"",0,0.0,0,0.0,21323,0.6,0,0.0,0,0.0,13,0.9,704,0.9
"08081","5","23","74","0","2025","A","N",59,0,0,0,0,0,0,"N",1.63,0,0,0,0,0,0,"N",1,1.7,0,0,0,0,0,0,0,0,0,0,0,0
"08083","2","23","74","0","2025","A","",1,20,1276722,0,0,1254,65194,"",6.45,4.56,6.59,0.00,0.00,1.48,1.48,"",0,0.0,3,17.6,180981,16.5,0,0.0,0,0.0,-17,-1.3,-881,-1.3
"08083","3","23","74","0","2025","A","",2,74,6078620,3527620,57776,1573,81775,"",5.63,11.16,21.57,130.58,265.10,1.93,1.92,"",0,0.0,-12,-14.0,-774780,-11.3,-84307,-2.3,35408,158.3,33,2.1,1696,2.1
"08083","5","23","74","0","2025","A","",103,436,21274725,11961046,397861,938,48777,"",1.30,0.88,0.83,0.69,0.84,0.94,0.94,"",6,6.2,-31,-6.6,-477153,-2.2,333103,2.9,-960,-0.2,42,4.7,2174,4.7
"08085","2","23","74","0","2025","A","",1,24,1807430,0,0,1428,74278,"",3.79,2.92,4.32,0.00,0.00,1.46,1.46,"",0,0.0,0,0.0,73632,4.2,0,0.0,0,0.0,14,1.0,760,1.0
"08085","5","23","74","0","2025","A","",296,2211,139423826,68840226,1807336,1212,63050,"",2.20,2.39,2.51,2.30,1.82,1.05,1.05,"",8,2.8,146,7.1,14128698,11.3,11098783,19.2,344549,23.6,45,3.9,2387,3.9
"08087","2","23","74","0","2025","A","",1,28,1789929,0,0,1252,65088,"",7.42,4.50,5.41,0.00,0.00,1.22,1.22,"",0,0.0,1,3.7,50307,2.9,0,0.0,0,0.0,21,1.7,1053,1.6
"08087","5","23","74","0","2025","A","",103,784,59723554,24753719,596773,1466,76227,"",1.50,1.12,1.36,1.05,0.94,1.22,1.22,"",-3,-2.8,51,7.0,7663344,14.7,4352293,21.3,193194,47.9,100,7.3,5171,7.3
"08089","2","23","74","0","2025","A","",1,16,1122996,0,0,1343,69824,"",12.95,5.64,8.89,0.00,0.00,1.57,1.57,"",0,0.0,-1,-5.9,23057,2.1,0,0.0,0,0.0,86,6.8,4481,6.9
"08089","3","23","74","0","2025","A","",3,18,758588,0,0,792,41190,"",16.95,4.19,4.13,0.00,0.00,0.96,0.96,"",0,0.0,1,5.9,6597,0.9,0,0.0,0,0.0,-80,-9.2,-4156,-9.2
"08089","5","23","74","0","2025","A","",33,188,10194816,5856950,145365,1044,54300,"",0.84,0.59,0.61,0.59,0.61,1.04,1.04,"",0,0.0,-2,-1.1,-851469,-7.7,429491,7.9,64413,79.6,-76,-6.8,-3915,-6.7
"08091","2","23","74","0","2025","A","",1,12,875917,0,0,1454,75619,"",16.95,11.63,17.73,0.00,0.00,1.58,1.58,"",0,0.0,0,0.0,58458,7.2,0,0.0,0,0.0,126,9.5,6538,9.5
"08091","5","23","74","0","2025","A","",44,147,10076136,4517589,126572,1317,68506,"",1.46,1.27,1.54,0.85,0.88,1.22,1.22,"",3,7.3,-2,-1.3,-53590,-0.5,409847,10.0,24603,24.1,13,1.0,711,1.0
"08093","2","23","74","0","2025","A","",1,20,1659766,0,0,1557,80964,"",9.57,13.63,21.17,0.00,0.00,1.52,1.52,"",0,0.0,0,0.0,91019,5.8,0,0.0,0,0.0,16,1.0,858,1.1
"08093","5","23","74","0","2025","A","",126,276,17257049,8202228,168211,1204,62582,"",2.37,1.67,1.66,1.10,0.93,1.00,1.00,"",-8,-6.0,-14,-4.8,-908465,-5.0,586233,7.7,28465,20.4,0,0.0,-40,-0.1
"08095","2","23","74","0","2025","A","",1,8,478823,0,0,1151,59853,"",35.55,9.49,11.88,0.00,0.00,1.25,1.25,"",0,0.0,1,14.3,67692,16.5,0,0.0,0,0.0,60,5.5,3145,5.5
"08095","5","23","74","0","2025","A","",13,45,1832531,1250583,20503,785,40798,"",0.91,0.47,0.34,0.32,0.33,0.73,0.73,"",-1,-7.1,-6,-11.8,-152659,-7.7,61473,5.2,617,3.1,38,5.1,1936,5.0
"08097","5","23","74","0","2025","A","",143,758,80221444,25520831,534573,2035,105833,"",0.90,0.81,0.96,0.55,0.37,1.19,1.19,"",-5,-3.4,-17,-2.2,3654894,4.8,2877733,12.7,80149,17.6,135,7.1,7059,7.1
"08099","2","23","74","0","2025","A","",1,27,2120127,0,0,1534,79754,"",16.78,12.23,22.72,0.00,0.00,1.89,1.89,"",0,0.0,1,3.8,220122,11.6,0,0.0,0,0.0,138,9.9,7142,9.8
"08099","5","23","74","0","2025","A","",30,132,5442744,3614742,88898,793,41259,"",0.99,0.53,0.44,0.40,0.50,0.83,0.83,"",0,0.0,-3,-2.2,187914,3.6,587039,19.4,47597,115.2,44,5.9,2310,5.9
"08101","2","23","74","0","2025","A","",1,175,13906363,0,0,1532,79655,"",1.71,6.05,9.03,0.00,0.00,1.49,1.49,"",0,0.0,6,3.6,960760,7.4,0,0.0,0,0.0,55,3.7,2864,3.7
"08101","5","23","74","0","2025","A","N",406,0,0,0,0,0,0,"N",1.36,0,0,0,0,0,0,"N",-34,-7.7,0,0,0,0,0,0,0,0,0,0,0,0
"08103","2","23","74","0","2025","A","",1,10,673258,0,0,1233,64120,"",24.73,7.44,8.52,0.00,0.00,1.09,1.09,"",0,0.0,1,11.1,89474,15.3,0,0.0,0,0.0,41,3.4,2125,3.4
"08103","5","23","74","0","2025","A","N",24,0,0,0,0,0,0,"N",1.16,0,0,0,0,0,0,"N",-2,-7.7,0,0,0,0,0,0,0,0,0,0,0,0
"08105","2","23","74","0","2025","A","",1,15,1016786,0,0,1296,67411,"",13.23,7.24,10.63,0.00,0.00,1.46,1.46,"",0,0.0,-1,-6.2,-7240,-0.7,0,0.0,0,0.0,72,5.9,3741,5.9
"08105","5","23","74","0","2025","A","",56,181,8497731,4917947,137501,902,46884,"",1.45,0.78,0.67,0.60,0.54,0.86,0.86,"",0,0.0,4,2.3,422581,5.2,536101,12.2,25965,23.3,23,2.6,1176,2.6
"08107","2","23","74","0","2025","A","",1,21,1509343,0,0,1361,70750,"",3.13,2.74,3.34,0.00,0.00,1.20,1.20,"",0,0.0,1,5.0,101702,7.2,0,0.0,0,0.0,-15,-1.1,-825,-1.2
"08107","5","23","74","0","2025","A","",345,1533,113962273,48437270,1535459,1430,74356,"",2.12,1.77,1.90,1.44,1.54,1.07,1.07,"",-11,-3.1,31,2.1,7709810,7.3,6309437,15.0,176462,13.0,69,5.1,3604,5.1
"08109","2","23","74","0","2025","A","",1,10,669061,0,0,1320,68622,"",28.47,12.74,21.02,0.00,0.00,1.69,1.69,"",0,0.0,0,0.0,-2303,-0.3,0,0.0,0,0.0,29,2.2,1486,2.2
"08109","5","23","74","0","2025","A","N",23,0,0,0,0,0,0,"N",1.28,0,0,0,0,0,0,"N",3,15.0,0,0,0,0,0,0,0,0,0,0,0,0
"08111","2","23","74","0","2025","A","",1,4,315681,0,0,1428,74278,"",68.51,18.95,36.72,0.00,0.00,1.82,1.82,"",0,0.0,-1,-20.0,-19510,-5.8,0,0.0,0,0.0,47,3.4,2451,3.4
"08111","5","23","74","0","2025","A","N",9,0,0,0,0,0,0,"N",1.21,0,0,0,0,0,0,"N",1,12.5,0,0,0,0,0,0,0,0,0,0,0,0
"08113","2","23","74","0","2025","A","",1,4,241390,0,0,1137,59116,"",8.34,1.40,1.52,0.00,0.00,1.07,1.07,"",0,0.0,1,33.3,41454,20.7,0,0.0,0,0.0,-110,-8.8,-5728,-8.8
"08113","5","23","74","0","2025","A","",86,503,39067469,15621562,371999,1494,77682,"",1.41,1.56,1.86,0.93,0.69,1.19,1.19,"",-4,-4.4,-17,-3.3,1886500,5.1,1087569,7.5,37387,11.2,120,8.7,6226,8.7
"08115","2","23","74","0","2025","A","",1,8,510217,0,0,1266,65834,"",69.97,24.17,36.61,0.00,0.00,1.56,1.56,"",0,0.0,0,0.0,6839,1.4,0,0.0,0,0.0,30,2.4,1573,2.4
"08115","5","23","74","0","2025","A","N",4,0,0,0,0,0,0,"N",0.55,0,0,0,0,0,0,"N",-1,-20.0,0,0,0,0,0,0,0,0,0,0,0,0
"08117","2","23","74","0","2025","A","",1,96,8947877,0,0,1791,93126,"",2.64,9.08,15.42,0.00,0.00,1.70,1.70,"",0,0.0,-1,-1.0,229350,2.6,0,0.0,0,0.0,61,3.5,3167,3.5
"08117","5","23","74","0","2025","A","",317,1251,102387186,40293440,1222088,1574,81844,"",1.64,1.05,1.33,0.87,0.94,1.27,1.27,"",-11,-3.4,21,1.7,5824772,6.0,4786009,13.5,245161,25.1,64,4.2,3349,4.3
"08119","2","23","74","0","2025","A","",1,12,830569,0,0,1322,68737,"",6.19,3.15,4.33,0.00,0.00,1.37,1.37,"",0,0.0,1,9.1,145117,21.2,0,0.0,0,0.0,76,6.1,3970,6.1
"08119","5","23","74","0","2025","A","",133,361,20122358,10144101,210049,1073,55779,"",1.62,0.84,0.79,0.63,0.54,0.94,0.94,"",-1,-0.7,-20,-5.2,811002,4.2,503001,5.2,6248,3.1,99,10.2,5137,10.1
"08121","2","23","74","0","2025","A","",1,7,374503,0,0,1094,56887,"",42.71,12.27,15.72,0.00,0.00,1.36,1.36,"",0,0.0,1,16.7,37661,11.2,0,0.0,0,0.0,-33,-2.9,-1694,-2.9
"08121","5","23","74","0","2025","A","N",11,0,0,0,0,0,0,"N",0.92,0,0,0,0,0,0,"N",1,10.0,0,0,0,0,0,0,0,0,0,0,0,0
"08123","2","23","74","0","2025","A","",1,236,19462818,0,0,1588,82586,"",0.67,4.07,5.26,0.00,0.00,1.30,1.30,"",0,0.0,1,0.4,845796,4.5,0,0.0,0,0.0,67,4.4,3505,4.4
"08123","5","23","74","0","2025","A","",1308,13978,1119821291,468367523,12213972,1541,80114,"",1.73,2.14,2.29,1.90,1.61,1.07,1.07,"",20,1.6,487,3.6,79105330,7.6,66290366,16.5,3409094,38.7,57,3.8,2970,3.8
"08125","2","23","74","0","2025","A","",1,14,853461,0,0,1179,61327,"",15.51,7.36,9.64,0.00,0.00,1.32,1.32,"",0,0.0,2,16.7,117592,16.0,0,0.0,0,0.0,39,3.4,2062,3.5
"08125","5","23","74","0","2025","A","",32,139,8956478,4260242,69104,1238,64396,"",0.97,0.65,0.76,0.47,0.43,1.18,1.18,"",2,6.7,-5,-3.5,573645,6.8,557584,15.1,20085,41.0,120,10.7,6283,10.8
"08999","2","23","74","0","2025","A","",1,0,0,0,0,0,0,"",1.44,0.00,0.00,0.00,0.00,0.00,0.00,"",0,0.0,0,0.0,-24238,-100.0,0,0.0,0,0.0,-1119,-100.0,-58171,-100.0
"08999","5","23","74","0","2025","A","",49,219,26172456,10406421,387888,2298,119509,"",0.14,0.13,0.10,0.11,0.11,0.77,0.77,"",3,6.5,-65,-22.9,-9331663,-26.3,-1384442,-11.7,-28160,-6.8,-110,-4.6,-5689,-4.5
"09000","3","23","54","0","2025","A","",171,4087,325522085,981310,10793,1532,79651,"",3.29,3.39,3.38,0.23,0.26,0.99,0.99,"",0,0.0,30,0.7,19638161,6.4,-172998,-15.0,-2109,-16.3,82,5.7,4256,5.6
"09000","5","23","54","0","2025","A","N",9731,0,0,0,0,0,0,"N",0.84,0,0,0,0,0,0,"N",-11,-0.1,0,0,0,0,0,0,0,0,0,0,0,0
"09110","3","23","74","0","2025","A","",39,1213,98669782,160753,1767,1564,81332,"",3.00,3.20,3.50,0.12,0.14,1.09,1.09,"",0,0.0,-14,-1.1,5050196,5.4,-57824,-26.5,-637,-26.5,97,6.6,5027,6.6
"09110","5","23","74","0","2025","A","",2344,19189,1857576699,616677578,24975361,1862,96806,"",0.81,0.68,0.72,0.74,0.90,1.06,1.06,"",5,0.2,398,2.1,128004822,7.4,41288561,7.2,3431075,15.9,92,5.2,4764,5.2
"09120","3","23","74","0","2025","A","",7,317,28491024,0,0,1729,89901,"",1.81,3.85,5.04,0.00,0.00,1.31,1.31,"",0,0.0,7,2.3,1847109,6.9,0,0.0,0,0.0,75,4.5,3884,4.5
"09120","5","23","74","0","2025","A","N",651,0,0,0,0,0,0,"N",0.76,0,0,0,0,0,0,"N",-19,-2.8,0,0,0,0,0,0,0,0,0,0,0,0
"09130","3","23","74","0","2025","A","N",17,0,0,0,0,0,0,"N",7.09,0,0,0,0,0,0,"N",0,0.0,0,0,0,0,0,0,0,0,0,0,0,0
"09130","5","23","74","0","2025","A","N",582,0,0,0,0,0,0,"N",1.09,0,0,0,0,0,0,"N",-2,-0.3,0,0,0,0,0,0,0,0,0,0,0,0
"09140","3","23","74","0","2025","A","",19,514,40601240,0,0,1518,78940,"",3.99,4.52,5.57,0.00,0.00,1.23,1.23,"",0,0.0,-2,-0.4,2363569,6.2,0,0.0,0,0.0,94,6.6,4872,6.6
"09140","5","23","74","0","2025","A","N",1186,0,0,0,0,0,0,"N",1.12,0,0,0,0,0,0,"N",22,1.9,0,0,0,0,0,0,0,0,0,0,0,0
"09150","3","23","74","0","2025","A","N",18,0,0,0,0,0,0,"N",17.02,0,0,0,0,0,0,"N",0,0.0,0,0,0,0,0,0,0,0,0,0,0,0
"09150","5","23","74","0","2025","A","N",284,0,0,0,0,0,0,"N",1.21,0,0,0,0,0,0,"N",9,3.3,0,0,0,0,0,0,0,0,0,0,0,0
"09160","3","23","74","0","2025","A","N",20,0,0,0,0,0,0,"N",12.10,0,0,0,0,0,0,"N",0,0.0,0,0,0,0,0,0,0,0,0,0,0,0
"09160","5","23","74","0","2025","A","N",488,0,0,0,0,0,0,"N",1.33,0,0,0,0,0,0,"N",15,3.2,0,0,0,0,0,0,0,0,0,0,0,0
"09170","3","23","74","0","2025","A","",15,539,42860665,0,0,1528,79482,"",2.04,2.72,3.07,0.00,0.00,1.13,1.13,"",0,0.0,-1,-0.2,923457,2.2,0,0.0,0,0.0,34,2.3,1785,2.3
"09170","5","23","74","0","2025","A","",1356,10393,906003044,323296570,13654886,1676,87177,"",0.83,0.70,0.71,0.84,1.02,1.01,1.01,"",6,0.4,163,1.6,48073361,5.6,23396865,7.8,2161343,18.8,63,3.9,3313,4.0
"09180","3","23","74","0","2025","A","",19,327,24416174,0,0,1436,74667,"",5.92,3.58,4.08,0.00,0.00,1.14,1.14,"",0,0.0,0,0.0,1651814,7.3,0,0.0,0,0.0,99,7.4,5140,7.4
"09180","5","23","74","0","2025","A","N",672,0,0,0,0,0,0,"N",0.94,0,0,0,0,0,0,"N",17,2.6,0,0,0,0,0,0,0,0,0,0,0,0
"09190","3","23","74","0","2025","A","",17,546,48430052,0,0,1706,88727,"",1.43,2.65,1.97,0.00,0.00,0.74,0.74,"",0,0.0,-3,-0.5,4223646,9.6,0,0.0,0,0.0,157,10.1,8169,10.1
"09190","5","23","74","0","2025","A","N",1933,0,0,0,0,0,0,"N",0.73,0,0,0,0,0,0,"N",35,1.8,0,0,0,0,0,0,0,0,0,0,0,0
"09999","5","23","74","0","2025","A","N",236,0,0,0,0,0,0,"N",0.37,0,0,0,0,0,0,"N",-99,-29.6,0,0,0,0,0,0,0,0,0,0,0,0
"10000","2","23","54","0","2025","A","",7,1525,77060233,0,0,971,50517,"",0.97,6.74,4.93,0.00,0.00,0.73,0.73,"",0,0.0,44,3.0,5188451,7.2,0,0.0,0,0.0,38,4.1,1982,4.1
"10000","5","23","54","0","2025","A","N",3765,0,0,0,0,0,0,"N",1.03,0,0,0,0,0,0,"N",7,0.2,0,0,0,0,0,0,0,0,0,0,0,0
"10001","2","23","74","0","2025","A","N",3,0,0,0,0,0,0,"N",3.26,0,0,0,0,0,0,"N",0,0.0,0,0,0,0,0,0,0,0,0,0,0,0
"10001","5","23","74","0","2025","A","N",506,0,0,0,0,0,0,"N",1.08,0,0,0,0,0,0,"N",7,1.4,0,0,0,0,0,0,0,0,0,0,0,0
"10003","2","23","74","0","2025","A","N",1,0,0,0,0,0,0,"N",0.23,0,0,0,0,0,0,"N",0,0.0,0,0,0,0,0,0,0,0,0,0,0,0
"10003","5","23","74","0","2025","A","",2044,15187,1286355459,245469900,1888895,1629,84703,"",0.92,0.94,0.88,0.89,0.59,0.94,0.94,"",7,0.3,450,3.1,69617593,5.7,38383498,18.5,719494,61.5,41,2.6,2139,2.6
"10005","2","23","74","0","2025","A","N",2,0,0,0,0,0,0,"N",1.13,0,0,0,0,0,0,"N",0,0.0,0,0,0,0,0,0,0,0,0,0,0,0
"10005","5","23","74","0","2025","A","N",1149,0,0,0,0,0,0,"N",1.28,0,0,0,0,0,0,"N",-6,-0.5,0,0,0,0,0,0,0,0,0,0,0,0
"10999","2","23","74","0","2025","A","N",1,0,0,0,0,0,0,"N",6.06,0,0,0,0,0,0,"N",0,0.0,0,0,0,0,0,0,0,0,0,0,0,0
"10999","5","23","74","0","2025","A","N",67,0,0,0,0,0,0,"N",0.80,0,0,0,0,0,0,"N",0,0.0,0,0,0,0,0,0,0,0,0,0,0,0
"11000","3","23","54","0","2025","A","N",3,0,0,0,0,0,0,"N",0.17,0,0,0,0,0,0,"N",0,0.0,0,0,0,0,0,0,0,0,0,0,0,0
"11000","5","23","54","0","2025","A","N",1331,0,0,0,0,0,0,"N",0.33,0,0,0,0,0,0,"N",-27,-2.0,0,0,0,0,0,0,0,0,0,0,0,0
"11001","3","23","74","0","2025","A","N",3,0,0,0,0,0,0,"N",0.17,0,0,0,0,0,0,"N",0,0.0,0,0,0,0,0,0,0,0,0,0,0,0
"11001","5","23","74","0","2025","A","N",1331,0,0,0,0,0,0,"N",0.33,0,0,0,0,0,0,"N",-27,-2.0,0,0,0,0,0,0,0,0,0,0,0,0
"12000","2","23","54","0","2025","A","",42,3878,286721947,387765,10471,1422,73942,"",0.32,0.83,0.92,0.03,0.88,1.11,1.11,"",4,10.5,59,1.5,7045451,2.5,208735,116.6,5636,116.6,14,1.0,714,1.0
"12000","3","23","54","0","2025","A","",5,33,2248918,286645,2764,1324,68844,"",0.02,0.00,0.00,0.03,0.10,1.07,1.07,"",-1,-16.7,-7,-17.5,-609223,-21.3,-72576,-20.2,-5278,-65.6,-65,-4.7,-3362,-4.7
"12000","5","23","54","0","2025","A","",86820,654978,48272024652,6620780441,38400602,1417,73700,"",1.29,1.25,1.17,1.07,0.64,0.94,0.94,"",1884,2.2,7097,1.1,2750525835,6.0,42762373,0.7,-17269246,-31.0,66,4.9,3438,4.9
"12001","2","23","74","0","2025","A","",1,59,3688038,0,0,1207,62775,"",0.81,0.89,0.92,0.00,0.00,1.04,1.04,"",0,0.0,3,5.4,26361,0.7,0,0.0,0,0.0,-60,-4.7,-3102,-4.7
"12001","5","23","74","0","2025","A","",694,5850,379191163,57687044,282824,1247,64822,"",1.10,0.78,0.71,0.89,0.56,0.91,0.91,"",30,4.5,146,2.6,27791948,7.9,2355177,4.3,-133294,-32.0,62,5.2,3222,5.2
"12003","5","23","74","0","2025","A","",82,528,30433104,6465736,45494,1109,57693,"",2.00,1.34,1.50,1.74,1.60,1.12,1.12,"",-1,-1.2,41,8.4,4836406,18.9,1389914,27.4,2740,6.4,99,9.8,5169,9.8
"12005","2","23","74","0","2025","A","",1,16,1183949,0,0,1446,75171,"",0.96,0.41,0.60,0.00,0.00,1.48,1.48,"",0,0.0,1,6.7,113644,10.6,0,0.0,0,0.0,89,6.6,4601,6.5
"12005","5","23","74","0","2025","A","",966,6926,447041873,70374947,415576,1241,64550,"",1.82,1.57,1.70,1.39,0.98,1.08,1.08,"",-13,-1.3,-11,-0.2,28230691,6.7,-2386589,-3.3,-169394,-29.0,80,6.9,4176,6.9
"12007","5","23","74","0","2025","A","",74,349,24877526,3285029,10658,1372,71350,"",1.72,1.03,1.34,1.00,0.42,1.30,1.31,"",2,2.8,15,4.5,4605204,22.7,-19900,-0.6,-14233,-57.2,204,17.5,10609,17.5
"12009","2","23","74","0","2025","A","",2,43,2929644,11500,311,1298,67477,"",0.70,0.38,0.39,0.04,1.26,1.04,1.04,"",0,0.0,0,0.0,9639,0.3,11500,100.0,311,100.0,0,0.0,-38,-0.1
"12009","5","23","74","0","2025","A","",2071,16152,1148961685,157673159,954035,1368,71134,"",1.42,1.25,1.17,1.08,0.77,0.93,0.93,"",10,0.5,-678,-4.0,-15958533,-1.4,-14929317,-8.6,-687227,-41.9,37,2.8,1918,2.8
"12011","2","23","74","0","2025","A","",1,471,37097962,0,0,1514,78750,"",0.08,1.16,1.34,0.00,0.00,1.15,1.15,"",0,0.0,-2,-0.4,1373861,3.8,0,0.0,0,0.0,60,4.1,3157,4.2
"12011","5","23","74","0","2025","A","",6700,53173,4292194341,526551729,3113364,1552,80721,"",1.07,1.16,1.17,0.97,0.57,1.00,1.00,"",118,1.8,-577,-1.1,232475922,5.7,-16426145,-3.0,-2102204,-40.3,100,6.9,5191,6.9
"12013","5","23","74","0","2025","A","",35,242,11751454,2365488,6638,934,48543,"",1.73,1.41,1.43,1.60,0.55,1.02,1.02,"",-1,-2.8,-2,-0.8,379461,3.3,-5491,-0.2,-3802,-36.4,38,4.2,1952,4.2
"12015","2","23","74","0","2025","A","",1,3,228610,0,0,1649,85729,"",1.10,0.11,0.17,0.00,0.00,1.70,1.70,"N",1,100.0,0,0,0,0,0,0,0,0,0,0,0,0
"12015","5","23","74","0","2025","A","",996,5148,309147464,55235589,310046,1155,60052,"",2.14,1.70,1.72,1.52,0.98,1.01,1.01,"",39,4.1,-317,-5.8,-9743683,-3.1,-2044879,-3.6,-127195,-29.1,33,2.9,1700,2.9
"12017","5","23","74","0","2025","A","",503,3072,178108929,29948214,143202,1115,57972,"",1.76,1.65,1.76,1.43,0.76,1.07,1.07,"",15,3.1,-29,-0.9,8026929,4.7,-319691,-1.1,-41171,-22.3,60,5.7,3126,5.7
"12019","2","23","74","0","2025","A","",1,1,104521,7000,189,2010,104521,"",1.22,0.04,0.07,0.09,2.75,1.86,1.86,"",1,100.0,1,100.0,72240,223.8,0,0.0,0,0.0,520,34.9,27047,34.9
"12019","5","23","74","0","2025","A","",794,4484,278090982,46637322,260692,1193,62012,"",1.89,1.47,1.38,1.27,0.75,0.94,0.94,"",10,1.3,-70,-1.5,11547891,4.3,-706330,-1.5,-120374,-31.6,67,6.0,3486,6.0
"12021","5","23","74","0","2025","A","",2766,20113,1408563855,204471387,953055,1347,70034,"",1.93,2.20,2.04,1.78,0.94,0.93,0.93,"",110,4.1,-590,-2.8,6184091,0.4,-6107867,-2.9,-388754,-29.0,44,3.4,2297,3.4
"12023","2","23","74","0","2025","A","",1,383,28450734,0,0,1429,74316,"",3.70,32.82,50.00,0.00,0.00,1.52,1.52,"",0,0.0,3,0.8,331048,1.2,0,0.0,0,0.0,4,0.3,219,0.3
"12023","5","23","74","0","2025","A","N",205,0,0,0,0,0,0,"N",1.49,0,0,0,0,0,0,"N",12,6.2,0,0,0,0,0,0,0,0,0,0,0,0
"12027","2","23","74","0","2025","A","",1,12,615603,0,0,1029,53531,"",8.63,2.59,2.80,0.00,0.00,1.13,1.13,"",0,0.0,-4,-25.0,-300750,-32.8,0,0.0,0,0.0,-61,-5.6,-3151,-5.6
"12027","5","23","74","0","2025","A","",160,948,56544566,9833007,76554,1146,59615,"",2.71,1.82,1.94,1.63,1.42,1.07,1.07,"",18,12.7,86,10.0,12686291,28.9,1097901,12.6,-1259,-1.6,167,17.1,8716,17.1
"12029","5","23","74","0","2025","A","",38,167,8090938,1789344,8939,934,48570,"",1.80,1.06,0.99,1.17,1.06,0.94,0.94,"",-3,-7.3,19,12.8,1438077,21.6,53623,3.1,-6537,-42.2,71,8.2,3694,8.2
"12031","2","23","74","0","2025","A","",1,125,10404041,0,0,1595,82956,"",0.19,0.47,0.57,0.00,0.00,1.20,1.20,"",0,0.0,0,0.0,11084,0.1,0,0.0,0,0.0,-1,-0.1,-22,0.0
"12031","5","23","74","0","2025","A","",3808,39668,3227648821,395396732,2115807,1565,81367,"",1.43,1.34,1.34,1.16,0.70,1.00,1.00,"",34,0.9,1326,3.5,310112369,10.6,13235559,3.5,-892093,-29.7,102,7.0,5274,6.9
"12033","5","23","74","0","2025","A","",1061,9456,661223755,90857759,457076,1345,69930,"",1.42,1.22,1.26,1.09,0.56,1.04,1.04,"",-12,-1.1,117,1.3,66390722,11.2,-78086,-0.1,-196197,-30.0,120,9.8,6237,9.8
"12035","5","23","74","0","2025","A","",511,2199,119144690,21049117,118104,1042,54181,"",1.93,1.45,1.39,1.30,0.84,0.95,0.95,"",-3,-0.6,-54,-2.4,2853796,2.5,-1226573,-5.5,-43554,-26.9,49,4.9,2555,4.9
"12037","5","23","74","0","2025","A","",49,294,12888361,2560367,17773,842,43801,"",1.52,1.58,1.41,1.36,1.13,0.89,0.89,"",-1,-2.0,-4,-1.3,159100,1.2,-180457,-6.6,-1991,-10.1,20,2.4,1061,2.5
"12039","2","23","74","0","2025","A","",1,48,3220095,0,0,1301,67673,"",7.50,6.63,9.71,0.00,0.00,1.48,1.48,"",0,0.0,2,4.3,150408,4.9,0,0.0,0,0.0,31,2.4,1658,2.5
"12039","5","23","74","0","2025","A","",146,1506,101785516,15168958,50443,1299,67568,"",2.15,1.85,2.32,1.44,0.41,1.25,1.25,"",-1,-0.7,-38,-2.5,1743343,1.7,-670002,-4.2,-59359,-54.1,53,4.3,2770,4.3
"12041","5","23","74","0","2025","A","",65,392,22168362,3843500,23733,1087,56528,"",2.17,1.93,2.06,2.00,1.47,1.06,1.06,"",-1,-1.5,2,0.5,964177,4.5,185390,5.1,-8108,-25.5,43,4.1,2228,4.1
"12043","5","23","74","0","2025","A","N",27,0,0,0,0,0,0,"N",1.68,0,0,0,0,0,0,"N",0,0.0,0,0,0,0,0,0,0,0,0,0,0,0
"12045","5","23","74","0","2025","A","",96,338,17326288,2976011,12982,985,51223,"",2.33,1.39,1.17,1.20,0.42,0.84,0.84,"",1,1.1,-42,-11.1,-772020,-4.3,-777492,-20.7,-8283,-39.0,69,7.5,3617,7.6
"12047","5","23","74","0","2025","A","N",25,0,0,0,0,0,0,"N",1.26,0,0,0,0,0,0,"N",1,4.2,0,0,0,0,0,0,0,0,0,0,0,0
"12049","5","23","74","0","2025","A","",63,322,16115704,3393381,21609,961,49997,"",1.36,0.84,0.81,0.81,0.53,0.96,0.96,"",5,8.6,-3,-0.9,-158967,-1.0,-263772,-7.2,-6703,-23.7,-1,-0.1,-15,0.0
"12051","2","23","74","0","2025","A","",1,18,1141330,0,0,1225,63702,"",6.08,3.03,3.75,0.00,0.00,1.24,1.24,"",0,0.0,0,0.0,-25673,-2.2,0,0.0,0,0.0,12,1.0,621,1.0
"12051","5","23","74","0","2025","A","",202,1585,104180956,17181554,105111,1264,65719,"",2.41,2.37,2.58,2.32,1.01,1.09,1.09,"",26,14.8,178,12.7,17193536,19.8,2304847,15.5,-22639,-17.7,75,6.3,3883,6.3
"12053","2","23","74","0","2025","A","",1,47,3004947,0,0,1221,63485,"",1.41,1.98,2.66,0.00,0.00,1.34,1.34,"",0,0.0,1,2.2,-14547,-0.5,0,0.0,0,0.0,-46,-3.6,-2395,-3.6
"12053","5","23","74","0","2025","A","",654,3522,193479523,33509777,224963,1056,54933,"",1.81,1.32,1.29,1.09,0.88,0.98,0.98,"",8,1.2,-212,-5.7,-11918635,-5.8,-5529965,-14.2,-126254,-35.9,-2,-0.2,-68,-0.1
"12055","2","23","74","0","2025","A","",1,25,1671121,0,0,1307,67978,"",2.55,1.85,2.69,0.00,0.00,1.48,1.48,"",0,0.0,2,8.7,164962,11.0,0,0.0,0,0.0,29,2.3,1530,2.3
"12055","5","23","74","0","2025","A","",293,1676,92041246,16862851,101259,1056,54914,"",1.47,1.10,1.12,1.09,0.75,1.01,1.01,"",-8,-2.7,-172,-9.3,-3677340,-3.8,-1163864,-6.5,-74039,-42.2,60,6.0,3107,6.0
"12057","2","23","74","0","2025","A","",1,415,29950682,0,0,1389,72228,"",0.11,1.11,1.12,0.00,0.00,1.01,1.01,"",0,0.0,1,0.2,-59968,-0.2,0,0.0,0,0.0,-3,-0.2,-174,-0.2
"12057","3","23","74","0","2025","A","",1,4,147432,43079,43,724,37642,"",0.05,0.01,0.00,0.06,0.02,0.55,0.55,"",-1,-50.0,0,0.0,-23845,-13.9,6169,16.7,5,13.2,-22,-2.9,-1138,-2.9
"12057","5","23","74","0","2025","A","",5664,52688,4253369996,545600551,3206489,1552,80728,"",1.27,1.25,1.20,1.10,0.74,0.96,0.96,"",133,2.4,1030,2.0,204372147,5.0,14392345,2.7,-1770593,-35.6,45,3.0,2348,3.0
"12059","2","23","74","0","2025","A","",1,45,2982753,0,0,1272,66161,"",16.78,26.37,43.43,0.00,0.00,1.64,1.64,"",0,0.0,1,2.3,53872,1.8,0,0.0,0,0.0,6,0.5,343,0.5
"12059","5","23","74","0","2025","A","",71,329,14355883,2977043,12120,838,43602,"",2.34,1.71,1.58,1.99,0.86,0.92,0.92,"",-4,-5.3,-12,-3.5,509341,3.7,-266156,-8.2,-9643,-44.3,56,7.2,2947,7.2
"12061","5","23","74","0","2025","A","",769,4965,303959629,49450228,226691,1177,61215,"",1.69,1.63,1.46,1.40,0.73,0.90,0.90,"",18,2.4,6,0.1,15509594,5.4,-353255,-0.7,-109417,-32.6,58,5.2,3050,5.2
"12063","2","23","74","0","2025","A","",1,46,2810350,0,0,1164,60546,"",6.46,6.78,8.93,0.00,0.00,1.30,1.30,"",0,0.0,2,4.5,59648,2.2,0,0.0,0,0.0,-31,-2.6,-1617,-2.6
"12063","5","23","74","0","2025","A","",100,1114,73637481,11288554,30314,1272,66122,"",1.27,1.46,1.77,1.68,0.52,1.21,1.21,"",4,4.2,14,1.3,7097058,10.7,758450,7.2,-16881,-35.8,109,9.4,5654,9.4
"12065","5","23","74","0","2025","A","N",48,0,0,0,0,0,0,"N",1.62,0,0,0,0,0,0,"N",1,2.1,0,0,0,0,0,0,0,0,0,0,0,0
"12067","5","23","74","0","2025","A","N",14,0,0,0,0,0,0,"N",1.22,0,0,0,0,0,0,"N",0,0.0,0,0,0,0,0,0,0,0,0,0,0,0
"12069","2","23","74","0","2025","A","",2,46,3410110,82296,2222,1441,74947,"",1.20,0.83,1.23,0.56,17.33,1.51,1.51,"",0,0.0,6,15.0,547175,19.1,-4535,-5.2,-123,-5.2,62,4.5,3224,4.5
"12069","5","23","74","0","2025","A","",1516,11804,843517002,122291902,660311,1374,71461,"",1.78,1.88,2.31,1.72,1.02,1.23,1.23,"",62,4.3,-421,-3.4,-47729714,-5.4,-7670915,-5.9,-219955,-25.0,-28,-2.0,-1441,-2.0
"12071","2","23","74","0","2025","A","",1,72,4944422,0,0,1321,68673,"",0.23,0.51,0.60,0.00,0.00,1.18,1.18,"",0,0.0,-3,-4.0,-328551,-6.2,0,0.0,0,0.0,-25,-1.9,-1322,-1.9
"12071","5","23","74","0","2025","A","",5178,40312,2693981671,404971226,2351603,1285,66829,"",2.29,2.52,2.46,2.07,1.07,0.98,0.98,"",178,3.6,-1136,-2.7,-3583608,-0.1,-17317151,-4.1,-816654,-25.8,33,2.6,1746,2.7
"12073","2","23","74","0","2025","A","",1,12,106278,0,0,175,9110,"",0.60,0.15,0.02,0.00,0.00,0.15,0.15,"",0,0.0,-5,-29.4,-44718,-29.6,0,0.0,0,0.0,2,1.2,140,1.6
"12073","5","23","74","0","2025","A","",906,7519,490667866,75997372,439045,1255,65257,"",1.07,0.86,0.80,1.00,0.67,0.93,0.93,"",-9,-1.0,241,3.3,40273624,8.9,4416198,6.2,-80772,-15.5,65,5.5,3370,5.4
"12075","2","23","74","0","2025","A","",1,32,1949351,0,0,1153,59980,"",5.85,7.51,10.75,0.00,0.00,1.41,1.41,"",0,0.0,3,10.3,163098,9.1,0,0.0,0,0.0,-21,-1.8,-1088,-1.8
"12075","5","23","74","0","2025","A","",202,917,48472348,9944165,91055,1016,52850,"",2.32,1.91,2.02,1.91,1.58,1.06,1.06,"",25,14.1,62,7.3,5549419,12.9,1121525,12.7,3082,3.5,50,5.2,2628,5.2
"12077","5","23","74","0","2025","A","",22,178,12546542,1747759,5199,1358,70618,"",2.12,1.76,2.19,2.20,1.31,1.25,1.25,"",-2,-8.3,8,4.7,2057282,19.6,159170,10.0,-3057,-37.0,168,14.1,8734,14.1
"12079","5","23","74","0","2025","A","N",36,0,0,0,0,0,0,"N",1.08,0,0,0,0,0,0,"N",-2,-5.3,0,0,0,0,0,0,0,0,0,0,0,0
"12081","5","23","74","0","2025","A","",1969,13949,944384615,151412181,980543,1302,67705,"",1.72,1.81,1.79,1.56,1.09,0.99,0.99,"",65,3.4,957,7.4,59871106,6.8,12513720,9.0,-195731,-16.6,-7,-0.5,-375,-0.6
"12083","2","23","74","0","2025","A","",1,34,2289743,0,0,1311,68181,"",0.63,0.59,0.80,0.00,0.00,1.36,1.36,"",0,0.0,2,6.2,40876,1.8,0,0.0,0,0.0,-23,-1.7,-1193,-1.7
"12083","5","23","74","0","2025","A","",1437,10557,650297802,102580623,580824,1185,61599,"",1.79,1.64,1.72,1.42,0.98,1.05,1.05,"",47,3.4,745,7.6,68621144,11.8,7026718,7.4,-135549,-18.9,45,3.9,2316,3.9
"12085","5","23","74","0","2025","A","",960,7924,532288567,83991440,437373,1292,67175,"",1.62,1.93,1.93,1.71,0.97,1.00,1.00,"",18,1.9,602,8.2,76117424,16.7,11389200,15.7,-127105,-22.5,94,7.8,4876,7.8
"12086","2","23","74","0","2025","A","",2,419,31719755,0,0,1456,75688,"",0.11,0.70,0.71,0.00,0.00,1.01,1.01,"",0,0.0,2,0.5,650047,2.1,-15877,-100.0,-429,-100.0,22,1.5,1106,1.5
"12086","5","23","74","0","2025","A","",8444,59555,4469825340,593837095,3580979,1443,75054,"",0.89,0.88,0.75,0.74,0.38,0.85,0.85,"",223,2.7,2204,3.8,444891289,11.1,30073639,5.3,-1902235,-34.7,93,6.9,4874,6.9
"12087","5","23","74","0","2025","A","",565,3351,222473795,35253025,173546,1277,66384,"",1.47,1.34,1.33,1.14,0.70,0.99,0.99,"",0,0.0,23,0.7,15852461,7.7,167760,0.5,-35673,-17.1,83,7.0,4300,6.9
"12089","5","23","74","0","2025","A","",399,1929,110419807,20458689,124804,1101,57247,"",1.71,1.31,1.18,1.27,0.76,0.90,0.90,"",3,0.8,97,5.3,9711040,9.6,1514247,8.0,-3082,-2.4,44,4.2,2275,4.1
"12091","5","23","74","0","2025","A","",806,4127,255115208,41346792,237167,1189,61815,"",1.39,0.87,0.78,0.81,0.61,0.90,0.90,"",-24,-2.9,-187,-4.3,2125150,0.8,-2385137,-5.5,-77427,-24.6,61,5.4,3164,5.4
"12093","5","23","74","0","2025","A","",170,938,53067049,9587924,55712,1088,56575,"",2.01,1.42,1.49,1.32,1.12,1.05,1.05,"",-2,-1.2,32,3.5,7237692,15.8,-155218,-1.6,-25531,-31.4,115,11.8,5995,11.9
"12095","2","23","74","0","2025","A","",1,47,3377990,0,0,1392,72386,"",0.12,0.10,0.12,0.00,0.00,1.12,1.12,"",0,0.0,1,2.2,-34896,-1.0,0,0.0,0,0.0,-30,-2.1,-1539,-2.1
"12095","5","23","74","0","2025","A","",5288,46573,3717034289,460947672,3133607,1535,79811,"",1.23,0.92,0.97,0.79,0.66,1.05,1.05,"",77,1.5,-584,-1.2,107838350,3.0,-10197549,-2.2,-1562567,-33.3,63,4.3,3275,4.3
"12097","5","23","74","0","2025","A","",1224,7429,498745376,75520772,474251,1291,67136,"",1.49,1.19,1.35,1.08,0.73,1.13,1.13,"",37,3.1,337,4.8,72808491,17.1,2902142,4.0,-292720,-38.2,136,11.8,7079,11.8
"12099","2","23","74","0","2025","A","",1,93,6204658,0,0,1282,66657,"",0.09,0.30,0.26,0.00,0.00,0.89,0.89,"",0,0.0,2,2.2,211686,3.5,0,0.0,0,0.0,16,1.3,800,1.2
"12099","5","23","74","0","2025","A","",6422,43138,3443969503,437051320,2484720,1535,79837,"",1.18,1.21,1.10,0.96,0.55,0.90,0.90,"",9,0.1,-233,-0.5,118535048,3.6,-7995565,-1.8,-1048030,-29.7,61,4.1,3163,4.1
"12101","2","23","74","0","2025","A","",1,5,242587,122901,3319,982,51071,"",0.43,0.07,0.06,0.67,19.26,0.96,0.96,"",1,100.0,4,400.0,228595,1633.8,108909,778.4,2941,778.0,521,113.0,27085,112.9
"12101","5","23","74","0","2025","A","",1783,13018,821778484,133705603,961634,1214,63126,"",1.51,1.64,1.65,1.51,1.11,1.01,1.01,"",61,3.5,1083,9.1,107791035,15.1,10072087,8.1,-76162,-7.3,64,5.6,3305,5.5
"12103","2","23","74","0","2025","A","",1,26,1961330,0,0,1465,76168,"",0.16,0.13,0.15,0.00,0.00,1.17,1.17,"",0,0.0,0,0.0,9478,0.5,0,0.0,0,0.0,49,3.5,2513,3.4
"12103","3","23","74","0","2025","A","",1,15,1564848,148279,148,1963,102055,"",0.07,0.05,0.08,0.35,0.13,1.64,1.64,"",0,0.0,-7,-31.8,-574610,-26.9,-34921,-19.1,-4029,-96.5,100,5.4,5174,5.3
"12103","5","23","74","0","2025","A","",3740,26119,1801642149,271441988,1583433,1326,68978,"",1.17,1.12,1.01,1.00,0.65,0.90,0.90,"",152,4.2,1441,5.8,201065996,12.6,15102635,5.9,-421179,-21.0,79,6.3,4119,6.4
"12105","2","23","74","0","2025","A","",2,388,29782628,126813,3424,1476,76726,"",0.76,3.12,4.52,0.37,13.74,1.45,1.45,"",0,0.0,27,7.5,2193864,8.0,118533,1431.6,3200,1428.6,6,0.4,268,0.4
"12105","3","23","74","0","2025","A","",1,9,473459,95287,2573,1051,54630,"",0.17,0.05,0.05,0.37,4.45,1.07,1.07,"",0,0.0,3,50.0,136700,40.6,4245,4.7,116,4.7,15,1.4,749,1.4
"12105","5","23","74","0","2025","A","",2216,15770,1072387573,162557943,1057255,1308,68001,"",1.65,1.12,1.23,0.99,0.84,1.09,1.09,"",38,1.7,305,2.0,47473935,4.6,-1692306,-1.0,-477096,-31.1,33,2.6,1727,2.6
"12107","2","23","74","0","2025","A","",1,4,402609,0,0,1822,94732,"",4.16,0.48,0.99,0.00,0.00,1.92,1.92,"",0,0.0,-2,-33.3,-143788,-26.3,0,0.0,0,0.0,118,6.9,6127,6.9
"12107","5","23","74","0","2025","A","N",298,0,0,0,0,0,0,"N",2.43,0,0,0,0,0,0,"N",8,2.8,0,0,0,0,0,0,0,0,0,0,0,0
"12109","2","23","74","0","2025","A","",1,31,2052945,0,0,1284,66762,"",0.59,0.65,0.76,0.00,0.00,1.17,1.17,"",0,0.0,1,3.3,71248,3.6,0,0.0,0,0.0,7,0.5,336,0.5
"12109","5","23","74","0","2025","A","",1027,5860,421554290,60359147,353033,1383,71938,"",1.18,1.10,1.18,0.98,0.59,1.07,1.07,"",31,3.1,-216,-3.6,-19779516,-4.5,-1802502,-2.9,-144341,-29.0,-14,-1.0,-693,-1.0
"12111","2","23","74","0","2025","A","",1,76,5133093,0,0,1300,67615,"",0.73,1.76,2.36,0.00,0.00,1.35,1.35,"",0,0.0,0,0.0,159127,3.2,0,0.0,0,0.0,40,3.2,2096,3.2
"12111","5","23","74","0","2025","A","",1405,7470,446835907,74660560,468174,1150,59817,"",2.01,1.53,1.55,1.34,0.91,1.01,1.01,"",48,3.5,333,4.7,43254650,10.7,2958515,4.1,-167189,-26.3,63,5.8,3273,5.8
"12113","2","23","74","0","2025","A","",1,56,3690151,0,0,1277,66390,"",1.41,2.68,3.61,0.00,0.00,1.36,1.36,"",0,0.0,1,1.8,107361,3.0,0,0.0,0,0.0,26,2.1,1347,2.1
"12113","5","23","74","0","2025","A","",690,3906,240516201,40110500,247312,1184,61580,"",1.91,1.66,1.78,1.58,1.06,1.07,1.07,"",14,2.1,19,0.5,11984480,5.2,-36102,-0.1,-42572,-14.7,53,4.7,2781,4.7
"12115","2","23","74","0","2025","A","",1,1,71031,0,0,1366,71031,"",0.31,0.01,0.01,0.00,0.00,1.15,1.15,"",0,0.0,0,0.0,-12450,-14.9,0,0.0,0,0.0,-239,-14.9,-12450,-14.9
"12115","3","23","74","0","2025","A","",1,5,63179,0,0,256,13301,"",0.14,0.04,0.01,0.00,0.00,0.22,0.22,"",0,0.0,0,0.0,5197,9.0,0,0.0,0,0.0,33,14.8,1705,14.7
"12115","5","23","74","0","2025","A","",2660,18801,1399186335,189767197,978574,1431,74422,"",1.63,1.83,1.87,1.46,0.93,1.02,1.02,"",84,3.3,322,1.7,134163952,10.6,2429621,1.3,-222172,-18.5,114,8.7,5963,8.7
"12117","2","23","74","0","2025","A","",1,56,3868658,0,0,1317,68472,"",0.36,0.56,0.62,0.00,0.00,1.10,1.10,"",0,0.0,2,3.7,-70917,-1.8,0,0.0,0,0.0,-88,-6.3,-4596,-6.3
"12117","5","23","74","0","2025","A","",2024,25158,1937128893,251900578,1115990,1481,77000,"",1.45,2.22,2.33,1.90,0.92,1.05,1.05,"",46,2.3,399,1.6,103330966,5.6,4099166,1.7,-790103,-41.5,57,4.0,2935,4.0
"12119","5","23","74","0","2025","A","",268,4406,338239552,47908628,168488,1476,76764,"",1.20,1.98,2.34,1.95,0.80,1.18,1.18,"",20,8.1,218,5.2,40514486,13.6,6075119,14.5,-108558,-39.2,109,8.0,5670,8.0
"12121","5","23","74","0","2025","A","",132,702,46283834,7621601,35408,1268,65947,"",1.84,1.12,1.41,1.19,0.57,1.26,1.26,"",2,1.5,-93,-11.7,-1081608,-2.3,-1145807,-13.1,-27334,-43.6,122,10.6,6337,10.6
"12123","2","23","74","0","2025","A","",1,31,1841550,0,0,1142,59405,"",14.08,12.10,15.91,0.00,0.00,1.31,1.31,"",0,0.0,1,3.3,-3888,-0.2,0,0.0,0,0.0,-48,-4.0,-2453,-4.0
"12123","5","23","74","0","2025","A","",39,310,19356439,3281978,26473,1202,62507,"",1.08,1.07,1.26,1.08,0.93,1.18,1.18,"",4,11.4,-33,-9.6,-3123788,-13.9,-418398,-11.3,-18390,-41.0,-59,-4.7,-3081,-4.7
"12125","5","23","74","0","2025","A","",27,193,10991812,2040006,5251,1093,56830,"",1.62,1.03,1.02,1.99,0.77,0.99,0.99,"",-4,-12.9,-13,-6.3,-546774,-4.7,-270306,-11.7,-5637,-51.8,17,1.6,885,1.6
"12127","2","23","74","0","2025","A","",1,398,31154660,0,0,1504,78229,"",0.39,4.47,6.79,0.00,0.00,1.52,1.52,"",0,0.0,6,1.5,601168,2.0,0,0.0,0,0.0,7,0.5,386,0.5
"12127","5","23","74","0","2025","A","",2077,12297,775609824,118678583,609157,1213,63072,"",1.61,1.23,1.28,1.14,0.72,1.04,1.04,"",-4,-0.2,-277,-2.2,25933343,3.5,-3829892,-3.1,-344123,-36.1,66,5.8,3450,5.8
"12129","5","23","74","0","2025","A","N",118,0,0,0,0,0,0,"N",2.37,0,0,0,0,0,0,"N",-2,-1.7,0,0,0,0,0,0,0,0,0,0,0,0
"12131","5","23","74","0","2025","A","",598,3798,244636743,38773018,228609,1239,64408,"",1.83,2.03,2.04,1.65,0.99,1.01,1.01,"",21,3.6,96,2.6,8732941,3.7,555930,1.5,-49576,-17.8,14,1.1,685,1.1
"12133","2","23","74","0","2025","A","",1,293,22621896,0,0,1487,77318,"",11.96,97.44,173.28,0.00,0.00,1.78,1.78,"",0,0.0,0,0.0,207902,0.9,0,0.0,0,0.0,14,1.0,711,0.9
"12133","5","23","74","0","2025","A","",110,580,29992511,5759364,33048,995,51756,"",2.58,1.71,1.73,1.92,1.22,1.01,1.01,"",6,5.8,23,4.1,3934748,15.1,153198,2.7,-19243,-36.8,96,10.7,4995,10.7
"12999","2","23","74","0","2025","A","",2,3,412122,37255,1006,2570,133661,"",0.20,0.01,0.02,0.05,1.00,1.22,1.22,"",0,0.0,1,50.0,298595,263.0,-9795,-20.8,-264,-20.8,1634,174.6,85007,174.7
"12999","3","23","74","0","2025","A","",1,0,0,0,0,0,0,"",0.04,0.00,0.00,0.00,0.00,0.00,0.00,"",-1,-50.0,-2,-100.0,-152665,-100.0,-48069,-100.0,-1370,-100.0,-1601,-100.0,-83272,-100.0
"12999","5","23","74","0","2025","A","",2312,15085,1663604359,159308820,1153159,2121,110283,"",0.44,0.58,0.50,0.41,0.23,0.86,0.86,"N",104,4.7,0,0,0,0,0,0,0,0,0,0,0,0
"13000","5","23","54","0","2025","A","",28637,234446,19837665996,3191658536,36208624,1627,84615,"",0.93,0.91,0.97,0.84,0.58,1.07,1.08,"",726,2.6,6155,2.7,1493431001,8.1,178278898,5.9,-634053,-1.7,82,5.3,4260,5.3
"13001","5","23","74","0","2025","A","",42,1101,92324339,23425970,195351,1612,83823,"",1.07,2.67,3.26,3.51,2.51,1.22,1.22,"",3,7.7,136,14.1,10370994,12.7,5670071,31.9,-31265,-13.8,-21,-1.3,-1095,-1.3
"13003","5","23","74","0","2025","A","N",5,0,0,0,0,0,0,"N",0.50,0,0,0,0,0,0,"N",2,66.7,0,0,0,0,0,0,0,0,0,0,0,0
"13005","5","23","74","0","2025","A","N",14,0,0,0,0,0,0,"N",0.63,0,0,0,0,0,0,"N",2,16.7,0,0,0,0,0,0,0,0,0,0,0,0
"13007","5","23","74","0","2025","A","N",1,0,0,0,0,0,0,"N",0.20,0,0,0,0,0,0,"N",1,100.0,0,0,0,0,0,0,0,0,0,0,0,0
"13009","5","23","74","0","2025","A","",68,364,21685989,4610808,51281,1146,59577,"",0.87,0.42,0.51,0.44,0.25,1.22,1.22,"",-5,-6.8,4,1.1,157975,0.7,221178,5.0,3605,7.6,-3,-0.3,-195,-0.3
"13011","5","23","74","0","2025","A","",54,284,17995715,3739244,38860,1220,63458,"",1.80,1.05,1.32,0.82,0.52,1.26,1.26,"",4,8.0,22,8.4,2724097,17.8,542725,17.0,12407,46.9,100,8.9,5243,9.0
"13013","5","23","74","0","2025","A","",260,2061,168362358,27341325,272106,1571,81676,"",1.86,1.57,2.12,1.41,1.01,1.35,1.35,"",12,4.8,142,7.4,14527691,9.4,2458159,9.9,45901,20.3,29,1.9,1498,1.9
"13015","5","23","74","0","2025","A","",413,2653,209862886,37770577,460053,1521,79092,"",1.75,1.05,1.26,0.96,0.75,1.20,1.20,"",29,7.6,120,4.7,22792284,12.2,3288124,9.5,33079,7.7,101,7.1,5239,7.1
"13017","5","23","74","0","2025","A","",16,61,3914728,694482,9378,1229,63914,"",0.56,0.20,0.26,0.17,0.17,1.28,1.28,"",0,0.0,-4,-6.2,225848,6.1,-140303,-16.8,465,5.2,135,12.3,7016,12.3
"13019","5","23","74","0","2025","A","",22,146,8329310,1738540,13965,1096,57018,"",0.88,0.70,0.77,0.61,0.31,1.10,1.10,"",-2,-8.3,63,75.9,4701632,129.6,526992,43.5,-2411,-14.7,258,30.8,13442,30.8
"13021","5","23","74","0","2025","A","N",244,0,0,0,0,0,0,"N",0.66,0,0,0,0,0,0,"N",-5,-2.0,0,0,0,0,0,0,0,0,0,0,0,0
"13023","5","23","74","0","2025","A","N",13,0,0,0,0,0,0,"N",0.75,0,0,0,0,0,0,"N",2,18.2,0,0,0,0,0,0,0,0,0,0,0,0
"13025","5","23","74","0","2025","A","",42,281,17036815,4052320,74246,1165,60593,"",2.12,1.96,2.36,2.22,2.70,1.20,1.20,"",3,7.7,48,20.6,4224360,33.0,887403,28.0,30729,70.6,107,10.1,5565,10.1
"13027","5","23","74","0","2025","A","N",24,0,0,0,0,0,0,"N",0.99,0,0,0,0,0,0,"N",-1,-4.0,0,0,0,0,0,0,0,0,0,0,0,0
"13029","5","23","74","0","2025","A","N",125,0,0,0,0,0,0,"N",1.41,0,0,0,0,0,0,"N",8,6.8,0,0,0,0,0,0,0,0,0,0,0,0
"13031","5","23","74","0","2025","A","N",203,0,0,0,0,0,0,"N",1.32,0,0,0,0,0,0,"N",11,5.7,0,0,0,0,0,0,0,0,0,0,0,0
"13033","5","23","74","0","2025","A","",48,214,15416083,3362863,58996,1387,72122,"",1.27,0.55,0.46,0.65,0.95,0.83,0.83,"",2,4.3,-1,-0.5,-1178042,-7.1,173875,5.5,-1806,-3.0,-96,-6.5,-4970,-6.4
"13035","5","23","74","0","2025","A","N",59,0,0,0,0,0,0,"N",1.38,0,0,0,0,0,0,"N",5,9.3,0,0,0,0,0,0,0,0,0,0,0,0
"13037","5","23","74","0","2025","A","N",6,0,0,0,0,0,0,"N",0.60,0,0,0,0,0,0,"N",0,0.0,0,0,0,0,0,0,0,0,0,0,0,0
"13039","5","23","74","0","2025","A","",118,716,50675934,10737699,183539,1360,70744,"",1.24,0.83,0.95,1.13,1.12,1.15,1.15,"",-5,-4.1,54,8.2,8844592,21.1,789856,7.9,38095,26.2,146,12.0,7602,12.0
"13043","5","23","74","0","2025","A","N",28,0,0,0,0,0,0,"N",1.30,0,0,0,0,0,0,"N",2,7.7,0,0,0,0,0,0,0,0,0,0,0,0
"13045","5","23","74","0","2025","A","",322,3448,298409530,47334849,541752,1664,86535,"",1.50,1.41,1.87,1.46,1.24,1.33,1.33,"",12,3.9,192,5.9,33745062,12.8,2061627,4.6,158747,41.4,101,6.5,5256,6.5
"13047","5","23","74","0","2025","A","N",134,0,0,0,0,0,0,"N",1.37,0,0,0,0,0,0,"N",11,8.9,0,0,0,0,0,0,0,0,0,0,0,0
"13049","5","23","74","0","2025","A","",16,70,3855661,962845,4092,1059,55081,"",1.10,0.61,0.64,0.58,0.28,1.05,1.05,"",-3,-15.8,-5,-6.7,548093,16.6,62584,7.0,-11875,-74.4,207,24.3,10783,24.3
"13051","5","23","74","0","2025","A","",783,7631,587628062,105472122,1299706,1481,77001,"",0.92,0.83,0.92,0.76,0.63,1.11,1.11,"",19,2.5,-155,-2.0,14452801,2.5,-962928,-0.9,-132406,-9.2,65,4.6,3386,4.6
"13053","5","23","74","0","2025","A","N",13,0,0,0,0,0,0,"N",1.23,0,0,0,0,0,0,"N",-1,-7.1,0,0,0,0,0,0,0,0,0,0,0,0
"13055","5","23","74","0","2025","A","",47,331,19258651,4883746,68347,1120,58257,"",1.52,1.23,1.46,1.48,1.92,1.19,1.19,"",3,6.8,33,11.1,2541100,15.2,938843,23.8,23849,53.6,40,3.7,2079,3.7
"13057","5","23","74","0","2025","A","",1023,6915,592780015,93446405,1159411,1648,85721,"",1.59,1.77,2.49,1.67,1.37,1.40,1.41,"",28,2.8,326,4.9,58299473,10.9,8379851,9.9,86576,8.1,88,5.6,4604,5.7
"13059","5","23","74","0","2025","A","N",211,0,0,0,0,0,0,"N",0.68,0,0,0,0,0,0,"N",7,3.4,0,0,0,0,0,0,0,0,0,0,0,0
"13061","5","23","74","0","2025","A","N",4,0,0,0,0,0,0,"N",0.68,0,0,0,0,0,0,"N",-1,-20.0,0,0,0,0,0,0,0,0,0,0,0,0
"13063","5","23","74","0","2025","A","",278,3858,344575727,48907917,487973,1717,89303,"",0.70,0.56,0.58,0.48,0.32,1.03,1.03,"N",1,0.4,0,0,0,0,0,0,0,0,0,0,0,0
"13065","5","23","74","0","2025","A","",8,19,950619,332930,1366,946,49170,"",0.58,0.15,0.14,0.18,0.07,0.94,0.94,"",0,0.0,-2,-9.5,-23261,-2.4,93892,39.3,805,143.5,54,6.1,2795,6.0
"13067","5","23","74","0","2025","A","",2198,33159,3334940608,431254112,4801039,1934,100574,"",1.00,1.64,1.93,1.35,0.98,1.18,1.18,"",10,0.5,1384,4.4,382346151,12.9,20569039,5.0,-303443,-5.9,147,8.2,7653,8.2
"13069","5","23","74","0","2025","A","",68,681,36837313,10285910,135275,1040,54093,"",0.87,0.72,0.72,0.73,0.86,1.01,1.01,"",0,0.0,-42,-5.8,-696613,-1.9,519272,5.3,23493,21.0,42,4.2,2173,4.2
"13071","5","23","74","0","2025","A","",92,628,37587598,9435477,84280,1151,59853,"",1.03,0.75,0.87,0.86,0.47,1.16,1.16,"",-2,-2.1,27,4.5,2905908,8.4,1798043,23.5,21909,35.1,41,3.7,2114,3.7
"13073","5","23","74","0","2025","A","",410,3062,203510557,39304771,414575,1278,66469,"",1.47,1.35,1.64,1.24,0.84,1.22,1.22,"",12,3.0,14,0.5,10205433,5.3,1434470,3.8,21280,5.4,59,4.8,3057,4.8
"13075","5","23","74","0","2025","A","",40,374,21843301,5245479,33526,1123,58418,"",1.25,1.56,1.83,1.50,0.58,1.18,1.18,"",0,0.0,-26,-6.5,-988881,-4.3,193701,3.8,-2367,-6.6,25,2.3,1338,2.3
"13077","5","23","74","0","2025","A","N",345,0,0,0,0,0,0,"N",1.18,0,0,0,0,0,0,"N",2,0.6,0,0,0,0,0,0,0,0,0,0,0,0
"13079","5","23","74","0","2025","A","",26,115,6476348,1445965,17753,1087,56521,"",2.12,1.63,1.77,1.61,1.40,1.09,1.09,"N",0,0.0,0,0,0,0,0,0,0,0,0,0,0,0
"13081","5","23","74","0","2025","A","",24,288,21020559,3916395,47197,1401,72862,"",0.52,0.65,0.92,0.70,0.56,1.42,1.42,"",0,0.0,16,5.9,2304789,12.3,166111,4.4,-799,-1.7,77,5.8,3991,5.8
"13083","5","23","74","0","2025","A","",23,141,6525755,1967340,23656,890,46282,"",0.91,0.58,0.53,0.55,0.44,0.91,0.91,"",0,0.0,-13,-8.4,-808380,-11.0,-51879,-2.6,-2041,-7.9,-29,-3.2,-1497,-3.1
"13085","5","23","74","0","2025","A","",120,592,40231504,6830238,72525,1306,67920,"",1.48,0.97,1.40,0.79,0.48,1.44,1.44,"",8,7.1,44,8.0,-2158662,-5.1,134357,2.0,1959,2.8,-183,-12.3,-9493,-12.3
"13087","5","23","74","0","2025","A","",68,385,21512377,5215149,45216,1074,55840,"",1.10,0.84,0.93,0.88,0.56,1.11,1.11,"",-3,-4.2,-160,-29.4,-8620622,-28.6,-3017457,-36.7,-120114,-72.7,11,1.0,542,1.0
"13089","5","23","74","0","2025","A","",1066,9780,888412717,129970561,1442748,1747,90839,"",0.59,0.59,0.63,0.62,0.41,1.06,1.06,"",2,0.2,-24,-0.2,30418749,3.5,-443831,-0.3,2096,0.1,64,3.8,3326,3.8
"13091","5","23","74","0","2025","A","N",31,0,0,0,0,0,0,"N",1.06,0,0,0,0,0,0,"N",1,3.3,0,0,0,0,0,0,0,0,0,0,0,0
"13093","5","23","74","0","2025","A","N",4,0,0,0,0,0,0,"N",0.23,0,0,0,0,0,0,"N",1,33.3,0,0,0,0,0,0,0,0,0,0,0,0
"13095","5","23","74","0","2025","A","",126,1526,112590887,19227703,183745,1419,73766,"",0.62,0.64,0.77,0.64,0.42,1.21,1.21,"N",-3,-2.3,0,0,0,0,0,0,0,0,0,0,0,0
"13097","5","23","74","0","2025","A","",345,2604,212820531,35588357,487717,1572,81734,"",1.27,0.99,1.27,0.85,0.71,1.29,1.28,"",-9,-2.5,-93,-3.4,6294261,3.0,1815400,5.4,14361,3.0,99,6.7,5160,6.7
"13099","5","23","74","0","2025","A","N",19,0,0,0,0,0,0,"N",0.90,0,0,0,0,0,0,"N",1,5.6,0,0,0,0,0,0,0,0,0,0,0,0
"13101","5","23","74","0","2025","A","N",6,0,0,0,0,0,0,"N",1.33,0,0,0,0,0,0,"N",0,0.0,0,0,0,0,0,0,0,0,0,0,0,0
"13103","5","23","74","0","2025","A","",169,1078,73338151,14022716,203959,1309,68047,"",1.75,1.40,1.57,1.21,0.90,1.13,1.13,"",8,5.0,56,5.5,9694848,15.2,-73674,-0.5,-35262,-14.7,112,9.4,5794,9.3
"13105","5","23","74","0","2025","A","",44,142,6951901,1743806,22766,944,49101,"",1.03,0.45,0.43,0.40,0.45,0.97,0.96,"",0,0.0,-13,-8.4,-158734,-2.2,-350488,-16.7,971,4.5,60,6.8,3127,6.8
"13107","5","23","74","0","2025","A","",32,198,9909759,2594804,47562,960,49923,"",0.86,0.52,0.51,0.53,0.66,0.99,0.99,"",1,3.2,9,4.8,884156,9.8,338136,15.0,9728,25.7,42,4.6,2211,4.6
"13109","5","23","74","0","2025","A","",28,205,14685345,3233364,40323,1379,71723,"",1.27,0.84,1.22,0.93,1.55,1.46,1.46,"",1,3.7,11,5.7,2122214,16.9,169391,5.5,926,2.4,130,10.4,6797,10.5
"13111","5","23","74","0","2025","A","",83,406,30382269,5064569,54897,1439,74833,"",1.27,1.00,1.51,0.78,0.50,1.52,1.52,"",-2,-2.4,5,1.2,-1233877,-3.9,57220,1.1,5626,11.4,-78,-5.1,-4076,-5.2
"13113","5","23","74","0","2025","A","",394,3067,260666050,44122981,549228,1635,84995,"",1.05,1.19,1.57,1.12,0.86,1.31,1.31,"",-6,-1.5,59,2.0,16102396,6.6,4186917,10.5,89848,19.6,72,4.6,3704,4.6
"13115","5","23","74","0","2025","A","",144,836,50163263,10358490,150958,1154,60034,"",0.77,0.36,0.38,0.32,0.31,1.07,1.07,"",-7,-4.6,-18,-2.1,922430,1.9,-148101,-1.4,-10412,-6.5,46,4.2,2403,4.2
"13117","5","23","74","0","2025","A","",844,7815,683033139,107063137,878631,1681,87401,"",1.17,1.64,2.00,1.49,0.75,1.22,1.22,"",13,1.6,472,6.4,73030497,12.0,12775684,13.5,6934,0.8,83,5.2,4330,5.2
"13119","5","23","74","0","2025","A","",61,302,17686397,4351212,57576,1125,58484,"",1.26,0.69,0.79,0.62,0.69,1.13,1.13,"",3,5.2,14,4.9,1405798,8.6,556398,14.7,12879,28.8,38,3.5,1938,3.4
"13121","5","23","74","0","2025","A","",3453,24281,2688310938,343165578,4232585,2129,110716,"",0.55,0.48,0.48,0.44,0.29,0.99,0.99,"",473,15.9,692,2.9,222657261,9.0,22459029,7.0,9367,0.2,119,5.9,6190,5.9
"13123","5","23","74","0","2025","A","",107,409,29915042,5842831,76291,1405,73082,"",1.63,0.93,1.40,0.93,0.84,1.50,1.50,"",5,4.9,9,2.2,1409101,4.9,355805,6.5,-4140,-5.1,35,2.6,1862,2.6
"13125","5","23","74","0","2025","A","N",4,0,0,0,0,0,0,"N",1.05,0,0,0,0,0,0,"N",1,33.3,0,0,0,0,0,0,0,0,0,0,0,0
"13127","5","23","74","0","2025","A","",313,1587,95449966,20894155,366672,1157,60142,"",1.21,0.69,0.69,0.68,0.76,0.99,0.99,"",-2,-0.6,59,3.9,6928928,7.8,1782842,9.3,34233,10.3,43,3.9,2194,3.8
"13129","5","23","74","0","2025","A","",114,845,51976544,13051555,149169,1183,61499,"",1.16,0.64,0.61,0.63,0.55,0.96,0.96,"",4,3.6,22,2.7,1665810,3.3,2717642,26.3,11705,8.5,8,0.7,380,0.6
"13131","5","23","74","0","2025","A","",57,278,15345475,4027958,53618,1063,55282,"",1.38,0.90,1.00,0.93,0.83,1.11,1.11,"",-10,-14.9,11,4.1,1019463,7.1,360902,9.8,19990,59.4,32,3.1,1677,3.1
"13133","5","23","74","0","2025","A","",76,1280,70016479,15189747,55016,1052,54690,"",1.50,3.29,3.08,2.46,0.81,0.93,0.93,"",8,11.8,20,1.6,5596980,8.7,466179,3.2,-332614,-85.8,69,7.0,3557,7.0
"13135","5","23","74","0","2025","A","",3520,27970,2399880704,371383683,4247631,1650,85803,"",1.32,1.35,1.58,1.14,0.79,1.17,1.17,"",104,3.0,856,3.2,139500001,6.2,20344466,5.8,240394,6.0,47,2.9,2437,2.9
"13137","5","23","74","0","2025","A","",102,402,22873252,5321220,45619,1095,56946,"",1.14,0.48,0.49,0.45,0.26,1.02,1.02,"",-6,-5.6,-7,-1.7,907095,4.1,123321,2.4,-13253,-22.5,63,6.1,3261,6.1
"13139","5","23","74","0","2025","A","N",646,0,0,0,0,0,0,"N",1.38,0,0,0,0,0,0,"N",30,4.9,0,0,0,0,0,0,0,0,0,0,0,0
"13141","5","23","74","0","2025","A","N",5,0,0,0,0,0,0,"N",0.67,0,0,0,0,0,0,"N",0,0.0,0,0,0,0,0,0,0,0,0,0,0,0
"13143","5","23","74","0","2025","A","",93,781,57111293,10423851,122313,1406,73118,"",1.90,1.81,2.21,1.75,1.12,1.22,1.22,"",9,10.7,97,14.2,10479046,22.5,1349632,14.9,31703,35.0,94,7.2,4917,7.2
"13145","5","23","74","0","2025","A","",94,542,30093783,6700472,77442,1068,55524,"",2.00,1.47,1.51,1.15,0.73,1.03,1.03,"",6,6.8,112,26.0,6739746,28.9,1335657,24.9,20687,36.4,24,2.3,1244,2.3
"13147","5","23","74","0","2025","A","",75,381,21781081,4827696,58454,1100,57218,"",1.59,0.87,0.88,0.75,0.58,1.01,1.01,"",3,4.2,27,7.6,3247961,17.5,350954,7.8,686,1.2,94,9.3,4926,9.4
"13149","5","23","74","0","2025","A","",27,223,16744511,4003064,94919,1445,75144,"",1.96,1.94,2.20,2.86,3.80,1.13,1.13,"",1,3.8,-3,-1.3,-286019,-1.7,143453,3.7,2764,3.0,-7,-0.5,-352,-0.5
"13151","5","23","74","0","2025","A","",440,2244,174971763,28390351,330985,1499,77967,"",1.04,0.56,0.76,0.49,0.36,1.36,1.36,"",3,0.7,63,2.9,11034321,6.7,369578,1.3,-59599,-15.3,53,3.7,2789,3.7
"13153","5","23","74","0","2025","A","",228,1830,127209411,23367016,245361,1337,69526,"",0.84,0.53,0.57,0.67,0.48,1.09,1.09,"",-5,-2.1,-119,-6.1,3437277,2.8,-1248766,-5.1,-22527,-8.4,116,9.5,6021,9.5
"13155","5","23","74","0","2025","A","N",8,0,0,0,0,0,0,"N",0.64,0,0,0,0,0,0,"N",-1,-11.1,0,0,0,0,0,0,0,0,0,0,0,0
"13157","5","23","74","0","2025","A","",301,1812,153700082,25030175,268405,1631,84823,"",1.75,0.78,1.15,0.64,0.38,1.47,1.47,"",6,2.0,169,10.3,30634605,24.9,4318184,20.8,38848,16.9,191,13.3,9935,13.3
"13159","5","23","74","0","2025","A","",46,139,8029825,1940857,24385,1114,57907,"",2.06,1.07,1.35,1.27,0.87,1.27,1.27,"",3,7.0,-18,-11.5,-626168,-7.2,29434,1.5,1823,8.1,52,4.9,2685,4.9
"13161","5","23","74","0","2025","A","N",12,0,0,0,0,0,0,"N",0.53,0,0,0,0,0,0,"N",3,33.3,0,0,0,0,0,0,0,0,0,0,0,0
"13163","5","23","74","0","2025","A","",42,231,12782105,3204727,31664,1064,55354,"",1.32,0.89,0.89,0.86,0.72,1.00,1.00,"",-1,-2.3,-31,-11.8,-1563871,-10.9,-252924,-7.3,-8278,-20.7,11,1.0,616,1.1
"13165","5","23","74","0","2025","A","",9,214,10845492,2423733,30578,976,50759,"",0.85,2.37,2.38,2.03,1.94,1.01,1.01,"N",-1,-10.0,0,0,0,0,0,0,0,0,0,0,0,0
"13167","5","23","74","0","2025","A","N",12,0,0,0,0,0,0,"N",1.07,0,0,0,0,0,0,"N",2,20.0,0,0,0,0,0,0,0,0,0,0,0,0
"13169","5","23","74","0","2025","A","",61,431,30188686,5380734,51480,1346,69976,"",1.90,1.92,2.53,1.96,1.39,1.32,1.32,"",0,0.0,3,0.7,2218246,7.9,120433,2.3,-26,-0.1,90,7.2,4688,7.2
"13171","5","23","74","0","2025","A","",43,190,13294238,2677274,27006,1344,69878,"",1.50,0.80,1.02,0.81,0.62,1.27,1.27,"",1,2.4,3,1.6,990871,8.1,145791,5.8,8012,42.2,79,6.2,4085,6.2
"13173","5","23","74","0","2025","A","",17,155,7627211,2004441,24616,946,49181,"",1.61,2.14,2.14,2.55,2.67,1.00,1.00,"",1,6.2,-41,-20.9,-1526743,-16.7,-659046,-24.7,577,2.4,46,5.1,2378,5.1
"13175","5","23","74","0","2025","A","",94,872,55431252,12722847,170174,1222,63556,"",0.98,0.81,0.88,0.92,0.83,1.09,1.09,"",5,5.6,-10,-1.1,1858539,3.5,1676295,15.2,22371,15.1,54,4.6,2827,4.7
"13177","5","23","74","0","2025","A","",80,966,57901807,12148239,130055,1153,59955,"",1.61,2.41,2.76,2.15,1.69,1.15,1.15,"",7,9.6,56,6.2,5319189,10.1,715641,6.3,-6473,-4.7,41,3.7,2156,3.7
"13179","5","23","74","0","2025","A","",60,302,26041534,3541261,28257,1659,86254,"",0.69,0.29,0.43,0.30,0.17,1.49,1.49,"",2,3.4,5,1.7,-2206147,-7.8,-419201,-10.6,-10744,-27.5,-173,-9.4,-8990,-9.4
"13181","5","23","74","0","2025","A","",21,228,13841828,2628720,17474,1168,60754,"",1.40,2.97,3.85,2.87,1.48,1.30,1.30,"",0,0.0,-8,-3.4,-309533,-2.2,-197688,-7.0,622,3.7,12,1.0,663,1.1
"13183","5","23","74","0","2025","A","",22,95,3601791,1243386,15680,726,37748,"",1.84,1.29,1.05,2.20,1.60,0.81,0.81,"",0,0.0,0,0.0,256736,7.7,60731,5.1,-2552,-14.0,51,7.6,2629,7.5
"13185","5","23","74","0","2025","A","N",272,0,0,0,0,0,0,"N",1.06,0,0,0,0,0,0,"N",6,2.3,0,0,0,0,0,0,0,0,0,0,0,0
"13187","5","23","74","0","2025","A","",87,817,60337805,11818405,203788,1421,73891,"",1.52,1.75,2.39,2.09,2.10,1.37,1.37,"",7,8.8,71,9.5,7271871,13.7,655850,5.9,60947,42.7,53,3.9,2773,3.9
"13189","5","23","74","0","2025","A","",46,412,23374964,4783196,62329,1090,56667,"",1.18,1.10,1.25,0.91,0.61,1.14,1.14,"",2,4.5,54,15.1,4722482,25.3,472610,11.0,16446,35.8,87,8.7,4517,8.7
"13191","5","23","74","0","2025","A","",28,184,9042317,2597174,45149,948,49277,"",1.41,1.88,2.00,2.19,2.31,1.07,1.06,"",0,0.0,39,26.9,-902004,-9.1,414356,19.0,15589,52.7,-374,-28.3,-19463,-28.3
"13193","5","23","74","0","2025","A","",10,35,2082780,412809,10060,1144,59508,"",0.56,0.25,0.25,0.20,0.52,0.98,0.98,"",1,11.1,-1,-2.8,-306784,-12.8,-36322,-8.1,-2432,-19.5,-118,-9.4,-6109,-9.3
"13195","5","23","74","0","2025","A","",108,484,31141136,6786484,88820,1237,64341,"",2.71,2.16,2.68,2.29,1.56,1.24,1.24,"",5,4.9,71,17.2,6442711,26.1,1593200,30.7,18429,26.2,87,7.6,4563,7.6
"13197","5","23","74","0","2025","A","N",10,0,0,0,0,0,0,"N",1.13,0,0,0,0,0,0,"N",1,11.1,0,0,0,0,0,0,0,0,0,0,0,0
"13199","5","23","74","0","2025","A","",53,712,51189972,10188707,84940,1383,71930,"",1.58,2.67,3.38,2.81,1.16,1.27,1.27,"",3,6.0,62,9.5,-590240,-1.1,2152472,26.8,-16386,-16.2,-149,-9.7,-7742,-9.7
"13201","5","23","74","0","2025","A","",12,51,2450259,684295,3213,918,47732,"",0.92,0.50,0.48,0.78,0.28,0.95,0.95,"",0,0.0,5,10.9,254107,11.6,179495,35.6,-1265,-28.2,8,0.9,418,0.9
"13205","5","23","74","0","2025","A","",34,166,9386950,2183201,19198,1090,56690,"",0.93,0.48,0.53,0.44,0.24,1.10,1.10,"",-2,-5.6,9,5.7,688585,7.9,227737,11.6,-10917,-36.3,26,2.4,1345,2.4
"13207","5","23","74","0","2025","A","",86,633,38548085,8703237,101344,1172,60930,"",1.56,1.43,1.42,1.67,1.29,0.99,0.99,"",5,6.2,12,1.9,1697549,4.6,381717,4.6,13787,15.7,30,2.6,1550,2.6
"13209","5","23","74","0","2025","A","",10,43,2363968,534013,4681,1068,55514,"",0.88,0.53,0.65,0.66,0.37,1.23,1.23,"",1,11.1,0,0.0,1267,0.1,-48821,-8.4,-2287,-32.8,15,1.4,780,1.4
"13211","5","23","74","0","2025","A","",93,495,34652323,6623144,98548,1346,69981,"",1.66,1.03,1.20,0.86,0.73,1.17,1.17,"",5,5.7,50,11.2,2407203,7.5,946331,16.7,12577,14.6,-47,-3.4,-2439,-3.4
"13213","5","23","74","0","2025","A","",42,168,7556838,2282173,38214,863,44892,"",0.99,0.39,0.35,0.40,0.49,0.90,0.90,"",2,5.0,-15,-8.2,-493107,-6.1,-253553,-10.0,-23828,-38.4,16,1.9,843,1.9
"13215","5","23","74","0","2025","A","N",316,0,0,0,0,0,0,"N",0.76,0,0,0,0,0,0,"N",2,0.6,0,0,0,0,0,0,0,0,0,0,0,0
"13217","5","23","74","0","2025","A","",268,2000,152260187,26463848,231053,1464,76121,"",1.60,1.36,1.64,1.31,0.76,1.20,1.20,"",-2,-0.7,67,3.5,13892472,10.0,2096020,8.6,40562,21.3,87,6.3,4536,6.3
"13219","5","23","74","0","2025","A","",162,979,70600591,14144201,178335,1386,72084,"",1.24,1.07,1.34,1.02,0.86,1.25,1.25,"",4,2.5,83,9.3,7395784,11.7,2160802,18.0,25873,17.0,30,2.2,1582,2.2
"13221","5","23","74","0","2025","A","",44,230,14216976,3071933,57517,1191,61925,"",2.19,2.22,2.81,2.52,2.85,1.27,1.27,"",2,4.8,-78,-25.3,-3114409,-18.0,-1991187,-39.3,-35913,-38.4,109,10.1,5685,10.1
"13223","5","23","74","0","2025","A","",472,2635,176199268,35657076,413669,1286,66877,"",2.02,1.61,1.95,1.73,1.23,1.21,1.21,"",20,4.4,123,4.9,14248373,8.8,3292820,10.2,18724,4.7,46,3.7,2417,3.7
"13225","5","23","74","0","2025","A","",73,749,59077139,11515027,91133,1517,78883,"",1.43,1.31,1.67,1.41,0.50,1.28,1.28,"",9,14.1,186,33.0,19063395,47.6,4114125,55.6,30846,51.2,150,11.0,7821,11.0
"13227","5","23","74","0","2025","A","",129,786,53719124,11788175,136868,1314,68316,"",1.78,1.54,1.69,1.58,1.21,1.10,1.10,"",3,2.4,50,6.8,7657932,16.6,2322729,24.5,14981,12.3,111,9.2,5768,9.2
"13229","5","23","74","0","2025","A","",60,489,26932519,7051256,57384,1059,55049,"",1.72,1.99,2.11,1.96,1.23,1.06,1.06,"",-2,-3.2,85,21.0,4915302,22.3,1907052,37.1,3087,5.7,11,1.0,551,1.0
"13231","5","23","74","0","2025","A","",83,730,47249293,10931022,119240,1245,64725,"",2.58,3.89,4.55,4.11,2.49,1.17,1.17,"",6,7.8,77,11.8,5888218,14.2,2580680,30.9,16461,16.0,28,2.3,1417,2.2
"13233","5","23","74","0","2025","A","",84,532,39860227,6897981,76356,1442,74984,"",1.38,0.90,1.24,0.81,0.63,1.37,1.37,"",0,0.0,64,13.7,5613821,16.4,864056,14.3,6861,9.9,35,2.5,1834,2.5
"13235","5","23","74","0","2025","A","",18,121,6777471,2236605,24814,1076,55935,"",1.02,0.79,0.85,0.87,1.17,1.08,1.07,"",4,28.6,25,26.0,1477041,27.9,956358,74.7,737,3.1,14,1.3,722,1.3
"13237","5","23","74","0","2025","A","",97,463,30398578,6545528,80275,1264,65703,"",1.97,1.37,1.71,1.43,1.21,1.25,1.25,"",5,5.4,53,12.9,5073310,20.0,1277321,24.2,30195,60.3,75,6.3,3871,6.3
"13241","5","23","74","0","2025","A","",107,458,24142581,5915545,71012,1014,52751,"",2.22,1.51,1.70,1.31,0.83,1.12,1.12,"",7,7.0,20,4.6,1601203,7.1,364603,6.6,613,0.9,24,2.4,1247,2.4
"13243","5","23","74","0","2025","A","N",12,0,0,0,0,0,0,"N",0.97,0,0,0,0,0,0,"N",2,20.0,0,0,0,0,0,0,0,0,0,0,0,0
"13245","5","23","74","0","2025","A","",344,3201,220190675,43469721,399316,1323,68788,"",0.86,0.58,0.61,0.68,0.39,1.06,1.06,"",-2,-0.6,30,0.9,15349285,7.5,1416667,3.4,-52307,-11.6,81,6.5,4198,6.5
"13247","5","23","74","0","2025","A","",232,3642,339631230,47352557,351852,1793,93248,"",1.17,1.98,2.71,1.72,0.93,1.37,1.37,"",-6,-2.5,157,4.5,41498562,13.9,1395514,3.0,-32524,-8.5,148,9.0,7690,9.0
"13249","5","23","74","0","2025","A","N",10,0,0,0,0,0,0,"N",1.68,0,0,0,0,0,0,"N",1,11.1,0,0,0,0,0,0,0,0,0,0,0,0
"13251","5","23","74","0","2025","A","",27,196,9994071,2608272,43123,980,50968,"",1.18,1.26,1.35,1.23,1.32,1.07,1.07,"",0,0.0,18,10.1,998752,11.1,232171,9.8,-625,-1.4,10,1.0,551,1.1
"13253","5","23","74","0","2025","A","N",8,0,0,0,0,0,0,"N",0.46,0,0,0,0,0,0,"N",-4,-33.3,0,0,0,0,0,0,0,0,0,0,0,0
"13255","5","23","74","0","2025","A","",128,698,48483798,9152132,110918,1336,69453,"",1.10,0.56,0.70,0.57,0.51,1.25,1.25,"",6,4.9,-19,-2.6,5091794,11.7,709134,8.4,10449,10.4,173,14.9,8969,14.8
"13257","5","23","74","0","2025","A","",54,302,17770565,3698758,53204,1131,58794,"",1.08,0.69,0.76,0.61,0.77,1.09,1.09,"",2,3.8,12,4.1,1166885,7.0,-164493,-4.3,-11792,-18.1,28,2.5,1441,2.5
"13259","5","23","74","0","2025","A","N",3,0,0,0,0,0,0,"N",0.43,0,0,0,0,0,0,"N",0,0.0,0,0,0,0,0,0,0,0,0,0,0,0
"13261","5","23","74","0","2025","A","",44,224,11217572,2788365,41688,963,50060,"",0.79,0.44,0.44,0.44,0.54,1.01,1.01,"",2,4.8,-7,-3.0,-279428,-2.4,18378,0.7,-6544,-13.6,6,0.6,307,0.6
"13263","5","23","74","0","2025","A","",11,270,16123905,3127905,14309,1149,59737,"",1.39,5.18,5.63,4.21,1.61,1.09,1.09,"",-1,-8.3,87,47.5,8155344,102.3,1357494,76.7,4511,46.0,314,37.6,16292,37.5
"13267","5","23","74","0","2025","A","",42,400,22457499,5117232,45281,1080,56179,"",1.21,1.33,1.41,1.30,0.91,1.06,1.06,"",2,5.0,23,6.1,1765299,8.5,169984,3.4,2939,6.9,23,2.2,1232,2.2
"13269","5","23","74","0","2025","A","",18,96,6604872,1721224,17405,1329,69101,"",1.26,1.14,1.30,1.38,0.80,1.14,1.14,"",0,0.0,-185,-65.8,-8647025,-56.7,-3785803,-68.7,-49651,-74.0,286,27.4,14840,27.3
"13271","5","23","74","0","2025","A","",10,92,7119206,1688350,47317,1496,77806,"",0.57,0.82,1.34,1.35,2.30,1.65,1.65,"",0,0.0,12,15.0,1779053,33.3,544143,47.6,9273,24.4,206,16.0,10705,16.0
"13273","5","23","74","0","2025","A","",15,80,4934943,1149635,4238,1179,61304,"",0.87,0.72,0.89,0.81,0.15,1.22,1.22,"",1,7.1,-3,-3.6,81083,1.7,85375,8.0,-7608,-64.2,57,5.1,2941,5.0
"13275","5","23","74","0","2025","A","",104,570,33638262,7529483,51973,1134,58989,"",0.87,0.51,0.50,0.52,0.27,0.98,0.98,"",-29,-21.8,32,5.9,2960501,9.7,1191373,18.8,-7125,-12.1,37,3.4,1932,3.4
"13277","5","23","74","0","2025","A","",74,686,46630509,8967236,94911,1307,67941,"",0.79,0.60,0.71,0.60,0.49,1.19,1.19,"",-2,-2.6,-9,-1.3,-494025,-1.0,-11059,-0.1,9914,11.7,4,0.3,168,0.2
"13279","5","23","74","0","2025","A","",45,536,43246127,10471691,62499,1552,80708,"",0.74,0.85,1.36,1.16,0.53,1.61,1.61,"",3,7.1,-23,-4.1,-2470375,-5.4,-257014,-2.4,14468,30.1,-20,-1.3,-1014,-1.2
"13281","5","23","74","0","2025","A","",41,263,19929589,3750289,36618,1456,75730,"",1.45,1.46,2.18,1.43,0.92,1.49,1.49,"",2,5.1,24,10.0,1248783,6.7,650512,21.0,5336,17.1,-47,-3.1,-2432,-3.1
"13283","5","23","74","0","2025","A","N",6,0,0,0,0,0,0,"N",0.75,0,0,0,0,0,0,"N",0,0.0,0,0,0,0,0,0,0,0,0,0,0,0
"13285","5","23","74","0","2025","A","N",142,0,0,0,0,0,0,"N",1.00,0,0,0,0,0,0,"N",3,2.2,0,0,0,0,0,0,0,0,0,0,0,0
"13287","5","23","74","0","2025","A","N",5,0,0,0,0,0,0,"N",0.35,0,0,0,0,0,0,"N",-1,-16.7,0,0,0,0,0,0,0,0,0,0,0,0
"13289","5","23","74","0","2025","A","N",7,0,0,0,0,0,0,"N",0.78,0,0,0,0,0,0,"N",0,0.0,0,0,0,0,0,0,0,0,0,0,0,0
"13291","5","23","74","0","2025","A","",107,409,20673150,5093513,94696,973,50597,"",1.76,0.98,0.95,0.85,1.23,0.97,0.97,"",1,0.9,-1,-0.2,459633,2.3,141369,2.9,-14210,-13.0,24,2.5,1256,2.5
"13293","5","23","74","0","2025","A","",44,268,20150510,3444397,71654,1447,75235,"",1.06,0.70,0.99,0.76,1.03,1.42,1.42,"",6,15.8,59,28.2,5041529,33.4,544266,18.8,-3996,-5.3,59,4.3,3058,4.2
"13295","5","23","74","0","2025","A","N",92,0,0,0,0,0,0,"N",1.27,0,0,0,0,0,0,"N",5,5.7,0,0,0,0,0,0,0,0,0,0,0,0
"13297","5","23","74","0","2025","A","",394,3720,293022026,49945372,413503,1515,78775,"",2.12,2.65,3.46,2.36,1.51,1.30,1.30,"",18,4.8,291,8.5,33501749,12.9,5972429,13.6,45972,12.5,60,4.1,3095,4.1
"13299","5","23","74","0","2025","A","",67,614,34920660,8560798,79497,1093,56851,"",0.87,0.81,0.90,0.90,0.71,1.11,1.11,"",-4,-5.6,-95,-13.4,-3560338,-9.3,-852961,-9.1,-20672,-20.6,49,4.7,2570,4.7
"13301","5","23","74","0","2025","A","",7,23,1224226,361389,5193,1042,54209,"",0.91,0.30,0.27,0.36,0.70,0.92,0.92,"",-1,-12.5,-10,-30.3,-505306,-29.2,-124632,-25.6,-55,-1.0,21,2.1,1129,2.1
"13303","5","23","74","0","2025","A","",26,400,26563862,6851262,56959,1278,66451,"",0.78,1.17,1.38,1.27,1.00,1.18,1.18,"",-3,-10.3,83,26.2,6534730,32.6,2766963,67.7,21320,59.8,62,5.1,3218,5.1
"13305","5","23","74","0","2025","A","N",85,0,0,0,0,0,0,"N",1.57,0,0,0,0,0,0,"N",2,2.4,0,0,0,0,0,0,0,0,0,0,0,0
"13309","5","23","74","0","2025","A","",5,8,233598,93100,3809,556,28899,"",0.79,0.15,0.08,0.11,0.27,0.56,0.56,"",0,0.0,-4,-33.3,-60069,-20.5,-47833,-33.9,-1543,-28.8,82,17.3,4256,17.3
"13311","5","23","74","0","2025","A","",96,651,46350335,8459245,64705,1370,71235,"",1.44,1.31,2.10,1.31,0.78,1.61,1.61,"",-2,-2.0,-83,-11.3,191947,0.4,-719610,-7.8,-6912,-9.7,161,13.3,8385,13.3
"13313","5","23","74","0","2025","A","N",217,0,0,0,0,0,0,"N",1.03,0,0,0,0,0,0,"N",1,0.5,0,0,0,0,0,0,0,0,0,0,0,0
"13315","5","23","74","0","2025","A","",7,24,1375920,298714,12346,1114,57933,"",0.77,0.38,0.48,0.47,1.70,1.28,1.28,"",1,16.7,10,71.4,948849,222.2,139780,87.9,6258,102.8,541,94.4,28137,94.4
"13317","5","23","74","0","2025","A","",22,461,38956752,5874788,47950,1627,84581,"",1.15,3.15,4.76,3.11,1.72,1.51,1.51,"",3,15.8,46,11.1,3504984,9.9,683997,13.2,-499,-1.0,-15,-0.9,-828,-1.0
"13319","5","23","74","0","2025","A","",18,262,15174666,3834454,36734,1114,57937,"",1.31,1.72,1.54,1.59,0.71,0.90,0.90,"",0,0.0,-18,-6.4,-568056,-3.6,-91621,-2.3,4548,14.1,34,3.1,1797,3.2
"13321","5","23","74","0","2025","A","N",28,0,0,0,0,0,0,"N",0.98,0,0,0,0,0,0,"N",3,12.0,0,0,0,0,0,0,0,0,0,0,0,0
"13999","5","23","74","0","2025","A","",1606,7296,708323971,114282180,1708915,1867,97089,"",0.45,0.59,0.48,0.46,0.32,0.81,0.81,"",-199,-11.0,-334,-4.4,461755,0.1,-6167321,-5.1,-515778,-23.2,83,4.7,4317,4.7
"15000","3","23","54","0","2025","A","N",15,0,0,0,0,0,0,"N",0.70,0,0,0,0,0,0,"N",0,0.0,0,0,0,0,0,0,0,0,0,0,0,0
"15000","5","23","54","0","2025","A","",4488,39633,3831778464,2468241404,51888873,1859,96682,"",0.94,1.16,1.48,1.46,1.95,1.27,1.27,"",44,1.0,951,2.5,247902928,6.9,155788977,6.7,-11951610,-18.7,77,4.3,4034,4.4
"15001","5","23","74","0","2025","A","N",709,0,0,0,0,0,0,"N",1.23,0,0,0,0,0,0,"N",11,1.6,0,0,0,0,0,0,0,0,0,0,0,0
"15003","3","23","74","0","2025","A","N",1,0,0,0,0,0,0,"N",0.09,0,0,0,0,0,0,"N",0,0.0,0,0,0,0,0,0,0,0,0,0,0,0
"15003","5","23","74","0","2025","A","",2618,28500,2861217497,1793227616,39125434,1931,100394,"",1.05,1.18,1.51,1.55,2.22,1.27,1.27,"",16,0.6,728,2.6,200501218,7.5,116129861,6.9,-9409772,-19.4,89,4.8,4590,4.8
"15007","5","23","74","0","2025","A","N",378,0,0,0,0,0,0,"N",1.39,0,0,0,0,0,0,"N",13,3.6,0,0,0,0,0,0,0,0,0,0,0,0
"15009","3","23","74","0","2025","A","N",14,0,0,0,0,0,0,"N",5.09,0,0,0,0,0,0,"N",0,0.0,0,0,0,0,0,0,0,0,0,0,0,0
"15009","5","23","74","0","2025","A","",772,4821,443652756,309642735,5833861,1770,92022,"",1.26,1.22,1.63,1.41,1.65,1.33,1.33,"",2,0.3,51,1.1,8873421,2.0,12459639,4.2,-1192882,-17.0,17,1.0,870,1.0
"15999","5","23","74","0","2025","A","N",11,0,0,0,0,0,0,"N",0.01,0,0,0,0,0,0,"N",1,10.0,0,0,0,0,0,0,0,0,0,0,0,0
"16000","3","23","54","0","2025","A","",72,1035,68684981,1847277,7507,1277,66389,"",1.98,1.66,2.01,0.52,0.70,1.21,1.21,"",0,0.0,18,1.8,3811337,5.9,47718,2.7,-2254,-23.1,50,4.1,2574,4.0
"16000","5","23","54","0","2025","A","",13486,72028,5097539004,3700863412,32223725,1361,70772,"",1.67,1.56,1.64,1.64,1.39,1.05,1.05,"",-192,-1.4,3360,4.9,635056475,14.2,365543073,11.0,-1885960,-5.5,111,8.9,5786,8.9
"16001","3","23","74","0","2025","A","",5,444,32255310,0,0,1398,72702,"",0.54,2.12,2.37,0.00,0.00,1.12,1.12,"",0,0.0,4,0.9,860180,2.7,0,0.0,0,0.0,25,1.8,1295,1.8
"16001","5","23","74","0","2025","A","",2642,23710,1986662993,1320315457,11180574,1611,83792,"",1.27,1.52,1.60,1.64,1.37,1.06,1.06,"",-312,-10.6,1748,8.0,327989891,19.8,181667685,16.0,-49120,-0.4,159,11.0,8269,10.9
"16003","5","23","74","0","2025","A","",48,97,4898451,4554503,39402,970,50456,"",2.93,1.82,1.42,2.17,1.31,0.78,0.78,"",0,0.0,3,3.2,525954,12.0,609911,15.5,-1510,-3.7,71,7.9,3691,7.9
"16005","3","23","74","0","2025","A","",1,6,272817,0,0,954,49603,"",0.88,0.22,0.23,0.00,0.00,1.13,1.13,"",0,0.0,0,0.0,3819,1.4,0,0.0,0,0.0,67,7.6,3489,7.6
"16005","5","23","74","0","2025","A","N",401,0,0,0,0,0,0,"N",1.58,0,0,0,0,0,0,"N",1,0.2,0,0,0,0,0,0,0,0,0,0,0,0
"16007","5","23","74","0","2025","A","",40,93,3846214,3559549,28096,799,41543,"",1.75,0.87,0.82,1.18,0.90,0.94,0.94,"",4,11.1,3,3.3,248301,6.9,107658,3.1,-3984,-12.4,28,3.6,1455,3.6
"16009","5","23","74","0","2025","A","",58,130,5984633,5010446,45326,889,46213,"",1.79,0.71,0.52,0.67,0.62,0.73,0.73,"",-4,-6.5,6,4.8,515644,9.4,386250,8.4,-14635,-24.4,39,4.6,1989,4.5
"16011","5","23","74","0","2025","A","",233,1378,79480863,62217916,588713,1109,57675,"",1.97,1.57,1.73,1.62,1.61,1.10,1.10,"",3,1.3,39,2.9,5930960,8.1,3860466,6.6,-78862,-11.8,53,5.0,2743,5.0
"16013","5","23","74","0","2025","A","",416,2461,162324586,122775497,830747,1268,65950,"",2.41,3.22,3.14,3.03,1.81,0.98,0.98,"",-5,-1.2,-76,-3.0,3191912,2.0,1570984,1.3,-210582,-20.2,62,5.1,3229,5.1
"16015","5","23","74","0","2025","A","",49,96,4958299,4197522,34376,993,51649,"",2.31,0.99,0.93,1.45,0.84,0.94,0.94,"",-1,-2.0,-9,-8.6,-677356,-12.0,-535042,-11.3,-12693,-27.0,-37,-3.6,-1896,-3.5
"16017","3","23","74","0","2025","A","",1,8,450267,0,0,1129,58730,"",1.15,0.70,0.82,0.00,0.00,1.23,1.23,"",0,0.0,1,14.3,31693,7.6,0,0.0,0,0.0,-78,-6.5,-4056,-6.5
"16017","5","23","74","0","2025","A","",431,1237,71602734,58710811,547297,1113,57892,"",2.23,1.44,1.43,1.42,1.07,0.99,0.99,"",-11,-2.5,3,0.2,2305678,3.3,1456729,2.5,-94420,-14.7,33,3.1,1751,3.1
"16019","5","23","74","0","2025","A","",789,4817,316712625,239054165,2158227,1264,65750,"",1.77,1.43,1.71,1.47,1.37,1.19,1.20,"",3,0.4,242,5.3,30865632,10.8,20822172,9.5,-132952,-5.8,62,5.2,3266,5.2
"16021","5","23","74","0","2025","A","",122,490,31441786,26034004,233889,1233,64112,"",2.60,2.22,2.47,2.65,1.87,1.11,1.11,"",-3,-2.4,93,23.4,8212939,35.4,6758371,35.1,35538,17.9,108,9.6,5638,9.6
"16023","5","23","74","0","2025","A","",13,250,25037167,16810074,126813,1929,100316,"",1.15,0.46,0.36,0.97,0.83,0.78,0.78,"",-1,-7.1,15,6.4,3949806,18.7,2617445,18.4,-12580,-9.0,206,12.0,10710,12.0
"16025","5","23","74","0","2025","A","N",9,0,0,0,0,0,0,"N",1.57,0,0,0,0,0,0,"N",-1,-10.0,0,0,0,0,0,0,0,0,0,0,0,0
"16027","3","23","74","0","2025","A","",4,104,8015509,0,0,1477,76826,"",1.26,1.62,2.61,0.00,0.00,1.61,1.61,"",0,0.0,5,5.1,1130653,16.4,0,0.0,0,0.0,135,10.1,7047,10.1
"16027","5","23","74","0","2025","A","",2094,11926,761780974,587461485,4501548,1228,63876,"",2.96,2.49,2.73,2.48,1.76,1.09,1.09,"",-15,-0.7,576,5.1,83378676,12.3,49737945,9.2,-642986,-12.5,79,6.9,4105,6.9
"16029","5","23","74","0","2025","A","",32,276,19157262,14496614,134749,1333,69306,"",1.28,1.47,1.35,1.38,1.38,0.92,0.92,"",2,6.7,-20,-6.8,-2390680,-11.1,-288702,-2.0,-47405,-26.0,-69,-4.9,-3594,-4.9
"16031","3","23","74","0","2025","A","",4,34,1570532,0,0,890,46306,"",10.04,3.79,3.82,0.00,0.00,1.01,1.01,"",0,0.0,1,3.0,151885,10.7,0,0.0,0,0.0,65,7.9,3425,8.0
"16031","5","23","74","0","2025","A","",112,744,42746430,36678965,244889,1105,57442,"",1.26,1.11,1.14,1.08,0.79,1.02,1.02,"",0,0.0,41,5.8,3509687,8.9,4809875,15.1,-3186,-1.3,32,3.0,1649,3.0
"16033","5","23","74","0","2025","A","N",3,0,0,0,0,0,0,"N",0.82,0,0,0,0,0,0,"N",0,0.0,0,0,0,0,0,0,0,0,0,0,0,0
"16035","3","23","74","0","2025","A","",1,5,220662,217047,488,893,46455,"",8.44,2.55,2.46,29.51,15.14,1.02,1.02,"",0,0.0,0,0.0,-45363,-17.1,-20724,-8.7,-179,-26.8,-51,-5.4,-2657,-5.4
"16035","5","23","74","0","2025","A","",44,157,8358040,7244759,159581,1025,53321,"",1.67,1.07,1.02,1.54,2.28,0.95,0.95,"",-3,-6.4,-12,-7.1,-618998,-6.9,-270317,-3.6,-13335,-7.7,4,0.4,229,0.4
"16037","3","23","74","0","2025","A","",1,11,532969,0,0,898,46683,"",10.25,9.67,10.69,0.00,0.00,1.07,1.06,"",0,0.0,-1,-8.3,15407,3.0,0,0.0,0,0.0,45,5.3,2321,5.2
"16037","5","23","74","0","2025","A","N",31,0,0,0,0,0,0,"N",1.43,0,0,0,0,0,0,"N",-6,-16.2,0,0,0,0,0,0,0,0,0,0,0,0
"16039","3","23","74","0","2025","A","",3,36,2055459,124380,933,1088,56572,"",11.39,6.73,8.84,5.11,13.89,1.30,1.30,"",0,0.0,3,9.1,214433,11.6,50414,68.2,240,34.6,1,0.1,70,0.1
"16039","5","23","74","0","2025","A","",82,421,24044312,19297081,135092,1099,57135,"",1.40,1.06,1.14,1.24,0.93,1.07,1.07,"",-2,-2.4,36,9.4,3422080,16.6,2495013,14.8,-13733,-9.2,70,6.8,3606,6.7
"16041","5","23","74","0","2025","A","",92,355,24885505,16710052,110389,1349,70149,"",2.10,1.60,2.21,1.99,1.33,1.38,1.38,"",4,4.5,39,12.3,5816091,30.5,3230791,24.0,1858,1.7,188,16.2,9755,16.2
"16043","5","23","74","0","2025","A","",114,360,18920156,15879459,153767,1010,52507,"",2.49,1.79,1.84,2.16,1.83,1.03,1.03,"",0,0.0,-12,-3.2,1207297,6.8,518028,3.4,-13338,-8.0,94,10.3,4870,10.2
"16045","5","23","74","0","2025","A","",155,409,21757669,18074683,152245,1022,53154,"",2.80,1.69,1.80,1.83,1.32,1.07,1.07,"",-9,-5.5,-11,-2.6,-17884,-0.1,86695,0.5,-24503,-13.9,26,2.6,1359,2.6
"16047","3","23","74","0","2025","A","",5,20,856294,202656,455,830,43174,"",22.74,4.22,3.94,7.57,7.69,0.94,0.94,"",0,0.0,-1,-4.8,11126,1.3,-23331,-10.3,-181,-28.5,47,6.0,2443,6.0
"16047","5","23","74","0","2025","A","",81,323,17504264,14457070,110438,1041,54123,"",1.66,0.92,0.89,0.85,0.86,0.97,0.97,"",-7,-8.0,-32,-9.0,-1747368,-9.1,-1033974,-6.7,-35448,-24.3,-2,-0.2,-94,-0.2
"16049","3","23","74","0","2025","A","",14,63,2702246,755379,3492,828,43064,"",56.27,19.38,19.13,57.66,81.17,0.99,0.99,"",0,0.0,1,1.6,130228,5.1,30562,4.2,-1473,-29.7,29,3.6,1524,3.7
"16049","5","23","74","0","2025","A","",108,431,21875442,18442501,149454,976,50735,"",1.95,1.78,1.70,2.20,1.60,0.95,0.95,"",-4,-3.6,-17,-3.8,956721,4.6,273012,1.5,-32350,-17.8,78,8.7,4033,8.6
"16051","5","23","74","0","2025","A","",250,1337,73693614,60325829,465197,1060,55129,"",2.62,3.03,3.49,3.10,2.32,1.15,1.15,"",-6,-2.3,87,7.0,7360420,11.1,5470462,10.0,-63838,-12.1,39,3.8,2041,3.8
"16053","3","23","74","0","2025","A","",2,20,974789,0,0,926,48138,"",6.10,2.28,2.32,0.00,0.00,1.01,1.01,"",0,0.0,-2,-9.1,-14374,-1.5,0,0.0,0,0.0,51,5.8,2659,5.8
"16053","5","23","74","0","2025","A","",142,677,42448947,32536720,228176,1206,62732,"",1.95,1.04,1.11,0.88,0.71,1.07,1.07,"",7,5.2,25,3.8,2750920,6.9,1956239,6.4,-30674,-11.9,36,3.1,1884,3.1
"16055","3","23","74","0","2025","A","",6,83,6574658,0,0,1522,79133,"",1.94,1.62,2.47,0.00,0.00,1.52,1.52,"",0,0.0,3,3.8,522559,8.6,0,0.0,0,0.0,67,4.6,3482,4.6
"16055","5","23","74","0","2025","A","",1538,7056,478254642,359517514,3322963,1303,67775,"",2.24,1.85,1.97,1.96,1.62,1.06,1.06,"",1,0.1,189,2.8,50310885,11.8,26326606,7.9,-443512,-11.8,105,8.8,5458,8.8
"16057","3","23","74","0","2025","A","",2,38,2595147,0,0,1328,69050,"",4.06,3.55,5.48,0.00,0.00,1.56,1.56,"",0,0.0,1,2.7,340050,15.1,0,0.0,0,0.0,148,12.5,7687,12.5
"16057","5","23","74","0","2025","A","",184,727,41383150,35197121,534610,1094,56897,"",1.68,0.91,0.96,1.43,2.01,1.05,1.05,"",0,0.0,46,6.8,7033140,20.5,6462694,22.5,250019,87.9,124,12.8,6463,12.8
"16059","5","23","74","0","2025","A","",54,205,11342035,9498730,86825,1062,55215,"",1.55,1.39,1.38,1.87,1.55,0.99,0.99,"",-4,-6.9,-2,-1.0,393150,3.6,274990,3.0,-11883,-12.0,43,4.2,2215,4.2
"16061","3","23","74","0","2025","A","",6,20,957501,365885,1730,909,47284,"",72.97,18.08,22.05,71.76,105.11,1.20,1.20,"",0,0.0,-2,-9.1,44627,4.9,7732,2.2,-566,-24.7,120,15.2,6256,15.2
"16061","5","23","74","0","2025","A","N",29,0,0,0,0,0,0,"N",1.58,0,0,0,0,0,0,"N",0,0.0,0,0,0,0,0,0,0,0,0,0,0,0
"16063","3","23","74","0","2025","A","",3,18,588026,0,0,622,32368,"",41.80,14.65,10.78,0.00,0.00,0.73,0.73,"",0,0.0,1,5.9,48048,8.9,0,0.0,0,0.0,11,1.8,605,1.9
"16063","5","23","74","0","2025","A","",45,227,16672954,11334596,87125,1412,73449,"",2.82,2.48,3.36,2.82,2.06,1.35,1.35,"",-1,-2.2,7,3.2,1257411,8.2,1074264,10.5,-12730,-12.7,61,4.5,3219,4.6
"16065","5","23","74","0","2025","A","",237,829,42557651,36183299,304076,988,51352,"",1.75,0.88,0.96,1.17,1.02,1.09,1.09,"",10,4.4,70,9.2,5789546,15.7,4486034,14.2,-26052,-7.9,56,6.0,2893,6.0
"16067","3","23","74","0","2025","A","",2,23,1200465,0,0,1007,52384,"",7.43,3.50,3.98,0.00,0.00,1.14,1.14,"",0,0.0,1,4.5,14671,1.2,0,0.0,0,0.0,-26,-2.5,-1312,-2.4
"16067","5","23","74","0","2025","A","",91,647,44927070,32213561,274820,1336,69457,"",1.52,1.32,1.63,1.32,1.20,1.24,1.23,"",-1,-1.1,40,6.6,4772244,11.9,3113531,10.7,-33197,-10.8,64,5.0,3322,5.0
"16069","5","23","74","0","2025","A","",186,1117,76753231,55583706,663723,1322,68739,"",1.60,0.97,1.10,0.95,1.26,1.13,1.13,"",-14,-7.0,-17,-1.5,4082342,5.6,-278100,-0.5,-20061,-2.9,90,7.3,4674,7.3
"16071","5","23","74","0","2025","A","N",20,0,0,0,0,0,0,"N",1.44,0,0,0,0,0,0,"N",0,0.0,0,0,0,0,0,0,0,0,0,0,0,0
"16073","3","23","74","0","2025","A","",2,8,346671,0,0,808,42021,"",14.21,3.28,3.25,0.00,0.00,0.96,0.96,"",0,0.0,-1,-11.1,-21380,-5.8,0,0.0,0,0.0,29,3.7,1502,3.7
"16073","5","23","74","0","2025","A","",66,214,11696168,9444831,72657,1050,54591,"",2.11,1.18,1.21,1.14,0.83,1.02,1.02,"",5,8.2,40,23.0,3248308,38.5,2291142,32.0,10392,16.7,116,12.4,6040,12.4
"16075","3","23","74","0","2025","A","",1,7,516934,0,0,1356,70491,"",3.30,1.37,2.22,0.00,0.00,1.55,1.55,"",0,0.0,-1,-12.5,-2309,-0.4,0,0.0,0,0.0,25,1.9,1259,1.8
"16075","5","23","74","0","2025","A","",124,518,35799859,26312578,232321,1329,69123,"",1.84,1.36,1.69,1.46,1.15,1.24,1.24,"",8,6.9,43,9.1,5611865,18.6,3897478,17.4,-13463,-5.5,106,8.7,5536,8.7
"16077","3","23","74","0","2025","A","",3,30,1781506,0,0,1129,58731,"",30.97,10.76,12.53,0.00,0.00,1.15,1.15,"",0,0.0,1,3.4,175089,10.9,0,0.0,0,0.0,70,6.6,3654,6.6
"16077","5","23","74","0","2025","A","",24,76,4128798,3625829,21931,1046,54386,"",1.11,0.37,0.32,0.33,0.21,0.87,0.87,"",-2,-7.7,4,5.6,128242,3.2,343814,10.5,-3682,-14.4,-26,-2.4,-1371,-2.5
"16079","3","23","74","0","2025","A","",1,1,69027,55298,124,1327,69027,"",5.91,0.29,0.39,2.82,2.22,1.37,1.37,"",0,0.0,0,0.0,1683,2.5,1800,3.4,-27,-17.9,32,2.5,1683,2.5
"16079","5","23","74","0","2025","A","",60,189,12964711,9849328,139784,1317,68506,"",1.59,0.73,0.81,0.79,1.15,1.11,1.11,"",0,0.0,-22,-10.4,-1435459,-10.0,-1043669,-9.6,-38901,-21.8,7,0.5,393,0.6
"16081","5","23","74","0","2025","A","",200,886,58792183,45007830,378457,1276,66369,"",2.84,3.41,3.85,3.41,2.48,1.13,1.13,"",6,3.1,8,0.9,2746687,4.9,1186215,2.7,-57596,-13.2,48,3.9,2512,3.9
"16083","3","23","74","0","2025","A","",4,52,4018577,0,0,1486,77280,"",2.89,1.71,3.00,0.00,0.00,1.75,1.75,"",0,0.0,2,4.0,194697,5.1,0,0.0,0,0.0,20,1.4,1056,1.4
"16083","5","23","74","0","2025","A","",490,2226,136953367,106848734,949044,1183,61515,"",1.59,0.99,1.12,1.06,0.97,1.14,1.14,"",-18,-3.5,107,5.0,21676273,18.8,12406953,13.1,-1270,-0.1,137,13.1,7122,13.1
"16085","5","23","74","0","2025","A","",186,434,25465369,20999690,202003,1129,58687,"",2.71,1.43,1.44,1.67,1.35,1.01,1.01,"",-18,-8.8,-31,-6.7,-971874,-3.7,-1002366,-4.6,-40277,-16.6,36,3.3,1853,3.3
"16087","3","23","74","0","2025","A","",1,3,129615,126632,285,767,39882,"",7.76,1.44,1.59,14.02,10.37,1.02,1.02,"",0,0.0,-1,-25.0,3915,3.1,1265,1.0,-68,-19.3,92,13.6,4803,13.7
"16087","5","23","74","0","2025","A","",66,212,11135066,9115952,81664,1010,52545,"",2.30,1.37,1.50,1.58,1.37,1.10,1.10,"",2,3.1,13,6.5,741841,7.1,427473,4.9,-12398,-13.2,4,0.4,230,0.4
"16999","5","23","74","0","2025","A","",1296,1483,143716069,83860553,747663,1864,96904,"",0.86,1.13,0.93,0.83,0.61,0.82,0.82,"N",204,18.7,0,0,0,0,0,0,0,0,0,0,0,0
"17000","3","23","54","0","2025","A","",432,1367,42382230,14463413,204132,596,31009,"",3.26,0.32,0.14,1.52,1.69,0.44,0.44,"",-9,-2.0,93,7.3,4115575,10.8,1311428,10.0,256,0.1,18,3.1,968,3.2
"17000","5","23","54","0","2025","A","",31961,239900,22531487118,4533227015,239641060,1806,93920,"",1.08,0.75,0.81,0.74,0.91,1.09,1.09,"",-732,-2.2,3048,1.3,1015389268,4.7,167562348,3.8,-10702431,-4.3,59,3.4,3078,3.4
"17001","3","23","74","0","2025","A","N",3,0,0,0,0,0,0,"N",4.91,0,0,0,0,0,0,"N",-1,-25.0,0,0,0,0,0,0,0,0,0,0,0,0
"17001","5","23","74","0","2025","A","N",214,0,0,0,0,0,0,"N",1.58,0,0,0,0,0,0,"N",-6,-2.7,0,0,0,0,0,0,0,0,0,0,0,0
"17003","5","23","74","0","2025","A","N",4,0,0,0,0,0,0,"N",0.56,0,0,0,0,0,0,"N",0,0.0,0,0,0,0,0,0,0,0,0,0,0,0
"17005","3","23","74","0","2025","A","N",2,0,0,0,0,0,0,"N",17.83,0,0,0,0,0,0,"N",0,0.0,0,0,0,0,0,0,0,0,0,0,0,0
"17005","5","23","74","0","2025","A","N",40,0,0,0,0,0,0,"N",1.60,0,0,0,0,0,0,"N",2,5.3,0,0,0,0,0,0,0,0,0,0,0,0
"17007","3","23","74","0","2025","A","",4,18,294894,162456,1219,319,16614,"",13.02,2.24,0.73,8.35,3.82,0.33,0.33,"",0,0.0,2,12.5,4483,1.5,-7005,-4.1,-222,-15.4,-28,-8.1,-1443,-8.0
"17007","5","23","74","0","2025","A","",135,1492,114882943,30040595,1694529,1480,76978,"",1.97,2.49,3.11,2.42,2.45,1.25,1.25,"",3,2.3,16,1.1,3875310,3.5,2528592,9.2,28913,1.7,34,2.4,1782,2.4
"17009","3","23","74","0","2025","A","N",1,0,0,0,0,0,0,"N",22.96,0,0,0,0,0,0,"N",0,0.0,0,0,0,0,0,0,0,0,0,0,0,0
"17009","5","23","74","0","2025","A","",14,41,2044053,610245,10317,963,50058,"",1.44,0.16,0.11,0.11,0.07,0.67,0.67,"",-2,-12.5,-12,-22.6,-445519,-17.9,-217728,-26.3,-18976,-64.8,60,6.6,3085,6.6
"17011","3","23","74","0","2025","A","N",8,0,0,0,0,0,0,"N",30.37,0,0,0,0,0,0,"N",0,0.0,0,0,0,0,0,0,0,0,0,0,0,0
"17011","5","23","74","0","2025","A","",74,467,37847202,9468204,480087,1558,81014,"",1.26,0.88,1.17,0.87,1.19,1.33,1.33,"",-8,-9.8,13,2.9,4375474,13.1,738080,8.5,5915,1.2,140,9.9,7274,9.9
"17013","5","23","74","0","2025","A","",8,34,2257327,594655,22852,1264,65747,"",1.17,0.86,1.42,1.00,1.38,1.63,1.63,"",-4,-33.3,-1,-2.9,-141722,-5.9,-71932,-10.8,-921,-3.9,-45,-3.4,-2311,-3.4
"17015","3","23","74","0","2025","A","N",4,0,0,0,0,0,0,"N",28.84,0,0,0,0,0,0,"N",0,0.0,0,0,0,0,0,0,0,0,0,0,0,0
"17015","5","23","74","0","2025","A","N",48,0,0,0,0,0,0,"N",1.56,0,0,0,0,0,0,"N",-3,-5.9,0,0,0,0,0,0,0,0,0,0,0,0
"17017","3","23","74","0","2025","A","N",2,0,0,0,0,0,0,"N",21.66,0,0,0,0,0,0,"N",-1,-33.3,0,0,0,0,0,0,0,0,0,0,0,0
"17017","5","23","74","0","2025","A","",33,168,9178673,2997675,92240,1050,54608,"",1.61,0.69,0.63,0.59,0.54,0.91,0.91,"",2,6.5,10,6.3,1053750,13.0,356188,13.5,14920,19.3,61,6.2,3184,6.2
"17019","3","23","74","0","2025","A","N",14,0,0,0,0,0,0,"N",9.74,0,0,0,0,0,0,"N",0,0.0,0,0,0,0,0,0,0,0,0,0,0,0
"17019","5","23","74","0","2025","A","",350,3665,292670368,69091392,3681590,1536,79865,"",1.09,0.73,0.82,1.00,1.29,1.13,1.13,"",-5,-1.4,107,3.0,29328876,11.1,6115001,9.7,136036,3.8,113,7.9,5853,7.9
"17021","3","23","74","0","2025","A","N",6,0,0,0,0,0,0,"N",24.74,0,0,0,0,0,0,"N",0,0.0,0,0,0,0,0,0,0,0,0,0,0,0
"17021","5","23","74","0","2025","A","",84,332,20313452,5600835,211887,1176,61154,"",1.56,0.68,0.73,0.72,0.80,1.09,1.09,"",0,0.0,-16,-4.6,-545238,-2.6,-374230,-6.3,-50509,-19.2,25,2.2,1301,2.2
"17023","3","23","74","0","2025","A","N",2,0,0,0,0,0,0,"N",16.93,0,0,0,0,0,0,"N",0,0.0,0,0,0,0,0,0,0,0,0,0,0,0
"17023","5","23","74","0","2025","A","N",37,0,0,0,0,0,0,"N",1.41,0,0,0,0,0,0,"N",2,5.7,0,0,0,0,0,0,0,0,0,0,0,0
"17025","3","23","74","0","2025","A","N",2,0,0,0,0,0,0,"N",19.13,0,0,0,0,0,0,"N",0,0.0,0,0,0,0,0,0,0,0,0,0,0,0
"17025","5","23","74","0","2025","A","",19,61,3476314,1038623,36384,1097,57067,"",0.82,0.25,0.25,0.21,0.19,1.02,1.02,"",3,18.8,3,5.2,598784,20.8,158999,18.1,-124,-0.3,150,15.8,7808,15.9
"17027","3","23","74","0","2025","A","N",7,0,0,0,0,0,0,"N",21.65,0,0,0,0,0,0,"N",0,0.0,0,0,0,0,0,0,0,0,0,0,0,0
"17027","5","23","74","0","2025","A","",136,1015,75743644,19085100,909904,1436,74655,"",1.89,1.51,1.94,1.69,2.37,1.29,1.29,"",-1,-0.7,-52,-4.9,1234249,1.7,-482375,-2.5,-221825,-19.6,93,6.9,4830,6.9
"17029","3","23","74","0","2025","A","N",7,0,0,0,0,0,0,"N",19.77,0,0,0,0,0,0,"N",0,0.0,0,0,0,0,0,0,0,0,0,0,0,0
"17029","5","23","74","0","2025","A","",112,743,51195042,13487841,618103,1325,68888,"",1.42,0.59,0.67,0.65,0.95,1.13,1.13,"",5,4.7,-52,-6.5,-785965,-1.5,-374666,-2.7,-95397,-13.4,67,5.3,3476,5.3
"17031","3","23","74","0","2025","A","",4,36,3104823,111328,835,1647,85650,"",0.08,0.02,0.02,0.03,0.02,1.08,1.08,"",0,0.0,-2,-5.3,17225,0.6,-10982,-9.0,-205,-19.7,74,4.7,3859,4.7
"17031","5","23","74","0","2025","A","",10805,75439,7755317681,1388498417,73611147,1977,102803,"",1.01,0.55,0.58,0.53,0.64,1.05,1.05,"",-83,-0.8,87,0.1,-9446670,-0.1,23748112,1.7,-5194324,-6.6,-5,-0.3,-244,-0.2
"17033","3","23","74","0","2025","A","N",7,0,0,0,0,0,0,"N",47.61,0,0,0,0,0,0,"N",0,0.0,0,0,0,0,0,0,0,0,0,0,0,0
"17033","5","23","74","0","2025","A","",30,478,44849105,10329855,717413,1803,93778,"",0.92,1.18,1.54,1.27,2.81,1.30,1.30,"",0,0.0,84,21.3,16346496,57.4,2370109,29.8,83412,13.2,412,29.6,21421,29.6
"17035","3","23","74","0","2025","A","N",3,0,0,0,0,0,0,"N",43.71,0,0,0,0,0,0,"N",0,0.0,0,0,0,0,0,0,0,0,0,0,0,0
"17035","5","23","74","0","2025","A","N",22,0,0,0,0,0,0,"N",1.44,0,0,0,0,0,0,"N",3,15.8,0,0,0,0,0,0,0,0,0,0,0,0
"17037","3","23","74","0","2025","A","N",1,0,0,0,0,0,0,"N",1.45,0,0,0,0,0,0,"N",0,0.0,0,0,0,0,0,0,0,0,0,0,0,0
"17037","5","23","74","0","2025","A","N",244,0,0,0,0,0,0,"N",1.59,0,0,0,0,0,0,"N",-9,-3.6,0,0,0,0,0,0,0,0,0,0,0,0
"17039","3","23","74","0","2025","A","N",2,0,0,0,0,0,0,"N",17.08,0,0,0,0,0,0,"N",0,0.0,0,0,0,0,0,0,0,0,0,0,0,0
"17039","5","23","74","0","2025","A","",40,362,29364955,7323252,386372,1562,81231,"",1.54,1.35,1.41,1.43,2.06,1.05,1.05,"",-4,-9.1,72,24.8,9248841,46.0,2459605,50.6,192345,99.1,228,17.1,11865,17.1
"17041","3","23","74","0","2025","A","",5,20,583292,250102,7258,566,29410,"",24.00,3.71,2.10,19.87,74.25,0.57,0.57,"",0,0.0,1,5.3,108860,22.9,55728,28.7,-2927,-28.7,86,17.9,4440,17.8
"17041","5","23","74","0","2025","A","",90,548,39760061,9993373,279970,1394,72489,"",1.94,1.37,1.57,1.24,1.32,1.15,1.15,"",2,2.3,35,6.8,2312032,6.2,721106,7.8,-55179,-16.5,-10,-0.7,-533,-0.7
"17043","3","23","74","0","2025","A","N",6,0,0,0,0,0,0,"N",0.51,0,0,0,0,0,0,"N",0,0.0,0,0,0,0,0,0,0,0,0,0,0,0
"17043","5","23","74","0","2025","A","",3030,30214,3196253864,558330606,29811613,2034,105786,"",1.16,0.91,1.09,0.81,1.00,1.20,1.20,"",-36,-1.2,541,1.8,225405306,7.6,22551875,4.2,-501759,-1.7,109,5.7,5668,5.7
"17045","3","23","74","0","2025","A","N",3,0,0,0,0,0,0,"N",24.96,0,0,0,0,0,0,"N",0,0.0,0,0,0,0,0,0,0,0,0,0,0,0
"17045","5","23","74","0","2025","A","",36,162,10030739,2873492,142529,1190,61855,"",1.35,0.43,0.43,0.44,0.52,1.00,1.00,"",-2,-5.3,3,1.9,447851,4.7,262208,10.0,760,0.5,30,2.6,1522,2.5
"17047","3","23","74","0","2025","A","N",1,0,0,0,0,0,0,"N",19.79,0,0,0,0,0,0,"N",0,0.0,0,0,0,0,0,0,0,0,0,0,0,0
"17047","5","23","74","0","2025","A","",16,63,2957921,1018447,40961,905,47076,"",1.42,0.70,0.66,0.58,0.67,0.94,0.94,"N",0,0.0,0,0,0,0,0,0,0,0,0,0,0,0
"17049","3","23","74","0","2025","A","N",4,0,0,0,0,0,0,"N",9.34,0,0,0,0,0,0,"N",0,0.0,0,0,0,0,0,0,0,0,0,0,0,0
"17049","5","23","74","0","2025","A","",147,1467,105337805,25521235,1026974,1381,71797,"",1.54,1.19,1.43,1.08,1.32,1.20,1.20,"",-3,-2.0,144,10.9,15097737,16.7,2828828,12.5,68960,7.2,69,5.3,3597,5.3
"17051","3","23","74","0","2025","A","N",5,0,0,0,0,0,0,"N",31.61,0,0,0,0,0,0,"N",0,0.0,0,0,0,0,0,0,0,0,0,0,0,0
"17051","5","23","74","0","2025","A","",55,276,14749716,4865537,186788,1026,53344,"",1.56,1.05,1.12,1.10,1.20,1.06,1.06,"",-3,-5.2,-16,-5.5,-2693,0.0,-11327,-0.2,-6870,-3.5,56,5.8,2880,5.7
"17053","3","23","74","0","2025","A","",6,9,153963,105477,789,326,16950,"",47.18,2.29,0.76,14.19,11.11,0.33,0.33,"",0,0.0,0,0.0,61747,67.0,25681,32.2,112,16.5,129,65.5,6704,65.4
"17053","5","23","74","0","2025","A","",30,149,10051952,2579149,104255,1301,67652,"",1.06,0.51,0.55,0.54,0.68,1.08,1.08,"",-4,-11.8,-47,-24.0,-4939786,-33.0,-1090494,-29.7,-48781,-31.9,-166,-11.3,-8642,-11.3
"17055","5","23","74","0","2025","A","N",66,0,0,0,0,0,0,"N",1.22,0,0,0,0,0,0,"N",-7,-9.6,0,0,0,0,0,0,0,0,0,0,0,0
"17057","3","23","74","0","2025","A","N",9,0,0,0,0,0,0,"N",40.55,0,0,0,0,0,0,"N",-1,-10.0,0,0,0,0,0,0,0,0,0,0,0,0
"17057","5","23","74","0","2025","A","",61,314,18795729,5514094,262154,1150,59796,"",1.24,0.69,0.80,0.82,1.18,1.16,1.16,"",-4,-6.2,-20,-6.0,-352534,-1.8,-379464,-6.4,-51710,-16.5,46,4.2,2380,4.1
"17059","5","23","74","0","2025","A","N",9,0,0,0,0,0,0,"N",0.94,0,0,0,0,0,0,"N",1,12.5,0,0,0,0,0,0,0,0,0,0,0,0
"17061","3","23","74","0","2025","A","N",3,0,0,0,0,0,0,"N",35.00,0,0,0,0,0,0,"N",-1,-25.0,0,0,0,0,0,0,0,0,0,0,0,0
"17061","5","23","74","0","2025","A","",19,91,4160427,1615282,63677,877,45594,"",1.00,0.76,0.75,0.94,1.24,0.98,0.98,"",-2,-9.5,9,11.0,8398,0.2,265971,19.7,21904,52.4,-100,-10.2,-5195,-10.2
"17063","3","23","74","0","2025","A","N",3,0,0,0,0,0,0,"N",7.17,0,0,0,0,0,0,"N",0,0.0,0,0,0,0,0,0,0,0,0,0,0,0
"17063","5","23","74","0","2025","A","",153,1857,199100987,39859653,2636073,2061,107197,"",1.64,1.53,2.12,1.74,2.64,1.39,1.39,"",0,0.0,-230,-11.0,-32426694,-14.0,-7436454,-15.7,-964976,-26.8,-72,-3.4,-3737,-3.4
"17065","3","23","74","0","2025","A","N",5,0,0,0,0,0,0,"N",69.32,0,0,0,0,0,0,"N",0,0.0,0,0,0,0,0,0,0,0,0,0,0,0
"17065","5","23","74","0","2025","A","",14,64,3536392,1139293,53368,1057,54970,"",0.87,0.58,0.55,0.63,0.97,0.93,0.93,"",0,0.0,-5,-7.2,-80034,-2.2,-71010,-5.9,-12122,-18.5,55,5.5,2873,5.5
"17067","3","23","74","0","2025","A","N",2,0,0,0,0,0,0,"N",14.03,0,0,0,0,0,0,"N",0,0.0,0,0,0,0,0,0,0,0,0,0,0,0
"17067","5","23","74","0","2025","A","",28,267,20424643,5634209,124683,1473,76592,"",0.88,1.18,1.74,1.58,1.22,1.47,1.47,"",-2,-6.7,77,40.5,6708828,48.9,2067914,58.0,-27123,-17.9,87,6.3,4530,6.3
"17071","3","23","74","0","2025","A","N",1,0,0,0,0,0,0,"N",20.21,0,0,0,0,0,0,"N",-1,-50.0,0,0,0,0,0,0,0,0,0,0,0,0
"17071","5","23","74","0","2025","A","",12,47,2147890,789564,48218,879,45700,"",1.09,0.75,0.68,0.76,1.58,0.90,0.90,"",0,0.0,-4,-7.8,7737,0.4,-7652,-1.0,-3849,-7.4,69,8.5,3599,8.5
"17073","3","23","74","0","2025","A","N",6,0,0,0,0,0,0,"N",17.05,0,0,0,0,0,0,"N",0,0.0,0,0,0,0,0,0,0,0,0,0,0,0
"17073","5","23","74","0","2025","A","",128,1242,100854855,22231424,1199114,1561,81171,"",1.63,1.68,2.42,1.93,2.47,1.44,1.44,"",-6,-4.5,82,7.1,9990633,11.0,1409066,6.8,-53287,-4.3,55,3.7,2840,3.6
"17075","3","23","74","0","2025","A","N",10,0,0,0,0,0,0,"N",43.88,0,0,0,0,0,0,"N",0,0.0,0,0,0,0,0,0,0,0,0,0,0,0
"17075","5","23","74","0","2025","A","",72,452,37501227,8310516,433576,1596,83013,"",1.42,1.22,1.81,1.35,2.12,1.49,1.49,"",-7,-8.9,-4,-0.9,1804053,5.1,12276,0.1,-28687,-6.2,92,6.1,4787,6.1
"17077","3","23","74","0","2025","A","N",1,0,0,0,0,0,0,"N",2.56,0,0,0,0,0,0,"N",0,0.0,0,0,0,0,0,0,0,0,0,0,0,0
"17077","5","23","74","0","2025","A","",91,1282,96930357,26485588,1741605,1454,75594,"",1.05,0.88,1.12,1.48,2.32,1.27,1.27,"",-3,-3.2,72,6.0,14395310,17.4,3972138,17.6,86432,5.2,142,10.8,7374,10.8
"17079","3","23","74","0","2025","A","N",2,0,0,0,0,0,0,"N",23.62,0,0,0,0,0,0,"N",0,0.0,0,0,0,0,0,0,0,0,0,0,0,0
"17079","5","23","74","0","2025","A","",35,186,13786183,3560388,212192,1427,74219,"",1.86,1.64,2.19,1.88,3.18,1.34,1.34,"",1,2.9,32,20.8,1353918,10.9,312761,9.6,-146,-0.1,-125,-8.1,-6466,-8.0
"17081","3","23","74","0","2025","A","N",3,0,0,0,0,0,0,"N",10.05,0,0,0,0,0,0,"N",-1,-25.0,0,0,0,0,0,0,0,0,0,0,0,0
"17081","5","23","74","0","2025","A","N",74,0,0,0,0,0,0,"N",1.11,0,0,0,0,0,0,"N",4,5.7,0,0,0,0,0,0,0,0,0,0,0,0
"17083","3","23","74","0","2025","A","N",2,0,0,0,0,0,0,"N",14.99,0,0,0,0,0,0,"N",-1,-33.3,0,0,0,0,0,0,0,0,0,0,0,0
"17083","5","23","74","0","2025","A","",50,402,25131191,7207698,354307,1201,62464,"",1.68,1.49,1.82,1.80,2.24,1.22,1.22,"",-1,-2.0,9,2.3,1263522,5.3,7402,0.1,4812,1.4,33,2.8,1719,2.8
"17085","3","23","74","0","2025","A","",5,13,198125,127045,952,301,15641,"",19.52,2.42,0.84,11.07,7.28,0.36,0.36,"",0,0.0,-3,-18.8,44,0.0,-790,-0.6,-135,-12.4,58,23.9,2998,23.7
"17085","5","23","74","0","2025","A","",87,638,52500809,14272210,718941,1582,82279,"",1.53,1.60,2.46,1.95,2.53,1.54,1.54,"",-1,-1.1,90,16.4,15255808,41.0,4432281,45.0,121307,20.3,276,21.1,14365,21.2
"17087","5","23","74","0","2025","A","N",23,0,0,0,0,0,0,"N",1.53,0,0,0,0,0,0,"N",2,9.5,0,0,0,0,0,0,0,0,0,0,0,0
"17089","3","23","74","0","2025","A","N",6,0,0,0,0,0,0,"N",1.33,0,0,0,0,0,0,"N",0,0.0,0,0,0,0,0,0,0,0,0,0,0,0
"17089","5","23","74","0","2025","A","",1672,12491,1168223838,236503519,11930167,1799,93525,"",1.66,1.10,1.47,1.12,1.36,1.33,1.33,"",22,1.3,788,6.7,121533643,11.6,22324375,10.4,41966,0.4,79,4.6,4087,4.6
"17091","3","23","74","0","2025","A","N",8,0,0,0,0,0,0,"N",10.77,0,0,0,0,0,0,"N",0,0.0,0,0,0,0,0,0,0,0,0,0,0,0
"17091","5","23","74","0","2025","A","N",212,0,0,0,0,0,0,"N",1.28,0,0,0,0,0,0,"N",-2,-0.9,0,0,0,0,0,0,0,0,0,0,0,0
"17093","3","23","74","0","2025","A","N",3,0,0,0,0,0,0,"N",3.47,0,0,0,0,0,0,"N",0,0.0,0,0,0,0,0,0,0,0,0,0,0,0
"17093","5","23","74","0","2025","A","N",357,0,0,0,0,0,0,"N",1.86,0,0,0,0,0,0,"N",2,0.6,0,0,0,0,0,0,0,0,0,0,0,0
"17095","3","23","74","0","2025","A","N",2,0,0,0,0,0,0,"N",5.94,0,0,0,0,0,0,"N",0,0.0,0,0,0,0,0,0,0,0,0,0,0,0
"17095","5","23","74","0","2025","A","",72,558,37388214,9115631,479614,1288,66954,"",0.96,0.61,0.77,0.72,1.02,1.26,1.26,"",-5,-6.5,28,5.3,4488785,13.6,38238,0.4,-67028,-12.3,93,7.8,4831,7.8
"17097","3","23","74","0","2025","A","N",7,0,0,0,0,0,0,"N",1.00,0,0,0,0,0,0,"N",0,0.0,0,0,0,0,0,0,0,0,0,0,0,0
"17097","5","23","74","0","2025","A","",1936,12915,1226430727,237658132,11864024,1826,94959,"",1.25,0.75,0.71,0.69,0.78,0.95,0.95,"",-20,-1.0,139,1.1,76076407,6.6,8973046,3.9,-514056,-4.2,95,5.5,4922,5.5
"17099","3","23","74","0","2025","A","",12,34,317372,278018,2139,179,9312,"",14.15,1.23,0.21,4.67,3.06,0.17,0.17,"",0,0.0,5,17.2,-31463,-9.0,-24602,-8.1,-1121,-34.4,-52,-22.5,-2717,-22.6
"17099","5","23","74","0","2025","A","",231,1668,151855862,36889416,2278634,1751,91068,"",1.22,0.81,1.13,0.97,1.50,1.39,1.39,"",2,0.9,46,2.8,13807410,10.0,6410529,21.0,318664,16.3,115,7.0,5975,7.0
"17101","3","23","74","0","2025","A","N",3,0,0,0,0,0,0,"N",35.58,0,0,0,0,0,0,"N",-1,-25.0,0,0,0,0,0,0,0,0,0,0,0,0
"17101","5","23","74","0","2025","A","N",14,0,0,0,0,0,0,"N",0.75,0,0,0,0,0,0,"N",-2,-12.5,0,0,0,0,0,0,0,0,0,0,0,0
"17103","3","23","74","0","2025","A","N",6,0,0,0,0,0,0,"N",25.47,0,0,0,0,0,0,"N",0,0.0,0,0,0,0,0,0,0,0,0,0,0,0
"17103","5","23","74","0","2025","A","N",68,0,0,0,0,0,0,"N",1.30,0,0,0,0,0,0,"N",-7,-9.3,0,0,0,0,0,0,0,0,0,0,0,0
"17105","3","23","74","0","2025","A","N",4,0,0,0,0,0,0,"N",13.55,0,0,0,0,0,0,"N",0,0.0,0,0,0,0,0,0,0,0,0,0,0,0
"17105","5","23","74","0","2025","A","",87,742,56104721,12581120,428047,1455,75655,"",1.32,1.01,1.20,1.11,0.99,1.20,1.20,"",-3,-3.3,99,15.4,7727619,16.0,1790614,16.6,-14816,-3.3,9,0.6,448,0.6
"17107","3","23","74","0","2025","A","N",7,0,0,0,0,0,0,"N",36.39,0,0,0,0,0,0,"N",0,0.0,0,0,0,0,0,0,0,0,0,0,0,0
"17107","5","23","74","0","2025","A","N",47,0,0,0,0,0,0,"N",1.10,0,0,0,0,0,0,"N",-4,-7.8,0,0,0,0,0,0,0,0,0,0,0,0
"17109","3","23","74","0","2025","A","N",3,0,0,0,0,0,0,"N",15.89,0,0,0,0,0,0,"N",0,0.0,0,0,0,0,0,0,0,0,0,0,0,0
"17109","5","23","74","0","2025","A","",41,269,25908684,4672550,258670,1855,96464,"",0.98,0.51,0.91,0.61,1.00,1.79,1.79,"",-4,-8.9,-3,-1.1,-471358,-1.8,84142,1.8,-45054,-14.8,-8,-0.4,-432,-0.4
"17111","3","23","74","0","2025","A","",7,45,2417195,670333,5031,1033,53715,"",2.54,0.65,0.69,4.42,2.66,1.07,1.07,"",0,0.0,-2,-4.3,16745,0.7,-12846,-1.9,-1526,-23.3,53,5.4,2732,5.4
"17111","5","23","74","0","2025","A","N",1114,0,0,0,0,0,0,"N",1.82,0,0,0,0,0,0,"N",-29,-2.5,0,0,0,0,0,0,0,0,0,0,0,0
"17113","3","23","74","0","2025","A","N",8,0,0,0,0,0,0,"N",6.82,0,0,0,0,0,0,"N",0,0.0,0,0,0,0,0,0,0,0,0,0,0,0
"17113","5","23","74","0","2025","A","N",326,0,0,0,0,0,0,"N",1.25,0,0,0,0,0,0,"N",-8,-2.4,0,0,0,0,0,0,0,0,0,0,0,0
"17115","3","23","74","0","2025","A","N",5,0,0,0,0,0,0,"N",7.38,0,0,0,0,0,0,"N",1,25.0,0,0,0,0,0,0,0,0,0,0,0,0
"17115","5","23","74","0","2025","A","",180,3760,302418966,74872357,4020305,1547,80436,"",1.19,1.57,1.71,1.72,2.03,1.09,1.09,"",-8,-4.3,-18,-0.5,13993010,4.9,1255931,1.7,-270591,-6.3,79,5.4,4096,5.4
"17117","3","23","74","0","2025","A","",8,30,1173451,330435,3135,756,39334,"",25.60,4.25,3.92,23.21,21.78,0.93,0.93,"",0,0.0,-2,-6.2,120121,11.4,7514,2.3,-221,-6.6,115,17.9,5983,17.9
"17117","5","23","74","0","2025","A","",106,650,43424838,11548998,537360,1285,66842,"",1.52,1.24,1.59,1.27,1.72,1.29,1.29,"N",0,0.0,0,0,0,0,0,0,0,0,0,0,0,0
"17119","3","23","74","0","2025","A","N",10,0,0,0,0,0,0,"N",5.30,0,0,0,0,0,0,"N",0,0.0,0,0,0,0,0,0,0,0,0,0,0,0
"17119","5","23","74","0","2025","A","",575,6820,603582869,135055969,7989940,1702,88501,"",1.37,1.20,1.64,1.26,1.75,1.37,1.37,"",-1,-0.2,124,1.9,70948837,13.3,8720948,6.9,178382,2.3,172,11.2,8961,11.3
"17121","3","23","74","0","2025","A","",6,16,226617,129927,982,280,14542,"",22.19,1.82,0.57,7.83,5.12,0.32,0.32,"",0,0.0,-2,-11.1,-17782,-7.3,-29662,-18.6,-401,-29.0,11,4.1,576,4.1
"17121","5","23","74","0","2025","A","N",77,0,0,0,0,0,0,"N",1.28,0,0,0,0,0,0,"N",3,4.1,0,0,0,0,0,0,0,0,0,0,0,0
"17123","3","23","74","0","2025","A","",7,14,74600,66879,500,103,5360,"",78.17,6.87,0.83,14.44,7.86,0.12,0.12,"",0,0.0,-1,-6.7,-28753,-27.8,-21839,-24.6,-254,-33.7,-30,-22.6,-1569,-22.6
"17123","5","23","74","0","2025","A","",26,136,9082378,2599749,122456,1283,66741,"",1.30,0.90,1.11,0.88,0.89,1.24,1.24,"",0,0.0,0,0.0,266204,3.0,70293,2.8,-14134,-10.3,38,3.1,1996,3.1
"17125","3","23","74","0","2025","A","",4,7,127301,76979,577,346,17972,"",40.14,3.48,1.64,22.71,19.56,0.47,0.47,"N",0,0.0,0,0,0,0,0,0,0,0,0,0,0,0
"17125","5","23","74","0","2025","A","",20,67,3963458,1051191,48167,1135,59009,"",0.90,0.45,0.56,0.49,0.75,1.25,1.25,"",-1,-4.8,-3,-4.3,156524,4.1,-24433,-2.3,15889,49.2,89,8.5,4624,8.5
"17127","5","23","74","0","2025","A","",12,62,3108563,1083072,17600,964,50138,"",0.79,0.41,0.35,0.41,0.22,0.86,0.86,"",-2,-14.3,-8,-11.4,-293561,-8.6,-35308,-3.2,-15402,-46.7,27,2.9,1420,2.9
"17129","3","23","74","0","2025","A","N",3,0,0,0,0,0,0,"N",37.11,0,0,0,0,0,0,"N",0,0.0,0,0,0,0,0,0,0,0,0,0,0,0
"17129","5","23","74","0","2025","A","",37,109,6070910,1889347,78918,1074,55824,"",2.06,1.11,1.33,1.30,1.45,1.21,1.21,"",1,2.8,12,12.4,1130609,22.9,125885,7.1,-3760,-4.5,95,9.7,4937,9.7
"17131","3","23","74","0","2025","A","N",3,0,0,0,0,0,0,"N",28.32,0,0,0,0,0,0,"N",0,0.0,0,0,0,0,0,0,0,0,0,0,0,0
"17131","5","23","74","0","2025","A","",31,87,4241210,1529865,65345,935,48610,"",1.32,0.51,0.54,0.54,0.65,1.04,1.04,"",-1,-3.1,3,3.6,527518,14.2,115784,8.2,-393,-0.6,86,10.1,4443,10.1
"17133","3","23","74","0","2025","A","",7,19,213411,186836,1405,214,11134,"",24.50,3.11,0.77,14.16,10.01,0.24,0.24,"",0,0.0,4,26.7,40788,23.6,49489,36.0,239,20.5,-11,-4.9,-569,-4.9
"17133","5","23","74","0","2025","A","",94,549,43264451,10600497,522562,1516,78818,"",1.48,1.21,1.71,1.26,1.72,1.42,1.42,"",-2,-2.1,-5,-0.9,1010744,2.4,591887,5.9,4101,0.8,48,3.3,2490,3.3
"17135","3","23","74","0","2025","A","N",5,0,0,0,0,0,0,"N",20.83,0,0,0,0,0,0,"N",0,0.0,0,0,0,0,0,0,0,0,0,0,0,0
"17135","5","23","74","0","2025","A","",72,356,23581288,7415347,382315,1275,66317,"",1.35,0.76,0.95,0.94,1.40,1.25,1.25,"",-8,-10.0,-21,-5.6,119913,0.5,-421609,-5.4,-66888,-14.9,78,6.5,4071,6.5
"17137","3","23","74","0","2025","A","",8,19,333303,226836,3076,343,17856,"",32.38,1.88,0.70,11.14,14.65,0.38,0.38,"",0,0.0,2,11.8,2075,0.6,47546,26.5,-1134,-26.9,-28,-7.5,-1439,-7.5
"17137","5","23","74","0","2025","A","",63,367,24256629,6408918,306109,1270,66034,"",1.15,0.49,0.56,0.49,0.67,1.15,1.15,"",-3,-4.5,8,2.2,1694398,7.5,449347,7.5,-20859,-6.4,60,5.0,3128,5.0
"17139","3","23","74","0","2025","A","",4,10,266829,148788,1154,526,27367,"",32.43,2.72,1.52,17.06,13.24,0.57,0.57,"N",0,0.0,0,0,0,0,0,0,0,0,0,0,0,0
"17139","5","23","74","0","2025","A","N",60,0,0,0,0,0,0,"N",2.19,0,0,0,0,0,0,"N",3,5.3,0,0,0,0,0,0,0,0,0,0,0,0
"17141","3","23","74","0","2025","A","",5,30,482050,182215,4245,312,16203,"",14.01,2.92,0.86,7.95,15.55,0.30,0.30,"",1,25.0,12,66.7,137612,40.0,-6372,-3.4,-2514,-37.2,-54,-14.8,-2844,-14.9
"17141","5","23","74","0","2025","A","",126,728,58927831,15491367,883364,1557,80973,"",1.59,0.95,1.16,1.06,1.49,1.22,1.22,"",-6,-4.5,5,0.7,863639,1.5,1092103,7.6,2291,0.3,13,0.8,681,0.8
"17143","3","23","74","0","2025","A","N",6,0,0,0,0,0,0,"N",4.42,0,0,0,0,0,0,"N",0,0.0,0,0,0,0,0,0,0,0,0,0,0,0
"17143","5","23","74","0","2025","A","N",303,0,0,0,0,0,0,"N",1.00,0,0,0,0,0,0,"N",-14,-4.4,0,0,0,0,0,0,0,0,0,0,0,0
"17145","5","23","74","0","2025","A","",24,156,9608364,3034749,178631,1183,61494,"",0.96,0.66,0.74,0.94,1.65,1.12,1.12,"",-5,-17.2,14,9.9,1271951,15.3,307183,11.3,10379,6.2,54,4.8,2787,4.7
"17147","3","23","74","0","2025","A","N",2,0,0,0,0,0,0,"N",14.87,0,0,0,0,0,0,"N",0,0.0,0,0,0,0,0,0,0,0,0,0,0,0
"17147","5","23","74","0","2025","A","",48,205,12802579,3536483,135487,1202,62528,"",1.60,1.03,1.18,0.98,1.19,1.16,1.16,"",-4,-7.7,-11,-5.1,460064,3.7,-379324,-9.7,-58612,-30.2,103,9.4,5387,9.4
"17149","3","23","74","0","2025","A","N",4,0,0,0,0,0,0,"N",27.66,0,0,0,0,0,0,"N",0,0.0,0,0,0,0,0,0,0,0,0,0,0,0
"17149","5","23","74","0","2025","A","",52,178,7885993,2836718,99840,850,44179,"",1.62,0.88,0.76,0.89,0.88,0.86,0.86,"",-1,-1.9,-2,-1.1,-202496,-2.5,-76776,-2.6,-504,-0.5,-13,-1.5,-715,-1.6
"17151","5","23","74","0","2025","A","N",5,0,0,0,0,0,0,"N",1.37,0,0,0,0,0,0,"N",1,25.0,0,0,0,0,0,0,0,0,0,0,0,0
"17153","5","23","74","0","2025","A","N",3,0,0,0,0,0,0,"N",0.37,0,0,0,0,0,0,"N",1,50.0,0,0,0,0,0,0,0,0,0,0,0,0
"17155","3","23","74","0","2025","A","N",2,0,0,0,0,0,0,"N",35.00,0,0,0,0,0,0,"N",0,0.0,0,0,0,0,0,0,0,0,0,0,0,0
"17155","5","23","74","0","2025","A","N",29,0,0,0,0,0,0,"N",2.28,0,0,0,0,0,0,"N",2,7.4,0,0,0,0,0,0,0,0,0,0,0,0
"17157","3","23","74","0","2025","A","N",5,0,0,0,0,0,0,"N",24.12,0,0,0,0,0,0,"N",0,0.0,0,0,0,0,0,0,0,0,0,0,0,0
"17157","5","23","74","0","2025","A","",73,424,29440912,9102516,495110,1334,69354,"",1.58,0.71,0.77,0.92,1.45,1.08,1.08,"",2,2.8,-47,-10.0,-761873,-2.5,47079,0.5,-24295,-4.7,102,8.3,5286,8.3
"17159","3","23","74","0","2025","A","",4,8,237140,108377,1152,542,28175,"",30.29,1.96,1.29,11.89,14.90,0.62,0.62,"",0,0.0,1,14.3,13383,6.0,-9013,-7.7,144,14.3,-38,-6.6,-1994,-6.6
"17159","5","23","74","0","2025","A","",35,123,5754425,2244528,57244,902,46879,"",1.19,0.40,0.34,0.39,0.34,0.85,0.85,"",-3,-7.9,2,1.7,137042,2.4,98160,4.6,8654,17.8,12,1.3,582,1.3
"17161","3","23","74","0","2025","A","N",5,0,0,0,0,0,0,"N",5.10,0,0,0,0,0,0,"N",0,0.0,0,0,0,0,0,0,0,0,0,0,0,0
"17161","5","23","74","0","2025","A","N",250,0,0,0,0,0,0,"N",1.15,0,0,0,0,0,0,"N",10,4.2,0,0,0,0,0,0,0,0,0,0,0,0
"17163","3","23","74","0","2025","A","N",7,0,0,0,0,0,0,"N",4.18,0,0,0,0,0,0,"N",0,0.0,0,0,0,0,0,0,0,0,0,0,0,0
"17163","5","23","74","0","2025","A","N",475,0,0,0,0,0,0,"N",1.28,0,0,0,0,0,0,"N",13,2.8,0,0,0,0,0,0,0,0,0,0,0,0
"17165","3","23","74","0","2025","A","N",1,0,0,0,0,0,0,"N",5.67,0,0,0,0,0,0,"N",0,0.0,0,0,0,0,0,0,0,0,0,0,0,0
"17165","5","23","74","0","2025","A","",53,528,46942826,11155773,313101,1709,88893,"",1.35,1.22,2.02,1.31,1.07,1.66,1.66,"",1,1.9,109,26.0,16709645,55.3,2787466,33.3,42831,15.8,322,23.2,16795,23.3
"17167","3","23","74","0","2025","A","",9,47,984089,622768,6488,406,21125,"",5.19,0.50,0.17,5.19,4.88,0.33,0.33,"",0,0.0,13,38.2,116484,13.4,195181,45.6,1175,22.1,-91,-18.3,-4709,-18.2
"17167","5","23","74","0","2025","A","",428,3419,262182518,62981437,3648395,1475,76680,"",1.11,0.49,0.48,0.82,1.27,0.98,0.98,"",-11,-2.5,-44,-1.3,9241376,3.7,1065118,1.7,-284495,-7.2,70,5.0,3644,5.0
"17169","3","23","74","0","2025","A","N",1,0,0,0,0,0,0,"N",17.39,0,0,0,0,0,0,"N",0,0.0,0,0,0,0,0,0,0,0,0,0,0,0
"17169","5","23","74","0","2025","A","",19,108,7378173,2498285,153305,1313,68264,"",1.49,1.19,1.40,2.11,3.43,1.17,1.17,"",0,0.0,-23,-17.6,1226209,19.9,134348,5.7,8116,5.6,413,45.9,21451,45.8
"17171","3","23","74","0","2025","A","N",2,0,0,0,0,0,0,"N",57.98,0,0,0,0,0,0,"N",-1,-33.3,0,0,0,0,0,0,0,0,0,0,0,0
"17171","5","23","74","0","2025","A","",9,31,2194232,555208,31568,1361,70782,"",1.17,0.63,0.77,0.61,1.15,1.22,1.22,"",0,0.0,-1,-3.1,-145418,-6.2,-9610,-1.7,-7537,-19.3,-52,-3.7,-2715,-3.7
"17173","3","23","74","0","2025","A","",11,15,189653,126130,2561,243,12644,"",67.03,4.28,1.22,17.09,35.30,0.29,0.29,"",-2,-15.4,5,50.0,65794,53.1,37045,41.6,585,29.6,3,1.2,154,1.2
"17173","5","23","74","0","2025","A","",51,200,10518940,3568767,92690,1009,52485,"",1.40,0.77,0.75,0.76,0.59,0.97,0.97,"",-2,-3.8,3,1.5,1148030,12.3,433257,13.8,14160,18.0,92,10.0,4816,10.1
"17175","3","23","74","0","2025","A","N",2,0,0,0,0,0,0,"N",38.52,0,0,0,0,0,0,"N",0,0.0,0,0,0,0,0,0,0,0,0,0,0,0
"17175","5","23","74","0","2025","A","",19,228,17136091,4229736,282590,1442,74994,"",1.64,2.57,3.12,2.27,3.05,1.21,1.21,"",1,5.6,8,3.6,671431,4.1,419380,11.0,28863,11.4,2,0.1,126,0.2
"17177","3","23","74","0","2025","A","N",10,0,0,0,0,0,0,"N",27.97,0,0,0,0,0,0,"N",0,0.0,0,0,0,0,0,0,0,0,0,0,0,0
"17177","5","23","74","0","2025","A","",108,1514,141531776,28112337,1884144,1798,93472,"",1.36,1.64,2.49,1.64,2.28,1.52,1.52,"",-1,-0.9,-92,-5.7,-19763212,-12.3,-3384822,-10.7,-499692,-21.0,-133,-6.9,-6945,-6.9
"17179","3","23","74","0","2025","A","N",5,0,0,0,0,0,0,"N",5.62,0,0,0,0,0,0,"N",0,0.0,0,0,0,0,0,0,0,0,0,0,0,0
"17179","5","23","74","0","2025","A","N",280,0,0,0,0,0,0,"N",1.42,0,0,0,0,0,0,"N",-2,-0.7,0,0,0,0,0,0,0,0,0,0,0,0
"17181","5","23","74","0","2025","A","",25,77,4335365,1341511,67372,1079,56121,"",1.03,0.28,0.30,0.29,0.42,1.07,1.07,"",-7,-21.9,-7,-8.3,35962,0.8,-123623,-8.4,-19943,-22.8,90,9.1,4682,9.1
"17183","3","23","74","0","2025","A","N",4,0,0,0,0,0,0,"N",9.01,0,0,0,0,0,0,"N",0,0.0,0,0,0,0,0,0,0,0,0,0,0,0
"17183","5","23","74","0","2025","A","",93,550,36545977,9948300,557731,1277,66397,"",0.94,0.41,0.45,0.42,0.61,1.11,1.11,"",-6,-6.1,-34,-5.8,-1407155,-3.7,-1373585,-12.1,-181083,-24.5,27,2.2,1372,2.1
"17185","3","23","74","0","2025","A","N",2,0,0,0,0,0,0,"N",20.57,0,0,0,0,0,0,"N",0,0.0,0,0,0,0,0,0,0,0,0,0,0,0
"17185","5","23","74","0","2025","A","N",19,0,0,0,0,0,0,"N",0.88,0,0,0,0,0,0,"N",1,5.6,0,0,0,0,0,0,0,0,0,0,0,0
"17187","3","23","74","0","2025","A","N",3,0,0,0,0,0,0,"N",23.52,0,0,0,0,0,0,"N",0,0.0,0,0,0,0,0,0,0,0,0,0,0,0
"17187","5","23","74","0","2025","A","N",40,0,0,0,0,0,0,"N",1.41,0,0,0,0,0,0,"N",-2,-4.8,0,0,0,0,0,0,0,0,0,0,0,0
"17189","3","23","74","0","2025","A","N",1,0,0,0,0,0,0,"N",7.42,0,0,0,0,0,0,"N",0,0.0,0,0,0,0,0,0,0,0,0,0,0,0
"17189","5","23","74","0","2025","A","",38,345,25243817,6281566,323358,1407,73170,"",1.27,1.05,1.15,0.95,0.92,1.10,1.10,"",0,0.0,-27,-7.3,-1311704,-4.9,43784,0.7,-20088,-5.8,35,2.6,1848,2.6
"17191","3","23","74","0","2025","A","N",2,0,0,0,0,0,0,"N",15.81,0,0,0,0,0,0,"N",0,0.0,0,0,0,0,0,0,0,0,0,0,0,0
"17191","5","23","74","0","2025","A","N",19,0,0,0,0,0,0,"N",0.68,0,0,0,0,0,0,"N",-7,-26.9,0,0,0,0,0,0,0,0,0,0,0,0
"17193","3","23","74","0","2025","A","N",2,0,0,0,0,0,0,"N",17.45,0,0,0,0,0,0,"N",0,0.0,0,0,0,0,0,0,0,0,0,0,0,0
"17193","5","23","74","0","2025","A","",19,136,10260739,2203131,108415,1455,75678,"",0.74,0.63,0.88,0.50,0.72,1.41,1.41,"N",-3,-13.6,0,0,0,0,0,0,0,0,0,0,0,0
"17195","3","23","74","0","2025","A","",11,26,483200,260691,1957,353,18349,"",26.98,1.80,0.70,9.05,5.03,0.38,0.38,"",0,0.0,2,8.3,27387,6.0,4423,1.7,-223,-10.2,-16,-4.3,-843,-4.4
"17195","5","23","74","0","2025","A","",100,771,59544949,14494845,845726,1486,77256,"",1.10,0.72,0.95,0.79,1.00,1.32,1.32,"",-6,-5.7,-67,-8.0,-1767299,-2.9,-833466,-5.4,-123531,-12.7,79,5.6,4069,5.6
"17197","3","23","74","0","2025","A","N",6,0,0,0,0,0,0,"N",1.08,0,0,0,0,0,0,"N",0,0.0,0,0,0,0,0,0,0,0,0,0,0,0
"17197","5","23","74","0","2025","A","",1836,14922,1445367192,287941319,16310259,1863,96861,"",1.49,1.05,1.52,1.00,1.30,1.44,1.44,"",-42,-2.2,-152,-1.0,51699462,3.7,2019720,0.7,-942115,-5.5,85,4.8,4408,4.8
"17199","5","23","74","0","2025","A","",155,1081,67903110,19049352,815484,1208,62825,"",1.38,0.69,0.73,0.67,0.84,1.05,1.06,"",3,2.0,35,3.3,2532614,3.9,1581382,9.1,3121,0.4,6,0.5,324,0.5
"17201","3","23","74","0","2025","A","N",5,0,0,0,0,0,0,"N",2.47,0,0,0,0,0,0,"N",0,0.0,0,0,0,0,0,0,0,0,0,0,0,0
"17201","5","23","74","0","2025","A","N",540,0,0,0,0,0,0,"N",1.20,0,0,0,0,0,0,"N",3,0.6,0,0,0,0,0,0,0,0,0,0,0,0
"17203","3","23","74","0","2025","A","",8,25,437322,224273,1683,339,17610,"",28.70,3.12,1.10,13.45,9.54,0.35,0.35,"",0,0.0,0,0.0,33692,8.3,7218,3.3,-166,-9.0,29,9.4,1465,9.1
"17203","5","23","74","0","2025","A","",138,985,82548745,17444292,942225,1612,83806,"",2.22,1.65,2.27,1.64,2.46,1.38,1.38,"",2,1.5,-60,-5.7,1484708,1.8,-21318,-0.1,95522,11.3,121,8.1,6257,8.1
"17999","5","23","74","0","2025","A","",2240,7758,761586769,188975218,8977915,1888,98174,"",0.48,0.65,0.48,0.58,0.53,0.73,0.73,"",-400,-15.2,570,7.9,108546338,16.6,14500522,8.3,404717,4.7,141,8.1,7328,8.1
"18000","5","23","54","0","2025","A","N",17256,0,0,0,0,0,0,"N",1.13,0,0,0,0,0,0,"N",372,2.2,0,0,0,0,0,0,0,0,0,0,0,0
"18001","5","23","74","0","2025","A","",88,560,35142273,6480298,137405,1207,62763,"",1.42,0.81,0.94,0.75,0.64,1.16,1.16,"",1,1.1,32,6.1,4581373,15.0,485892,8.1,12335,9.9,93,8.3,4837,8.4
"18003","5","23","74","0","2025","A","",1058,11951,1010079080,156044307,4857506,1625,84518,"",1.26,1.13,1.41,1.06,1.57,1.25,1.25,"",20,1.9,530,4.6,101761710,11.2,5945157,4.0,-16811,-0.3,96,6.3,4988,6.3
"18005","5","23","74","0","2025","A","",177,1729,121570902,22021238,859588,1352,70326,"",1.05,0.66,0.57,0.57,1.43,0.87,0.87,"",6,3.5,25,1.5,6050809,5.2,356298,1.6,44639,5.5,48,3.7,2519,3.7
"18007","5","23","74","0","2025","A","",25,83,5004290,1025302,13828,1161,60353,"",1.49,0.76,0.78,0.72,0.69,1.03,1.03,"",1,4.2,4,5.1,858023,20.7,-27738,-2.6,922,7.1,154,15.3,7979,15.2
"18009","5","23","74","0","2025","A","N",18,0,0,0,0,0,0,"N",0.91,0,0,0,0,0,0,"N",0,0.0,0,0,0,0,0,0,0,0,0,0,0,0
"18011","5","23","74","0","2025","A","N",211,0,0,0,0,0,0,"N",1.00,0,0,0,0,0,0,"N",-1,-0.5,0,0,0,0,0,0,0,0,0,0,0,0
"18013","5","23","74","0","2025","A","",38,191,10113175,2241594,34455,1018,52949,"",1.33,1.10,1.33,0.93,0.71,1.21,1.21,"",1,2.7,20,11.7,1655804,19.6,244163,12.2,3846,12.6,65,6.8,3394,6.8
"18015","5","23","74","0","2025","A","",55,342,23944272,4076131,50604,1346,69995,"",1.59,1.14,1.43,0.90,0.84,1.25,1.25,"",0,0.0,13,4.0,2264295,10.4,121247,3.1,6143,13.8,78,6.2,4065,6.2
"18017","5","23","74","0","2025","A","",59,790,67744971,9292340,122207,1649,85744,"",1.03,1.04,1.61,0.98,0.80,1.56,1.56,"",0,0.0,38,5.1,10179885,17.7,-137843,-1.5,-33209,-21.4,178,12.1,9246,12.1
"18019","5","23","74","0","2025","A","",311,3078,210163622,38064048,809799,1313,68279,"",1.23,0.97,1.10,0.77,0.90,1.13,1.13,"",-5,-1.6,110,3.7,20444011,10.8,2957363,8.4,45773,6.0,84,6.8,4357,6.8
"18021","5","23","74","0","2025","A","",62,297,15316673,3693992,79083,992,51600,"",1.50,0.72,0.75,0.66,0.88,1.03,1.03,"",3,5.1,27,10.0,2403932,18.6,162465,4.6,-2741,-3.3,72,7.8,3760,7.9
"18023","5","23","74","0","2025","A","",73,556,42158485,6870574,155372,1459,75847,"",1.46,0.91,1.16,0.81,1.14,1.28,1.28,"",5,7.4,11,2.0,3259790,8.4,-412827,-5.7,-25299,-14.0,86,6.3,4462,6.3
"18025","5","23","74","0","2025","A","N",22,0,0,0,0,0,0,"N",1.66,0,0,0,0,0,0,"N",0,0.0,0,0,0,0,0,0,0,0,0,0,0,0
"18027","5","23","74","0","2025","A","",212,1766,114372440,20580608,252635,1245,64761,"",2.75,2.51,2.89,2.11,1.72,1.15,1.16,"",10,5.0,61,3.6,10127872,9.7,1023772,5.2,35031,16.1,69,5.9,3623,5.9
"18029","5","23","74","0","2025","A","N",152,0,0,0,0,0,0,"N",1.59,0,0,0,0,0,0,"N",4,2.7,0,0,0,0,0,0,0,0,0,0,0,0
"18031","5","23","74","0","2025","A","",66,334,20298329,4191369,115675,1170,60865,"",1.17,0.46,0.44,0.38,0.55,0.94,0.94,"",2,3.1,20,6.4,2385516,13.3,377714,9.9,72,0.1,73,6.7,3833,6.7
"18033","5","23","74","0","2025","A","",132,758,50410239,9721849,330997,1279,66504,"",1.51,0.66,0.63,0.55,1.11,0.95,0.95,"",2,1.5,44,6.2,5660574,12.6,799238,9.0,-8616,-2.5,73,6.1,3785,6.0
"18035","5","23","74","0","2025","A","",189,1509,99364197,19144877,589417,1267,65859,"",1.02,0.64,0.74,0.67,1.12,1.15,1.15,"",-1,-0.5,-33,-2.1,-228473,-0.2,-976310,-4.9,-71703,-10.8,25,2.0,1279,2.0
"18037","5","23","74","0","2025","A","",158,1112,70863779,12786201,160559,1225,63712,"",1.44,0.75,0.81,0.60,0.64,1.07,1.07,"",0,0.0,6,0.5,-191606,-0.3,-232082,-1.8,-12028,-7.0,-11,-0.9,-543,-0.8
"18039","5","23","74","0","2025","A","",568,4556,338325461,57588621,1044952,1428,74254,"",1.36,0.68,0.71,0.54,0.40,1.05,1.05,"",18,3.3,352,8.4,36858409,12.2,3489471,6.5,54424,5.5,49,3.6,2542,3.5
"18041","5","23","74","0","2025","A","",27,95,3292432,1024254,18691,664,34536,"",0.82,0.31,0.22,0.26,0.33,0.70,0.70,"",2,8.0,7,8.0,155651,5.0,93069,10.0,959,5.4,-24,-3.5,-1245,-3.5
"18043","5","23","74","0","2025","A","N",206,0,0,0,0,0,0,"N",1.24,0,0,0,0,0,0,"N",11,5.6,0,0,0,0,0,0,0,0,0,0,0,0
"18045","5","23","74","0","2025","A","",34,128,7955700,1582428,17813,1199,62357,"",1.18,0.51,0.62,0.46,0.22,1.21,1.21,"",3,9.7,8,6.7,871674,12.3,111424,7.6,-1078,-5.7,68,6.0,3528,6.0
"18047","5","23","74","0","2025","A","N",47,0,0,0,0,0,0,"N",1.63,0,0,0,0,0,0,"N",-2,-4.1,0,0,0,0,0,0,0,0,0,0,0,0
"18049","5","23","74","0","2025","A","N",48,0,0,0,0,0,0,"N",1.30,0,0,0,0,0,0,"N",-3,-5.9,0,0,0,0,0,0,0,0,0,0,0,0
"18051","5","23","74","0","2025","A","",66,373,25309022,5598670,150939,1306,67913,"",1.05,0.33,0.28,0.32,0.68,0.87,0.87,"",4,6.5,-1,-0.3,46336,0.2,-39660,-0.7,11955,8.6,7,0.5,351,0.5
"18053","5","23","74","0","2025","A","",105,771,49249265,10541900,319782,1228,63863,"",1.05,0.53,0.60,0.53,0.96,1.14,1.14,"",2,1.9,12,1.6,4766062,10.7,703316,7.1,28872,9.9,101,9.0,5281,9.0
"18055","5","23","74","0","2025","A","",76,269,14399994,3468331,84651,1031,53598,"",1.58,0.79,0.83,0.98,1.23,1.06,1.06,"",1,1.3,-15,-5.3,-1093507,-7.1,-252018,-6.8,-11171,-11.7,-18,-1.7,-925,-1.7
"18057","5","23","74","0","2025","A","",846,10133,909172959,136060346,3735415,1725,89723,"",0.80,1.14,1.31,0.96,1.32,1.15,1.15,"",32,3.9,229,2.3,50858640,5.9,5729071,4.4,77576,2.1,58,3.5,3057,3.5
"18059","5","23","74","0","2025","A","",263,1851,131268535,24675791,548769,1364,70921,"",1.58,1.16,1.30,1.02,1.28,1.13,1.12,"",1,0.4,57,3.2,9341959,7.7,870858,3.7,23763,4.5,57,4.4,2961,4.4
"18061","5","23","74","0","2025","A","",105,576,30488376,7154387,131496,1018,52954,"",1.75,1.08,1.04,1.03,1.25,0.97,0.97,"",4,4.0,-80,-12.2,-2462025,-7.5,-1430852,-16.7,-37414,-22.2,52,5.4,2712,5.4
"18063","5","23","74","0","2025","A","",428,4025,325248996,53719682,940787,1554,80812,"",1.23,0.93,1.27,0.81,0.87,1.36,1.36,"",2,0.5,191,5.0,27553619,9.3,3401414,6.8,-53069,-5.3,61,4.1,3168,4.1
"18065","5","23","74","0","2025","A","",114,635,44094310,8467204,202208,1336,69449,"",1.59,0.86,1.09,0.85,1.16,1.27,1.27,"",11,10.7,35,5.8,8943905,25.4,192121,2.3,-1582,-0.8,209,18.5,10841,18.5
"18067","5","23","74","0","2025","A","",157,1672,139525795,24971818,752301,1604,83432,"",1.04,0.91,1.11,0.98,0.89,1.22,1.22,"",3,1.9,-289,-14.7,-25877282,-15.6,-9555902,-27.7,-399810,-34.7,-18,-1.1,-925,-1.1
"18069","5","23","74","0","2025","A","",97,570,42388562,7879698,245665,1430,74355,"",1.24,0.78,1.04,0.80,1.30,1.34,1.34,"",-1,-1.0,26,4.8,3951881,10.3,597065,8.2,12229,5.2,72,5.3,3721,5.3
"18071","5","23","74","0","2025","A","",115,952,68581735,12275378,266529,1385,72046,"",1.41,0.81,0.91,0.70,1.19,1.12,1.12,"",5,4.5,13,1.4,6650571,10.7,-50589,-0.4,-1678,-0.6,117,9.2,6115,9.3
"18073","5","23","74","0","2025","A","",98,873,66914539,12680485,247365,1474,76671,"",1.43,1.45,1.98,1.44,1.59,1.37,1.37,"",-1,-1.0,59,7.2,10069189,17.7,2215045,21.2,44166,21.7,132,9.8,6865,9.8
"18075","5","23","74","0","2025","A","",41,266,15199907,3384604,119276,1098,57107,"",1.22,0.72,0.76,0.63,1.26,1.05,1.05,"",1,2.5,-13,-4.7,445759,3.0,-71638,-2.1,-4556,-3.7,81,8.0,4241,8.0
"18077","5","23","74","0","2025","A","",55,318,18022948,3918211,101901,1092,56765,"",0.95,0.47,0.46,0.45,0.77,0.98,0.98,"",4,7.8,15,5.0,1962939,12.2,108559,2.8,5543,5.8,74,7.3,3820,7.2
"18079","5","23","74","0","2025","A","",58,911,63587270,10388334,422026,1343,69831,"",1.58,2.17,2.80,1.65,2.91,1.29,1.29,"",3,5.5,65,7.7,5684116,9.8,617115,6.3,5119,1.2,27,2.1,1421,2.1
"18081","5","23","74","0","2025","A","",444,5063,386466902,64023283,1334673,1468,76334,"",1.32,1.44,1.94,1.23,1.44,1.35,1.35,"",9,2.1,126,2.6,17543177,4.8,402737,0.6,-158651,-10.6,31,2.2,1601,2.1
"18083","5","23","74","0","2025","A","",81,705,53571667,9820105,226569,1462,76024,"",1.10,0.79,1.04,0.91,1.33,1.32,1.32,"",1,1.2,26,3.8,5880583,12.3,1425049,17.0,82748,57.5,110,8.1,5744,8.2
"18085","5","23","74","0","2025","A","",250,1842,115983387,22492682,329235,1211,62977,"",1.46,0.97,0.95,0.81,0.69,0.98,0.98,"",9,3.7,52,2.9,7919302,7.3,222842,1.0,-31373,-8.7,50,4.3,2612,4.3
"18087","5","23","74","0","2025","A","",169,1068,70027042,12981653,162004,1261,65584,"",2.03,1.38,1.47,1.08,0.51,1.07,1.07,"",11,7.0,90,9.2,7907661,12.7,1147351,9.7,4792,3.0,40,3.3,2067,3.3
"18089","5","23","74","0","2025","A","N",1106,0,0,0,0,0,0,"N",1.16,0,0,0,0,0,0,"N",30,2.8,0,0,0,0,0,0,0,0,0,0,0,0
"18091","5","23","74","0","2025","A","N",241,0,0,0,0,0,0,"N",1.23,0,0,0,0,0,0,"N",5,2.1,0,0,0,0,0,0,0,0,0,0,0,0
"18093","5","23","74","0","2025","A","",102,772,49030467,10322102,268733,1221,63490,"",1.43,1.04,1.22,0.98,1.06,1.17,1.17,"",5,5.2,107,16.1,8931213,22.3,1332175,14.8,13943,5.5,61,5.3,3153,5.2
"18095","5","23","74","0","2025","A","",254,1839,135154936,24390023,567086,1414,73504,"",1.27,0.86,1.16,0.88,1.00,1.35,1.35,"",12,5.0,94,5.4,11272507,9.1,1870207,8.3,30768,5.7,48,3.5,2494,3.5
"18097","5","23","74","0","2025","A","",2219,37589,3411126857,504646233,15579136,1745,90748,"",0.98,1.14,1.19,1.08,1.58,1.04,1.04,"",61,2.8,1184,3.3,212593435,6.6,7713256,1.6,-1467363,-8.6,55,3.3,2889,3.3
"18099","5","23","74","0","2025","A","N",121,0,0,0,0,0,0,"N",1.32,0,0,0,0,0,0,"N",0,0.0,0,0,0,0,0,0,0,0,0,0,0,0
"18101","5","23","74","0","2025","A","N",47,0,0,0,0,0,0,"N",2.04,0,0,0,0,0,0,"N",6,14.6,0,0,0,0,0,0,0,0,0,0,0,0
"18103","5","23","74","0","2025","A","",64,553,42507272,8045776,146428,1479,76925,"",1.29,1.15,1.59,1.39,1.14,1.39,1.39,"",0,0.0,15,2.8,617559,1.5,38549,0.5,-31688,-17.8,-19,-1.3,-949,-1.2
"18105","5","23","74","0","2025","A","",265,3010,223660579,39392455,1338834,1429,74302,"",0.96,0.84,0.94,0.98,1.58,1.12,1.12,"",0,0.0,273,10.0,32873511,17.2,3988448,11.3,89065,7.1,89,6.6,4604,6.6
"18107","5","23","74","0","2025","A","",84,583,42687092,8958888,244054,1408,73241,"",1.15,0.69,0.78,0.72,1.13,1.13,1.13,"",-2,-2.3,-41,-6.6,-1348278,-3.1,-1889396,-17.4,-138145,-36.1,52,3.8,2719,3.9
"18109","5","23","74","0","2025","A","",210,1323,107330742,17860781,372163,1560,81101,"",1.90,1.61,2.31,1.67,1.89,1.44,1.44,"",-4,-1.9,39,3.0,11216411,11.7,-123413,-0.7,-13582,-3.5,121,8.4,6265,8.4
"18111","5","23","74","0","2025","A","N",34,0,0,0,0,0,0,"N",1.47,0,0,0,0,0,0,"N",0,0.0,0,0,0,0,0,0,0,0,0,0,0,0
"18113","5","23","74","0","2025","A","",110,662,43372221,8233073,184160,1260,65517,"",1.41,0.75,0.88,0.69,0.94,1.17,1.17,"",4,3.8,-25,-3.6,-182471,-0.4,-459739,-5.3,-17740,-8.8,41,3.4,2142,3.4
"18115","5","23","74","0","2025","A","N",9,0,0,0,0,0,0,"N",1.25,0,0,0,0,0,0,"N",0,0.0,0,0,0,0,0,0,0,0,0,0,0,0
"18117","5","23","74","0","2025","A","",40,842,65902354,10772954,163043,1505,78284,"",1.27,2.15,3.34,1.86,1.72,1.55,1.55,"",-3,-7.0,4,0.5,3522508,5.6,124128,1.2,-24503,-13.1,74,5.2,3875,5.2
"18119","5","23","74","0","2025","A","N",47,0,0,0,0,0,0,"N",1.54,0,0,0,0,0,0,"N",-1,-2.1,0,0,0,0,0,0,0,0,0,0,0,0
"18121","5","23","74","0","2025","A","N",30,0,0,0,0,0,0,"N",1.18,0,0,0,0,0,0,"N",1,3.4,0,0,0,0,0,0,0,0,0,0,0,0
"18123","5","23","74","0","2025","A","N",33,0,0,0,0,0,0,"N",1.08,0,0,0,0,0,0,"N",-4,-10.8,0,0,0,0,0,0,0,0,0,0,0,0
"18125","5","23","74","0","2025","A","",20,343,34040561,8522798,310810,1908,99195,"",1.19,2.40,3.35,4.02,5.28,1.40,1.40,"",2,11.1,276,411.9,28636719,529.9,7086023,493.2,268314,631.4,367,23.8,19039,23.8
"18127","5","23","74","0","2025","A","N",407,0,0,0,0,0,0,"N",1.21,0,0,0,0,0,0,"N",-6,-1.5,0,0,0,0,0,0,0,0,0,0,0,0
"18129","5","23","74","0","2025","A","",82,653,48969046,9834692,403242,1443,75029,"",1.84,1.43,1.40,1.49,2.78,0.98,0.98,"",-2,-2.4,-204,-23.8,-3598418,-6.8,-2658546,-21.3,-25573,-6.0,263,22.3,13660,22.3
"18131","5","23","74","0","2025","A","N",32,0,0,0,0,0,0,"N",1.18,0,0,0,0,0,0,"N",-2,-5.9,0,0,0,0,0,0,0,0,0,0,0,0
"18133","5","23","74","0","2025","A","",107,583,38257141,7532421,174169,1262,65631,"",1.78,0.88,1.01,0.84,1.20,1.15,1.15,"",-1,-0.9,4,0.7,2137737,5.9,373767,5.2,16331,10.3,62,5.2,3240,5.2
"18135","5","23","74","0","2025","A","",70,793,73764370,12962722,199626,1788,92980,"",1.55,2.11,3.42,2.35,1.73,1.62,1.62,"",-3,-4.1,-11,-1.4,5973345,8.8,241063,1.9,-30983,-13.4,166,10.2,8628,10.2
"18137","5","23","74","0","2025","A","",102,480,27418752,5898151,232298,1097,57063,"",1.62,0.82,0.82,0.76,1.71,0.99,0.99,"",14,15.9,47,10.9,3275074,13.6,742427,14.4,34047,17.2,26,2.4,1358,2.4
"18139","5","23","74","0","2025","A","",47,270,16844913,3350552,52770,1200,62408,"",1.40,1.04,1.15,1.03,1.01,1.10,1.10,"",-6,-11.3,-53,-16.4,-4012827,-19.2,-963887,-22.3,-23292,-30.6,-41,-3.3,-2117,-3.3
"18141","5","23","74","0","2025","A","",498,6389,548848839,89796069,3432275,1652,85910,"",0.95,0.99,1.27,1.06,1.82,1.28,1.28,"",16,3.3,758,13.5,132468807,31.8,18303346,25.6,1004759,41.4,230,16.2,11969,16.2
"18143","5","23","74","0","2025","A","",28,182,8594393,1990229,25921,908,47200,"",0.83,0.42,0.37,0.32,0.28,0.90,0.90,"",0,0.0,16,9.6,723752,9.2,231648,13.2,-892,-3.3,-6,-0.7,-333,-0.7
"18145","5","23","74","0","2025","A","",130,1070,79307994,14259184,561739,1426,74154,"",1.61,1.07,1.25,0.97,1.95,1.17,1.17,"",7,5.7,-5,-0.5,4403040,5.9,376991,2.7,13090,2.4,86,6.4,4486,6.4
"18147","5","23","74","0","2025","A","",57,434,25557151,6272686,144223,1133,58910,"",1.47,1.19,1.30,1.28,1.84,1.09,1.09,"",1,1.8,-15,-3.3,916202,3.7,66809,1.1,-16786,-10.4,77,7.3,4010,7.3
"18149","5","23","74","0","2025","A","",33,171,10806095,2284208,50271,1215,63194,"",1.23,0.79,1.00,0.79,1.01,1.28,1.28,"",3,10.0,32,23.0,2673083,32.9,311135,15.8,7995,18.9,90,8.0,4683,8.0
"18151","5","23","74","0","2025","A","",97,554,33575039,7082069,141775,1166,60641,"",1.20,0.65,0.72,0.61,0.68,1.11,1.11,"",1,1.0,16,3.0,1244591,3.8,660972,10.3,4957,3.6,9,0.8,491,0.8
"18153","5","23","74","0","2025","A","",32,113,8704604,2551013,61919,1484,77146,"",1.13,0.38,0.50,0.82,1.28,1.31,1.31,"",-1,-3.0,3,2.7,1668181,23.7,456435,21.8,13358,27.5,259,21.1,13468,21.2
"18155","5","23","74","0","2025","A","N",13,0,0,0,0,0,0,"N",1.10,0,0,0,0,0,0,"N",3,30.0,0,0,0,0,0,0,0,0,0,0,0,0
"18157","5","23","74","0","2025","A","",356,4060,311908654,52182005,1522085,1477,76818,"",1.05,0.83,0.96,0.86,1.24,1.15,1.15,"",14,4.1,-64,-1.6,10398243,3.4,195248,0.4,-223268,-12.8,71,5.0,3704,5.1
"18159","5","23","74","0","2025","A","",49,506,35956067,6383101,83088,1366,71013,"",1.80,2.09,2.48,1.90,1.54,1.19,1.19,"",3,6.5,81,19.1,7303017,25.5,1073354,20.2,14629,21.4,69,5.3,3568,5.3
"18161","5","23","74","0","2025","A","N",14,0,0,0,0,0,0,"N",1.13,0,0,0,0,0,0,"N",2,16.7,0,0,0,0,0,0,0,0,0,0,0,0
"18163","5","23","74","0","2025","A","",430,6818,522425201,91251195,3517554,1474,76625,"",1.06,1.20,1.43,1.17,2.22,1.20,1.20,"",-2,-0.5,-35,-0.5,31234807,6.4,32171,0.0,-28407,-0.8,96,7.0,4945,6.9
"18165","5","23","74","0","2025","A","N",40,0,0,0,0,0,0,"N",1.74,0,0,0,0,0,0,"N",2,5.3,0,0,0,0,0,0,0,0,0,0,0,0
"18167","5","23","74","0","2025","A","N",205,0,0,0,0,0,0,"N",1.04,0,0,0,0,0,0,"N",1,0.5,0,0,0,0,0,0,0,0,0,0,0,0
"18169","5","23","74","0","2025","A","",83,634,40064441,8056360,143874,1215,63160,"",1.34,0.98,1.12,1.02,1.09,1.14,1.14,"",3,3.8,-11,-1.7,626966,1.6,365966,4.8,-6660,-4.4,40,3.4,2056,3.4
"18171","5","23","74","0","2025","A","",24,111,6765036,1292019,13647,1174,61038,"",1.79,1.06,1.11,1.04,0.85,1.05,1.05,"",1,4.3,-12,-9.8,-655373,-8.8,-170285,-11.6,-5590,-29.1,13,1.1,669,1.1
"18173","5","23","74","0","2025","A","",174,1346,104058655,19776520,741726,1487,77329,"",1.56,1.40,1.62,1.41,2.58,1.16,1.15,"",2,1.2,-44,-3.2,1118578,1.1,-1137070,-5.4,-769,-0.1,63,4.4,3280,4.4
"18175","5","23","74","0","2025","A","",69,333,18753450,4129481,130866,1082,56246,"",1.81,1.11,1.27,1.09,1.81,1.15,1.14,"",2,3.0,9,2.8,1090133,6.2,212686,5.4,11037,9.2,34,3.2,1758,3.2
"18177","5","23","74","0","2025","A","",117,903,51252704,11159711,237720,1092,56779,"",1.00,0.58,0.58,0.59,0.78,1.00,1.00,"",1,0.9,-72,-7.4,-3195889,-5.9,-2755207,-19.8,-118881,-33.3,18,1.7,915,1.6
"18179","5","23","74","0","2025","A","",75,512,34818720,6373400,119985,1308,67994,"",1.36,0.87,1.06,0.76,0.82,1.23,1.23,"",1,1.4,4,0.8,1699860,5.1,296727,4.9,18672,18.4,54,4.3,2810,4.3
"18181","5","23","74","0","2025","A","",88,339,18790677,4397695,92980,1065,55389,"",1.59,0.73,0.72,0.67,0.88,0.99,0.99,"",6,7.3,39,13.0,3298282,21.3,870701,24.7,14795,18.9,72,7.3,3748,7.3
"18183","5","23","74","0","2025","A","",86,680,52382679,8949508,170575,1482,77052,"",1.44,0.91,1.08,0.85,0.82,1.19,1.19,"",-4,-4.4,30,4.6,4511172,9.4,382908,4.5,-58510,-25.5,67,4.7,3451,4.7
"18999","5","23","74","0","2025","A","",1068,6364,682631569,145213027,5022597,2063,107269,"",0.70,1.18,1.17,1.36,1.68,0.99,0.99,"",22,2.1,321,5.3,111665457,19.6,25810746,21.6,662909,15.2,246,13.5,12783,13.5
"19000","2","23","54","0","2025","A","",125,1591,93963604,0,0,1136,59075,"",7.43,2.17,2.21,0.00,0.00,1.02,1.02,"",-1,-0.8,36,2.3,5092729,5.7,0,0.0,0,0.0,37,3.4,1939,3.4
"19000","3","23","54","0","2025","A","N",3,0,0,0,0,0,0,"N",0.08,0,0,0,0,0,0,"N",0,0.0,0,0,0,0,0,0,0,0,0,0,0,0
"19000","5","23","54","0","2025","A","",9356,84954,6598954996,3660933737,118338092,1494,77676,"",1.09,1.03,1.17,1.12,2.41,1.14,1.14,"",-168,-1.8,112,0.1,362434041,5.8,191741209,5.5,381585,0.3,80,5.7,4169,5.7
"19001","2","23","74","0","2025","A","N",2,0,0,0,0,0,0,"N",39.86,0,0,0,0,0,0,"N",0,0.0,0,0,0,0,0,0,0,0,0,0,0,0
"19001","5","23","74","0","2025","A","",40,605,68525649,37292210,2217844,2179,113328,"",1.56,3.41,5.81,4.41,6.90,1.71,1.70,"",4,11.1,257,73.9,38396212,127.4,18455514,98.0,1267103,133.3,516,31.0,26853,31.1
"19003","5","23","74","0","2025","A","N",12,0,0,0,0,0,0,"N",1.06,0,0,0,0,0,0,"N",0,0.0,0,0,0,0,0,0,0,0,0,0,0,0
"19005","2","23","74","0","2025","A","N",1,0,0,0,0,0,0,"N",13.96,0,0,0,0,0,0,"N",0,0.0,0,0,0,0,0,0,0,0,0,0,0,0
"19005","5","23","74","0","2025","A","",49,192,10867709,7976733,409637,1089,56627,"",1.34,0.75,0.83,0.83,2.99,1.10,1.10,"",1,2.1,11,6.1,1066136,10.9,788825,11.0,45290,12.4,49,4.7,2524,4.7
"19007","3","23","74","0","2025","A","N",1,0,0,0,0,0,0,"N",7.40,0,0,0,0,0,0,"N",0,0.0,0,0,0,0,0,0,0,0,0,0,0,0
"19007","5","23","74","0","2025","A","",24,147,9013889,6933287,338354,1182,61458,"",0.80,0.61,0.72,0.74,2.05,1.18,1.18,"",0,0.0,29,24.6,2729571,43.4,2196931,46.4,141151,71.6,162,15.9,8426,15.9
"19009","5","23","74","0","2025","A","",24,80,4724399,2968303,16331,1129,58688,"",1.33,0.84,0.84,0.85,0.77,1.00,1.00,"",0,0.0,-5,-5.9,243304,5.4,113646,4.0,-71241,-81.4,113,11.1,5866,11.1
"19011","2","23","74","0","2025","A","N",2,0,0,0,0,0,0,"N",18.63,0,0,0,0,0,0,"N",0,0.0,0,0,0,0,0,0,0,0,0,0,0,0
"19011","5","23","74","0","2025","A","",70,380,27282983,14992850,409986,1381,71829,"",1.28,1.19,1.52,1.32,2.32,1.28,1.28,"",-6,-7.9,-40,-9.5,-966752,-3.4,-969475,-6.1,-36074,-8.1,88,6.8,4594,6.8
"19013","2","23","74","0","2025","A","N",1,0,0,0,0,0,0,"N",1.67,0,0,0,0,0,0,"N",0,0.0,0,0,0,0,0,0,0,0,0,0,0,0
"19013","5","23","74","0","2025","A","",265,2575,181921348,104941952,2889376,1359,70647,"",0.87,0.69,0.75,0.75,1.44,1.10,1.10,"",-1,-0.4,-3,-0.1,7158730,4.1,3753940,3.7,-113898,-3.8,55,4.2,2861,4.2
"19015","2","23","74","0","2025","A","N",1,0,0,0,0,0,0,"N",8.92,0,0,0,0,0,0,"N",0,0.0,0,0,0,0,0,0,0,0,0,0,0,0
"19015","5","23","74","0","2025","A","",85,653,47487826,28106351,628232,1398,72713,"",1.49,1.40,1.72,1.76,2.87,1.23,1.23,"",-5,-5.6,1,0.2,424274,0.9,487850,1.8,143799,29.7,9,0.6,483,0.7
"19017","2","23","74","0","2025","A","N",1,0,0,0,0,0,0,"N",8.71,0,0,0,0,0,0,"N",0,0.0,0,0,0,0,0,0,0,0,0,0,0,0
"19017","5","23","74","0","2025","A","",62,426,25249099,16086818,447675,1140,59282,"",1.06,0.85,0.86,1.05,2.16,1.02,1.02,"",0,0.0,-21,-4.7,-1333552,-5.0,-742065,-4.4,-65281,-12.7,-4,-0.3,-220,-0.4
"19019","2","23","74","0","2025","A","N",1,0,0,0,0,0,0,"N",10.41,0,0,0,0,0,0,"N",0,0.0,0,0,0,0,0,0,0,0,0,0,0,0
"19019","5","23","74","0","2025","A","",81,466,26307355,17533024,548719,1087,56514,"",1.65,1.30,1.31,1.38,2.89,1.01,1.01,"",1,1.2,32,7.4,3253464,14.1,2033602,13.1,-34491,-5.9,66,6.5,3405,6.4
"19021","2","23","74","0","2025","A","N",1,0,0,0,0,0,0,"N",11.04,0,0,0,0,0,0,"N",0,0.0,0,0,0,0,0,0,0,0,0,0,0,0
"19021","5","23","74","0","2025","A","",50,285,21773561,11697994,228808,1470,76421,"",1.08,0.52,0.67,0.53,1.09,1.28,1.28,"",0,0.0,-94,-24.8,-9831937,-31.1,-6394270,-35.3,-181598,-44.2,-133,-8.3,-6916,-8.3
"19023","2","23","74","0","2025","A","N",1,0,0,0,0,0,0,"N",15.37,0,0,0,0,0,0,"N",0,0.0,0,0,0,0,0,0,0,0,0,0,0,0
"19023","5","23","74","0","2025","A","",40,136,8324378,5323688,260635,1176,61171,"",1.21,0.70,0.74,0.69,2.68,1.05,1.05,"",2,5.3,-4,-2.9,212662,2.6,-32136,-0.6,-15226,-5.5,59,5.3,3092,5.3
"19025","2","23","74","0","2025","A","N",1,0,0,0,0,0,0,"N",20.55,0,0,0,0,0,0,"N",0,0.0,0,0,0,0,0,0,0,0,0,0,0,0
"19025","5","23","74","0","2025","A","",30,108,6094653,4255892,135224,1080,56172,"",1.21,0.74,0.77,0.98,3.80,1.04,1.04,"",-1,-3.2,-14,-11.5,-405966,-6.2,-385216,-8.3,-2259,-1.6,56,5.5,2925,5.5
"19027","2","23","74","0","2025","A","N",1,0,0,0,0,0,0,"N",7.07,0,0,0,0,0,0,"N",0,0.0,0,0,0,0,0,0,0,0,0,0,0,0
"19027","5","23","74","0","2025","A","",91,424,26222970,15732776,171256,1189,61847,"",1.26,0.73,0.80,0.78,1.11,1.10,1.10,"",-2,-2.2,19,4.7,2961598,12.7,1487364,10.4,9735,6.0,86,7.8,4471,7.8
"19029","2","23","74","0","2025","A","N",2,0,0,0,0,0,0,"N",25.10,0,0,0,0,0,0,"N",0,0.0,0,0,0,0,0,0,0,0,0,0,0,0
"19029","5","23","74","0","2025","A","",38,342,25490834,13554133,466134,1431,74426,"",0.94,1.14,1.50,1.37,3.25,1.32,1.32,"",2,5.6,28,8.9,3456644,15.7,1169491,9.4,38334,9.0,80,5.9,4160,5.9
"19031","2","23","74","0","2025","A","N",1,0,0,0,0,0,0,"N",11.19,0,0,0,0,0,0,"N",0,0.0,0,0,0,0,0,0,0,0,0,0,0,0
"19031","5","23","74","0","2025","A","",62,285,16319530,10532973,242515,1103,57345,"",1.36,1.03,1.07,1.05,1.84,1.04,1.04,"",-4,-6.1,-7,-2.4,60385,0.4,-103845,-1.0,-45214,-15.7,32,3.0,1679,3.0
"19033","2","23","74","0","2025","A","",3,27,1789044,0,0,1274,66261,"",11.75,2.45,3.13,0.00,0.00,1.28,1.28,"",0,0.0,0,0.0,30018,1.7,0,0.0,0,0.0,33,2.7,1710,2.6
"19033","5","23","74","0","2025","A","",138,1150,83179548,46838705,1140385,1391,72320,"",1.06,0.93,1.10,1.04,2.09,1.19,1.18,"",2,1.5,-104,-8.3,-11628946,-12.3,-5691674,-10.8,-607927,-34.8,-63,-4.3,-3300,-4.4
"19035","2","23","74","0","2025","A","N",2,0,0,0,0,0,0,"N",29.76,0,0,0,0,0,0,"N",0,0.0,0,0,0,0,0,0,0,0,0,0,0,0
"19035","5","23","74","0","2025","A","",47,268,17283561,10421294,364721,1241,64531,"",1.37,1.03,1.20,1.19,4.08,1.17,1.17,"",-2,-4.1,25,10.3,2528705,17.1,1374147,15.2,24341,7.2,75,6.4,3874,6.4
"19037","2","23","74","0","2025","A","N",2,0,0,0,0,0,0,"N",32.01,0,0,0,0,0,0,"N",0,0.0,0,0,0,0,0,0,0,0,0,0,0,0
"19037","5","23","74","0","2025","A","",49,344,22686081,16508719,733372,1268,65948,"",1.54,1.26,1.31,1.34,2.36,1.04,1.04,"",-5,-9.3,100,41.0,9248128,68.8,7454050,82.3,529511,259.7,210,19.8,10931,19.9
"19039","2","23","74","0","2025","A","N",1,0,0,0,0,0,0,"N",26.85,0,0,0,0,0,0,"N",0,0.0,0,0,0,0,0,0,0,0,0,0,0,0
"19039","5","23","74","0","2025","A","",19,115,4523218,3130790,72525,755,39247,"",1.00,0.46,0.32,0.30,0.89,0.70,0.70,"",2,11.8,16,16.2,954699,26.8,708211,29.2,-39973,-35.5,59,8.5,3080,8.5
"19041","2","23","74","0","2025","A","N",1,0,0,0,0,0,0,"N",9.24,0,0,0,0,0,0,"N",0,0.0,0,0,0,0,0,0,0,0,0,0,0,0
"19041","5","23","74","0","2025","A","",64,466,28936335,18586909,366223,1194,62106,"",1.16,1.03,1.08,1.13,2.10,1.05,1.05,"",-1,-1.5,-11,-2.3,462224,1.6,-431,0.0,31454,9.4,45,3.9,2381,4.0
"19043","2","23","74","0","2025","A","N",1,0,0,0,0,0,0,"N",10.71,0,0,0,0,0,0,"N",0,0.0,0,0,0,0,0,0,0,0,0,0,0,0
"19043","5","23","74","0","2025","A","",50,476,40179239,20736205,1294026,1622,84366,"",1.05,1.46,2.14,1.72,4.58,1.47,1.47,"",-3,-5.7,-28,-5.6,-320864,-0.8,-227495,-1.1,-24280,-1.8,76,4.9,3969,4.9
"19045","2","23","74","0","2025","A","N",1,0,0,0,0,0,0,"N",4.46,0,0,0,0,0,0,"N",0,0.0,0,0,0,0,0,0,0,0,0,0,0,0
"19045","5","23","74","0","2025","A","",130,676,43800539,28823528,1137216,1246,64818,"",1.14,0.68,0.74,0.75,1.66,1.09,1.09,"",2,1.6,-33,-4.7,413858,1.0,779040,2.8,389,0.0,70,6.0,3660,6.0
"19047","2","23","74","0","2025","A","N",1,0,0,0,0,0,0,"N",13.15,0,0,0,0,0,0,"N",0,0.0,0,0,0,0,0,0,0,0,0,0,0,0
"19047","5","23","74","0","2025","A","",50,358,30683449,15781888,775708,1649,85728,"",1.29,1.05,1.49,1.18,3.82,1.43,1.42,"",-1,-2.0,9,2.6,3996330,15.0,729716,4.8,-2153,-0.3,178,12.1,9224,12.1
"19049","2","23","74","0","2025","A","N",2,0,0,0,0,0,0,"N",3.58,0,0,0,0,0,0,"N",0,0.0,0,0,0,0,0,0,0,0,0,0,0,0
"19049","5","23","74","0","2025","A","",260,1862,126253151,77877517,2997478,1304,67817,"",0.91,0.62,0.50,0.57,1.89,0.80,0.80,"",4,1.6,30,1.6,7518058,6.3,3879278,5.2,-52607,-1.7,58,4.7,3020,4.7
"19051","2","23","74","0","2025","A","N",1,0,0,0,0,0,0,"N",26.74,0,0,0,0,0,0,"N",0,0.0,0,0,0,0,0,0,0,0,0,0,0,0
"19051","5","23","74","0","2025","A","",23,73,4010160,2775686,63060,1062,55249,"",1.21,0.70,0.68,0.75,1.89,0.99,0.99,"",-2,-8.0,-10,-12.0,-189224,-4.5,-272354,-8.9,-15436,-19.7,90,9.3,4705,9.3
"19053","2","23","74","0","2025","A","N",1,0,0,0,0,0,0,"N",29.10,0,0,0,0,0,0,"N",0,0.0,0,0,0,0,0,0,0,0,0,0,0,0
"19053","5","23","74","0","2025","A","",22,72,3359321,2710548,99178,894,46496,"",1.26,0.59,0.59,0.83,0.97,1.00,1.00,"",2,10.0,-1,-1.4,60638,1.8,109315,4.2,14959,17.8,29,3.4,1514,3.4
"19055","2","23","74","0","2025","A","N",2,0,0,0,0,0,0,"N",22.15,0,0,0,0,0,0,"N",0,0.0,0,0,0,0,0,0,0,0,0,0,0,0
"19055","5","23","74","0","2025","A","",63,348,22109821,14028074,432735,1223,63580,"",1.37,0.95,1.02,1.00,1.65,1.07,1.07,"",-2,-3.1,-27,-7.2,-512325,-2.3,24796,0.2,-95831,-18.1,62,5.3,3201,5.3
"19057","2","23","74","0","2025","A","N",2,0,0,0,0,0,0,"N",9.37,0,0,0,0,0,0,"N",0,0.0,0,0,0,0,0,0,0,0,0,0,0,0
"19057","5","23","74","0","2025","A","",97,900,61169112,37611407,1081465,1307,67959,"",0.89,0.85,0.98,0.98,1.25,1.16,1.16,"",4,4.3,44,5.1,5249016,9.4,3242276,9.4,-312288,-22.4,51,4.1,2670,4.1
"19059","2","23","74","0","2025","A","N",1,0,0,0,0,0,0,"N",6.96,0,0,0,0,0,0,"N",0,0.0,0,0,0,0,0,0,0,0,0,0,0,0
"19059","3","23","74","0","2025","A","N",1,0,0,0,0,0,0,"N",3.04,0,0,0,0,0,0,"N",0,0.0,0,0,0,0,0,0,0,0,0,0,0,0
"19059","5","23","74","0","2025","A","",109,572,35889641,23133180,879929,1207,62772,"",1.49,1.10,1.34,1.11,1.86,1.21,1.21,"",-1,-0.9,37,6.9,2106258,6.2,1953026,9.2,103173,13.3,-8,-0.7,-394,-0.6
"19061","2","23","74","0","2025","A","N",2,0,0,0,0,0,0,"N",3.57,0,0,0,0,0,0,"N",0,0.0,0,0,0,0,0,0,0,0,0,0,0,0
"19061","3","23","74","0","2025","A","N",1,0,0,0,0,0,0,"N",0.78,0,0,0,0,0,0,"N",0,0.0,0,0,0,0,0,0,0,0,0,0,0,0
"19061","5","23","74","0","2025","A","",309,2696,211895317,115203935,4906179,1511,78591,"",1.08,0.88,1.06,0.93,2.38,1.20,1.21,"",-13,-4.0,-8,-0.3,12676580,6.4,5645089,5.2,171219,3.6,94,6.6,4911,6.7
"19063","5","23","74","0","2025","A","",44,170,9520953,6610075,176975,1074,55841,"",1.72,0.97,1.01,1.14,2.49,1.04,1.04,"",2,4.8,22,14.9,1843450,24.0,1214309,22.5,33460,23.3,75,7.5,3907,7.5
"19065","2","23","74","0","2025","A","N",1,0,0,0,0,0,0,"N",9.79,0,0,0,0,0,0,"N",0,0.0,0,0,0,0,0,0,0,0,0,0,0,0
"19065","5","23","74","0","2025","A","",55,390,27821268,15540121,545568,1373,71398,"",1.06,1.05,1.39,1.23,2.71,1.32,1.32,"",-4,-6.8,-4,-1.0,-1075972,-3.7,-202195,-1.3,3408,0.6,-37,-2.6,-1914,-2.6
"19067","2","23","74","0","2025","A","N",1,0,0,0,0,0,0,"N",13.94,0,0,0,0,0,0,"N",0,0.0,0,0,0,0,0,0,0,0,0,0,0,0
"19067","5","23","74","0","2025","A","",33,177,12418286,7490699,232525,1348,70094,"",0.90,0.60,0.69,0.59,1.93,1.14,1.14,"",0,0.0,-9,-4.8,-315293,-2.5,-108813,-1.4,36125,18.4,31,2.4,1634,2.4
"19069","2","23","74","0","2025","A","N",1,0,0,0,0,0,0,"N",18.32,0,0,0,0,0,0,"N",0,0.0,0,0,0,0,0,0,0,0,0,0,0,0
"19069","5","23","74","0","2025","A","",31,263,22049958,11017204,229261,1611,83787,"",1.11,1.28,1.82,1.35,2.60,1.42,1.42,"",4,14.8,3,1.2,2023665,10.1,408013,3.8,-79851,-25.8,133,9.0,6911,9.0
"19071","2","23","74","0","2025","A","N",1,0,0,0,0,0,0,"N",23.16,0,0,0,0,0,0,"N",0,0.0,0,0,0,0,0,0,0,0,0,0,0,0
"19071","5","23","74","0","2025","A","",23,79,3823949,2873084,113294,929,48303,"",1.04,0.69,0.60,0.60,1.95,0.87,0.87,"",-3,-11.5,-14,-15.1,-260641,-6.4,-256929,-8.2,35893,46.4,81,9.6,4225,9.6
"19073","2","23","74","0","2025","A","N",2,0,0,0,0,0,0,"N",43.85,0,0,0,0,0,0,"N",0,0.0,0,0,0,0,0,0,0,0,0,0,0,0
"19073","5","23","74","0","2025","A","",22,70,3443939,2363394,30342,948,49317,"",0.95,0.42,0.34,0.36,0.31,0.82,0.82,"",0,0.0,-6,-7.9,-456543,-11.7,-174646,-6.9,-37459,-55.2,-46,-4.6,-2345,-4.5
"19075","2","23","74","0","2025","A","N",1,0,0,0,0,0,0,"N",17.04,0,0,0,0,0,0,"N",0,0.0,0,0,0,0,0,0,0,0,0,0,0,0
"19075","5","23","74","0","2025","A","",40,674,61294717,32952772,2157600,1750,90975,"",1.34,3.12,4.27,3.86,6.68,1.37,1.37,"",1,2.6,8,1.2,5847790,10.5,1832279,5.9,102097,5.0,150,9.4,7773,9.3
"19077","2","23","74","0","2025","A","N",1,0,0,0,0,0,0,"N",17.22,0,0,0,0,0,0,"N",0,0.0,0,0,0,0,0,0,0,0,0,0,0,0
"19077","5","23","74","0","2025","A","",36,228,15437125,9542564,293575,1305,67855,"",1.22,1.34,1.53,1.65,3.55,1.15,1.15,"",-2,-5.3,-34,-13.0,-2698419,-14.9,-1708520,-15.2,-128676,-30.5,-28,-2.1,-1453,-2.1
"19079","2","23","74","0","2025","A","N",1,0,0,0,0,0,0,"N",13.70,0,0,0,0,0,0,"N",0,0.0,0,0,0,0,0,0,0,0,0,0,0,0
"19079","5","23","74","0","2025","A","",48,286,15525427,11231839,194047,1046,54380,"",1.29,0.95,0.89,0.96,1.58,0.94,0.94,"",0,0.0,-17,-5.6,-880846,-5.4,-578354,-4.9,-154459,-44.3,5,0.5,249,0.5
"19081","2","23","74","0","2025","A","N",2,0,0,0,0,0,0,"N",35.55,0,0,0,0,0,0,"N",0,0.0,0,0,0,0,0,0,0,0,0,0,0,0
"19081","5","23","74","0","2025","A","",30,165,10254886,6462891,98375,1194,62088,"",1.05,0.54,0.51,0.43,0.34,0.95,0.95,"",0,0.0,-17,-9.3,-1070254,-9.5,-1215214,-15.8,-25334,-20.5,-2,-0.2,-81,-0.1
"19083","2","23","74","0","2025","A","N",1,0,0,0,0,0,0,"N",10.52,0,0,0,0,0,0,"N",0,0.0,0,0,0,0,0,0,0,0,0,0,0,0
"19083","5","23","74","0","2025","A","",70,498,32678767,20357133,425234,1263,65664,"",1.44,1.44,1.55,1.63,2.87,1.08,1.08,"",-4,-5.4,-56,-10.1,-1815172,-5.3,-1960695,-8.8,-207054,-32.7,66,5.5,3419,5.5
"19085","2","23","74","0","2025","A","N",1,0,0,0,0,0,0,"N",13.56,0,0,0,0,0,0,"N",0,0.0,0,0,0,0,0,0,0,0,0,0,0,0
"19085","5","23","74","0","2025","A","",47,190,11460540,7045836,253356,1159,60292,"",1.25,0.88,0.92,0.92,2.78,1.04,1.04,"",3,6.8,27,16.6,2165668,23.3,1110764,18.7,80414,46.5,61,5.6,3181,5.6
"19087","2","23","74","0","2025","A","N",2,0,0,0,0,0,0,"N",20.95,0,0,0,0,0,0,"N",0,0.0,0,0,0,0,0,0,0,0,0,0,0,0
"19087","5","23","74","0","2025","A","",42,263,14386394,9997530,165925,1052,54701,"",0.86,0.61,0.57,0.55,0.85,0.93,0.93,"",2,5.0,-14,-5.1,-805421,-5.3,-400062,-3.8,-16138,-8.9,-2,-0.2,-110,-0.2
"19089","5","23","74","0","2025","A","",44,231,14453990,9146489,269403,1205,62662,"",1.64,1.00,1.16,1.05,2.38,1.16,1.16,"",0,0.0,16,7.4,1440622,11.1,917829,11.2,-26185,-8.9,42,3.6,2182,3.6
"19091","5","23","74","0","2025","A","",37,263,17556120,10789501,217377,1282,66669,"",1.34,1.34,1.52,1.39,2.72,1.14,1.14,"",0,0.0,-8,-3.0,492533,2.9,385016,3.7,-132128,-37.8,70,5.8,3646,5.8
"19093","2","23","74","0","2025","A","N",1,0,0,0,0,0,0,"N",22.15,0,0,0,0,0,0,"N",0,0.0,0,0,0,0,0,0,0,0,0,0,0,0
"19093","5","23","74","0","2025","A","",22,140,10252885,5845331,126620,1406,73104,"",0.96,0.72,0.80,0.69,1.13,1.11,1.11,"",0,0.0,-9,-6.0,-417601,-3.9,-474494,-7.5,-20756,-14.1,26,1.9,1329,1.9
"19095","2","23","74","0","2025","A","N",1,0,0,0,0,0,0,"N",9.16,0,0,0,0,0,0,"N",0,0.0,0,0,0,0,0,0,0,0,0,0,0,0
"19095","5","23","74","0","2025","A","",74,422,30293850,17108785,539944,1380,71772,"",1.33,0.95,1.23,0.92,1.01,1.30,1.30,"",0,0.0,29,7.4,3870986,14.7,2761222,19.2,101820,23.2,86,6.6,4481,6.7
"19097","2","23","74","0","2025","A","N",1,0,0,0,0,0,0,"N",9.92,0,0,0,0,0,0,"N",0,0.0,0,0,0,0,0,0,0,0,0,0,0,0
"19097","5","23","74","0","2025","A","",65,281,17359881,11212674,381627,1186,61687,"",1.26,0.92,1.12,1.02,2.29,1.21,1.21,"",-2,-3.0,21,8.1,3102329,21.8,1792121,19.0,31396,9.0,131,12.4,6815,12.4
"19099","2","23","74","0","2025","A","N",1,0,0,0,0,0,0,"N",6.75,0,0,0,0,0,0,"N",0,0.0,0,0,0,0,0,0,0,0,0,0,0,0
"19099","5","23","74","0","2025","A","",94,1012,81646095,44771933,1194694,1551,80645,"",1.24,1.79,2.57,2.17,2.60,1.44,1.44,"",-1,-1.1,74,7.9,11565833,16.5,6270531,16.3,148845,14.2,114,7.9,5926,7.9
"19101","2","23","74","0","2025","A","N",3,0,0,0,0,0,0,"N",26.03,0,0,0,0,0,0,"N",0,0.0,0,0,0,0,0,0,0,0,0,0,0,0
"19101","5","23","74","0","2025","A","",44,228,18002588,11310570,341405,1518,78930,"",0.75,0.61,0.77,0.80,1.65,1.26,1.26,"",-1,-2.2,26,12.9,6905612,62.2,3172012,39.0,104836,44.3,462,43.8,23994,43.7
"19103","2","23","74","0","2025","A","N",1,0,0,0,0,0,0,"N",1.29,0,0,0,0,0,0,"N",0,0.0,0,0,0,0,0,0,0,0,0,0,0,0
"19103","5","23","74","0","2025","A","",363,2707,192434319,115371271,3311224,1367,71096,"",0.92,0.60,0.59,0.93,2.08,0.99,0.99,"",-17,-4.5,-145,-5.1,-4875665,-2.5,336043,0.3,-423584,-11.3,36,2.7,1905,2.8
"19105","2","23","74","0","2025","A","N",1,0,0,0,0,0,0,"N",10.09,0,0,0,0,0,0,"N",0,0.0,0,0,0,0,0,0,0,0,0,0,0,0
"19105","5","23","74","0","2025","A","",72,597,44861702,24536737,928838,1445,75156,"",1.42,1.80,2.42,2.20,4.12,1.35,1.35,"",-4,-5.3,-36,-5.7,2154326,5.0,-203532,-0.8,-86527,-8.5,147,11.3,7679,11.4
"19107","2","23","74","0","2025","A","N",1,0,0,0,0,0,0,"N",21.22,0,0,0,0,0,0,"N",0,0.0,0,0,0,0,0,0,0,0,0,0,0,0
"19107","5","23","74","0","2025","A","",30,92,4509105,3343698,104169,946,49190,"",1.25,0.76,0.70,0.79,1.84,0.92,0.92,"",-1,-3.2,-10,-9.8,-708814,-13.6,-340897,-9.3,-20612,-16.5,-39,-4.0,-2008,-3.9
"19109","2","23","74","0","2025","A","N",2,0,0,0,0,0,0,"N",20.75,0,0,0,0,0,0,"N",0,0.0,0,0,0,0,0,0,0,0,0,0,0,0
"19109","5","23","74","0","2025","A","",66,304,19790366,12420117,395629,1251,65029,"",1.34,0.89,0.99,0.94,2.84,1.12,1.12,"",-4,-5.7,-60,-16.5,-5404687,-21.5,-2413867,-16.3,-33124,-7.7,-80,-6.0,-4188,-6.1
"19111","2","23","74","0","2025","A","N",1,0,0,0,0,0,0,"N",6.40,0,0,0,0,0,0,"N",0,0.0,0,0,0,0,0,0,0,0,0,0,0,0
"19111","5","23","74","0","2025","A","",93,984,76174975,48552626,1765943,1489,77453,"",1.17,1.37,1.64,1.65,2.24,1.20,1.20,"",-5,-5.1,106,12.1,13458480,21.5,10262189,26.8,-142092,-7.4,115,8.4,6008,8.4
"19113","2","23","74","0","2025","A","N",4,0,0,0,0,0,0,"N",3.38,0,0,0,0,0,0,"N",0,0.0,0,0,0,0,0,0,0,0,0,0,0,0
"19113","5","23","74","0","2025","A","",611,8001,647824736,354301409,12469948,1557,80971,"",1.01,1.20,1.28,1.26,2.60,1.07,1.07,"",0,0.0,206,2.6,64098917,11.0,42025388,13.5,1031255,9.0,117,8.1,6089,8.1
"19115","5","23","74","0","2025","A","",26,94,4584956,3343309,106468,941,48906,"",1.19,0.48,0.41,0.40,1.26,0.87,0.87,"",2,8.3,2,2.2,227717,5.2,28230,0.9,-50949,-32.4,28,3.1,1416,3.0
"19117","2","23","74","0","2025","A","N",2,0,0,0,0,0,0,"N",54.36,0,0,0,0,0,0,"N",0,0.0,0,0,0,0,0,0,0,0,0,0,0,0
"19117","5","23","74","0","2025","A","",24,90,4858729,3410590,99296,1038,53986,"",1.28,0.54,0.50,0.50,2.12,0.93,0.93,"",0,0.0,4,4.7,112356,2.4,351713,11.5,13649,15.9,-30,-2.8,-1527,-2.8
"19119","2","23","74","0","2025","A","N",2,0,0,0,0,0,0,"N",24.00,0,0,0,0,0,0,"N",0,0.0,0,0,0,0,0,0,0,0,0,0,0,0
"19119","5","23","74","0","2025","A","",74,325,17892979,12119709,318771,1059,55069,"",1.74,1.24,1.21,1.24,3.57,0.98,0.98,"",0,0.0,41,14.4,2367652,15.3,1313352,12.2,45595,16.7,6,0.6,306,0.6
"19121","5","23","74","0","2025","A","",76,362,21010539,14176548,447274,1116,58040,"",1.75,1.63,1.69,1.84,3.21,1.04,1.04,"",-5,-6.2,15,4.3,1963912,10.3,1306644,10.2,-96107,-17.7,60,5.7,3124,5.7
"19123","2","23","74","0","2025","A","N",1,0,0,0,0,0,0,"N",10.69,0,0,0,0,0,0,"N",0,0.0,0,0,0,0,0,0,0,0,0,0,0,0
"19123","5","23","74","0","2025","A","",57,246,14632729,9012471,175834,1146,59604,"",1.20,0.57,0.53,0.57,1.07,0.93,0.93,"",-2,-3.4,-10,-3.9,-516974,-3.4,-312079,-3.3,-52980,-23.2,10,0.9,541,0.9
"19125","2","23","74","0","2025","A","N",1,0,0,0,0,0,0,"N",6.16,0,0,0,0,0,0,"N",0,0.0,0,0,0,0,0,0,0,0,0,0,0,0
"19125","5","23","74","0","2025","A","",92,578,40258012,24150624,669538,1339,69620,"",1.11,0.56,0.55,0.52,1.84,0.98,0.98,"",-4,-4.2,-44,-7.1,-1661981,-4.0,-1837887,-7.1,-58410,-8.0,43,3.3,2234,3.3
"19127","2","23","74","0","2025","A","N",2,0,0,0,0,0,0,"N",13.23,0,0,0,0,0,0,"N",0,0.0,0,0,0,0,0,0,0,0,0,0,0,0
"19127","5","23","74","0","2025","A","",92,508,37249181,24085963,1072148,1409,73265,"",1.19,0.60,0.70,0.71,2.29,1.16,1.16,"",-8,-8.0,59,13.1,10635675,40.0,6441982,36.5,312761,41.2,269,23.6,13970,23.6
"19129","2","23","74","0","2025","A","N",1,0,0,0,0,0,0,"N",13.91,0,0,0,0,0,0,"N",0,0.0,0,0,0,0,0,0,0,0,0,0,0,0
"19129","5","23","74","0","2025","A","",56,242,17344980,9641924,268177,1380,71772,"",1.53,1.46,1.72,1.63,3.28,1.18,1.18,"",2,3.7,27,12.6,1750000,11.2,1581293,19.6,11886,4.6,-18,-1.3,-904,-1.2
"19131","2","23","74","0","2025","A","N",1,0,0,0,0,0,0,"N",17.92,0,0,0,0,0,0,"N",0,0.0,0,0,0,0,0,0,0,0,0,0,0,0
"19131","5","23","74","0","2025","A","",44,201,12981344,7893629,51829,1240,64477,"",1.55,0.98,1.08,0.99,0.61,1.10,1.10,"",-1,-2.2,-27,-11.8,-1361755,-9.5,-767833,-8.9,-95850,-64.9,29,2.4,1523,2.4
"19133","2","23","74","0","2025","A","N",1,0,0,0,0,0,0,"N",22.15,0,0,0,0,0,0,"N",0,0.0,0,0,0,0,0,0,0,0,0,0,0,0
"19133","5","23","74","0","2025","A","",22,98,6021340,3903136,161541,1178,61234,"",0.96,0.72,0.87,0.95,3.06,1.20,1.20,"",1,4.8,10,11.4,123768,2.1,449566,13.0,6232,4.0,-111,-8.6,-5784,-8.6
"19135","2","23","74","0","2025","A","N",1,0,0,0,0,0,0,"N",26.63,0,0,0,0,0,0,"N",0,0.0,0,0,0,0,0,0,0,0,0,0,0,0
"19135","5","23","74","0","2025","A","",23,140,9750841,5963637,181917,1338,69566,"",1.20,0.74,0.67,0.65,1.66,0.91,0.91,"",3,15.0,3,2.2,991567,11.3,862831,16.9,24784,15.8,109,8.9,5669,8.9
"19137","2","23","74","0","2025","A","N",2,0,0,0,0,0,0,"N",36.04,0,0,0,0,0,0,"N",0,0.0,0,0,0,0,0,0,0,0,0,0,0,0
"19137","5","23","74","0","2025","A","",40,240,13855877,9100155,108879,1111,57773,"",1.41,1.13,1.15,1.25,1.34,1.02,1.02,"",-2,-4.8,-4,-1.6,274952,2.0,130366,1.5,-12688,-10.4,40,3.7,2075,3.7
"19139","2","23","74","0","2025","A","N",1,0,0,0,0,0,0,"N",5.45,0,0,0,0,0,0,"N",0,0.0,0,0,0,0,0,0,0,0,0,0,0,0
"19139","5","23","74","0","2025","A","N",99,0,0,0,0,0,0,"N",1.06,0,0,0,0,0,0,"N",-4,-3.9,0,0,0,0,0,0,0,0,0,0,0,0
"19141","5","23","74","0","2025","A","",53,236,14697038,9737857,223979,1196,62210,"",1.13,0.68,0.79,0.79,1.94,1.16,1.16,"",-2,-3.6,6,2.6,2405994,19.6,1336305,15.9,31807,16.6,167,16.2,8713,16.3
"19143","2","23","74","0","2025","A","N",1,0,0,0,0,0,0,"N",24.54,0,0,0,0,0,0,"N",0,0.0,0,0,0,0,0,0,0,0,0,0,0,0
"19143","5","23","74","0","2025","A","",26,105,5515429,3886902,73272,1008,52403,"",1.25,0.75,0.69,0.67,1.66,0.92,0.92,"",2,8.3,-11,-9.5,-404070,-6.8,-225841,-5.5,-14966,-17.0,29,3.0,1519,3.0
"19145","5","23","74","0","2025","A","",40,187,8835884,6390483,112899,910,47314,"",1.12,0.57,0.47,0.60,1.41,0.83,0.83,"",-3,-7.0,0,0.0,433741,5.2,75930,1.2,-49584,-30.5,46,5.3,2363,5.3
"19147","2","23","74","0","2025","A","N",1,0,0,0,0,0,0,"N",20.11,0,0,0,0,0,0,"N",0,0.0,0,0,0,0,0,0,0,0,0,0,0,0
"19147","5","23","74","0","2025","A","",26,196,11907193,7875082,142649,1170,60829,"",1.03,1.01,1.16,1.05,1.91,1.15,1.15,"",-4,-13.3,-18,-8.4,-1859734,-13.5,-511827,-6.1,-75744,-34.7,-70,-5.6,-3628,-5.6
"19149","2","23","74","0","2025","A","N",1,0,0,0,0,0,0,"N",7.61,0,0,0,0,0,0,"N",0,0.0,0,0,0,0,0,0,0,0,0,0,0,0
"19149","5","23","74","0","2025","A","",84,373,23263848,14638513,331750,1199,62356,"",1.25,0.60,0.56,0.54,0.81,0.93,0.93,"",-6,-6.7,12,3.3,1875349,8.8,1367561,10.3,378,0.1,59,5.2,3081,5.2
"19151","2","23","74","0","2025","A","N",1,0,0,0,0,0,0,"N",26.00,0,0,0,0,0,0,"N",0,0.0,0,0,0,0,0,0,0,0,0,0,0,0
"19151","5","23","74","0","2025","A","N",14,0,0,0,0,0,0,"N",0.71,0,0,0,0,0,0,"N",-2,-12.5,0,0,0,0,0,0,0,0,0,0,0,0
"19153","2","23","74","0","2025","A","",5,100,6472427,0,0,1244,64670,"",1.61,0.68,0.64,0.00,0.00,0.94,0.94,"",0,0.0,-1,-1.0,99014,1.6,0,0.0,0,0.0,27,2.2,1410,2.2
"19153","5","23","74","0","2025","A","",1438,20826,1807277098,926415963,29040686,1669,86779,"",0.91,1.25,1.34,1.28,2.64,1.07,1.07,"",-24,-1.6,19,0.1,99766600,5.8,40321305,4.6,-21422,-0.1,91,5.8,4714,5.7
"19155","2","23","74","0","2025","A","",7,99,6898377,0,0,1342,69798,"",17.03,5.04,6.61,0.00,0.00,1.31,1.32,"",0,0.0,19,23.8,1902641,38.1,0,0.0,0,0.0,134,11.1,6959,11.1
"19155","5","23","74","0","2025","A","",253,2267,169622960,98448872,4106852,1439,74809,"",1.21,1.02,1.23,1.11,3.05,1.20,1.20,"",-18,-6.6,7,0.3,5174499,3.1,3622743,3.8,431686,11.7,40,2.9,2058,2.8
"19157","2","23","74","0","2025","A","N",2,0,0,0,0,0,0,"N",19.01,0,0,0,0,0,0,"N",0,0.0,0,0,0,0,0,0,0,0,0,0,0,0
"19157","5","23","74","0","2025","A","",86,686,56764422,30170446,1323607,1591,82727,"",1.60,1.39,1.79,1.70,3.13,1.29,1.28,"",-1,-1.1,-7,-1.0,2080731,3.8,177033,0.6,-22867,-1.7,74,4.9,3837,4.9
"19159","2","23","74","0","2025","A","N",1,0,0,0,0,0,0,"N",36.54,0,0,0,0,0,0,"N",0,0.0,0,0,0,0,0,0,0,0,0,0,0,0
"19159","5","23","74","0","2025","A","N",22,0,0,0,0,0,0,"N",1.58,0,0,0,0,0,0,"N",-2,-8.3,0,0,0,0,0,0,0,0,0,0,0,0
"19161","2","23","74","0","2025","A","N",1,0,0,0,0,0,0,"N",17.31,0,0,0,0,0,0,"N",0,0.0,0,0,0,0,0,0,0,0,0,0,0,0
"19161","5","23","74","0","2025","A","",31,121,6936227,4549786,123040,1104,57403,"",1.05,0.77,0.77,0.79,1.18,1.00,1.00,"",-3,-8.8,3,2.5,531828,8.3,373114,8.9,-7134,-5.5,57,5.4,2975,5.5
"19163","2","23","74","0","2025","A","N",3,0,0,0,0,0,0,"N",3.16,0,0,0,0,0,0,"N",0,0.0,0,0,0,0,0,0,0,0,0,0,0,0
"19163","5","23","74","0","2025","A","",491,6403,554141974,286211630,10630915,1664,86541,"",1.01,1.30,1.67,1.41,2.87,1.28,1.28,"",-9,-1.8,-192,-2.9,12309449,2.3,9987799,3.6,-133241,-1.2,84,5.3,4384,5.3
"19165","5","23","74","0","2025","A","",29,244,17038117,10475794,467369,1344,69900,"",0.86,0.83,1.00,0.91,3.20,1.21,1.21,"",2,7.4,94,62.7,9562605,127.9,5154282,96.9,301887,182.4,386,40.3,20063,40.3
"19167","2","23","74","0","2025","A","N",1,0,0,0,0,0,0,"N",4.23,0,0,0,0,0,0,"N",0,0.0,0,0,0,0,0,0,0,0,0,0,0,0
"19167","5","23","74","0","2025","A","",196,2057,173322496,83914349,1358521,1620,84256,"",1.63,1.69,2.28,1.66,2.89,1.35,1.35,"",6,3.2,40,2.0,12121780,7.5,3274967,4.1,-201630,-12.9,83,5.4,4348,5.4
"19169","2","23","74","0","2025","A","N",1,0,0,0,0,0,0,"N",2.18,0,0,0,0,0,0,"N",0,0.0,0,0,0,0,0,0,0,0,0,0,0,0
"19169","5","23","74","0","2025","A","",202,1964,144634625,81499516,1772069,1417,73659,"",0.86,0.79,0.83,1.02,1.90,1.05,1.05,"",-7,-3.3,47,2.5,8319377,6.1,4096659,5.3,-121888,-6.4,49,3.6,2535,3.6
"19171","2","23","74","0","2025","A","N",1,0,0,0,0,0,0,"N",15.23,0,0,0,0,0,0,"N",0,0.0,0,0,0,0,0,0,0,0,0,0,0,0
"19171","5","23","74","0","2025","A","",34,138,9349443,5933364,138418,1305,67873,"",1.02,0.48,0.61,0.69,1.23,1.26,1.26,"",2,6.2,5,3.8,972479,11.6,472052,8.6,-21172,-13.3,93,7.7,4849,7.7
"19173","5","23","74","0","2025","A","N",18,0,0,0,0,0,0,"N",1.23,0,0,0,0,0,0,"N",1,5.9,0,0,0,0,0,0,0,0,0,0,0,0
"19175","2","23","74","0","2025","A","N",2,0,0,0,0,0,0,"N",29.43,0,0,0,0,0,0,"N",0,0.0,0,0,0,0,0,0,0,0,0,0,0,0
"19175","5","23","74","0","2025","A","",40,127,7856820,5203988,168747,1194,62068,"",1.15,0.41,0.45,0.50,1.57,1.10,1.10,"",-2,-4.8,-161,-55.9,-13098030,-62.5,-10206639,-66.2,-734977,-81.3,-205,-14.7,-10692,-14.7
"19177","5","23","74","0","2025","A","N",17,0,0,0,0,0,0,"N",0.98,0,0,0,0,0,0,"N",-1,-5.6,0,0,0,0,0,0,0,0,0,0,0,0
"19179","2","23","74","0","2025","A","N",1,0,0,0,0,0,0,"N",7.59,0,0,0,0,0,0,"N",0,0.0,0,0,0,0,0,0,0,0,0,0,0,0
"19179","5","23","74","0","2025","A","N",65,0,0,0,0,0,0,"N",0.97,0,0,0,0,0,0,"N",-1,-1.5,0,0,0,0,0,0,0,0,0,0,0,0
"19181","2","23","74","0","2025","A","N",1,0,0,0,0,0,0,"N",4.65,0,0,0,0,0,0,"N",0,0.0,0,0,0,0,0,0,0,0,0,0,0,0
"19181","5","23","74","0","2025","A","",188,1310,92952953,55080579,2039228,1365,70975,"",1.71,1.82,2.25,2.20,3.90,1.24,1.24,"",0,0.0,-45,-3.3,5141,0.0,-81011,-0.1,-1969,-0.1,46,3.5,2366,3.4
"19183","2","23","74","0","2025","A","N",1,0,0,0,0,0,0,"N",7.71,0,0,0,0,0,0,"N",0,0.0,0,0,0,0,0,0,0,0,0,0,0,0
"19183","5","23","74","0","2025","A","",125,879,54209208,35028360,1242208,1186,61683,"",1.89,1.89,2.06,2.07,4.65,1.09,1.09,"",0,0.0,9,1.0,3144493,6.2,2137177,6.5,-37075,-2.9,57,5.0,2988,5.1
"19185","5","23","74","0","2025","A","N",8,0,0,0,0,0,0,"N",0.59,0,0,0,0,0,0,"N",-1,-11.1,0,0,0,0,0,0,0,0,0,0,0,0
"19187","2","23","74","0","2025","A","N",1,0,0,0,0,0,0,"N",5.66,0,0,0,0,0,0,"N",0,0.0,0,0,0,0,0,0,0,0,0,0,0,0
"19187","5","23","74","0","2025","A","",110,1332,102788178,58697466,1188728,1484,77149,"",1.22,1.45,1.77,1.70,2.53,1.22,1.22,"",-5,-4.3,-50,-3.6,3936884,4.0,2363999,4.2,-32281,-2.6,108,7.8,5604,7.8
"19189","5","23","74","0","2025","A","",34,194,12559527,8098783,187603,1242,64573,"",1.15,0.95,1.18,1.10,2.43,1.24,1.24,"",-1,-2.9,20,11.5,1494897,13.5,1600178,24.6,56720,43.3,19,1.6,983,1.5
"19191","2","23","74","0","2025","A","N",1,0,0,0,0,0,0,"N",8.64,0,0,0,0,0,0,"N",0,0.0,0,0,0,0,0,0,0,0,0,0,0,0
"19191","5","23","74","0","2025","A","",59,607,48805267,26741918,1291946,1546,80404,"",1.00,1.09,1.51,1.45,3.06,1.39,1.39,"",-5,-7.8,-3,-0.5,3532049,7.8,1115862,4.4,3472,0.3,120,8.4,6236,8.4
"19193","2","23","74","0","2025","A","",4,40,2663673,0,0,1270,66041,"",8.13,1.67,2.16,0.00,0.00,1.28,1.28,"",-1,-20.0,-5,-11.1,-280948,-9.5,0,0.0,0,0.0,12,1.0,605,0.9
"19193","5","23","74","0","2025","A","",282,2941,224328186,128136544,3300127,1467,76283,"",1.12,1.09,1.37,1.24,2.46,1.26,1.26,"",-8,-2.8,-39,-1.3,11933658,5.6,7628640,6.3,33279,1.0,96,7.0,5012,7.0
"19195","2","23","74","0","2025","A","N",1,0,0,0,0,0,0,"N",29.23,0,0,0,0,0,0,"N",0,0.0,0,0,0,0,0,0,0,0,0,0,0,0
"19195","5","23","74","0","2025","A","",30,101,5568477,3721384,79482,1061,55179,"",1.72,0.83,0.88,0.77,1.45,1.05,1.05,"",0,0.0,-5,-4.7,-347232,-5.9,-28475,-0.8,-16177,-16.9,-8,-0.7,-411,-0.7
"19197","2","23","74","0","2025","A","N",1,0,0,0,0,0,0,"N",14.33,0,0,0,0,0,0,"N",0,0.0,0,0,0,0,0,0,0,0,0,0,0,0
"19197","5","23","74","0","2025","A","",34,182,10158511,6662417,93307,1074,55867,"",0.96,0.54,0.46,0.50,0.64,0.85,0.85,"",-1,-2.9,-6,-3.2,-748490,-6.9,-254665,-3.7,-29489,-24.0,-44,-3.9,-2278,-3.9
"19999","5","23","74","0","2025","A","N",8,0,0,0,0,0,0,"N",0.46,0,0,0,0,0,0,"N",2,33.3,0,0,0,0,0,0,0,0,0,0,0,0
"20000","3","23","54","0","2025","A","",376,723,15433445,10608042,21783,411,21356,"",10.87,0.71,0.27,3.21,3.23,0.38,0.38,"",-2,-0.5,11,1.5,654800,4.4,454543,4.5,3962,22.2,12,3.0,602,2.9
"20000","5","23","54","0","2025","A","",7596,73328,5642294864,1378729119,25255742,1480,76946,"",0.99,0.97,1.09,0.65,1.72,1.13,1.13,"",-84,-1.1,2168,3.0,430975913,8.3,67824706,5.2,-5521666,-17.9,72,5.1,3713,5.1
"20001","5","23","74","0","2025","A","",32,158,7855918,2652698,32643,959,49879,"",1.02,0.53,0.51,0.28,0.89,0.98,0.98,"",-1,-3.0,21,15.3,1308131,20.0,341914,14.8,-972,-2.9,40,4.4,2114,4.4
"20003","5","23","74","0","2025","A","",35,122,5925847,2199333,37098,931,48407,"",1.84,0.94,0.89,0.62,2.04,0.94,0.94,"",-3,-7.9,-16,-11.6,-255639,-4.1,-91687,-4.0,-15457,-29.4,72,8.4,3748,8.4
"20005","3","23","74","0","2025","A","",6,18,143695,103995,77,153,7946,"",41.20,4.45,0.77,10.27,2.39,0.17,0.17,"",0,0.0,4,28.6,-2817,-1.9,9502,10.1,-32,-29.4,-41,-21.1,-2158,-21.4
"20005","5","23","74","0","2025","A","",47,270,15833010,5062611,30034,1127,58623,"",1.45,0.90,0.93,0.78,0.43,1.04,1.04,"",1,2.2,-4,-1.5,92121,0.6,200818,4.1,-48202,-61.6,23,2.1,1227,2.1
"20007","3","23","74","0","2025","A","",6,11,206844,33223,39,376,19544,"",82.79,10.05,4.60,7.38,9.85,0.48,0.48,"",0,0.0,2,22.2,863,0.4,-870,-2.6,-187,-82.7,-77,-17.0,-3997,-17.0
"20007","5","23","74","0","2025","A","N",11,0,0,0,0,0,0,"N",0.68,0,0,0,0,0,0,"N",-1,-8.3,0,0,0,0,0,0,0,0,0,0,0,0
"20009","3","23","74","0","2025","A","",16,32,546490,295962,239,334,17349,"",52.06,3.95,1.53,12.30,6.13,0.40,0.39,"",0,0.0,3,10.3,16177,3.1,23531,8.6,-62,-20.6,-14,-4.0,-730,-4.0
"20009","5","23","74","0","2025","A","",74,688,45298172,11916440,149027,1266,65856,"",1.08,1.14,1.40,0.78,1.76,1.22,1.22,"",-2,-2.6,-4,-0.6,218992,0.5,48079,0.4,-70088,-32.0,14,1.1,744,1.1
"20011","5","23","74","0","2025","A","",39,229,13634193,3650614,161734,1147,59625,"",1.26,0.78,0.96,0.53,3.36,1.23,1.23,"",-4,-9.3,5,2.2,-47241,-0.3,-116972,-3.1,-18528,-10.3,-29,-2.5,-1521,-2.5
"20013","3","23","74","0","2025","A","",5,6,212656,168475,158,722,37528,"",41.96,1.95,1.49,18.28,8.78,0.81,0.81,"",0,0.0,0,0.0,-8676,-3.9,-10540,-5.9,-30,-16.0,-40,-5.2,-2114,-5.3
"20013","5","23","74","0","2025","A","",29,99,3966081,1543522,32727,769,39994,"",1.09,0.43,0.31,0.26,0.84,0.71,0.71,"",-2,-6.5,1,1.0,355696,9.9,-26652,-1.7,-11675,-26.3,63,8.9,3278,8.9
"20015","3","23","74","0","2025","A","",16,33,754602,556280,546,435,22638,"",27.95,2.32,1.17,10.86,5.64,0.50,0.50,"",0,0.0,1,3.1,21364,2.9,-12157,-2.1,-311,-36.3,0,0.0,19,0.1
"20015","5","23","74","0","2025","A","",194,1346,87873845,25965986,572844,1256,65301,"",1.52,1.27,1.50,0.79,2.72,1.18,1.17,"",2,1.0,-30,-2.2,-4714137,-5.1,-1142062,-4.2,-187136,-24.6,-38,-2.9,-1999,-3.0
"20017","5","23","74","0","2025","A","N",6,0,0,0,0,0,0,"N",0.92,0,0,0,0,0,0,"N",-3,-33.3,0,0,0,0,0,0,0,0,0,0,0,0
"20019","5","23","74","0","2025","A","N",5,0,0,0,0,0,0,"N",0.62,0,0,0,0,0,0,"N",0,0.0,0,0,0,0,0,0,0,0,0,0,0,0
"20021","5","23","74","0","2025","A","",21,614,56541965,11878991,9870,1771,92100,"",0.63,1.94,2.73,1.38,0.28,1.41,1.41,"",-1,-4.5,77,14.3,10243270,22.1,1598299,15.5,-47639,-82.8,113,6.8,5909,6.9
"20023","5","23","74","0","2025","A","N",7,0,0,0,0,0,0,"N",0.64,0,0,0,0,0,0,"N",0,0.0,0,0,0,0,0,0,0,0,0,0,0,0
"20025","5","23","74","0","2025","A","N",3,0,0,0,0,0,0,"N",0.44,0,0,0,0,0,0,"N",-1,-25.0,0,0,0,0,0,0,0,0,0,0,0,0
"20027","3","23","74","0","2025","A","",1,1,3899,3899,5,90,4679,"",10.40,0.49,0.05,0.61,0.53,0.13,0.13,"N",1,100.0,0,0,0,0,0,0,0,0,0,0,0,0
"20027","5","23","74","0","2025","A","",28,99,4345901,1694091,38411,847,44046,"",1.31,0.65,0.65,0.41,1.87,1.00,1.00,"",-1,-3.4,-11,-10.0,-917015,-17.4,-261481,-13.4,-27189,-41.4,-69,-7.5,-3582,-7.5
"20029","5","23","74","0","2025","A","N",18,0,0,0,0,0,0,"N",0.77,0,0,0,0,0,0,"N",0,0.0,0,0,0,0,0,0,0,0,0,0,0,0
"20031","5","23","74","0","2025","A","",20,144,10259185,4030966,154562,1370,71244,"",1.02,0.79,0.72,0.74,3.54,0.91,0.91,"",-1,-4.8,19,15.2,2299754,28.9,802575,24.9,23797,18.2,145,11.8,7569,11.9
"20033","5","23","74","0","2025","A","N",4,0,0,0,0,0,0,"N",0.57,0,0,0,0,0,0,"N",0,0.0,0,0,0,0,0,0,0,0,0,0,0,0
"20035","3","23","74","0","2025","A","",14,18,175840,175840,145,190,9860,"",51.78,1.92,0.41,5.81,2.26,0.22,0.22,"",1,7.7,0,0.0,36647,26.3,56477,47.3,-548,-79.1,38,25.0,1944,24.6
"20035","5","23","74","0","2025","A","",48,531,43122147,17053391,300225,1563,81260,"",0.80,0.76,1.12,0.88,2.16,1.46,1.46,"",-6,-11.1,161,43.5,17746488,69.9,10377316,155.4,212192,241.0,245,18.6,12739,18.6
"20037","5","23","74","0","2025","A","",100,842,52468625,16661408,225119,1198,62302,"",1.21,0.93,1.13,0.67,1.52,1.21,1.21,"",-3,-2.9,-28,-3.2,6450886,14.0,1789679,12.0,-204683,-47.6,181,17.8,9393,17.8
"20039","3","23","74","0","2025","A","",5,2,12883,12883,8,142,7362,"",112.99,3.33,0.61,7.84,5.21,0.21,0.21,"",0,0.0,0,0.0,-9687,-42.9,-9687,-42.9,-18,-69.2,-95,-40.1,-4949,-40.2
"20039","5","23","74","0","2025","A","N",6,0,0,0,0,0,0,"N",0.61,0,0,0,0,0,0,"N",-1,-14.3,0,0,0,0,0,0,0,0,0,0,0,0
"20041","3","23","74","0","2025","A","",14,19,217409,68701,127,218,11343,"",74.13,4.04,1.16,4.76,3.85,0.28,0.28,"",0,0.0,0,0.0,-23241,-9.7,-8369,-10.9,-36,-22.1,-20,-8.4,-1051,-8.5
"20041","5","23","74","0","2025","A","",48,379,19859282,7204432,93147,1007,52376,"",1.14,1.08,1.16,0.78,1.30,1.07,1.07,"",-2,-4.0,155,69.2,7071311,55.3,3083030,74.8,17912,23.8,-93,-8.5,-4841,-8.5
"20043","3","23","74","0","2025","A","",1,0,0,0,0,0,0,"",12.32,0.00,0.00,0.00,0.00,0.00,0.00,"",0,0.0,-1,-100.0,-34100,-100.0,-34100,-100.0,-33,-100.0,-656,-100.0,-34100,-100.0
"20043","5","23","74","0","2025","A","",18,194,14679919,3186203,57158,1455,75670,"",1.00,1.30,1.66,0.70,1.31,1.28,1.28,"",1,5.9,14,7.8,1204280,8.9,116900,3.8,-20253,-26.2,11,0.8,597,0.8
"20045","3","23","74","0","2025","A","",5,13,586085,407993,365,856,44513,"",3.98,0.36,0.33,3.56,1.87,0.91,0.91,"",0,0.0,0,0.0,46284,8.6,24867,6.5,-47,-11.4,63,7.9,3254,7.9
"20045","5","23","74","0","2025","A","",280,2268,169755084,39629790,643393,1439,74842,"",1.00,0.84,1.05,0.54,1.52,1.25,1.25,"",-8,-2.8,108,5.0,13604289,8.7,-28313,-0.1,-315995,-32.9,49,3.5,2561,3.5
"20047","3","23","74","0","2025","A","",8,11,245317,167603,146,432,22472,"",177.98,14.32,7.54,67.17,16.53,0.53,0.53,"",0,0.0,1,10.0,5611,2.3,9301,5.9,-24,-14.1,-14,-3.1,-725,-3.1
"20047","5","23","74","0","2025","A","N",5,0,0,0,0,0,0,"N",0.50,0,0,0,0,0,0,"N",-2,-28.6,0,0,0,0,0,0,0,0,0,0,0,0
"20049","5","23","74","0","2025","A","N",2,0,0,0,0,0,0,"N",0.32,0,0,0,0,0,0,"N",0,0.0,0,0,0,0,0,0,0,0,0,0,0,0
"20051","5","23","74","0","2025","A","",96,646,39645446,10677343,65286,1180,61379,"",1.13,0.80,0.93,0.67,0.95,1.16,1.16,"",4,4.3,30,4.9,3996642,11.2,331200,3.2,-40504,-38.3,68,6.1,3547,6.1
"20053","3","23","74","0","2025","A","",8,6,58297,27219,638,172,8969,"",125.46,3.68,0.72,6.41,38.02,0.18,0.18,"",0,0.0,0,0.0,7023,13.7,188,0.7,-25,-3.8,-5,-2.8,-214,-2.3
"20053","5","23","74","0","2025","A","",14,172,22259352,4024756,227942,2491,129540,"",0.99,1.42,3.03,1.48,6.26,2.14,2.14,"",1,7.7,124,258.3,19384874,674.4,2753464,216.6,180964,385.2,1347,117.7,70068,117.8
"20055","5","23","74","0","2025","A","",121,924,58543458,16480597,147014,1218,63353,"",1.39,0.85,0.95,0.54,1.18,1.13,1.13,"",0,0.0,50,5.7,4032830,7.4,858386,5.5,-46885,-24.2,18,1.5,954,1.5
"20057","3","23","74","0","2025","A","",7,15,346610,206914,192,449,23367,"",23.69,1.15,0.58,5.28,4.42,0.51,0.51,"",0,0.0,1,7.1,19201,5.9,2168,1.1,-29,-13.1,10,2.3,525,2.3
"20057","5","23","74","0","2025","A","",76,490,30375136,8977681,81580,1193,62032,"",1.16,0.50,0.55,0.36,0.87,1.10,1.10,"",2,2.7,-25,-4.9,-44715,-0.1,-458912,-4.9,-65297,-44.5,57,5.0,2964,5.0
"20059","5","23","74","0","2025","A","",80,536,39054516,9571490,142269,1400,72795,"",1.49,1.01,1.28,0.60,1.76,1.28,1.28,"",-4,-4.8,-27,-4.8,-2347679,-5.7,-766217,-7.4,-13687,-8.8,-13,-0.9,-700,-1.0
"20061","5","23","74","0","2025","A","N",48,0,0,0,0,0,0,"N",0.85,0,0,0,0,0,0,"N",-4,-7.7,0,0,0,0,0,0,0,0,0,0,0,0
"20063","5","23","74","0","2025","A","N",10,0,0,0,0,0,0,"N",0.80,0,0,0,0,0,0,"N",1,11.1,0,0,0,0,0,0,0,0,0,0,0,0
"20065","5","23","74","0","2025","A","N",9,0,0,0,0,0,0,"N",1.01,0,0,0,0,0,0,"N",0,0.0,0,0,0,0,0,0,0,0,0,0,0,0
"20067","5","23","74","0","2025","A","",23,148,7930119,2656304,25352,1030,53582,"",1.32,1.05,0.97,0.80,1.21,0.93,0.93,"",1,4.5,10,7.2,851393,12.0,28254,1.1,-21396,-45.8,45,4.6,2349,4.6
"20069","5","23","74","0","2025","A","",29,272,22670864,4998836,18954,1602,83298,"",1.26,1.69,2.43,1.03,1.42,1.44,1.44,"",-2,-6.5,8,3.0,1516490,7.2,383844,8.3,-30891,-62.0,63,4.1,3269,4.1
"20071","3","23","74","0","2025","A","",1,4,44530,44530,44,228,11875,"",41.00,8.82,2.42,20.22,21.74,0.29,0.29,"",0,0.0,1,33.3,916,2.1,916,2.1,0,0.0,-30,-11.6,-1545,-11.5
"20071","5","23","74","0","2025","A","N",5,0,0,0,0,0,0,"N",0.92,0,0,0,0,0,0,"N",-1,-16.7,0,0,0,0,0,0,0,0,0,0,0,0
"20073","3","23","74","0","2025","A","",6,12,190814,97934,36,310,16125,"",84.41,11.28,4.93,28.90,9.09,0.44,0.44,"",0,0.0,0,0.0,-10397,-5.2,-4431,-4.3,-125,-77.6,-22,-6.6,-1122,-6.5
"20073","5","23","74","0","2025","A","",16,54,3482790,1031440,4772,1252,65099,"",1.01,0.68,0.99,0.48,0.56,1.46,1.46,"",-1,-5.9,-5,-8.5,-124017,-3.4,-256223,-19.9,-28932,-85.8,83,7.1,4310,7.1
"20075","5","23","74","0","2025","A","N",4,0,0,0,0,0,0,"N",0.49,0,0,0,0,0,0,"N",0,0.0,0,0,0,0,0,0,0,0,0,0,0,0
"20077","3","23","74","0","2025","A","",1,0,6480,6480,7,748,38880,"",13.05,0.00,0.08,1.03,0.54,0.87,0.87,"",0,0.0,0,0.0,-1157,-15.1,-1157,-15.1,0,0.0,161,27.4,8332,27.3
"20077","5","23","74","0","2025","A","",13,120,10920499,2701834,92012,1750,91004,"",0.76,0.92,1.53,0.67,3.27,1.67,1.67,"",0,0.0,51,73.9,6562595,150.6,1385867,105.3,57074,163.4,532,43.7,27693,43.7
"20079","3","23","74","0","2025","A","",9,17,185702,88792,241,213,11087,"",31.01,1.69,0.43,3.30,3.69,0.26,0.26,"",0,0.0,0,0.0,24153,15.0,12468,16.3,-59,-19.7,28,15.1,1442,15.0
"20079","5","23","74","0","2025","A","",77,647,45450300,11190429,56160,1351,70257,"",1.19,0.87,1.16,0.65,0.40,1.34,1.34,"",-6,-7.2,-26,-3.9,-1032937,-2.2,-93476,-0.8,-68772,-55.0,22,1.7,1163,1.7
"20081","5","23","74","0","2025","A","",11,101,6415704,1666838,6918,1220,63417,"",0.84,1.06,1.16,0.52,0.63,1.09,1.09,"",-2,-15.4,-6,-5.6,582673,10.0,-145099,-8.0,-10403,-60.1,176,16.9,9114,16.8
"20085","3","23","74","0","2025","A","",2,5,15175,15175,16,59,3086,"",17.29,1.57,0.11,1.63,0.95,0.07,0.07,"",0,0.0,1,25.0,-8082,-34.8,-5346,-26.1,-4,-20.0,-42,-41.6,-2180,-41.4
"20085","5","23","74","0","2025","A","",36,144,8112918,2539579,40512,1085,56438,"",1.40,0.61,0.66,0.43,1.11,1.08,1.08,"",-3,-7.7,-4,-2.7,447154,5.8,27916,1.1,-87,-0.2,88,8.8,4584,8.8
"20087","5","23","74","0","2025","A","",64,879,73481020,18857346,224425,1607,83557,"",1.93,4.34,5.98,2.90,2.96,1.38,1.38,"",2,3.2,36,4.3,9093099,14.1,3552035,23.2,-56811,-20.2,138,9.4,7185,9.4
"20089","5","23","74","0","2025","A","N",2,0,0,0,0,0,0,"N",0.23,0,0,0,0,0,0,"N",0,0.0,0,0,0,0,0,0,0,0,0,0,0,0
"20091","3","23","74","0","2025","A","",1,42,2617581,2617578,2617,1203,62572,"",0.10,0.16,0.14,2.91,1.25,0.91,0.91,"",0,0.0,2,5.0,168946,6.9,168943,6.9,169,6.9,38,3.3,1987,3.3
"20091","5","23","74","0","2025","A","",1612,18680,1708666373,355502814,6147904,1759,91472,"",0.72,0.95,1.03,0.62,1.36,1.09,1.09,"",-74,-4.4,574,3.2,138287146,8.8,12145741,3.5,-1874082,-23.4,91,5.5,4739,5.5
"20093","5","23","74","0","2025","A","N",5,0,0,0,0,0,0,"N",0.42,0,0,0,0,0,0,"N",-1,-16.7,0,0,0,0,0,0,0,0,0,0,0,0
"20095","3","23","74","0","2025","A","",20,26,398972,327646,296,299,15544,"",240.17,14.02,5.14,52.65,9.79,0.37,0.37,"",0,0.0,-1,-3.7,36641,10.1,35355,12.1,-106,-26.4,44,17.3,2288,17.3
"20095","5","23","74","0","2025","A","",22,477,29649167,10943014,426235,1195,62147,"",1.19,3.46,4.19,2.75,6.50,1.21,1.21,"",-3,-12.0,-157,-24.8,-9408277,-24.1,-568050,-4.9,-51621,-10.8,10,0.8,542,0.9
"20097","5","23","74","0","2025","A","N",6,0,0,0,0,0,0,"N",0.77,0,0,0,0,0,0,"N",-1,-14.3,0,0,0,0,0,0,0,0,0,0,0,0
"20099","5","23","74","0","2025","A","",32,115,6151079,2100116,36594,1028,53449,"",0.83,0.26,0.26,0.15,0.48,1.01,1.01,"",2,6.7,10,9.5,583597,10.5,110017,5.5,-11786,-24.4,6,0.6,299,0.6
"20101","5","23","74","0","2025","A","N",3,0,0,0,0,0,0,"N",0.45,0,0,0,0,0,0,"N",1,50.0,0,0,0,0,0,0,0,0,0,0,0,0
"20103","5","23","74","0","2025","A","",186,1400,95814173,26018151,723955,1316,68431,"",1.42,1.22,1.29,0.88,3.08,1.06,1.06,"",-16,-7.9,24,1.7,7909628,9.0,437931,1.7,-188592,-20.7,87,7.1,4539,7.1
"20105","5","23","74","0","2025","A","",9,43,3029352,827792,26612,1342,69774,"",1.08,0.94,1.33,0.60,4.07,1.40,1.40,"",-1,-10.0,-7,-14.0,-925929,-23.4,-697379,-45.7,-48226,-64.4,-195,-12.7,-10131,-12.7
"20107","5","23","74","0","2025","A","",26,173,11513044,3365281,91336,1282,66678,"",1.25,1.53,1.79,0.90,3.41,1.17,1.17,"",1,4.0,15,9.5,2215083,23.8,118971,3.7,-5739,-5.9,152,13.5,7923,13.5
"20109","3","23","74","0","2025","A","",3,3,109909,54462,38,634,32973,"",65.23,3.36,3.15,13.91,10.52,0.84,0.84,"",0,0.0,-1,-25.0,-12750,-10.4,-9823,-15.3,-37,-49.3,-40,-5.9,-2072,-5.9
"20109","5","23","74","0","2025","A","N",7,0,0,0,0,0,0,"N",0.68,0,0,0,0,0,0,"N",-2,-22.2,0,0,0,0,0,0,0,0,0,0,0,0
"20111","5","23","74","0","2025","A","",57,366,20384449,6536853,40661,1073,55771,"",0.85,0.47,0.49,0.28,0.39,1.05,1.05,"",-2,-3.4,33,9.9,1173799,6.1,769844,13.3,-27738,-40.6,-36,-3.2,-1919,-3.3
"20113","3","23","74","0","2025","A","",16,34,738583,481208,456,423,21993,"",47.73,2.91,1.16,13.58,7.01,0.40,0.40,"",0,0.0,2,6.2,43037,6.2,42241,9.6,-331,-42.1,8,1.9,426,2.0
"20113","5","23","74","0","2025","A","",102,806,63353643,22529075,510132,1511,78562,"",1.37,0.93,1.09,1.00,3.61,1.17,1.17,"",1,1.0,-10,-1.2,4931986,8.4,6331675,39.1,106780,26.5,135,9.8,6989,9.8
"20115","3","23","74","0","2025","A","",1,1,14735,14735,15,283,14735,"",8.37,0.39,0.15,1.89,1.24,0.39,0.39,"",0,0.0,0,0.0,3779,34.5,3779,34.5,4,36.4,72,34.1,3779,34.5
"20115","5","23","74","0","2025","A","",32,219,14425557,3841892,77238,1268,65945,"",1.20,1.14,1.62,0.77,2.94,1.42,1.42,"",-2,-5.9,55,33.5,4939950,52.1,1094495,39.8,22731,41.7,155,13.9,8077,14.0
"20117","3","23","74","0","2025","A","",17,35,129577,88845,88,71,3676,"",122.59,11.37,0.94,9.87,6.44,0.08,0.08,"",-1,-5.6,-3,-7.9,-21510,-14.2,-17340,-16.3,-25,-22.1,-5,-6.6,-274,-6.9
"20117","5","23","74","0","2025","A","",40,189,9531963,3205190,71974,968,50345,"",1.30,0.83,0.76,0.56,2.43,0.92,0.92,"",-1,-2.4,-11,-5.5,-693840,-6.8,-56167,-1.7,-12713,-15.0,-16,-1.6,-848,-1.7
"20119","3","23","74","0","2025","A","",3,7,194992,156087,122,517,26895,"",52.18,6.06,3.53,40.62,30.08,0.56,0.56,"",0,0.0,0,0.0,-8388,-4.1,1560,1.0,-45,-26.9,-42,-7.5,-2159,-7.4
"20119","5","23","74","0","2025","A","",12,181,12115454,3093493,12082,1287,66936,"",0.94,2.10,2.41,1.26,1.37,1.15,1.15,"",-1,-7.7,-3,-1.6,731513,6.4,-149695,-4.6,-30516,-71.6,97,8.2,5039,8.1
"20121","5","23","74","0","2025","A","",144,910,62903530,16319355,387683,1330,69137,"",1.96,1.85,2.15,1.12,3.00,1.16,1.16,"",-1,-0.7,89,10.8,7408271,13.3,2028507,14.2,-34428,-8.2,30,2.3,1529,2.3
"20123","3","23","74","0","2025","A","",7,5,57569,57569,58,214,11142,"",75.24,2.29,0.62,6.91,4.97,0.26,0.26,"",0,0.0,-1,-16.7,-5218,-8.3,-5218,-8.3,-4,-6.5,-2,-0.9,-103,-0.9
"20123","5","23","74","0","2025","A","",23,160,8796361,2772451,11760,1055,54863,"",1.11,0.99,1.04,0.52,0.46,1.05,1.05,"",0,0.0,3,1.9,726535,9.0,70297,2.6,-13601,-53.6,69,7.0,3572,7.0
"20125","5","23","74","0","2025","A","",72,579,47551868,12069305,247540,1578,82069,"",0.45,0.77,1.19,0.60,1.65,1.54,1.54,"",-1,-1.4,-126,-17.9,-3259156,-6.4,-2454655,-16.9,-125724,-33.7,192,13.9,10014,13.9
"20127","5","23","74","0","2025","A","N",10,0,0,0,0,0,0,"N",0.80,0,0,0,0,0,0,"N",-2,-16.7,0,0,0,0,0,0,0,0,0,0,0,0
"20129","5","23","74","0","2025","A","N",6,0,0,0,0,0,0,"N",0.81,0,0,0,0,0,0,"N",0,0.0,0,0,0,0,0,0,0,0,0,0,0,0
"20131","3","23","74","0","2025","A","",10,20,96322,88322,99,93,4836,"",67.21,4.87,0.50,7.69,6.56,0.10,0.10,"",0,0.0,0,0.0,-22715,-19.1,-13503,-13.3,-40,-28.8,-24,-20.5,-1242,-20.4
"20131","5","23","74","0","2025","A","",41,291,18208639,6168980,50924,1205,62644,"",1.24,0.95,1.05,0.84,1.55,1.10,1.10,"",0,0.0,10,3.6,3173636,21.1,1468277,31.2,-37745,-42.6,175,17.0,9091,17.0
"20133","5","23","74","0","2025","A","",31,195,10140385,3663119,44304,1000,52024,"",0.82,0.57,0.57,0.31,0.74,1.00,1.00,"",0,0.0,-1,-0.5,645609,6.8,-18007,-0.5,-30723,-40.9,71,7.6,3705,7.7
"20135","5","23","74","0","2025","A","N",10,0,0,0,0,0,0,"N",0.92,0,0,0,0,0,0,"N",-1,-9.1,0,0,0,0,0,0,0,0,0,0,0,0
"20137","5","23","74","0","2025","A","",16,49,2502280,858324,7767,980,50980,"",1.05,0.40,0.39,0.29,0.77,0.97,0.97,"",-1,-5.9,2,4.3,344292,16.0,46077,5.7,115,1.5,100,11.4,5228,11.4
"20139","3","23","74","0","2025","A","",12,24,394245,380630,5725,312,16202,"",95.14,11.57,5.43,49.36,446.74,0.46,0.46,"",0,0.0,-1,-4.0,34551,9.6,34603,10.0,4396,330.8,33,11.8,1718,11.9
"20139","5","23","74","0","2025","A","",36,152,7234201,2517220,60249,918,47724,"",1.28,0.98,1.09,0.51,2.17,1.11,1.11,"",-2,-5.3,-2,-1.3,39679,0.6,-71220,-2.8,-11715,-16.3,19,2.1,956,2.0
"20141","3","23","74","0","2025","A","",5,4,26810,25946,24,141,7312,"",89.13,4.48,0.81,9.75,14.96,0.20,0.20,"",0,0.0,2,100.0,2009,8.1,2135,9.0,0,0.0,-108,-43.4,-5628,-43.5
"20141","5","23","74","0","2025","A","N",6,0,0,0,0,0,0,"N",0.48,0,0,0,0,0,0,"N",-2,-25.0,0,0,0,0,0,0,0,0,0,0,0,0
"20143","5","23","74","0","2025","A","N",7,0,0,0,0,0,0,"N",0.60,0,0,0,0,0,0,"N",0,0.0,0,0,0,0,0,0,0,0,0,0,0,0
"20145","3","23","74","0","2025","A","",11,13,219080,97292,79,328,17071,"",154.00,7.05,2.54,24.09,19.81,0.36,0.36,"",0,0.0,1,8.3,11480,5.5,3142,3.3,-31,-28.2,9,2.8,463,2.8
"20145","5","23","74","0","2025","A","N",15,0,0,0,0,0,0,"N",0.94,0,0,0,0,0,0,"N",3,25.0,0,0,0,0,0,0,0,0,0,0,0,0
"20147","5","23","74","0","2025","A","",14,44,2052424,740608,2881,899,46735,"",0.79,0.38,0.35,0.21,0.26,0.91,0.91,"",-1,-6.7,6,15.8,493366,31.6,101054,15.8,-7698,-72.8,119,15.3,6152,15.2
"20149","5","23","74","0","2025","A","N",105,0,0,0,0,0,0,"N",1.85,0,0,0,0,0,0,"N",-3,-2.8,0,0,0,0,0,0,0,0,0,0,0,0
"20151","5","23","74","0","2025","A","N",28,0,0,0,0,0,0,"N",0.92,0,0,0,0,0,0,"N",0,0.0,0,0,0,0,0,0,0,0,0,0,0,0
"20153","5","23","74","0","2025","A","",7,51,3737527,817906,5410,1407,73165,"",0.75,0.97,1.39,0.58,0.74,1.43,1.43,"",0,0.0,-5,-8.9,-202613,-5.1,-36449,-4.3,-5014,-48.1,46,3.4,2384,3.4
"20155","3","23","74","0","2025","A","",19,32,777229,528832,514,463,24100,"",32.89,1.68,0.88,9.24,5.14,0.52,0.52,"",0,0.0,1,3.2,17069,2.2,3404,0.6,-15,-2.8,-14,-2.9,-688,-2.8
"20155","5","23","74","0","2025","A","",167,1428,93388564,24585127,558566,1258,65421,"",1.30,1.01,1.16,0.67,2.58,1.15,1.15,"",-4,-2.3,85,6.3,17906698,23.7,2392946,10.8,824,0.1,177,16.4,9210,16.4
"20157","5","23","74","0","2025","A","",8,14,606399,238236,6306,814,42307,"",0.49,0.14,0.13,0.09,0.59,0.92,0.92,"",0,0.0,-10,-41.7,-404039,-40.0,-310396,-56.6,-21103,-77.0,21,2.6,1065,2.6
"20159","3","23","74","0","2025","A","",17,25,439748,349413,331,333,17302,"",139.00,9.17,3.57,36.18,32.46,0.38,0.38,"",-1,-5.6,-1,-3.8,13486,3.2,18903,5.7,-94,-22.1,14,4.4,694,4.2
"20159","5","23","74","0","2025","A","",32,153,8706374,2990073,31148,1096,56966,"",1.18,0.75,0.78,0.48,1.41,1.03,1.03,"",1,3.2,-44,-22.3,-8328682,-48.9,-1818432,-37.8,-161101,-83.8,-565,-34.0,-29397,-34.0
"20161","3","23","74","0","2025","A","",5,12,103734,103734,97,162,8411,"",7.37,0.55,0.10,1.97,1.11,0.18,0.18,"",-2,-28.6,0,0.0,-33245,-24.3,-33245,-24.3,-47,-32.6,-52,-24.3,-2695,-24.3
"20161","5","23","74","0","2025","A","",149,1923,125948924,32213455,377923,1259,65485,"",0.99,1.19,1.34,0.96,1.98,1.13,1.13,"",-11,-6.9,127,7.1,-856229,-0.7,-122503,-0.4,-225509,-37.4,-99,-7.3,-5136,-7.3
"20163","5","23","74","0","2025","A","N",14,0,0,0,0,0,0,"N",0.92,0,0,0,0,0,0,"N",-1,-6.7,0,0,0,0,0,0,0,0,0,0,0,0
"20165","5","23","74","0","2025","A","N",11,0,0,0,0,0,0,"N",1.31,0,0,0,0,0,0,"N",-1,-8.3,0,0,0,0,0,0,0,0,0,0,0,0
"20167","3","23","74","0","2025","A","",9,12,334046,243007,226,539,28032,"",87.26,6.72,4.71,49.97,15.45,0.71,0.71,"",-1,-10.0,1,9.1,-5721,-1.7,6244,2.6,-23,-9.2,-69,-11.3,-3574,-11.3
"20167","5","23","74","0","2025","A","",24,90,4962131,1454804,16915,1055,54881,"",1.05,0.68,0.77,0.47,0.53,1.13,1.13,"",1,4.3,3,3.4,446564,9.9,26974,1.9,-1493,-8.1,59,5.9,3077,5.9
"20169","3","23","74","0","2025","A","",1,0,3703,3703,0,142,7406,"",1.84,0.00,0.00,0.06,0.00,0.16,0.16,"",0,0.0,-2,-100.0,-247,-6.3,-247,-6.3,-6,-100.0,91,178.4,4773,181.3
"20169","5","23","74","0","2025","A","",140,1245,81025433,22175116,156609,1252,65102,"",1.16,0.77,0.90,0.56,0.86,1.16,1.16,"",-4,-2.8,-103,-7.6,-2826805,-3.4,-1637872,-6.9,-195370,-55.5,55,4.6,2882,4.6
"20171","5","23","74","0","2025","A","",30,115,6382103,1910339,12412,1071,55698,"",1.54,1.01,0.95,0.71,1.20,0.94,0.94,"",3,11.1,6,5.5,563523,9.7,120042,6.7,-5297,-29.9,48,4.7,2479,4.7
"20173","3","23","74","0","2025","A","",23,69,1571587,810864,5706,438,22777,"",4.66,0.36,0.15,1.40,4.90,0.41,0.41,"",0,0.0,2,3.0,101656,6.9,20660,2.6,1227,27.4,18,4.3,919,4.2
"20173","5","23","74","0","2025","A","N",1248,0,0,0,0,0,0,"N",1.14,0,0,0,0,0,0,"N",-4,-0.3,0,0,0,0,0,0,0,0,0,0,0,0
"20175","5","23","74","0","2025","A","N",39,0,0,0,0,0,0,"N",0.87,0,0,0,0,0,0,"N",1,2.6,0,0,0,0,0,0,0,0,0,0,0,0
"20177","3","23","74","0","2025","A","",6,48,2108407,907393,1526,851,44232,"",2.43,0.66,0.52,5.23,3.30,0.79,0.79,"",0,0.0,-3,-5.9,120590,6.1,87125,10.6,690,82.5,108,14.5,5571,14.4
"20177","5","23","74","0","2025","A","N",543,0,0,0,0,0,0,"N",0.99,0,0,0,0,0,0,"N",122,29.0,0,0,0,0,0,0,0,0,0,0,0,0
"20179","5","23","74","0","2025","A","N",8,0,0,0,0,0,0,"N",0.84,0,0,0,0,0,0,"N",0,0.0,0,0,0,0,0,0,0,0,0,0,0,0
"20181","5","23","74","0","2025","A","",19,58,2986048,1077695,12848,982,51044,"",0.88,0.47,0.50,0.27,0.84,1.05,1.05,"",-1,-5.0,2,3.6,358319,13.6,144979,15.5,-5048,-28.2,81,9.0,4190,8.9
"20183","5","23","74","0","2025","A","N",14,0,0,0,0,0,0,"N",1.10,0,0,0,0,0,0,"N",-1,-6.7,0,0,0,0,0,0,0,0,0,0,0,0
"20185","3","23","74","0","2025","A","",16,20,344795,206469,154,333,17312,"",273.33,23.17,10.21,72.85,43.01,0.44,0.44,"",0,0.0,2,11.1,58319,20.4,31092,17.7,-169,-52.3,35,11.7,1827,11.8
"20185","5","23","74","0","2025","A","N",8,0,0,0,0,0,0,"N",0.61,0,0,0,0,0,0,"N",0,0.0,0,0,0,0,0,0,0,0,0,0,0,0
"20187","5","23","74","0","2025","A","N",1,0,0,0,0,0,0,"N",0.14,0,0,0,0,0,0,"N",-1,-50.0,0,0,0,0,0,0,0,0,0,0,0,0
"20189","5","23","74","0","2025","A","",12,51,2616145,780615,6132,985,51213,"",0.77,0.45,0.39,0.21,0.29,0.87,0.87,"N",-4,-25.0,0,0,0,0,0,0,0,0,0,0,0,0
"20191","3","23","74","0","2025","A","",10,17,358396,281491,279,398,20677,"",47.36,3.76,1.95,16.66,8.59,0.51,0.51,"",0,0.0,-2,-10.5,54704,18.0,2771,1.0,0,0.0,91,29.6,4693,29.4
"20191","5","23","74","0","2025","A","",40,178,12228889,6573728,241426,1325,68895,"",0.85,0.53,0.73,0.61,3.43,1.39,1.39,"",-4,-9.1,39,28.1,4709286,62.6,3066487,87.4,115266,91.4,283,27.2,14700,27.1
"20193","3","23","74","0","2025","A","",4,10,113971,113971,115,212,11029,"",28.35,3.43,0.89,12.27,7.88,0.25,0.25,"",0,0.0,0,0.0,5903,5.5,5903,5.5,6,5.5,12,6.0,654,6.3
"20193","5","23","74","0","2025","A","",27,213,15062568,3528484,9248,1360,70716,"",0.86,0.98,1.28,0.59,0.29,1.31,1.31,"",-1,-3.6,-6,-2.7,-62451,-0.4,-173895,-4.7,-22110,-70.5,34,2.6,1757,2.5
"20195","5","23","74","0","2025","A","N",7,0,0,0,0,0,0,"N",0.70,0,0,0,0,0,0,"N",0,0.0,0,0,0,0,0,0,0,0,0,0,0,0
"20197","3","23","74","0","2025","A","",8,18,185985,76606,77,202,10478,"",123.44,18.08,4.84,21.75,8.25,0.27,0.27,"",0,0.0,2,12.5,315,0.2,517,0.7,2,2.7,-27,-11.8,-1437,-12.1
"20197","5","23","74","0","2025","A","",22,128,6381056,2398474,63869,959,49852,"",1.53,1.73,1.82,1.07,3.15,1.06,1.06,"",1,4.8,14,12.3,1194236,23.0,508496,26.9,9022,16.4,81,9.2,4187,9.2
"20199","5","23","74","0","2025","A","N",2,0,0,0,0,0,0,"N",0.28,0,0,0,0,0,0,"N",0,0.0,0,0,0,0,0,0,0,0,0,0,0,0
"20201","3","23","74","0","2025","A","",20,23,140141,110341,112,118,6138,"",206.47,15.96,2.61,26.53,17.75,0.16,0.16,"",0,0.0,-2,-8.0,8128,6.2,8882,8.8,6,5.7,15,14.6,804,15.1
"20201","5","23","74","0","2025","A","",24,93,4150987,1695935,37667,862,44835,"",1.11,0.87,0.85,0.64,2.75,0.98,0.98,"",-3,-11.1,-1,-1.1,93602,2.3,177794,11.7,5512,17.1,28,3.4,1479,3.4
"20203","5","23","74","0","2025","A","N",4,0,0,0,0,0,0,"N",0.45,0,0,0,0,0,0,"N",0,0.0,0,0,0,0,0,0,0,0,0,0,0,0
"20205","5","23","74","0","2025","A","",18,276,21829835,5107115,34041,1521,79117,"",1.00,1.80,2.74,1.14,1.56,1.52,1.52,"",-1,-5.3,-73,-20.9,-6927725,-24.1,-2029263,-28.4,-79084,-69.9,-64,-4.0,-3283,-4.0
"20207","5","23","74","0","2025","A","N",5,0,0,0,0,0,0,"N",0.69,0,0,0,0,0,0,"N",-1,-16.7,0,0,0,0,0,0,0,0,0,0,0,0
"20209","5","23","74","0","2025","A","",409,5607,510583449,111614100,3450086,1751,91060,"",1.33,1.13,1.39,0.58,2.25,1.23,1.23,"",-11,-2.6,313,5.9,71231949,16.2,11091305,11.0,229209,7.1,155,9.7,8071,9.7
"20999","5","23","74","0","2025","A","",35,1250,138389902,26001463,847323,2130,110749,"",0.53,1.19,1.27,0.80,2.40,1.07,1.07,"",-3,-7.9,142,12.8,22077711,19.0,3990663,18.1,-41406,-4.7,112,5.6,5821,5.5
"21000","3","23","54","0","2025","A","",8,138,6675554,236656,1005,934,48549,"",0.14,0.10,0.09,0.09,0.05,0.88,0.88,"",0,0.0,0,0.0,313053,4.9,22754,10.6,97,10.7,51,5.8,2610,5.7
"21000","5","23","54","0","2025","A","",12057,92796,6892618394,1495321357,49770273,1428,74277,"",0.97,0.88,0.97,0.86,1.15,1.10,1.10,"",139,1.2,-690,-0.7,35402734,0.5,-53672214,-3.5,-6928478,-12.2,17,1.2,927,1.3
"21001","5","23","74","0","2025","A","N",46,0,0,0,0,0,0,"N",1.11,0,0,0,0,0,0,"N",4,9.5,0,0,0,0,0,0,0,0,0,0,0,0
"21003","5","23","74","0","2025","A","N",39,0,0,0,0,0,0,"N",1.12,0,0,0,0,0,0,"N",5,14.7,0,0,0,0,0,0,0,0,0,0,0,0
"21005","5","23","74","0","2025","A","N",46,0,0,0,0,0,0,"N",1.01,0,0,0,0,0,0,"N",-1,-2.1,0,0,0,0,0,0,0,0,0,0,0,0
"21007","5","23","74","0","2025","A","",24,118,6372316,1502706,91791,1039,54041,"",1.43,1.16,0.90,0.91,1.71,0.78,0.78,"",-2,-7.7,-41,-25.8,-5291008,-45.4,-5905896,-79.7,-526515,-85.2,-368,-26.2,-19122,-26.1
"21009","3","23","74","0","2025","A","N",1,0,0,0,0,0,0,"N",2.15,0,0,0,0,0,0,"N",0,0.0,0,0,0,0,0,0,0,0,0,0,0,0
"21009","5","23","74","0","2025","A","",91,765,44619713,10795802,323977,1121,58314,"",0.88,0.92,0.98,0.89,1.23,1.06,1.06,"",-1,-1.1,46,6.4,4750458,11.9,614716,6.0,-5656,-1.7,55,5.2,2857,5.2
"21011","5","23","74","0","2025","A","",35,251,14387794,3521620,159733,1102,57322,"",1.46,2.45,2.77,2.30,2.50,1.13,1.13,"",1,2.9,-11,-4.2,-678660,-4.5,-203578,-5.5,-1628,-1.0,-5,-0.5,-257,-0.4
"21013","5","23","74","0","2025","A","",22,208,13906554,3064668,65503,1285,66805,"",0.47,0.47,0.67,0.51,0.53,1.41,1.41,"",0,0.0,24,13.0,2459160,21.5,514523,20.2,10105,18.2,92,7.7,4760,7.7
"21015","5","23","74","0","2025","A","N",442,0,0,0,0,0,0,"N",0.89,0,0,0,0,0,0,"N",-13,-2.9,0,0,0,0,0,0,0,0,0,0,0,0
"21017","5","23","74","0","2025","A","",55,328,22552301,5147714,237073,1322,68757,"",1.11,0.88,1.00,0.79,1.35,1.14,1.14,"",0,0.0,10,3.1,1656123,7.9,373451,7.8,24243,11.4,58,4.6,3011,4.6
"21019","5","23","74","0","2025","A","",137,1655,135416728,37855531,1615732,1574,81839,"",0.98,1.18,1.45,1.94,3.09,1.23,1.23,"",-6,-4.2,133,8.7,27286269,25.2,11442992,43.3,319353,24.6,207,15.1,10775,15.2
"21021","5","23","74","0","2025","A","",82,484,28937139,7753919,297507,1149,59746,"",0.98,0.63,0.63,0.71,1.12,1.00,1.00,"",7,9.3,47,10.8,3409145,13.4,759444,10.9,71255,31.5,26,2.3,1330,2.3
"21023","5","23","74","0","2025","A","",21,91,4584759,1405361,76123,965,50198,"",1.17,1.10,1.04,1.37,2.73,0.94,0.94,"",5,31.2,10,12.3,849579,22.7,84455,6.4,34662,83.6,80,9.0,4179,9.1
"21025","5","23","74","0","2025","A","",8,70,4052249,1003897,25402,1113,57889,"",0.30,0.50,0.56,0.51,0.70,1.12,1.12,"",0,0.0,17,32.1,580432,16.7,-112264,-10.1,-6024,-19.2,-139,-11.1,-7208,-11.1
"21027","5","23","74","0","2025","A","",50,332,19277781,5248488,151205,1116,58007,"",1.46,1.66,1.95,2.02,2.40,1.17,1.17,"",0,0.0,-12,-3.5,629701,3.4,1207360,29.9,47947,46.4,73,7.0,3784,7.0
"21029","5","23","74","0","2025","A","",252,1669,125790058,25455980,714958,1449,75369,"",1.72,1.08,1.36,0.88,1.12,1.26,1.26,"",9,3.7,4,0.2,3372951,2.8,517132,2.1,23939,3.5,35,2.5,1827,2.5
"21031","3","23","74","0","2025","A","N",1,0,0,0,0,0,0,"N",9.20,0,0,0,0,0,0,"N",0,0.0,0,0,0,0,0,0,0,0,0,0,0,0
"21031","5","23","74","0","2025","A","",24,116,6197609,1911933,78121,1028,53466,"",0.99,0.74,0.76,0.80,1.38,1.03,1.03,"",2,9.1,1,0.9,47523,0.8,184147,10.7,8296,11.9,-2,-0.2,-91,-0.2
"21033","5","23","74","0","2025","A","N",26,0,0,0,0,0,0,"N",0.91,0,0,0,0,0,0,"N",0,0.0,0,0,0,0,0,0,0,0,0,0,0,0
"21035","5","23","74","0","2025","A","",126,721,36897276,11085157,485416,984,51181,"",1.20,0.87,0.87,0.90,1.83,0.99,0.99,"",0,0.0,23,3.3,1647670,4.7,775566,7.5,17432,3.7,13,1.3,668,1.3
"21037","5","23","74","0","2025","A","N",285,0,0,0,0,0,0,"N",1.03,0,0,0,0,0,0,"N",10,3.6,0,0,0,0,0,0,0,0,0,0,0,0
"21039","5","23","74","0","2025","A","N",18,0,0,0,0,0,0,"N",1.63,0,0,0,0,0,0,"N",-1,-5.3,0,0,0,0,0,0,0,0,0,0,0,0
"21041","5","23","74","0","2025","A","N",44,0,0,0,0,0,0,"N",1.53,0,0,0,0,0,0,"N",2,4.8,0,0,0,0,0,0,0,0,0,0,0,0
"21043","5","23","74","0","2025","A","",71,305,17601042,5087577,246071,1110,57724,"",1.37,1.03,1.24,1.11,1.65,1.20,1.20,"",1,1.4,-5,-1.6,498194,2.9,-123292,-2.4,-22586,-8.4,50,4.7,2583,4.7
"21045","5","23","74","0","2025","A","N",28,0,0,0,0,0,0,"N",0.95,0,0,0,0,0,0,"N",2,7.7,0,0,0,0,0,0,0,0,0,0,0,0
"21047","3","23","74","0","2025","A","N",1,0,0,0,0,0,0,"N",1.30,0,0,0,0,0,0,"N",0,0.0,0,0,0,0,0,0,0,0,0,0,0,0
"21047","5","23","74","0","2025","A","N",146,0,0,0,0,0,0,"N",0.86,0,0,0,0,0,0,"N",-5,-3.3,0,0,0,0,0,0,0,0,0,0,0,0
"21049","5","23","74","0","2025","A","",101,713,47101467,11050148,307130,1271,66100,"",1.18,0.99,1.07,0.87,1.01,1.07,1.07,"",-1,-1.0,28,4.1,3128594,7.1,483400,4.6,24172,8.5,36,2.9,1875,2.9
"21051","5","23","74","0","2025","A","",28,107,5117953,1596236,78798,921,47906,"",0.85,0.49,0.45,0.78,1.49,0.92,0.92,"",0,0.0,6,5.9,41824,0.8,-21976,-1.4,-13398,-14.5,-42,-4.4,-2146,-4.3
"21053","5","23","74","0","2025","A","",14,66,3387950,892399,62355,985,51203,"",0.60,0.34,0.39,0.29,1.06,1.13,1.13,"",0,0.0,2,3.1,63706,1.9,-55712,-5.9,-4186,-6.3,-6,-0.6,-336,-0.7
"21055","5","23","74","0","2025","A","",18,44,2106550,820319,46362,926,48150,"",1.10,0.43,0.45,0.55,1.23,1.03,1.03,"",-2,-10.0,-2,-4.3,60315,2.9,-85423,-9.4,-1472,-3.1,77,9.1,3987,9.0
"21057","5","23","74","0","2025","A","N",12,0,0,0,0,0,0,"N",0.78,0,0,0,0,0,0,"N",-2,-14.3,0,0,0,0,0,0,0,0,0,0,0,0
"21059","5","23","74","0","2025","A","",314,2272,141029763,35106499,915028,1194,62082,"",1.11,0.90,0.92,0.87,1.01,1.02,1.02,"",-2,-0.6,82,3.7,15287768,12.2,1916160,5.8,110123,13.7,90,8.2,4655,8.1
"21061","5","23","74","0","2025","A","",22,120,7282707,1721756,76644,1170,60816,"",1.48,1.34,1.69,1.52,2.14,1.27,1.26,"",2,10.0,5,4.3,1065608,17.1,150102,9.6,15215,24.8,132,12.7,6833,12.7
"21063","5","23","74","0","2025","A","N",7,0,0,0,0,0,0,"N",0.92,0,0,0,0,0,0,"N",1,16.7,0,0,0,0,0,0,0,0,0,0,0,0
"21065","5","23","74","0","2025","A","",24,34,1528690,590986,25044,856,44525,"",1.19,0.28,0.25,0.40,0.46,0.86,0.86,"",0,0.0,-4,-10.5,64380,4.4,473,0.1,4647,22.8,118,16.0,6159,16.1
"21067","5","23","74","0","2025","A","",921,11076,886444361,168165321,4801552,1539,80033,"",0.77,1.01,1.13,1.03,1.21,1.11,1.11,"",12,1.3,260,2.4,50060268,6.0,8493232,5.3,210016,4.6,52,3.5,2702,3.5
"21069","5","23","74","0","2025","A","N",35,0,0,0,0,0,0,"N",1.01,0,0,0,0,0,0,"N",-2,-5.4,0,0,0,0,0,0,0,0,0,0,0,0
"21071","5","23","74","0","2025","A","",72,378,22581369,5668541,233367,1149,59726,"",0.79,0.64,0.73,0.68,1.12,1.13,1.13,"",4,5.9,-29,-7.1,-617387,-2.7,43163,0.8,12287,5.6,52,4.7,2703,4.7
"21073","5","23","74","0","2025","A","N",202,0,0,0,0,0,0,"N",0.94,0,0,0,0,0,0,"N",-7,-3.3,0,0,0,0,0,0,0,0,0,0,0,0
"21075","5","23","74","0","2025","A","",9,47,1275028,859249,20859,518,26937,"",0.54,0.39,0.22,0.45,0.51,0.56,0.56,"",1,12.5,7,17.5,-197196,-13.4,-2748,-0.3,530,2.6,-185,-26.3,-9640,-26.4
"21077","5","23","74","0","2025","A","",11,37,2124522,532173,14767,1099,57162,"",0.84,0.28,0.20,0.24,0.32,0.73,0.73,"N",-1,-8.3,0,0,0,0,0,0,0,0,0,0,0,0
"21079","5","23","74","0","2025","A","",80,449,33322988,7550517,259502,1426,74161,"",2.29,3.15,4.28,3.27,3.28,1.35,1.35,"",10,14.3,-146,-24.5,-3571146,-9.7,-2161154,-22.3,-298511,-53.5,234,19.6,12180,19.7
"21081","3","23","74","0","2025","A","N",1,0,0,0,0,0,0,"N",4.38,0,0,0,0,0,0,"N",0,0.0,0,0,0,0,0,0,0,0,0,0,0,0
"21081","5","23","74","0","2025","A","N",64,0,0,0,0,0,0,"N",1.26,0,0,0,0,0,0,"N",1,1.6,0,0,0,0,0,0,0,0,0,0,0,0
"21083","5","23","74","0","2025","A","",108,442,24357310,6878379,171183,1061,55149,"",1.34,0.70,0.69,0.65,0.82,0.98,0.98,"",0,0.0,32,7.8,2461931,11.2,600332,9.6,31386,22.5,35,3.4,1778,3.3
"21085","3","23","74","0","2025","A","N",1,0,0,0,0,0,0,"N",4.11,0,0,0,0,0,0,"N",0,0.0,0,0,0,0,0,0,0,0,0,0,0,0
"21085","5","23","74","0","2025","A","",86,373,24222137,5323223,161600,1250,64997,"",1.59,0.97,1.27,0.91,1.14,1.31,1.31,"",3,3.6,-8,-2.1,2024125,9.1,-164461,-3.0,8653,5.7,129,11.5,6696,11.5
"21087","5","23","74","0","2025","A","N",20,0,0,0,0,0,0,"N",1.02,0,0,0,0,0,0,"N",1,5.3,0,0,0,0,0,0,0,0,0,0,0,0
"21089","5","23","74","0","2025","A","N",70,0,0,0,0,0,0,"N",1.09,0,0,0,0,0,0,"N",4,6.1,0,0,0,0,0,0,0,0,0,0,0,0
"21091","5","23","74","0","2025","A","N",28,0,0,0,0,0,0,"N",1.51,0,0,0,0,0,0,"N",2,7.7,0,0,0,0,0,0,0,0,0,0,0,0
"21093","5","23","74","0","2025","A","N",283,0,0,0,0,0,0,"N",0.96,0,0,0,0,0,0,"N",6,2.2,0,0,0,0,0,0,0,0,0,0,0,0
"21095","5","23","74","0","2025","A","N",26,0,0,0,0,0,0,"N",0.64,0,0,0,0,0,0,"N",1,4.0,0,0,0,0,0,0,0,0,0,0,0,0
"21097","5","23","74","0","2025","A","",42,163,14565647,2826260,180187,1716,89223,"",1.22,0.59,0.94,0.64,1.77,1.59,1.59,"",3,7.7,-6,-3.6,1123836,8.4,572448,25.4,38135,26.8,189,12.4,9803,12.3
"21099","5","23","74","0","2025","A","N",56,0,0,0,0,0,0,"N",1.73,0,0,0,0,0,0,"N",-5,-8.2,0,0,0,0,0,0,0,0,0,0,0,0
"21101","5","23","74","0","2025","A","",129,1001,76809435,17130254,437932,1476,76745,"",1.13,1.02,1.22,0.94,1.00,1.20,1.20,"",0,0.0,23,2.4,8967406,13.2,-96397,-0.6,-99078,-18.4,142,10.6,7371,10.6
"21103","5","23","74","0","2025","A","",45,101,5601294,1779249,72187,1068,55550,"",1.39,0.63,0.61,0.71,1.18,0.98,0.98,"",7,18.4,7,7.4,545020,10.8,140716,8.6,18405,34.2,38,3.7,1997,3.7
"21105","5","23","74","0","2025","A","N",10,0,0,0,0,0,0,"N",1.14,0,0,0,0,0,0,"N",0,0.0,0,0,0,0,0,0,0,0,0,0,0,0
"21107","5","23","74","0","2025","A","",85,928,67611652,12813475,364895,1401,72857,"",0.89,1.01,1.21,0.97,1.02,1.20,1.20,"",4,4.9,-45,-4.6,1239231,1.9,1533728,13.6,-46638,-11.3,89,6.8,4643,6.8
"21109","5","23","74","0","2025","A","",12,40,1855184,740419,9532,883,45901,"",0.73,0.43,0.43,0.66,0.39,1.00,1.00,"",-1,-7.7,-6,-13.0,-63461,-3.3,46239,6.7,-3712,-28.0,81,10.1,4191,10.0
"21111","5","23","74","0","2025","A","",2086,21823,1803145730,346809149,10449729,1589,82626,"",0.79,0.86,0.88,0.78,0.88,1.03,1.03,"",-14,-0.7,-1083,-4.7,-88533250,-4.7,-29405987,-7.8,-2294859,-18.0,1,0.1,42,0.1
"21113","5","23","74","0","2025","A","",263,1656,110833378,25892445,702826,1287,66918,"",1.65,1.65,1.85,1.54,1.65,1.12,1.12,"",18,7.3,124,8.1,12878738,13.1,1921334,8.0,125611,21.8,58,4.7,2989,4.7
"21115","3","23","74","0","2025","A","N",1,0,0,0,0,0,0,"N",4.55,0,0,0,0,0,0,"N",0,0.0,0,0,0,0,0,0,0,0,0,0,0,0
"21115","5","23","74","0","2025","A","",28,148,9089615,2322547,90816,1182,61486,"",0.57,0.53,0.65,0.56,1.14,1.25,1.25,"",-3,-9.7,0,0.0,1687076,22.8,134256,6.1,20866,29.8,218,22.6,11356,22.7
"21117","5","23","74","0","2025","A","N",429,0,0,0,0,0,0,"N",0.90,0,0,0,0,0,0,"N",-1,-0.2,0,0,0,0,0,0,0,0,0,0,0,0
"21119","5","23","74","0","2025","A","",16,61,2650339,1024911,35764,836,43448,"",0.68,0.52,0.49,0.72,1.18,0.93,0.93,"",1,6.7,-4,-6.2,-261278,-9.0,67773,7.1,1138,3.3,-24,-2.8,-1289,-2.9
"21121","5","23","74","0","2025","A","",24,214,14478880,4348119,287196,1299,67553,"",0.51,0.54,0.74,0.78,1.90,1.37,1.37,"",1,4.3,59,38.1,5007817,52.9,1539850,54.8,125713,77.8,126,10.7,6548,10.7
"21123","5","23","74","0","2025","A","",40,223,13323822,3305990,138587,1149,59748,"",1.54,1.61,1.98,1.58,2.82,1.23,1.23,"",2,5.3,30,15.5,1714450,14.8,430262,15.0,69317,100.1,-6,-0.5,-300,-0.5
"21125","5","23","74","0","2025","A","",132,933,71926902,19120925,527917,1482,77078,"",0.94,0.68,0.96,0.75,1.05,1.42,1.42,"",8,6.5,45,5.1,2977250,4.3,1611356,9.2,-43184,-7.6,-11,-0.7,-539,-0.7
"21127","5","23","74","0","2025","A","",30,113,6650513,2118974,113813,1134,58985,"",1.07,0.57,0.69,0.64,1.45,1.22,1.22,"",0,0.0,10,9.7,1471942,28.4,300461,16.5,52103,84.4,170,17.6,8870,17.7
"21129","5","23","74","0","2025","A","N",6,0,0,0,0,0,0,"N",0.47,0,0,0,0,0,0,"N",1,20.0,0,0,0,0,0,0,0,0,0,0,0,0
"21131","5","23","74","0","2025","A","N",3,0,0,0,0,0,0,"N",0.22,0,0,0,0,0,0,"N",1,50.0,0,0,0,0,0,0,0,0,0,0,0,0
"21133","5","23","74","0","2025","A","",16,71,3090293,961301,27053,834,43373,"",0.42,0.32,0.28,0.34,0.38,0.86,0.86,"",0,0.0,4,6.0,470322,18.0,-59791,-5.9,9103,50.7,80,10.6,4171,10.6
"21135","5","23","74","0","2025","A","",18,162,14764590,2812804,88527,1750,90999,"",0.84,1.60,2.97,2.23,2.76,1.85,1.85,"",0,0.0,-1,-0.6,2890170,24.3,-613156,-17.9,-13586,-13.3,347,24.7,18038,24.7
"21137","3","23","74","0","2025","A","N",1,0,0,0,0,0,0,"N",5.38,0,0,0,0,0,0,"N",0,0.0,0,0,0,0,0,0,0,0,0,0,0,0
"21137","5","23","74","0","2025","A","N",54,0,0,0,0,0,0,"N",1.31,0,0,0,0,0,0,"N",3,5.9,0,0,0,0,0,0,0,0,0,0,0,0
"21139","5","23","74","0","2025","A","",31,787,69455503,12710995,622409,1698,88300,"",1.51,4.27,5.36,3.94,4.69,1.26,1.26,"",0,0.0,101,14.7,8601098,14.1,1322882,11.6,-225045,-26.6,-8,-0.5,-409,-0.5
"21141","5","23","74","0","2025","A","",75,423,21882638,7141599,249533,994,51701,"",1.20,0.91,0.71,0.91,1.47,0.78,0.78,"",2,2.7,14,3.4,228013,1.1,50285,0.7,-6175,-2.4,-25,-2.5,-1266,-2.4
"21143","5","23","74","0","2025","A","",27,131,8312993,2046703,94127,1224,63660,"",1.19,0.95,1.14,1.10,1.85,1.20,1.20,"",1,3.8,16,13.9,1381389,19.9,246957,13.7,13943,17.4,67,5.8,3472,5.8
"21145","5","23","74","0","2025","A","",224,2425,165095182,37921870,1328985,1309,68078,"",1.00,1.12,1.19,1.06,1.53,1.07,1.07,"",-5,-2.2,-23,-0.9,-2490873,-1.5,-2562668,-6.3,-14691,-1.1,-7,-0.5,-378,-0.6
"21147","5","23","74","0","2025","A","N",10,0,0,0,0,0,0,"N",0.43,0,0,0,0,0,0,"N",1,11.1,0,0,0,0,0,0,0,0,0,0,0,0
"21149","5","23","74","0","2025","A","",23,101,5573229,1760691,58148,1064,55317,"",1.18,1.11,1.26,1.33,2.01,1.14,1.14,"",-2,-8.0,-3,-2.9,-68815,-1.2,4992,0.3,2616,4.7,24,2.3,1240,2.3
"21151","5","23","74","0","2025","A","N",310,0,0,0,0,0,0,"N",1.25,0,0,0,0,0,0,"N",5,1.6,0,0,0,0,0,0,0,0,0,0,0,0
"21153","5","23","74","0","2025","A","N",15,0,0,0,0,0,0,"N",0.63,0,0,0,0,0,0,"N",1,7.1,0,0,0,0,0,0,0,0,0,0,0,0
"21155","5","23","74","0","2025","A","N",47,0,0,0,0,0,0,"N",1.09,0,0,0,0,0,0,"N",0,0.0,0,0,0,0,0,0,0,0,0,0,0,0
"21157","5","23","74","0","2025","A","N",126,0,0,0,0,0,0,"N",1.53,0,0,0,0,0,0,"N",2,1.6,0,0,0,0,0,0,0,0,0,0,0,0
"21159","5","23","74","0","2025","A","N",6,0,0,0,0,0,0,"N",0.35,0,0,0,0,0,0,"N",-1,-14.3,0,0,0,0,0,0,0,0,0,0,0,0
"21161","5","23","74","0","2025","A","",40,439,35271004,6331940,189394,1544,80313,"",0.71,1.05,1.51,0.97,1.47,1.43,1.44,"",-2,-4.8,-9,-2.0,1835451,5.5,-467940,-6.9,-23883,-11.2,110,7.7,5749,7.7
"21163","5","23","74","0","2025","A","",63,779,56730513,17648136,1264077,1400,72794,"",1.46,2.74,2.99,3.54,5.46,1.09,1.09,"",-3,-4.5,97,14.2,10613537,23.0,5316193,43.1,477709,60.7,99,7.6,5157,7.6
"21165","5","23","74","0","2025","A","N",11,0,0,0,0,0,0,"N",1.03,0,0,0,0,0,0,"N",-1,-8.3,0,0,0,0,0,0,0,0,0,0,0,0
"21167","5","23","74","0","2025","A","",58,344,21245007,6184985,280023,1186,61684,"",1.24,1.01,0.94,1.12,2.01,0.92,0.92,"",0,0.0,3,0.9,-1057342,-4.7,139944,2.3,-23052,-7.6,-71,-5.6,-3703,-5.7
"21169","5","23","74","0","2025","A","N",13,0,0,0,0,0,0,"N",0.64,0,0,0,0,0,0,"N",1,8.3,0,0,0,0,0,0,0,0,0,0,0,0
"21171","5","23","74","0","2025","A","",27,331,31441793,5181303,137659,1824,94871,"",1.12,1.92,3.41,2.04,2.34,1.77,1.77,"",3,12.5,51,18.2,4220901,15.5,1156286,28.7,30816,28.8,-48,-2.6,-2491,-2.6
"21173","5","23","74","0","2025","A","N",70,0,0,0,0,0,0,"N",0.99,0,0,0,0,0,0,"N",-3,-4.1,0,0,0,0,0,0,0,0,0,0,0,0
"21175","5","23","74","0","2025","A","",29,375,18598073,7086538,497374,953,49562,"",1.26,2.23,2.12,2.94,4.52,0.95,0.95,"N",-1,-3.3,0,0,0,0,0,0,0,0,0,0,0,0
"21177","5","23","74","0","2025","A","",61,428,40440732,9493140,689118,1818,94525,"",1.06,1.03,1.67,1.51,3.32,1.62,1.62,"",1,1.7,-181,-29.7,-21200099,-34.4,-4838142,-33.8,-434617,-38.7,-128,-6.6,-6650,-6.6
"21179","5","23","74","0","2025","A","",201,1498,101692820,22948478,768700,1305,67878,"",1.67,1.54,1.66,1.32,1.66,1.08,1.08,"",6,3.1,32,2.2,76286,0.1,999065,4.6,87291,12.8,-28,-2.1,-1434,-2.1
"21181","5","23","74","0","2025","A","N",12,0,0,0,0,0,0,"N",1.14,0,0,0,0,0,0,"N",2,20.0,0,0,0,0,0,0,0,0,0,0,0,0
"21183","5","23","74","0","2025","A","",49,197,11223011,3130742,163336,1097,57066,"",1.19,0.51,0.56,0.52,1.29,1.10,1.10,"",1,2.1,18,10.1,1465297,15.0,385461,14.0,48097,41.7,47,4.5,2477,4.5
"21185","5","23","74","0","2025","A","N",255,0,0,0,0,0,0,"N",1.29,0,0,0,0,0,0,"N",3,1.2,0,0,0,0,0,0,0,0,0,0,0,0
"21187","5","23","74","0","2025","A","N",12,0,0,0,0,0,0,"N",0.83,0,0,0,0,0,0,"N",1,9.1,0,0,0,0,0,0,0,0,0,0,0,0
"21189","5","23","74","0","2025","A","N",5,0,0,0,0,0,0,"N",0.70,0,0,0,0,0,0,"N",1,25.0,0,0,0,0,0,0,0,0,0,0,0,0
"21191","5","23","74","0","2025","A","N",32,0,0,0,0,0,0,"N",1.41,0,0,0,0,0,0,"N",1,3.2,0,0,0,0,0,0,0,0,0,0,0,0
"21193","5","23","74","0","2025","A","N",43,0,0,0,0,0,0,"N",0.59,0,0,0,0,0,0,"N",6,16.2,0,0,0,0,0,0,0,0,0,0,0,0
"21195","5","23","74","0","2025","A","",94,509,26526780,8210103,254820,1003,52158,"",0.75,0.48,0.43,0.62,0.73,0.91,0.91,"",-3,-3.1,-46,-8.3,-1674717,-5.9,33803,0.4,5533,2.2,26,2.7,1344,2.6
"21197","5","23","74","0","2025","A","N",30,0,0,0,0,0,0,"N",1.22,0,0,0,0,0,0,"N",2,7.1,0,0,0,0,0,0,0,0,0,0,0,0
"21199","5","23","74","0","2025","A","N",164,0,0,0,0,0,0,"N",0.94,0,0,0,0,0,0,"N",6,3.8,0,0,0,0,0,0,0,0,0,0,0,0
"21201","5","23","74","0","2025","A","N",6,0,0,0,0,0,0,"N",1.31,0,0,0,0,0,0,"N",0,0.0,0,0,0,0,0,0,0,0,0,0,0,0
"21203","5","23","74","0","2025","A","N",30,0,0,0,0,0,0,"N",1.34,0,0,0,0,0,0,"N",2,7.1,0,0,0,0,0,0,0,0,0,0,0,0
"21205","5","23","74","0","2025","A","N",53,0,0,0,0,0,0,"N",0.83,0,0,0,0,0,0,"N",5,10.4,0,0,0,0,0,0,0,0,0,0,0,0
"21207","5","23","74","0","2025","A","N",39,0,0,0,0,0,0,"N",0.90,0,0,0,0,0,0,"N",-1,-2.5,0,0,0,0,0,0,0,0,0,0,0,0
"21209","5","23","74","0","2025","A","",140,743,54622028,15895504,654437,1414,73532,"",0.97,0.45,0.40,0.51,0.87,0.90,0.90,"",2,1.4,82,12.4,10983760,25.2,3728664,30.6,268889,69.7,144,11.3,7488,11.3
"21211","5","23","74","0","2025","A","",159,824,58398360,12534846,324585,1362,70836,"",1.25,0.94,1.05,0.80,0.83,1.11,1.11,"",2,1.3,7,0.9,6131833,11.7,272880,2.2,34322,11.8,132,10.7,6856,10.7
"21213","5","23","74","0","2025","A","N",67,0,0,0,0,0,0,"N",1.18,0,0,0,0,0,0,"N",6,9.8,0,0,0,0,0,0,0,0,0,0,0,0
"21215","5","23","74","0","2025","A","",86,262,14976454,4168502,132207,1100,57217,"",2.35,2.17,2.43,2.53,2.90,1.12,1.12,"",9,11.7,27,11.5,1935601,14.8,379048,10.0,27503,26.3,33,3.1,1724,3.1
"21217","5","23","74","0","2025","A","N",80,0,0,0,0,0,0,"N",1.11,0,0,0,0,0,0,"N",3,3.9,0,0,0,0,0,0,0,0,0,0,0,0
"21219","5","23","74","0","2025","A","",26,140,9817768,2199089,78862,1352,70294,"",1.00,0.90,1.18,0.88,1.18,1.32,1.32,"",3,13.0,-5,-3.4,-414511,-4.1,-420489,-16.1,-10589,-11.8,-9,-0.7,-477,-0.7
"21221","5","23","74","0","2025","A","",37,153,6722280,2424736,117177,845,43960,"",1.30,0.98,0.96,1.10,1.79,0.98,0.98,"",2,5.7,23,17.7,1185838,21.4,388610,19.1,35341,43.2,25,3.0,1345,3.2
"21223","3","23","74","0","2025","A","N",1,0,0,0,0,0,0,"N",17.72,0,0,0,0,0,0,"N",0,0.0,0,0,0,0,0,0,0,0,0,0,0,0
"21223","5","23","74","0","2025","A","",25,93,7184486,2375079,71451,1491,77530,"",1.99,1.72,1.97,2.67,2.99,1.15,1.15,"",-1,-3.8,12,14.8,2090518,41.0,553368,30.4,18161,34.1,285,23.6,14835,23.7
"21225","5","23","74","0","2025","A","",26,366,27485930,6034735,185329,1444,75098,"",0.86,1.35,1.54,1.27,1.87,1.14,1.14,"",1,4.0,214,140.8,17898143,186.7,3315455,121.9,105959,133.5,233,19.2,12124,19.3
"21227","5","23","74","0","2025","A","",402,3670,272604764,57540775,2103115,1429,74289,"",0.94,0.97,1.17,0.91,1.25,1.22,1.22,"",12,3.1,27,0.7,17423335,6.8,3082678,5.7,215022,11.4,82,6.1,4236,6.0
"21229","5","23","74","0","2025","A","N",45,0,0,0,0,0,0,"N",1.58,0,0,0,0,0,0,"N",2,4.7,0,0,0,0,0,0,0,0,0,0,0,0
"21231","5","23","74","0","2025","A","",28,59,3184742,992489,62598,1032,53675,"",0.77,0.22,0.26,0.26,0.65,1.19,1.19,"",3,12.0,4,7.3,719471,29.2,76254,8.3,2366,3.9,169,19.6,8784,19.6
"21233","5","23","74","0","2025","A","",31,492,38386406,8770318,133877,1501,78074,"",1.36,3.25,4.21,3.58,2.52,1.29,1.29,"",1,3.3,68,16.0,6287390,19.6,1187886,15.7,6335,5.0,45,3.1,2384,3.1
"21235","5","23","74","0","2025","A","N",53,0,0,0,0,0,0,"N",0.64,0,0,0,0,0,0,"N",4,8.2,0,0,0,0,0,0,0,0,0,0,0,0
"21237","5","23","74","0","2025","A","N",5,0,0,0,0,0,0,"N",0.34,0,0,0,0,0,0,"N",0,0.0,0,0,0,0,0,0,0,0,0,0,0,0
"21239","5","23","74","0","2025","A","",86,413,26164002,6506746,195918,1219,63389,"",1.00,0.79,0.83,0.75,0.88,1.06,1.06,"",2,2.4,30,7.8,1283747,5.2,606825,10.3,18312,10.3,-30,-2.4,-1558,-2.4
"21999","5","23","74","0","2025","A","",270,1782,151033291,33326030,1567894,1630,84775,"",0.79,0.88,0.77,0.74,1.19,0.88,0.88,"",-22,-7.5,-437,-19.7,-26015149,-14.7,-9306426,-21.8,-369863,-19.1,96,6.3,5002,6.3
"22000","2","23","54","0","2025","A","",65,3898,255531844,0,0,1261,65553,"",2.71,4.30,4.88,0.00,0.00,1.13,1.13,"",0,0.0,-66,-1.7,9181969,3.7,0,0.0,0,0.0,66,5.5,3404,5.5
"22000","3","23","54","0","2025","A","N",179,0,0,0,0,0,0,"N",3.26,0,0,0,0,0,0,"N",0,0.0,0,0,0,0,0,0,0,0,0,0,0,0
"22000","5","23","54","0","2025","A","N",13000,0,0,0,0,0,0,"N",1.06,0,0,0,0,0,0,"N",276,2.2,0,0,0,0,0,0,0,0,0,0,0,0
"22001","2","23","74","0","2025","A","N",1,0,0,0,0,0,0,"N",4.49,0,0,0,0,0,0,"N",0,0.0,0,0,0,0,0,0,0,0,0,0,0,0
"22001","3","23","74","0","2025","A","",4,90,2762901,0,0,592,30784,"",7.84,8.50,6.43,0.00,0.00,0.76,0.76,"",0,0.0,7,8.4,245146,9.7,0,0.0,0,0.0,8,1.4,419,1.4
"22001","5","23","74","0","2025","A","",150,1274,100687155,17166009,420947,1520,79032,"",1.32,1.62,2.57,1.87,2.27,1.59,1.59,"",2,1.4,194,18.0,19878274,24.6,4000867,30.4,104932,33.2,81,5.6,4180,5.6
"22003","2","23","74","0","2025","A","N",1,0,0,0,0,0,0,"N",15.09,0,0,0,0,0,0,"N",0,0.0,0,0,0,0,0,0,0,0,0,0,0,0
"22003","3","23","74","0","2025","A","N",1,0,0,0,0,0,0,"N",6.58,0,0,0,0,0,0,"N",0,0.0,0,0,0,0,0,0,0,0,0,0,0,0
"22003","5","23","74","0","2025","A","",21,53,2641502,637917,13143,965,50155,"",0.62,0.14,0.12,0.25,0.34,0.92,0.92,"",-1,-4.5,13,32.5,955990,56.7,213743,50.4,3515,36.5,153,18.8,7929,18.8
"22005","2","23","74","0","2025","A","N",1,0,0,0,0,0,0,"N",1.62,0,0,0,0,0,0,"N",0,0.0,0,0,0,0,0,0,0,0,0,0,0,0
"22005","3","23","74","0","2025","A","",4,171,9858360,0,0,1107,57539,"",2.82,4.77,4.29,0.00,0.00,0.90,0.90,"",0,0.0,-2,-1.2,227282,2.4,0,0.0,0,0.0,37,3.5,1922,3.5
"22005","5","23","74","0","2025","A","",429,9483,813887442,135287724,3356141,1651,85828,"",1.36,3.55,3.89,3.55,3.73,1.09,1.09,"",24,5.9,-273,-2.8,-16271269,-2.0,-8925704,-6.2,-525287,-13.5,15,0.9,737,0.9
"22007","2","23","74","0","2025","A","N",1,0,0,0,0,0,0,"N",19.81,0,0,0,0,0,0,"N",0,0.0,0,0,0,0,0,0,0,0,0,0,0,0
"22007","3","23","74","0","2025","A","N",1,0,0,0,0,0,0,"N",8.64,0,0,0,0,0,0,"N",0,0.0,0,0,0,0,0,0,0,0,0,0,0,0
"22007","5","23","74","0","2025","A","",30,516,39372790,6224544,105330,1466,76230,"",1.17,2.43,2.93,2.41,2.00,1.20,1.20,"",-2,-6.2,-9,-1.7,1758669,4.7,-1276166,-17.0,-28318,-21.2,87,6.3,4539,6.3
"22009","2","23","74","0","2025","A","N",1,0,0,0,0,0,0,"N",6.81,0,0,0,0,0,0,"N",0,0.0,0,0,0,0,0,0,0,0,0,0,0,0
"22009","3","23","74","0","2025","A","",4,66,1856959,0,0,545,28351,"",11.88,9.48,7.07,0.00,0.00,0.75,0.75,"",0,0.0,1,1.5,154596,9.1,0,0.0,0,0.0,40,7.9,2093,8.0
"22009","5","23","74","0","2025","A","",98,634,35024141,6904442,128934,1062,55214,"",1.31,1.22,1.46,1.37,1.48,1.19,1.20,"",-1,-1.0,-58,-8.4,-4021171,-10.3,-193548,-2.7,-3713,-2.8,-23,-2.1,-1223,-2.2
"22011","2","23","74","0","2025","A","N",1,0,0,0,0,0,0,"N",7.47,0,0,0,0,0,0,"N",0,0.0,0,0,0,0,0,0,0,0,0,0,0,0
"22011","3","23","74","0","2025","A","",7,64,2525984,392206,2389,760,39520,"",22.80,10.02,8.41,46.50,52.28,0.84,0.84,"",0,0.0,-1,-1.5,265042,11.7,10603,2.8,-586,-19.7,94,14.1,4914,14.2
"22011","5","23","74","0","2025","A","",94,410,24743034,6121987,122255,1160,60324,"",1.38,0.86,0.90,1.14,1.23,1.05,1.05,"",-2,-2.1,-57,-12.2,-2151038,-8.0,-1335026,-17.9,-32107,-20.8,53,4.8,2766,4.8
"22013","2","23","74","0","2025","A","N",1,0,0,0,0,0,0,"N",20.43,0,0,0,0,0,0,"N",0,0.0,0,0,0,0,0,0,0,0,0,0,0,0
"22013","3","23","74","0","2025","A","N",2,0,0,0,0,0,0,"N",17.83,0,0,0,0,0,0,"N",0,0.0,0,0,0,0,0,0,0,0,0,0,0,0
"22013","5","23","74","0","2025","A","",18,44,2259016,505628,10087,989,51439,"",0.72,0.21,0.18,0.20,0.18,0.88,0.88,"",4,28.6,4,10.0,279546,14.1,67499,15.4,160,1.6,33,3.5,1745,3.5
"22015","2","23","74","0","2025","A","N",1,0,0,0,0,0,0,"N",1.75,0,0,0,0,0,0,"N",0,0.0,0,0,0,0,0,0,0,0,0,0,0,0
"22015","3","23","74","0","2025","A","N",2,0,0,0,0,0,0,"N",1.53,0,0,0,0,0,0,"N",0,0.0,0,0,0,0,0,0,0,0,0,0,0,0
"22015","5","23","74","0","2025","A","",320,2235,146425486,25076692,424547,1260,65515,"",1.10,0.93,1.06,0.92,0.81,1.13,1.13,"",8,2.6,168,8.1,17784937,13.8,2043858,8.9,35523,9.1,63,5.3,3267,5.2
"22017","2","23","74","0","2025","A","N",1,0,0,0,0,0,0,"N",0.82,0,0,0,0,0,0,"N",0,0.0,0,0,0,0,0,0,0,0,0,0,0,0
"22017","3","23","74","0","2025","A","",4,139,6848065,0,0,949,49326,"",1.43,1.77,1.66,0.00,0.00,0.94,0.94,"",0,0.0,3,2.2,487023,7.7,0,0.0,0,0.0,47,5.2,2410,5.1
"22017","5","23","74","0","2025","A","N",636,0,0,0,0,0,0,"N",1.02,0,0,0,0,0,0,"N",7,1.1,0,0,0,0,0,0,0,0,0,0,0,0
"22019","2","23","74","0","2025","A","N",1,0,0,0,0,0,0,"N",1.07,0,0,0,0,0,0,"N",0,0.0,0,0,0,0,0,0,0,0,0,0,0,0
"22019","3","23","74","0","2025","A","",5,105,4168355,0,0,765,39793,"",2.33,1.65,1.18,0.00,0.00,0.72,0.72,"",0,0.0,-8,-7.1,-259342,-5.9,0,0.0,0,0.0,10,1.3,552,1.4
"22019","5","23","74","0","2025","A","N",645,0,0,0,0,0,0,"N",1.35,0,0,0,0,0,0,"N",20,3.2,0,0,0,0,0,0,0,0,0,0,0,0
"22021","2","23","74","0","2025","A","N",1,0,0,0,0,0,0,"N",28.72,0,0,0,0,0,0,"N",0,0.0,0,0,0,0,0,0,0,0,0,0,0,0
"22021","3","23","74","0","2025","A","N",1,0,0,0,0,0,0,"N",12.53,0,0,0,0,0,0,"N",0,0.0,0,0,0,0,0,0,0,0,0,0,0,0
"22021","5","23","74","0","2025","A","N",17,0,0,0,0,0,0,"N",0.96,0,0,0,0,0,0,"N",0,0.0,0,0,0,0,0,0,0,0,0,0,0,0
"22023","2","23","74","0","2025","A","N",1,0,0,0,0,0,0,"N",39.62,0,0,0,0,0,0,"N",0,0.0,0,0,0,0,0,0,0,0,0,0,0,0
"22023","3","23","74","0","2025","A","N",1,0,0,0,0,0,0,"N",17.29,0,0,0,0,0,0,"N",0,0.0,0,0,0,0,0,0,0,0,0,0,0,0
"22023","5","23","74","0","2025","A","N",32,0,0,0,0,0,0,"N",2.49,0,0,0,0,0,0,"N",3,10.3,0,0,0,0,0,0,0,0,0,0,0,0
"22025","2","23","74","0","2025","A","N",1,0,0,0,0,0,0,"N",23.83,0,0,0,0,0,0,"N",0,0.0,0,0,0,0,0,0,0,0,0,0,0,0
"22025","3","23","74","0","2025","A","N",2,0,0,0,0,0,0,"N",20.80,0,0,0,0,0,0,"N",0,0.0,0,0,0,0,0,0,0,0,0,0,0,0
"22025","5","23","74","0","2025","A","N",17,0,0,0,0,0,0,"N",0.79,0,0,0,0,0,0,"N",0,0.0,0,0,0,0,0,0,0,0,0,0,0,0
"22027","2","23","74","0","2025","A","N",1,0,0,0,0,0,0,"N",24.18,0,0,0,0,0,0,"N",0,0.0,0,0,0,0,0,0,0,0,0,0,0,0
"22027","3","23","74","0","2025","A","N",3,0,0,0,0,0,0,"N",31.65,0,0,0,0,0,0,"N",0,0.0,0,0,0,0,0,0,0,0,0,0,0,0
"22027","5","23","74","0","2025","A","N",16,0,0,0,0,0,0,"N",0.76,0,0,0,0,0,0,"N",2,14.3,0,0,0,0,0,0,0,0,0,0,0,0
"22029","2","23","74","0","2025","A","N",1,0,0,0,0,0,0,"N",13.40,0,0,0,0,0,0,"N",0,0.0,0,0,0,0,0,0,0,0,0,0,0,0
"22029","3","23","74","0","2025","A","",3,56,2274626,65636,2219,776,40378,"",17.54,15.36,15.07,14.26,70.41,0.97,0.97,"N",0,0.0,0,0,0,0,0,0,0,0,0,0,0,0
"22029","5","23","74","0","2025","A","",25,207,10348910,2640126,61602,961,49975,"",0.66,0.76,0.75,0.90,0.90,0.99,0.99,"",3,13.6,44,27.0,2128020,25.9,514131,24.2,11808,23.7,-11,-1.1,-563,-1.1
"22031","2","23","74","0","2025","A","N",1,0,0,0,0,0,0,"N",9.94,0,0,0,0,0,0,"N",0,0.0,0,0,0,0,0,0,0,0,0,0,0,0
"22031","3","23","74","0","2025","A","N",2,0,0,0,0,0,0,"N",8.67,0,0,0,0,0,0,"N",0,0.0,0,0,0,0,0,0,0,0,0,0,0,0
"22031","5","23","74","0","2025","A","",78,1384,94885323,19290747,458038,1318,68534,"",1.52,3.11,2.95,3.58,3.56,0.95,0.95,"",-2,-2.5,-8,-0.6,-2807419,-2.9,120047,0.6,-7750,-1.7,-32,-2.4,-1648,-2.3
"22033","2","23","74","0","2025","A","N",1,0,0,0,0,0,0,"N",0.34,0,0,0,0,0,0,"N",0,0.0,0,0,0,0,0,0,0,0,0,0,0,0
"22033","3","23","74","0","2025","A","",9,457,21191696,0,0,893,46414,"",1.34,2.38,1.84,0.00,0.00,0.78,0.77,"",0,0.0,-29,-6.0,-1425572,-6.3,0,0.0,0,0.0,-3,-0.3,-164,-0.4
"22033","5","23","74","0","2025","A","",1555,25568,2477505751,359057872,9427188,1863,96899,"",1.04,1.79,2.36,2.15,2.57,1.32,1.32,"",18,1.2,-4846,-15.9,-324503174,-11.6,-143457680,-28.5,-5176925,-35.4,91,5.1,4770,5.2
"22035","2","23","74","0","2025","A","N",1,0,0,0,0,0,0,"N",38.02,0,0,0,0,0,0,"N",0,0.0,0,0,0,0,0,0,0,0,0,0,0,0
"22035","3","23","74","0","2025","A","N",2,0,0,0,0,0,0,"N",33.18,0,0,0,0,0,0,"N",0,0.0,0,0,0,0,0,0,0,0,0,0,0,0
"22035","5","23","74","0","2025","A","N",5,0,0,0,0,0,0,"N",0.37,0,0,0,0,0,0,"N",1,25.0,0,0,0,0,0,0,0,0,0,0,0,0
"22037","2","23","74","0","2025","A","N",1,0,0,0,0,0,0,"N",16.61,0,0,0,0,0,0,"N",0,0.0,0,0,0,0,0,0,0,0,0,0,0,0
"22037","3","23","74","0","2025","A","N",1,0,0,0,0,0,0,"N",7.25,0,0,0,0,0,0,"N",0,0.0,0,0,0,0,0,0,0,0,0,0,0,0
"22037","5","23","74","0","2025","A","N",43,0,0,0,0,0,0,"N",1.40,0,0,0,0,0,0,"N",1,2.4,0,0,0,0,0,0,0,0,0,0,0,0
"22039","2","23","74","0","2025","A","N",1,0,0,0,0,0,0,"N",10.17,0,0,0,0,0,0,"N",0,0.0,0,0,0,0,0,0,0,0,0,0,0,0
"22039","3","23","74","0","2025","A","",4,70,2425033,83596,1512,669,34809,"",17.74,12.27,10.71,11.39,37.19,0.88,0.88,"",0,0.0,-3,-4.1,24325,1.0,-12651,-13.1,-229,-13.2,39,6.2,2072,6.3
"22039","5","23","74","0","2025","A","",44,231,13539991,2711373,48523,1129,58699,"",0.88,0.54,0.66,0.58,0.55,1.21,1.21,"",-2,-4.3,38,19.7,3672402,37.2,639237,30.8,15410,46.5,145,14.7,7527,14.7
"22041","2","23","74","0","2025","A","N",1,0,0,0,0,0,0,"N",13.62,0,0,0,0,0,0,"N",0,0.0,0,0,0,0,0,0,0,0,0,0,0,0
"22041","3","23","74","0","2025","A","N",2,0,0,0,0,0,0,"N",11.88,0,0,0,0,0,0,"N",0,0.0,0,0,0,0,0,0,0,0,0,0,0,0
"22041","5","23","74","0","2025","A","N",34,0,0,0,0,0,0,"N",0.91,0,0,0,0,0,0,"N",-3,-8.1,0,0,0,0,0,0,0,0,0,0,0,0
"22043","2","23","74","0","2025","A","N",1,0,0,0,0,0,0,"N",22.37,0,0,0,0,0,0,"N",0,0.0,0,0,0,0,0,0,0,0,0,0,0,0
"22043","3","23","74","0","2025","A","N",1,0,0,0,0,0,0,"N",9.76,0,0,0,0,0,0,"N",0,0.0,0,0,0,0,0,0,0,0,0,0,0,0
"22043","5","23","74","0","2025","A","",37,190,49238371,2014286,35038,4997,259833,"",1.62,1.05,3.82,1.35,0.93,3.65,3.65,"",1,2.8,1,0.5,35222902,251.3,2449,0.1,-12316,-26.0,3570,250.2,185644,250.2
"22045","2","23","74","0","2025","A","N",1,0,0,0,0,0,0,"N",3.44,0,0,0,0,0,0,"N",0,0.0,0,0,0,0,0,0,0,0,0,0,0,0
"22045","3","23","74","0","2025","A","N",2,0,0,0,0,0,0,"N",3.00,0,0,0,0,0,0,"N",0,0.0,0,0,0,0,0,0,0,0,0,0,0,0
"22045","5","23","74","0","2025","A","",139,1616,118742709,18286797,277125,1413,73495,"",0.94,1.25,1.43,1.17,0.88,1.14,1.14,"",11,8.6,126,8.5,13407973,12.7,2135838,13.2,48795,21.4,53,3.9,2789,3.9
"22047","2","23","74","0","2025","A","N",1,0,0,0,0,0,0,"N",7.94,0,0,0,0,0,0,"N",0,0.0,0,0,0,0,0,0,0,0,0,0,0,0
"22047","3","23","74","0","2025","A","N",2,0,0,0,0,0,0,"N",6.93,0,0,0,0,0,0,"N",0,0.0,0,0,0,0,0,0,0,0,0,0,0,0
"22047","5","23","74","0","2025","A","",87,2683,231253131,42278904,1334200,1658,86195,"",1.36,3.09,2.77,3.66,4.34,0.90,0.90,"",-2,-2.2,-43,-1.6,-9289404,-3.9,693873,1.7,-10076,-0.7,-39,-2.3,-2053,-2.3
"22049","2","23","74","0","2025","A","N",1,0,0,0,0,0,0,"N",20.36,0,0,0,0,0,0,"N",0,0.0,0,0,0,0,0,0,0,0,0,0,0,0
"22049","3","23","74","0","2025","A","N",1,0,0,0,0,0,0,"N",8.89,0,0,0,0,0,0,"N",0,0.0,0,0,0,0,0,0,0,0,0,0,0,0
"22049","5","23","74","0","2025","A","",27,154,8529524,2195867,50850,1067,55477,"",1.08,0.74,0.68,0.99,1.31,0.93,0.93,"N",1,3.8,0,0,0,0,0,0,0,0,0,0,0,0
"22051","2","23","74","0","2025","A","N",2,0,0,0,0,0,0,"N",0.82,0,0,0,0,0,0,"N",0,0.0,0,0,0,0,0,0,0,0,0,0,0,0
"22051","3","23","74","0","2025","A","",10,474,26328688,0,0,1068,55536,"",1.78,3.58,3.41,0.00,0.00,0.95,0.95,"",0,0.0,-12,-2.5,-1095554,-4.0,0,0.0,0,0.0,-17,-1.6,-883,-1.6
"22051","5","23","74","0","2025","A","",1398,10991,912751268,121658597,2057305,1597,83047,"",1.12,1.12,1.30,1.04,0.99,1.16,1.16,"",12,0.9,-230,-2.0,88855561,10.8,-1723783,-1.4,-38611,-1.8,185,13.1,9622,13.1
"22053","2","23","74","0","2025","A","N",1,0,0,0,0,0,0,"N",8.20,0,0,0,0,0,0,"N",0,0.0,0,0,0,0,0,0,0,0,0,0,0,0
"22053","3","23","74","0","2025","A","",5,42,1371386,0,0,622,32331,"",17.89,7.44,6.06,0.00,0.00,0.81,0.81,"",0,0.0,10,31.2,245944,21.9,0,0.0,0,0.0,-46,-6.9,-2387,-6.9
"22053","5","23","74","0","2025","A","",70,440,23779461,4450863,52359,1040,54085,"",1.13,1.05,1.15,1.00,0.78,1.10,1.10,"",-4,-5.4,-30,-6.4,78213,0.3,-375196,-7.8,-2320,-4.2,70,7.2,3630,7.2
"22055","2","23","74","0","2025","A","N",1,0,0,0,0,0,0,"N",0.54,0,0,0,0,0,0,"N",0,0.0,0,0,0,0,0,0,0,0,0,0,0,0
"22055","3","23","74","0","2025","A","N",1,0,0,0,0,0,0,"N",0.23,0,0,0,0,0,0,"N",0,0.0,0,0,0,0,0,0,0,0,0,0,0,0
"22055","5","23","74","0","2025","A","",911,7295,554763943,88422851,1511966,1462,76045,"",0.96,0.99,1.17,0.97,0.88,1.18,1.18,"",41,4.7,348,5.0,43664878,8.5,7450516,9.2,191697,14.5,47,3.3,2477,3.4
"22057","2","23","74","0","2025","A","N",1,0,0,0,0,0,0,"N",2.97,0,0,0,0,0,0,"N",0,0.0,0,0,0,0,0,0,0,0,0,0,0,0
"22057","3","23","74","0","2025","A","",4,142,5899707,0,0,801,41645,"",5.18,5.70,3.95,0.00,0.00,0.70,0.70,"",0,0.0,5,3.6,-94091,-1.6,0,0.0,0,0.0,-38,-4.5,-1973,-4.5
"22057","5","23","74","0","2025","A","",201,2859,230795570,29012092,481642,1552,80714,"",1.17,1.54,1.70,1.38,1.39,1.10,1.10,"",6,3.1,-81,-2.8,12930553,5.9,634124,2.2,29379,6.5,127,8.9,6608,8.9
"22059","2","23","74","0","2025","A","N",1,0,0,0,0,0,0,"N",13.94,0,0,0,0,0,0,"N",0,0.0,0,0,0,0,0,0,0,0,0,0,0,0
"22059","3","23","74","0","2025","A","N",2,0,0,0,0,0,0,"N",12.16,0,0,0,0,0,0,"N",0,0.0,0,0,0,0,0,0,0,0,0,0,0,0
"22059","5","23","74","0","2025","A","N",25,0,0,0,0,0,0,"N",0.68,0,0,0,0,0,0,"N",-2,-7.4,0,0,0,0,0,0,0,0,0,0,0,0
"22061","2","23","74","0","2025","A","N",1,0,0,0,0,0,0,"N",4.29,0,0,0,0,0,0,"N",0,0.0,0,0,0,0,0,0,0,0,0,0,0,0
"22061","3","23","74","0","2025","A","N",2,0,0,0,0,0,0,"N",3.75,0,0,0,0,0,0,"N",0,0.0,0,0,0,0,0,0,0,0,0,0,0,0
"22061","5","23","74","0","2025","A","N",119,0,0,0,0,0,0,"N",1.00,0,0,0,0,0,0,"N",4,3.5,0,0,0,0,0,0,0,0,0,0,0,0
"22063","2","23","74","0","2025","A","N",1,0,0,0,0,0,0,"N",2.01,0,0,0,0,0,0,"N",0,0.0,0,0,0,0,0,0,0,0,0,0,0,0
"22063","3","23","74","0","2025","A","",3,102,4398002,0,0,830,43153,"",2.63,4.59,4.76,0.00,0.00,1.04,1.04,"",0,0.0,4,4.1,316273,7.7,0,0.0,0,0.0,30,3.8,1538,3.7
"22063","5","23","74","0","2025","A","",503,2754,192140972,31162984,463094,1341,69757,"",1.98,1.66,2.28,1.60,1.31,1.37,1.37,"",28,5.9,109,4.1,8371441,4.6,982427,3.3,22941,5.2,5,0.4,270,0.4
"22065","2","23","74","0","2025","A","N",1,0,0,0,0,0,0,"N",24.73,0,0,0,0,0,0,"N",0,0.0,0,0,0,0,0,0,0,0,0,0,0,0
"22065","3","23","74","0","2025","A","N",1,0,0,0,0,0,0,"N",10.79,0,0,0,0,0,0,"N",0,0.0,0,0,0,0,0,0,0,0,0,0,0,0
"22065","5","23","74","0","2025","A","N",7,0,0,0,0,0,0,"N",0.34,0,0,0,0,0,0,"N",1,16.7,0,0,0,0,0,0,0,0,0,0,0,0
"22067","2","23","74","0","2025","A","N",1,0,0,0,0,0,0,"N",11.60,0,0,0,0,0,0,"N",0,0.0,0,0,0,0,0,0,0,0,0,0,0,0
"22067","3","23","74","0","2025","A","N",3,0,0,0,0,0,0,"N",15.19,0,0,0,0,0,0,"N",0,0.0,0,0,0,0,0,0,0,0,0,0,0,0
"22067","5","23","74","0","2025","A","",48,336,23598980,4777036,125880,1353,70340,"",1.09,1.01,1.41,1.23,1.30,1.40,1.40,"",-2,-4.0,49,17.1,4485475,23.5,1293365,37.1,33790,36.7,72,5.6,3742,5.6
"22069","2","23","74","0","2025","A","N",1,0,0,0,0,0,0,"N",6.29,0,0,0,0,0,0,"N",0,0.0,0,0,0,0,0,0,0,0,0,0,0,0
"22069","3","23","74","0","2025","A","N",2,0,0,0,0,0,0,"N",5.49,0,0,0,0,0,0,"N",0,0.0,0,0,0,0,0,0,0,0,0,0,0,0
"22069","5","23","74","0","2025","A","",76,502,26113632,5184556,75492,1001,52036,"",0.94,0.67,0.69,0.66,0.42,1.02,1.02,"",-2,-2.6,-1,-0.2,715931,2.8,-523474,-9.2,-36287,-32.5,30,3.1,1544,3.1
"22071","2","23","74","0","2025","A","N",1,0,0,0,0,0,0,"N",0.38,0,0,0,0,0,0,"N",0,0.0,0,0,0,0,0,0,0,0,0,0,0,0
"22071","3","23","74","0","2025","A","N",3,0,0,0,0,0,0,"N",0.49,0,0,0,0,0,0,"N",0,0.0,0,0,0,0,0,0,0,0,0,0,0,0
"22071","5","23","74","0","2025","A","",699,4013,444763067,47392246,997542,2131,110828,"",0.51,0.40,0.59,0.44,0.49,1.46,1.46,"",13,1.9,97,2.5,118425365,36.3,3188858,7.2,49323,5.2,528,32.9,27495,33.0
"22073","2","23","74","0","2025","A","N",1,0,0,0,0,0,0,"N",1.20,0,0,0,0,0,0,"N",0,0.0,0,0,0,0,0,0,0,0,0,0,0,0
"22073","3","23","74","0","2025","A","",5,72,2974394,121276,642,793,41216,"",2.62,1.45,1.31,1.78,1.58,0.90,0.90,"",0,0.0,2,2.9,57869,2.0,-93,-0.1,-1,-0.2,-5,-0.6,-300,-0.7
"22073","5","23","74","0","2025","A","",490,4812,334216363,60013687,1221350,1336,69457,"",1.16,1.30,1.61,1.38,1.38,1.24,1.24,"",24,5.2,880,22.4,101054501,43.3,14684173,32.4,272628,28.7,196,17.2,10162,17.1
"22075","2","23","74","0","2025","A","N",1,0,0,0,0,0,0,"N",7.40,0,0,0,0,0,0,"N",0,0.0,0,0,0,0,0,0,0,0,0,0,0,0
"22075","5","23","74","0","2025","A","",111,2142,256085670,31064624,826360,2300,119578,"",1.61,3.02,3.60,3.23,3.39,1.19,1.19,"",5,4.7,903,72.9,115352097,82.0,16664331,115.7,469147,131.3,116,5.3,6030,5.3
"22077","2","23","74","0","2025","A","N",1,0,0,0,0,0,0,"N",12.27,0,0,0,0,0,0,"N",0,0.0,0,0,0,0,0,0,0,0,0,0,0,0
"22077","3","23","74","0","2025","A","N",2,0,0,0,0,0,0,"N",10.71,0,0,0,0,0,0,"N",0,0.0,0,0,0,0,0,0,0,0,0,0,0,0
"22077","5","23","74","0","2025","A","",48,175,9543914,2130878,39429,1046,54407,"",1.16,0.63,0.59,0.67,0.65,0.92,0.92,"",1,2.1,-106,-37.7,-4882640,-33.8,-1900183,-47.1,-57429,-59.3,58,5.9,3006,5.8
"22079","2","23","74","0","2025","A","N",1,0,0,0,0,0,0,"N",1.60,0,0,0,0,0,0,"N",0,0.0,0,0,0,0,0,0,0,0,0,0,0,0
"22079","3","23","74","0","2025","A","",3,104,3998843,0,0,739,38420,"",2.09,2.57,2.09,0.00,0.00,0.81,0.81,"",0,0.0,1,1.0,22408,0.6,0,0.0,0,0.0,-3,-0.4,-186,-0.5
"22079","5","23","74","0","2025","A","",312,3398,250170698,38940393,676955,1416,73621,"",0.98,1.13,1.44,1.20,1.26,1.27,1.27,"",6,2.0,407,13.6,39860013,19.0,6285245,19.2,66288,10.9,64,4.7,3306,4.7
"22081","2","23","74","0","2025","A","N",1,0,0,0,0,0,0,"N",32.24,0,0,0,0,0,0,"N",0,0.0,0,0,0,0,0,0,0,0,0,0,0,0
"22081","3","23","74","0","2025","A","N",2,0,0,0,0,0,0,"N",28.14,0,0,0,0,0,0,"N",0,0.0,0,0,0,0,0,0,0,0,0,0,0,0
"22081","5","23","74","0","2025","A","",11,73,4955625,824072,8481,1300,67577,"",0.70,0.55,0.68,0.60,0.30,1.23,1.23,"",1,10.0,6,9.0,862966,21.1,-14220,-1.7,-3868,-31.3,130,11.1,6720,11.0
"22083","2","23","74","0","2025","A","N",1,0,0,0,0,0,0,"N",11.05,0,0,0,0,0,0,"N",0,0.0,0,0,0,0,0,0,0,0,0,0,0,0
"22083","3","23","74","0","2025","A","N",3,0,0,0,0,0,0,"N",14.47,0,0,0,0,0,0,"N",0,0.0,0,0,0,0,0,0,0,0,0,0,0,0
"22083","5","23","74","0","2025","A","",66,334,27222641,5029381,115200,1567,81464,"",1.43,0.99,1.60,1.31,1.26,1.62,1.62,"",14,26.9,76,29.5,12952396,90.8,2048740,68.7,58368,102.7,504,47.4,26171,47.3
"22085","2","23","74","0","2025","A","N",1,0,0,0,0,0,0,"N",11.19,0,0,0,0,0,0,"N",0,0.0,0,0,0,0,0,0,0,0,0,0,0,0
"22085","3","23","74","0","2025","A","N",2,0,0,0,0,0,0,"N",9.76,0,0,0,0,0,0,"N",0,0.0,0,0,0,0,0,0,0,0,0,0,0,0
"22085","5","23","74","0","2025","A","",58,148,6570007,1855417,25044,852,44317,"",1.27,0.51,0.45,0.59,0.48,0.88,0.88,"",-3,-4.9,-12,-7.5,-951804,-12.7,82361,4.6,-7164,-22.2,-54,-6.0,-2792,-5.9
"22087","2","23","74","0","2025","A","N",1,0,0,0,0,0,0,"N",6.21,0,0,0,0,0,0,"N",0,0.0,0,0,0,0,0,0,0,0,0,0,0,0
"22087","3","23","74","0","2025","A","N",1,0,0,0,0,0,0,"N",2.71,0,0,0,0,0,0,"N",0,0.0,0,0,0,0,0,0,0,0,0,0,0,0
"22087","5","23","74","0","2025","A","N",120,0,0,0,0,0,0,"N",1.46,0,0,0,0,0,0,"N",8,7.1,0,0,0,0,0,0,0,0,0,0,0,0
"22089","2","23","74","0","2025","A","N",1,0,0,0,0,0,0,"N",4.47,0,0,0,0,0,0,"N",0,0.0,0,0,0,0,0,0,0,0,0,0,0,0
"22089","3","23","74","0","2025","A","N",2,0,0,0,0,0,0,"N",3.90,0,0,0,0,0,0,"N",0,0.0,0,0,0,0,0,0,0,0,0,0,0,0
"22089","5","23","74","0","2025","A","N",170,0,0,0,0,0,0,"N",1.49,0,0,0,0,0,0,"N",11,6.9,0,0,0,0,0,0,0,0,0,0,0,0
"22091","2","23","74","0","2025","A","N",1,0,0,0,0,0,0,"N",44.44,0,0,0,0,0,0,"N",0,0.0,0,0,0,0,0,0,0,0,0,0,0,0
"22091","3","23","74","0","2025","A","N",1,0,0,0,0,0,0,"N",19.39,0,0,0,0,0,0,"N",0,0.0,0,0,0,0,0,0,0,0,0,0,0,0
"22091","5","23","74","0","2025","A","N",8,0,0,0,0,0,0,"N",0.70,0,0,0,0,0,0,"N",-1,-11.1,0,0,0,0,0,0,0,0,0,0,0,0
"22093","3","23","74","0","2025","A","N",1,0,0,0,0,0,0,"N",6.19,0,0,0,0,0,0,"N",0,0.0,0,0,0,0,0,0,0,0,0,0,0,0
"22093","5","23","74","0","2025","A","",27,701,53607798,8150942,221744,1472,76519,"",0.75,1.70,1.49,1.76,2.30,0.88,0.88,"",2,8.0,211,43.1,17673107,49.2,952074,13.2,39123,21.4,62,4.4,3220,4.4
"22095","2","23","74","0","2025","A","N",1,0,0,0,0,0,0,"N",6.39,0,0,0,0,0,0,"N",0,0.0,0,0,0,0,0,0,0,0,0,0,0,0
"22095","3","23","74","0","2025","A","N",1,0,0,0,0,0,0,"N",2.79,0,0,0,0,0,0,"N",0,0.0,0,0,0,0,0,0,0,0,0,0,0,0
"22095","5","23","74","0","2025","A","",104,1305,108339672,15522360,284387,1597,83024,"",1.30,1.84,1.89,1.68,1.54,1.03,1.03,"N",4,4.0,0,0,0,0,0,0,0,0,0,0,0,0
"22097","2","23","74","0","2025","A","N",1,0,0,0,0,0,0,"N",3.08,0,0,0,0,0,0,"N",0,0.0,0,0,0,0,0,0,0,0,0,0,0,0
"22097","3","23","74","0","2025","A","",4,80,2995314,0,0,718,37325,"",5.38,4.72,4.14,0.00,0.00,0.87,0.87,"",0,0.0,-1,-1.2,234503,8.5,0,0.0,0,0.0,59,9.0,3065,8.9
"22097","5","23","74","0","2025","A","",189,1268,82878896,15758197,310865,1257,65358,"",1.14,1.00,1.26,1.06,1.20,1.25,1.25,"",9,5.0,91,7.7,12550170,17.8,3040160,23.9,56770,22.3,108,9.4,5614,9.4
"22099","2","23","74","0","2025","A","N",1,0,0,0,0,0,0,"N",5.73,0,0,0,0,0,0,"N",0,0.0,0,0,0,0,0,0,0,0,0,0,0,0
"22099","3","23","74","0","2025","A","",3,57,2014264,0,0,682,35442,"",7.51,6.51,4.66,0.00,0.00,0.72,0.72,"",0,0.0,-1,-1.7,56001,2.9,0,0.0,0,0.0,30,4.6,1533,4.5
"22099","5","23","74","0","2025","A","",134,779,46483130,8344224,105536,1148,59702,"",1.51,1.20,1.18,1.12,0.88,0.99,0.99,"",-5,-3.6,-4,-0.5,-485948,-1.0,-366928,-4.2,-12952,-10.9,-5,-0.4,-278,-0.5
"22101","2","23","74","0","2025","A","N",1,0,0,0,0,0,0,"N",4.59,0,0,0,0,0,0,"N",0,0.0,0,0,0,0,0,0,0,0,0,0,0,0
"22101","3","23","74","0","2025","A","",6,76,2541493,0,0,643,33441,"",12.02,5.51,3.31,0.00,0.00,0.60,0.60,"",0,0.0,-6,-7.3,-90259,-3.4,0,0.0,0,0.0,22,3.5,1150,3.6
"22101","5","23","74","0","2025","A","",108,830,60428789,9089246,160719,1400,72791,"",0.97,0.81,0.86,0.75,0.68,1.07,1.07,"",2,1.9,-96,-10.4,-5112638,-7.8,-1875893,-17.1,-41764,-20.6,40,2.9,2050,2.9
"22103","2","23","74","0","2025","A","N",1,0,0,0,0,0,0,"N",0.58,0,0,0,0,0,0,"N",0,0.0,0,0,0,0,0,0,0,0,0,0,0,0
"22103","3","23","74","0","2025","A","",6,372,17052385,0,0,882,45840,"",1.53,5.35,4.52,0.00,0.00,0.85,0.85,"",0,0.0,14,3.9,1084272,6.8,0,0.0,0,0.0,25,2.9,1257,2.8
"22103","5","23","74","0","2025","A","",1020,5857,434978707,64829925,882252,1428,74261,"",1.17,1.13,1.27,1.07,0.87,1.12,1.12,"",12,1.2,246,4.4,43995673,11.3,3134169,5.1,27309,3.2,88,6.6,4579,6.6
"22105","2","23","74","0","2025","A","N",1,0,0,0,0,0,0,"N",1.69,0,0,0,0,0,0,"N",0,0.0,0,0,0,0,0,0,0,0,0,0,0,0
"22105","3","23","74","0","2025","A","",5,186,8374122,0,0,867,45083,"",3.68,5.54,5.78,0.00,0.00,1.05,1.05,"",0,0.0,-6,-3.1,-142685,-1.7,0,0.0,0,0.0,14,1.6,744,1.7
"22105","5","23","74","0","2025","A","",337,1839,124317498,19161028,262511,1300,67610,"",1.12,0.74,0.94,0.70,0.54,1.28,1.28,"",9,2.7,-24,-1.3,2283617,1.9,-675920,-3.4,-30986,-10.6,40,3.2,2112,3.2
"22107","2","23","74","0","2025","A","N",1,0,0,0,0,0,0,"N",49.83,0,0,0,0,0,0,"N",0,0.0,0,0,0,0,0,0,0,0,0,0,0,0
"22107","3","23","74","0","2025","A","N",1,0,0,0,0,0,0,"N",21.74,0,0,0,0,0,0,"N",0,0.0,0,0,0,0,0,0,0,0,0,0,0,0
"22107","5","23","74","0","2025","A","N",3,0,0,0,0,0,0,"N",0.29,0,0,0,0,0,0,"N",-2,-40.0,0,0,0,0,0,0,0,0,0,0,0,0
"22109","2","23","74","0","2025","A","N",1,0,0,0,0,0,0,"N",1.95,0,0,0,0,0,0,"N",0,0.0,0,0,0,0,0,0,0,0,0,0,0,0
"22109","3","23","74","0","2025","A","N",2,0,0,0,0,0,0,"N",1.71,0,0,0,0,0,0,"N",0,0.0,0,0,0,0,0,0,0,0,0,0,0,0
"22109","5","23","74","0","2025","A","",281,2471,208030682,26469746,358236,1619,84186,"",1.08,0.98,1.19,0.84,0.66,1.22,1.22,"",-9,-3.1,-80,-3.1,2447854,1.2,-956009,-3.5,3359,0.9,69,4.5,3607,4.5
"22111","2","23","74","0","2025","A","N",1,0,0,0,0,0,0,"N",14.18,0,0,0,0,0,0,"N",0,0.0,0,0,0,0,0,0,0,0,0,0,0,0
"22111","3","23","74","0","2025","A","N",2,0,0,0,0,0,0,"N",12.37,0,0,0,0,0,0,"N",0,0.0,0,0,0,0,0,0,0,0,0,0,0,0
"22111","5","23","74","0","2025","A","",52,239,15061106,2539700,40907,1212,63017,"",1.45,0.82,1.09,0.65,0.45,1.34,1.34,"",-3,-5.5,8,3.5,1606233,11.9,196752,8.4,-6424,-13.6,93,8.3,4855,8.3
"22113","2","23","74","0","2025","A","N",1,0,0,0,0,0,0,"N",4.75,0,0,0,0,0,0,"N",0,0.0,0,0,0,0,0,0,0,0,0,0,0,0
"22113","3","23","74","0","2025","A","",6,79,2475377,0,0,605,31467,"",12.42,8.56,6.17,0.00,0.00,0.72,0.72,"",0,0.0,-12,-13.2,-160718,-6.1,0,0.0,0,0.0,50,9.0,2605,9.0
"22113","5","23","74","0","2025","A","",120,874,62086659,9450736,138017,1367,71064,"",1.12,1.27,1.70,1.30,1.03,1.34,1.33,"",2,1.7,50,6.1,10600785,20.6,770209,8.9,6437,4.9,166,13.8,8606,13.8
"22115","2","23","74","0","2025","A","N",1,0,0,0,0,0,0,"N",6.22,0,0,0,0,0,0,"N",0,0.0,0,0,0,0,0,0,0,0,0,0,0,0
"22115","3","23","74","0","2025","A","N",2,0,0,0,0,0,0,"N",5.43,0,0,0,0,0,0,"N",0,0.0,0,0,0,0,0,0,0,0,0,0,0,0
"22115","5","23","74","0","2025","A","",89,591,36603621,7578694,156779,1191,61926,"",1.09,0.89,1.02,1.16,1.11,1.15,1.15,"",-3,-3.3,-4,-0.7,824951,2.3,161899,2.2,2945,1.9,35,3.0,1827,3.0
"22117","2","23","74","0","2025","A","N",1,0,0,0,0,0,0,"N",7.28,0,0,0,0,0,0,"N",0,0.0,0,0,0,0,0,0,0,0,0,0,0,0
"22117","3","23","74","0","2025","A","N",3,0,0,0,0,0,0,"N",9.52,0,0,0,0,0,0,"N",0,0.0,0,0,0,0,0,0,0,0,0,0,0,0
"22117","5","23","74","0","2025","A","",76,587,33582240,6662094,130802,1099,57169,"",1.08,1.01,1.14,1.10,1.09,1.12,1.12,"",-2,-2.6,-173,-22.8,-14490122,-30.1,-2415152,-26.6,-93144,-41.6,-118,-9.7,-6098,-9.6
"22119","2","23","74","0","2025","A","N",1,0,0,0,0,0,0,"N",6.42,0,0,0,0,0,0,"N",0,0.0,0,0,0,0,0,0,0,0,0,0,0,0
"22119","3","23","74","0","2025","A","",3,40,1596376,0,0,758,39417,"",8.40,4.97,4.21,0.00,0.00,0.84,0.84,"",0,0.0,0,0.0,-4017,-0.3,0,0.0,0,0.0,-5,-0.7,-262,-0.7
"22119","5","23","74","0","2025","A","",84,601,38510737,6006882,86238,1232,64078,"",1.06,1.00,1.12,0.87,0.61,1.11,1.11,"",4,5.0,4,0.7,2338899,6.5,106349,1.8,-10472,-10.8,67,5.8,3522,5.8
"22121","2","23","74","0","2025","A","N",1,0,0,0,0,0,0,"N",7.54,0,0,0,0,0,0,"N",0,0.0,0,0,0,0,0,0,0,0,0,0,0,0
"22121","3","23","74","0","2025","A","",3,61,2909446,0,0,920,47827,"",9.87,6.44,5.26,0.00,0.00,0.82,0.82,"",0,0.0,3,5.2,25892,0.9,0,0.0,0,0.0,-33,-3.5,-1747,-3.5
"22121","5","23","74","0","2025","A","",97,2417,204035602,30023394,742072,1623,84411,"",1.43,3.43,4.05,3.20,3.11,1.18,1.18,"",4,4.3,-443,-15.5,-28714374,-12.3,-7644531,-20.3,-251303,-25.3,58,3.7,3030,3.7
"22123","2","23","74","0","2025","A","N",1,0,0,0,0,0,0,"N",28.11,0,0,0,0,0,0,"N",0,0.0,0,0,0,0,0,0,0,0,0,0,0,0
"22123","3","23","74","0","2025","A","N",1,0,0,0,0,0,0,"N",12.26,0,0,0,0,0,0,"N",0,0.0,0,0,0,0,0,0,0,0,0,0,0,0
"22123","5","23","74","0","2025","A","N",23,0,0,0,0,0,0,"N",1.27,0,0,0,0,0,0,"N",-3,-11.5,0,0,0,0,0,0,0,0,0,0,0,0
"22125","2","23","74","0","2025","A","N",1,0,0,0,0,0,0,"N",20.55,0,0,0,0,0,0,"N",0,0.0,0,0,0,0,0,0,0,0,0,0,0,0
"22125","3","23","74","0","2025","A","N",1,0,0,0,0,0,0,"N",8.97,0,0,0,0,0,0,"N",0,0.0,0,0,0,0,0,0,0,0,0,0,0,0
"22125","5","23","74","0","2025","A","",32,418,43794085,9653550,293075,2014,104750,"",1.29,1.53,1.92,3.43,5.05,1.26,1.26,"",2,6.7,149,55.4,19685553,81.7,4149745,75.4,128146,77.7,289,16.8,15044,16.8
"22127","2","23","74","0","2025","A","N",1,0,0,0,0,0,0,"N",19.12,0,0,0,0,0,0,"N",0,0.0,0,0,0,0,0,0,0,0,0,0,0,0
"22127","3","23","74","0","2025","A","N",2,0,0,0,0,0,0,"N",16.69,0,0,0,0,0,0,"N",0,0.0,0,0,0,0,0,0,0,0,0,0,0,0
"22127","5","23","74","0","2025","A","",28,320,16899182,3273697,73177,1016,52837,"",1.05,1.36,1.33,1.13,1.47,0.98,0.98,"",5,21.7,33,11.5,2434118,16.8,-362205,-10.0,-11069,-13.1,48,5.0,2480,4.9
"22999","2","23","74","0","2025","A","N",1,0,0,0,0,0,0,"N",2.94,0,0,0,0,0,0,"N",0,0.0,0,0,0,0,0,0,0,0,0,0,0,0
"22999","5","23","74","0","2025","A","",150,8758,964028058,139769979,4140015,2117,110075,"",0.86,4.02,4.14,3.59,3.68,1.03,1.03,"",-6,-3.8,1979,29.2,241291955,33.4,19568698,16.3,184017,4.7,67,3.3,3468,3.3
"23000","2","23","54","0","2025","A","",5,784,44149467,0,0,1083,56313,"",0.49,2.56,2.39,0.00,0.00,0.93,0.93,"",0,0.0,27,3.6,831468,1.9,0,0.0,0,0.0,-18,-1.6,-923,-1.6
"23000","3","23","54","0","2025","A","",119,1667,111066138,269737,3424,1281,66613,"",5.12,3.60,4.14,0.31,0.41,1.15,1.15,"",-1,-0.8,24,1.5,10051948,10.0,712,0.3,-504,-12.8,99,8.4,5135,8.4
"23000","5","23","54","0","2025","A","N",6366,0,0,0,0,0,0,"N",1.23,0,0,0,0,0,0,"N",-113,-1.7,0,0,0,0,0,0,0,0,0,0,0,0
"23001","3","23","74","0","2025","A","",7,192,13455711,0,0,1348,70112,"",5.73,5.58,7.38,0.00,0.00,1.32,1.32,"",0,0.0,10,5.5,1503768,12.6,0,0.0,0,0.0,86,6.8,4502,6.9
"23001","5","23","74","0","2025","A","N",449,0,0,0,0,0,0,"N",1.65,0,0,0,0,0,0,"N",-11,-2.4,0,0,0,0,0,0,0,0,0,0,0,0
"23003","2","23","74","0","2025","A","",1,158,8476865,0,0,1032,53651,"",2.77,13.10,14.36,0.00,0.00,1.10,1.10,"",0,0.0,5,3.3,159646,1.9,0,0.0,0,0.0,-15,-1.4,-799,-1.5
"23003","3","23","74","0","2025","A","",13,94,5440716,0,0,1110,57726,"",15.72,5.15,6.33,0.00,0.00,1.23,1.23,"",0,0.0,-7,-6.9,-5924,-0.1,0,0.0,0,0.0,73,7.0,3799,7.0
"23003","5","23","74","0","2025","A","",193,940,60486867,15962474,613307,1237,64336,"",1.05,0.69,0.77,0.83,0.93,1.12,1.12,"",-2,-1.0,32,3.5,8856518,17.2,1447903,10.0,18318,3.1,143,13.1,7459,13.1
"23005","2","23","74","0","2025","A","",1,138,6754934,0,0,939,48831,"",0.37,1.51,1.09,0.00,0.00,0.72,0.72,"",0,0.0,4,3.0,127216,1.9,0,0.0,0,0.0,-16,-1.7,-815,-1.6
"23005","3","23","74","0","2025","A","",14,427,30110102,0,0,1356,70515,"",2.29,3.09,3.34,0.00,0.00,1.08,1.08,"",0,0.0,20,4.9,3842881,14.6,0,0.0,0,0.0,116,9.4,6042,9.4
"23005","5","23","74","0","2025","A","N",1439,0,0,0,0,0,0,"N",1.06,0,0,0,0,0,0,"N",-30,-2.0,0,0,0,0,0,0,0,0,0,0,0,0
"23007","2","23","74","0","2025","A","",1,117,5080471,0,0,836,43454,"",5.93,23.71,22.42,0.00,0.00,0.95,0.95,"",0,0.0,3,2.6,95680,1.9,0,0.0,0,0.0,-8,-0.9,-433,-1.0
"23007","3","23","74","0","2025","A","",3,30,1877165,0,0,1193,62055,"",7.76,4.02,5.69,0.00,0.00,1.41,1.41,"",0,0.0,-1,-3.2,-547,0.0,0,0.0,0,0.0,41,3.6,2128,3.6
"23007","5","23","74","0","2025","A","N",166,0,0,0,0,0,0,"N",1.93,0,0,0,0,0,0,"N",4,2.5,0,0,0,0,0,0,0,0,0,0,0,0
"23009","3","23","74","0","2025","A","",2,23,1863648,0,0,1581,82220,"",1.98,1.37,2.25,0.00,0.00,1.66,1.66,"",-1,-33.3,-2,-8.0,73071,4.1,0,0.0,0,0.0,226,16.7,11771,16.7
"23009","5","23","74","0","2025","A","",358,1872,115173629,27949620,718519,1183,61533,"",1.59,1.50,1.53,1.35,0.83,1.02,1.02,"",0,0.0,69,3.8,9585283,9.1,558830,2.0,2854,0.4,57,5.1,2968,5.1
"23011","2","23","74","0","2025","A","",1,183,13192239,0,0,1388,72154,"",1.53,6.26,7.84,0.00,0.00,1.25,1.25,"",0,0.0,7,4.0,248451,1.9,0,0.0,0,0.0,-29,-2.0,-1530,-2.1
"23011","3","23","74","0","2025","A","",11,176,10868984,0,0,1186,61697,"",7.36,3.98,4.44,0.00,0.00,1.11,1.11,"",0,0.0,5,2.9,842406,8.4,0,0.0,0,0.0,58,5.1,3062,5.2
"23011","5","23","74","0","2025","A","N",495,0,0,0,0,0,0,"N",1.49,0,0,0,0,0,0,"N",-5,-1.0,0,0,0,0,0,0,0,0,0,0,0,0
"23013","3","23","74","0","2025","A","",6,58,3588462,0,0,1197,62228,"",7.72,4.81,5.91,0.00,0.00,1.24,1.24,"",0,0.0,2,3.6,241919,7.2,0,0.0,0,0.0,46,4.0,2379,4.0
"23013","5","23","74","0","2025","A","N",206,0,0,0,0,0,0,"N",1.19,0,0,0,0,0,0,"N",-7,-3.3,0,0,0,0,0,0,0,0,0,0,0,0
"23015","3","23","74","0","2025","A","",4,21,1342519,0,0,1210,62931,"",6.53,2.61,3.41,0.00,0.00,1.29,1.29,"",0,0.0,-1,-4.5,121863,10.0,0,0.0,0,0.0,143,13.4,7447,13.4
"23015","5","23","74","0","2025","A","",253,868,52984118,12912060,309964,1174,61059,"",1.86,1.45,1.48,1.35,1.00,1.02,1.02,"",-10,-3.8,8,0.9,1842922,3.6,-11468,-0.1,8213,2.7,31,2.7,1598,2.7
"23017","3","23","74","0","2025","A","",6,44,2866600,0,0,1239,64418,"",9.64,3.66,5.07,0.00,0.00,1.37,1.37,"",0,0.0,-2,-4.3,201464,7.6,0,0.0,0,0.0,125,11.2,6480,11.2
"23017","5","23","74","0","2025","A","",237,1049,67349163,16242122,567495,1235,64213,"",1.71,1.17,1.31,1.17,1.25,1.12,1.12,"",-7,-2.9,8,0.8,4013023,6.3,-286724,-1.7,-4723,-0.8,65,5.6,3371,5.5
"23019","2","23","74","0","2025","A","",1,188,10644958,0,0,1089,56647,"",1.27,5.58,6.00,0.00,0.00,1.07,1.08,"",0,0.0,7,3.9,200475,1.9,0,0.0,0,0.0,-19,-1.7,-951,-1.7
"23019","3","23","74","0","2025","A","",16,177,11441010,0,0,1242,64578,"",8.86,3.47,4.43,0.00,0.00,1.28,1.28,"",0,0.0,3,1.7,944619,9.0,0,0.0,0,0.0,82,7.1,4283,7.1
"23019","5","23","74","0","2025","A","",555,3771,271245357,58071459,2074617,1383,71931,"",1.38,0.99,1.15,1.07,1.19,1.16,1.16,"",-4,-0.7,-150,-3.8,-5786204,-2.1,-5118399,-8.1,-210168,-9.2,24,1.8,1273,1.8
"23021","3","23","74","0","2025","A","",4,26,1095124,0,0,807,41986,"",19.29,7.06,6.94,0.00,0.00,0.98,0.98,"",0,0.0,-3,-10.3,12823,1.2,0,0.0,0,0.0,87,12.1,4558,12.2
"23021","5","23","74","0","2025","A","N",66,0,0,0,0,0,0,"N",1.43,0,0,0,0,0,0,"N",-4,-5.7,0,0,0,0,0,0,0,0,0,0,0,0
"23023","3","23","74","0","2025","A","",4,40,2580307,0,0,1228,63843,"",8.86,3.30,3.60,0.00,0.00,1.08,1.08,"",0,0.0,1,2.6,175766,7.3,0,0.0,0,0.0,40,3.4,2056,3.3
"23023","5","23","74","0","2025","A","",182,1177,88887855,17333477,577749,1452,75526,"",1.81,1.31,1.36,1.10,1.47,1.04,1.04,"",-7,-3.7,14,1.2,6796393,8.3,-132350,-0.8,-4023,-0.7,95,7.0,4945,7.0
"23025","3","23","74","0","2025","A","",7,38,2255702,0,0,1142,59361,"",12.88,3.38,3.92,0.00,0.00,1.16,1.16,"",0,0.0,-3,-7.3,65937,3.0,0,0.0,0,0.0,104,10.0,5404,10.0
"23025","5","23","74","0","2025","A","N",208,0,0,0,0,0,0,"N",1.72,0,0,0,0,0,0,"N",-2,-1.0,0,0,0,0,0,0,0,0,0,0,0,0
"23027","3","23","74","0","2025","A","",4,31,1926663,269737,3424,1195,62150,"",8.13,3.87,4.83,17.75,22.86,1.25,1.25,"",0,0.0,0,0.0,292888,17.9,712,0.3,-504,-12.8,173,16.9,9019,17.0
"23027","5","23","74","0","2025","A","",161,822,50627199,12803594,401021,1184,61584,"",1.47,1.38,1.39,1.32,1.23,1.01,1.01,"N",-7,-4.2,0,0,0,0,0,0,0,0,0,0,0,0
"23029","3","23","74","0","2025","A","",4,17,986569,0,0,1116,58033,"",9.79,2.36,2.95,0.00,0.00,1.25,1.25,"",0,0.0,0,0.0,54571,5.9,0,0.0,0,0.0,87,8.5,4521,8.4
"23029","5","23","74","0","2025","A","N",117,0,0,0,0,0,0,"N",1.29,0,0,0,0,0,0,"N",0,0.0,0,0,0,0,0,0,0,0,0,0,0,0
"23031","3","23","74","0","2025","A","",14,272,19366856,0,0,1370,71223,"",4.70,4.82,6.08,0.00,0.00,1.26,1.26,"",0,0.0,2,0.7,1684443,9.5,0,0.0,0,0.0,111,8.8,5773,8.8
"23031","5","23","74","0","2025","A","N",1000,0,0,0,0,0,0,"N",1.51,0,0,0,0,0,0,"N",-18,-1.8,0,0,0,0,0,0,0,0,0,0,0,0
"23999","5","23","74","0","2025","A","",280,1182,116494435,25613942,1002647,1895,98564,"",0.38,0.73,0.64,0.69,0.65,0.88,0.88,"N",-6,-2.1,0,0,0,0,0,0,0,0,0,0,0,0
"24000","2","23","54","0","2025","A","N",8,0,0,0,0,0,0,"N",0.26,0,0,0,0,0,0,"N",1,14.3,0,0,0,0,0,0,0,0,0,0,0,0
"24000","3","23","54","0","2025","A","N",1,0,0,0,0,0,0,"N",0.01,0,0,0,0,0,0,"N",0,0.0,0,0,0,0,0,0,0,0,0,0,0,0
"24000","5","23","54","0","2025","A","",16463,165205,14212918577,1870864486,37615495,1654,86032,"",1.06,1.13,1.11,1.11,0.93,0.98,0.98,"",91,0.6,882,0.5,704475959,5.2,13081574,0.7,4207591,12.6,73,4.6,3825,4.7
"24001","5","23","74","0","2025","A","N",114,0,0,0,0,0,0,"N",0.94,0,0,0,0,0,0,"N",-4,-3.4,0,0,0,0,0,0,0,0,0,0,0,0
"24003","5","23","74","0","2025","A","",1644,20139,1804675326,223635719,4174513,1723,89610,"",1.28,1.30,1.32,1.19,0.99,1.02,1.02,"",6,0.4,599,3.1,126225434,7.5,6266611,2.9,514976,14.1,71,4.3,3712,4.3
"24005","5","23","74","0","2025","A","",2034,24606,2144549598,280416392,5706765,1676,87156,"",1.10,1.26,1.38,1.19,1.00,1.10,1.10,"",28,1.4,117,0.5,111394211,5.5,-3229348,-1.1,103450,1.8,79,4.9,4134,5.0
"24009","5","23","74","0","2025","A","",309,1756,142746400,20222556,300358,1563,81275,"",1.94,1.47,1.77,1.54,0.98,1.20,1.20,"",7,2.3,-132,-7.0,-5401361,-3.6,-3594866,-15.1,-35584,-10.6,54,3.6,2793,3.6
"24011","5","23","74","0","2025","A","",120,1103,78723322,11835089,162860,1372,71356,"",2.11,2.31,2.76,2.18,1.31,1.19,1.19,"",-6,-4.8,39,3.7,6023506,8.3,236980,2.0,55272,51.4,58,4.4,3013,4.4
"24013","2","23","74","0","2025","A","N",1,0,0,0,0,0,0,"N",1.41,0,0,0,0,0,0,"N",0,0.0,0,0,0,0,0,0,0,0,0,0,0,0
"24013","5","23","74","0","2025","A","",744,6552,488188625,72311977,1274994,1433,74509,"",2.06,2.08,2.43,1.98,1.66,1.17,1.17,"",21,2.9,213,3.4,41359200,9.3,3075656,4.4,112426,9.7,77,5.7,4023,5.7
"24015","5","23","74","0","2025","A","",205,1366,100506722,15678564,312894,1415,73564,"",1.29,0.70,0.72,0.68,0.63,1.03,1.03,"N",7,3.5,0,0,0,0,0,0,0,0,0,0,0,0
"24017","5","23","74","0","2025","A","",378,2918,225736058,32338333,558686,1488,77362,"",1.48,1.27,1.47,1.25,0.95,1.16,1.16,"",0,0.0,24,0.8,12863739,6.0,10842,0.0,1368,0.2,73,5.2,3801,5.2
"24019","5","23","74","0","2025","A","N",91,0,0,0,0,0,0,"N",1.45,0,0,0,0,0,0,"N",4,4.6,0,0,0,0,0,0,0,0,0,0,0,0
"24021","5","23","74","0","2025","A","",840,9851,794806612,104898718,1768095,1552,80684,"",1.46,1.74,1.84,1.56,1.29,1.06,1.06,"",-9,-1.1,-259,-2.6,1459511,0.2,-3099031,-2.9,114972,7.0,43,2.8,2214,2.8
"24023","2","23","74","0","2025","A","N",1,0,0,0,0,0,0,"N",5.52,0,0,0,0,0,0,"N",0,0.0,0,0,0,0,0,0,0,0,0,0,0,0
"24023","5","23","74","0","2025","A","",183,1141,71371240,13488562,333501,1203,62565,"",1.98,1.79,2.07,1.70,1.59,1.16,1.16,"",-3,-1.6,-60,-5.0,1300400,1.9,-549340,-3.9,-35112,-9.5,81,7.2,4221,7.2
"24025","5","23","74","0","2025","A","",782,6452,497416410,69138944,1392876,1483,77094,"",1.59,1.27,1.32,1.18,1.02,1.04,1.04,"",2,0.3,104,1.6,27942613,6.0,352321,0.5,68377,5.2,61,4.3,3138,4.2
"24027","2","23","74","0","2025","A","N",1,0,0,0,0,0,0,"N",0.56,0,0,0,0,0,0,"N",1,100.0,0,0,0,0,0,0,0,0,0,0,0,0
"24027","5","23","74","0","2025","A","",810,11119,1065885851,123391992,2310338,1844,95863,"",0.90,1.21,1.20,1.05,0.83,0.99,0.99,"",-14,-1.7,-180,-1.6,17607825,1.7,-3023521,-2.4,262878,12.8,60,3.4,3088,3.3
"24029","2","23","74","0","2025","A","N",1,0,0,0,0,0,0,"N",8.53,0,0,0,0,0,0,"N",0,0.0,0,0,0,0,0,0,0,0,0,0,0,0
"24029","5","23","74","0","2025","A","N",74,0,0,0,0,0,0,"N",1.24,0,0,0,0,0,0,"N",0,0.0,0,0,0,0,0,0,0,0,0,0,0,0
"24031","2","23","74","0","2025","A","N",1,0,0,0,0,0,0,"N",0.18,0,0,0,0,0,0,"N",0,0.0,0,0,0,0,0,0,0,0,0,0,0,0
"24031","5","23","74","0","2025","A","",2528,21393,1905254683,238519661,3714725,1713,89059,"",0.89,0.89,0.76,0.86,0.60,0.86,0.86,"",45,1.8,-242,-1.1,35053863,1.9,-5458928,-2.2,381518,11.4,51,3.1,2614,3.0
"24033","5","23","74","0","2025","A","",1987,29297,2669117699,344120485,7886188,1752,91106,"",1.35,1.68,1.87,1.82,1.66,1.11,1.11,"",-33,-1.6,216,0.7,151412973,6.0,12208149,3.7,1845650,30.6,87,5.2,4530,5.2
"24035","5","23","74","0","2025","A","N",250,0,0,0,0,0,0,"N",1.92,0,0,0,0,0,0,"N",8,3.3,0,0,0,0,0,0,0,0,0,0,0,0
"24037","5","23","74","0","2025","A","",254,2153,171439505,24186490,544402,1531,79622,"",1.46,0.85,0.72,0.99,1.11,0.84,0.84,"",2,0.8,37,1.7,8564766,5.3,-430815,-1.8,158629,41.1,51,3.4,2640,3.4
"24039","5","23","74","0","2025","A","N",51,0,0,0,0,0,0,"N",1.44,0,0,0,0,0,0,"N",-2,-3.8,0,0,0,0,0,0,0,0,0,0,0,0
"24041","5","23","74","0","2025","A","",188,1140,74533242,12475075,176236,1257,65370,"",1.49,1.16,1.19,1.07,0.72,1.03,1.03,"",4,2.2,-27,-2.3,2055683,2.8,141273,1.1,30510,20.9,63,5.3,3269,5.3
"24043","2","23","74","0","2025","A","N",1,0,0,0,0,0,0,"N",1.76,0,0,0,0,0,0,"N",0,0.0,0,0,0,0,0,0,0,0,0,0,0,0
"24043","5","23","74","0","2025","A","N",337,0,0,0,0,0,0,"N",1.16,0,0,0,0,0,0,"N",-1,-0.3,0,0,0,0,0,0,0,0,0,0,0,0
"24045","5","23","74","0","2025","A","N",272,0,0,0,0,0,0,"N",1.30,0,0,0,0,0,0,"N",8,3.0,0,0,0,0,0,0,0,0,0,0,0,0
"24047","2","23","74","0","2025","A","N",2,0,0,0,0,0,0,"N",5.25,0,0,0,0,0,0,"N",0,0.0,0,0,0,0,0,0,0,0,0,0,0,0
"24047","3","23","74","0","2025","A","N",1,0,0,0,0,0,0,"N",1.14,0,0,0,0,0,0,"N",0,0.0,0,0,0,0,0,0,0,0,0,0,0,0
"24047","5","23","74","0","2025","A","",230,1230,67314950,13851544,274870,1053,54735,"",1.18,0.88,0.95,0.72,0.38,1.08,1.08,"",9,4.1,13,1.1,977290,1.5,243560,1.8,47530,20.9,5,0.5,237,0.4
"24510","5","23","74","0","2025","A","N",774,0,0,0,0,0,0,"N",0.65,0,0,0,0,0,0,"N",17,2.2,0,0,0,0,0,0,0,0,0,0,0,0
"24999","5","23","74","0","2025","A","",1264,4363,444943936,62189772,1540121,1961,101973,"",0.53,0.66,0.49,0.56,0.46,0.75,0.75,"N",-5,-0.4,0,0,0,0,0,0,0,0,0,0,0,0
"25000","2","23","54","0","2025","A","",10,1663,191922498,191922498,384047,2219,115396,"",0.22,0.97,1.23,20.13,10.15,1.26,1.26,"",-1,-9.1,-24,-1.4,11077690,6.1,11077690,6.1,22360,6.2,157,7.6,8192,7.6
"25000","3","23","54","0","2025","A","N",346,0,0,0,0,0,0,"N",3.37,0,0,0,0,0,0,"N",-1,-0.3,0,0,0,0,0,0,0,0,0,0,0,0
"25000","5","23","54","0","2025","A","N",22626,0,0,0,0,0,0,"N",0.99,0,0,0,0,0,0,"N",735,3.4,0,0,0,0,0,0,0,0,0,0,0,0
"25001","3","23","74","0","2025","A","",16,566,44536798,764793,765,1514,78745,"",4.62,8.25,10.97,3.88,0.28,1.33,1.33,"",0,0.0,22,4.0,4309100,10.7,-245977,-24.3,-246,-24.3,92,6.5,4797,6.5
"25001","5","23","74","0","2025","A","",1522,7134,605333941,131491574,4701404,1632,84858,"",1.97,1.40,1.64,1.05,0.79,1.17,1.17,"",66,4.5,-70,-1.0,18200053,3.1,-1164992,-0.9,900626,23.7,65,4.1,3363,4.1
"25003","2","23","74","0","2025","A","N",1,0,0,0,0,0,0,"N",1.18,0,0,0,0,0,0,"N",0,0.0,0,0,0,0,0,0,0,0,0,0,0,0
"25003","3","23","74","0","2025","A","",23,250,16959912,1950202,4153,1306,67908,"",11.84,6.09,6.95,19.14,3.79,1.14,1.14,"",0,0.0,-8,-3.1,600483,3.7,172111,9.7,1195,40.4,89,7.3,4602,7.3
"25003","5","23","74","0","2025","A","N",542,0,0,0,0,0,0,"N",1.25,0,0,0,0,0,0,"N",20,3.8,0,0,0,0,0,0,0,0,0,0,0,0
"25005","2","23","74","0","2025","A","N",1,0,0,0,0,0,0,"N",0.36,0,0,0,0,0,0,"N",0,0.0,0,0,0,0,0,0,0,0,0,0,0,0
"25005","3","23","74","0","2025","A","",22,538,41719011,696134,696,1492,77605,"",3.46,3.36,4.38,1.58,0.13,1.31,1.31,"",0,0.0,-7,-1.3,1771539,4.4,-54281,-7.2,-54,-7.2,82,5.8,4273,5.8
"25005","5","23","74","0","2025","A","N",1711,0,0,0,0,0,0,"N",1.21,0,0,0,0,0,0,"N",81,5.0,0,0,0,0,0,0,0,0,0,0,0,0
"25007","3","23","74","0","2025","A","N",5,0,0,0,0,0,0,"N",9.86,0,0,0,0,0,0,"N",0,0.0,0,0,0,0,0,0,0,0,0,0,0,0
"25007","5","23","74","0","2025","A","N",290,0,0,0,0,0,0,"N",2.57,0,0,0,0,0,0,"N",9,3.2,0,0,0,0,0,0,0,0,0,0,0,0
"25009","3","23","74","0","2025","A","N",36,0,0,0,0,0,0,"N",3.50,0,0,0,0,0,0,"N",0,0.0,0,0,0,0,0,0,0,0,0,0,0,0
"25009","5","23","74","0","2025","A","",2464,16410,1608162466,323806989,18405868,1885,97996,"",1.08,0.95,1.11,0.84,1.19,1.16,1.16,"",75,3.1,-681,-4.0,9753339,0.6,-13142956,-3.9,2249890,13.9,86,4.8,4470,4.8
"25011","3","23","74","0","2025","A","N",18,0,0,0,0,0,0,"N",19.73,0,0,0,0,0,0,"N",0,0.0,0,0,0,0,0,0,0,0,0,0,0,0
"25011","5","23","74","0","2025","A","N",173,0,0,0,0,0,0,"N",0.85,0,0,0,0,0,0,"N",2,1.2,0,0,0,0,0,0,0,0,0,0,0,0
"25013","3","23","74","0","2025","A","",17,585,39742572,920815,1455,1306,67897,"",2.54,4.09,4.87,2.46,0.35,1.19,1.19,"",0,0.0,-1,-0.2,1410043,3.7,162478,21.4,84,6.1,48,3.8,2455,3.8
"25013","5","23","74","0","2025","A","",933,8094,739189875,157714725,11998306,1756,91329,"",0.63,0.76,1.00,0.66,1.33,1.31,1.31,"",13,1.4,69,0.9,42815498,6.1,3337163,2.2,2267604,23.3,87,5.2,4557,5.3
"25015","2","23","74","0","2025","A","N",1,0,0,0,0,0,0,"N",1.31,0,0,0,0,0,0,"N",0,0.0,0,0,0,0,0,0,0,0,0,0,0,0
"25015","3","23","74","0","2025","A","",18,352,20013060,6867531,8843,1093,56828,"",10.29,7.63,7.84,37.35,8.59,1.03,1.03,"",0,0.0,-8,-2.2,1268063,6.8,260744,3.9,-3079,-25.8,91,9.1,4722,9.1
"25015","5","23","74","0","2025","A","N",402,0,0,0,0,0,0,"N",1.03,0,0,0,0,0,0,"N",18,4.7,0,0,0,0,0,0,0,0,0,0,0,0
"25017","2","23","74","0","2025","A","N",1,0,0,0,0,0,0,"N",0.11,0,0,0,0,0,0,"N",0,0.0,0,0,0,0,0,0,0,0,0,0,0,0
"25017","3","23","74","0","2025","A","",69,2398,237372789,5372942,7863,1903,98967,"",3.32,3.73,3.54,3.09,0.34,0.95,0.95,"",-1,-1.4,32,1.4,13583144,6.1,937556,21.1,1442,22.5,84,4.6,4388,4.6
"25017","5","23","74","0","2025","A","",4824,41783,4465864448,817140036,48831214,2055,106882,"",1.04,0.87,0.73,0.74,0.96,0.84,0.84,"",87,1.8,-1121,-2.6,37149094,0.8,-12034447,-1.5,8415625,20.8,70,3.5,3658,3.5
"25019","3","23","74","0","2025","A","N",1,0,0,0,0,0,0,"N",2.09,0,0,0,0,0,0,"N",0,0.0,0,0,0,0,0,0,0,0,0,0,0,0
"25019","5","23","74","0","2025","A","N",448,0,0,0,0,0,0,"N",4.22,0,0,0,0,0,0,"N",24,5.7,0,0,0,0,0,0,0,0,0,0,0,0
"25021","2","23","74","0","2025","A","N",1,0,0,0,0,0,0,"N",0.24,0,0,0,0,0,0,"N",0,0.0,0,0,0,0,0,0,0,0,0,0,0,0
"25021","3","23","74","0","2025","A","",28,1476,143318587,0,0,1867,97083,"",2.94,5.95,7.54,0.00,0.00,1.27,1.27,"",0,0.0,-4,-0.3,7109326,5.2,0,0.0,0,0.0,97,5.5,5039,5.5
"25021","5","23","74","0","2025","A","",2289,21289,2399821602,414367853,26657899,2168,112725,"",1.08,1.15,1.39,0.96,1.41,1.20,1.20,"",42,1.9,-656,-3.0,42362646,1.8,-10591188,-2.5,4869821,22.4,102,4.9,5297,4.9
"25023","3","23","74","0","2025","A","",27,714,60083837,0,0,1619,84190,"",4.50,5.08,6.68,0.00,0.00,1.31,1.31,"",0,0.0,5,0.7,3822475,6.8,0,0.0,0,0.0,92,6.0,4790,6.0
"25023","5","23","74","0","2025","A","",2021,15282,1556845090,308382400,20494201,1959,101874,"",1.51,1.46,1.90,1.21,1.93,1.30,1.30,"",47,2.4,-476,-3.0,13593454,0.9,-6370039,-2.0,3705027,22.1,76,4.0,3942,4.0
"25025","3","23","74","0","2025","A","",5,514,90146957,0,0,3373,175412,"",0.42,1.01,1.46,0.00,0.00,1.44,1.44,"",0,0.0,27,5.5,5504110,6.5,0,0.0,0,0.0,32,1.0,1697,1.0
"25025","5","23","74","0","2025","A","",1118,14471,2098562842,290010546,21446274,2789,145020,"",0.42,0.38,0.37,0.32,0.61,0.98,0.97,"",31,2.9,-655,-4.3,19211465,0.9,-5368845,-1.8,3239346,17.8,145,5.5,7551,5.5
"25027","2","23","74","0","2025","A","N",6,0,0,0,0,0,0,"N",1.38,0,0,0,0,0,0,"N",0,0.0,0,0,0,0,0,0,0,0,0,0,0,0
"25027","3","23","74","0","2025","A","",61,1352,107424487,10800286,17001,1528,79471,"",6.14,5.34,6.50,14.31,2.25,1.22,1.22,"",0,0.0,-26,-1.9,5278835,5.2,1319527,13.9,3813,28.9,103,7.2,5367,7.2
"25027","5","23","74","0","2025","A","",2620,16675,1615740043,325577430,19624442,1863,96895,"",1.19,0.88,1.07,0.68,1.20,1.21,1.21,"",94,3.7,-230,-1.4,88452816,5.8,-1841994,-0.6,3132919,19.0,126,7.3,6550,7.2
"25999","5","23","74","0","2025","A","",1268,4747,502125750,115303586,8076250,2034,105776,"",0.47,0.90,0.55,0.72,0.85,0.61,0.61,"",124,10.8,5,0.1,31076875,6.6,2190087,1.9,1575879,24.2,124,6.5,6435,6.5
"26000","3","23","54","0","2025","A","",80,4582,318812970,5468537,81470,1338,69578,"",0.73,1.46,1.63,1.13,1.32,1.12,1.12,"",2,2.6,-35,-0.8,17443282,5.8,-119622,-2.1,-8588,-9.5,83,6.6,4310,6.6
"26000","5","23","54","0","2025","A","",24745,201411,17347623568,2544619776,128620271,1656,86131,"",1.01,0.86,0.97,0.83,0.96,1.13,1.13,"",1081,4.6,5629,2.9,1341326666,8.4,-11156632,-0.4,2813225,2.2,84,5.3,4375,5.4
"26001","3","23","74","0","2025","A","N",1,0,0,0,0,0,0,"N",13.41,0,0,0,0,0,0,"N",0,0.0,0,0,0,0,0,0,0,0,0,0,0,0
"26001","5","23","74","0","2025","A","N",17,0,0,0,0,0,0,"N",1.02,0,0,0,0,0,0,"N",1,6.2,0,0,0,0,0,0,0,0,0,0,0,0
"26003","3","23","74","0","2025","A","N",1,0,0,0,0,0,0,"N",10.75,0,0,0,0,0,0,"N",0,0.0,0,0,0,0,0,0,0,0,0,0,0,0
"26003","5","23","74","0","2025","A","N",26,0,0,0,0,0,0,"N",1.26,0,0,0,0,0,0,"N",2,8.3,0,0,0,0,0,0,0,0,0,0,0,0
"26005","3","23","74","0","2025","A","N",1,0,0,0,0,0,0,"N",1.03,0,0,0,0,0,0,"N",0,0.0,0,0,0,0,0,0,0,0,0,0,0,0
"26005","5","23","74","0","2025","A","",420,3135,229230464,37321753,1531164,1406,73129,"",1.94,1.35,1.46,1.16,1.15,1.08,1.08,"",14,3.4,161,5.4,21076012,10.1,1005508,2.8,15755,1.0,60,4.5,3143,4.5
"26007","3","23","74","0","2025","A","N",1,0,0,0,0,0,0,"N",3.09,0,0,0,0,0,0,"N",0,0.0,0,0,0,0,0,0,0,0,0,0,0,0
"26007","5","23","74","0","2025","A","",105,464,26789029,5961938,362894,1109,57683,"",1.46,0.72,0.72,0.76,0.97,1.00,1.00,"",7,7.1,-15,-3.1,1272775,5.0,-327225,-5.2,17348,5.0,84,8.2,4385,8.2
"26009","3","23","74","0","2025","A","N",1,0,0,0,0,0,0,"N",4.58,0,0,0,0,0,0,"N",0,0.0,0,0,0,0,0,0,0,0,0,0,0,0
"26009","5","23","74","0","2025","A","",96,509,28878224,6085694,260242,1092,56763,"",1.98,1.90,2.25,1.72,1.26,1.19,1.19,"",8,9.1,26,5.4,2081741,7.8,-258568,-4.1,-24213,-8.5,25,2.3,1284,2.3
"26011","3","23","74","0","2025","A","N",1,0,0,0,0,0,0,"N",7.93,0,0,0,0,0,0,"N",0,0.0,0,0,0,0,0,0,0,0,0,0,0,0
"26011","5","23","74","0","2025","A","",42,115,5630753,1498930,74640,942,48999,"",1.50,0.54,0.51,0.52,0.59,0.95,0.95,"",3,7.7,7,6.5,-43107,-0.8,42950,2.9,5536,8.0,-71,-7.0,-3659,-6.9
"26013","3","23","74","0","2025","A","N",1,0,0,0,0,0,0,"N",13.23,0,0,0,0,0,0,"N",0,0.0,0,0,0,0,0,0,0,0,0,0,0,0
"26013","5","23","74","0","2025","A","N",16,0,0,0,0,0,0,"N",0.95,0,0,0,0,0,0,"N",0,0.0,0,0,0,0,0,0,0,0,0,0,0,0
"26015","3","23","74","0","2025","A","N",1,0,0,0,0,0,0,"N",2.60,0,0,0,0,0,0,"N",0,0.0,0,0,0,0,0,0,0,0,0,0,0,0
"26015","5","23","74","0","2025","A","",162,642,39952334,7855903,260029,1196,62191,"",1.90,0.91,1.00,0.90,0.90,1.10,1.10,"",12,8.0,35,5.8,2786509,7.5,280640,3.7,-14262,-5.2,18,1.5,937,1.5
"26017","3","23","74","0","2025","A","N",1,0,0,0,0,0,0,"N",1.32,0,0,0,0,0,0,"N",0,0.0,0,0,0,0,0,0,0,0,0,0,0,0
"26017","5","23","74","0","2025","A","",187,1482,109226985,19005693,1221366,1418,73727,"",1.11,0.82,0.98,0.83,1.17,1.19,1.19,"",3,1.6,-38,-2.5,10158582,10.3,-484752,-2.5,22691,1.9,164,13.1,8529,13.1
"26019","3","23","74","0","2025","A","N",1,0,0,0,0,0,0,"N",5.56,0,0,0,0,0,0,"N",0,0.0,0,0,0,0,0,0,0,0,0,0,0,0
"26019","5","23","74","0","2025","A","",85,504,32864107,6310035,250160,1255,65261,"",2.12,1.89,2.47,1.64,1.35,1.31,1.31,"",2,2.4,32,6.8,3357461,11.4,73136,1.2,13437,5.7,52,4.3,2714,4.3
"26021","5","23","74","0","2025","A","",355,1934,138411489,22838397,804349,1376,71561,"",1.07,0.60,0.69,0.53,0.50,1.14,1.14,"",13,3.8,-40,-2.0,-6827022,-4.7,-2690658,-10.5,-149881,-15.7,-39,-2.8,-2018,-2.7
"26023","3","23","74","0","2025","A","N",1,0,0,0,0,0,0,"N",3.22,0,0,0,0,0,0,"N",0,0.0,0,0,0,0,0,0,0,0,0,0,0,0
"26023","5","23","74","0","2025","A","",91,517,29483034,6307469,260487,1096,56981,"",1.32,0.63,0.59,0.52,0.66,0.93,0.93,"",4,4.6,30,6.2,2913460,11.0,351241,5.9,19541,8.1,46,4.4,2395,4.4
"26025","5","23","74","0","2025","A","",208,1926,152128000,25976027,1554994,1519,79007,"",0.98,0.66,0.71,0.74,1.16,1.08,1.08,"",14,7.2,95,5.2,12423275,8.9,2094899,8.8,180022,13.1,52,3.5,2707,3.5
"26027","3","23","74","0","2025","A","N",1,0,0,0,0,0,0,"N",2.93,0,0,0,0,0,0,"N",0,0.0,0,0,0,0,0,0,0,0,0,0,0,0
"26027","5","23","74","0","2025","A","",103,384,24708210,4988125,215168,1236,64288,"",1.36,0.76,0.84,0.78,0.80,1.11,1.11,"",4,4.0,23,6.4,3565135,16.9,271849,5.8,74560,53.0,109,9.7,5706,9.7
"26029","3","23","74","0","2025","A","N",1,0,0,0,0,0,0,"N",3.10,0,0,0,0,0,0,"N",0,0.0,0,0,0,0,0,0,0,0,0,0,0,0
"26029","5","23","74","0","2025","A","",139,674,40515689,7985915,311575,1156,60090,"",1.93,1.17,1.10,0.99,0.85,0.94,0.94,"",5,3.7,4,0.6,1079622,2.7,-444662,-5.3,-16061,-4.9,24,2.1,1208,2.1
"26031","3","23","74","0","2025","A","N",1,0,0,0,0,0,0,"N",3.40,0,0,0,0,0,0,"N",0,0.0,0,0,0,0,0,0,0,0,0,0,0,0
"26031","5","23","74","0","2025","A","",122,674,59506718,10666188,720105,1699,88344,"",1.86,2.08,3.33,2.27,1.95,1.61,1.61,"",4,3.4,93,16.0,10680989,21.9,1503206,16.4,161212,28.8,82,5.1,4258,5.1
"26033","3","23","74","0","2025","A","N",1,0,0,0,0,0,0,"N",3.32,0,0,0,0,0,0,"N",0,0.0,0,0,0,0,0,0,0,0,0,0,0,0
"26033","5","23","74","0","2025","A","",101,759,73142413,10553195,655175,1854,96420,"",1.51,1.12,1.77,1.61,1.67,1.58,1.58,"",3,3.1,107,16.4,15495656,26.9,906670,9.4,108879,19.9,154,9.1,8027,9.1
"26035","3","23","74","0","2025","A","N",1,0,0,0,0,0,0,"N",4.47,0,0,0,0,0,0,"N",0,0.0,0,0,0,0,0,0,0,0,0,0,0,0
"26035","5","23","74","0","2025","A","",81,416,24410164,5126831,267967,1128,58655,"",1.63,1.02,1.11,1.08,1.31,1.08,1.08,"",5,6.6,25,6.4,2361602,10.7,95498,1.9,-8603,-3.1,44,4.1,2301,4.1
"26037","3","23","74","0","2025","A","N",1,0,0,0,0,0,0,"N",1.89,0,0,0,0,0,0,"N",0,0.0,0,0,0,0,0,0,0,0,0,0,0,0
"26037","5","23","74","0","2025","A","",220,2194,161261456,26436163,1223500,1414,73515,"",1.86,2.21,2.71,1.97,2.14,1.23,1.23,"",11,5.3,98,4.7,13011555,8.8,138143,0.5,16496,1.4,54,4.0,2785,3.9
"26039","3","23","74","0","2025","A","N",1,0,0,0,0,0,0,"N",10.14,0,0,0,0,0,0,"N",0,0.0,0,0,0,0,0,0,0,0,0,0,0,0
"26039","5","23","74","0","2025","A","N",21,0,0,0,0,0,0,"N",0.96,0,0,0,0,0,0,"N",-1,-4.5,0,0,0,0,0,0,0,0,0,0,0,0
"26041","3","23","74","0","2025","A","N",1,0,0,0,0,0,0,"N",2.66,0,0,0,0,0,0,"N",0,0.0,0,0,0,0,0,0,0,0,0,0,0,0
"26041","5","23","74","0","2025","A","N",118,0,0,0,0,0,0,"N",1.41,0,0,0,0,0,0,"N",2,1.7,0,0,0,0,0,0,0,0,0,0,0,0
"26043","3","23","74","0","2025","A","N",1,0,0,0,0,0,0,"N",3.34,0,0,0,0,0,0,"N",0,0.0,0,0,0,0,0,0,0,0,0,0,0,0
"26043","5","23","74","0","2025","A","",79,1410,131232643,17773853,1113232,1790,93100,"",1.18,1.94,2.79,1.94,2.75,1.43,1.44,"",1,1.3,3,0.2,12473100,10.5,-177747,-1.0,63019,6.0,167,10.3,8689,10.3
"26045","3","23","74","0","2025","A","N",1,0,0,0,0,0,0,"N",1.32,0,0,0,0,0,0,"N",0,0.0,0,0,0,0,0,0,0,0,0,0,0,0
"26045","5","23","74","0","2025","A","",212,1624,129153049,19820477,953061,1530,79548,"",1.26,0.67,0.78,0.63,0.69,1.16,1.16,"",6,2.9,69,4.4,10781901,9.1,-232912,-1.2,-12991,-1.3,66,4.5,3437,4.5
"26047","3","23","74","0","2025","A","N",1,0,0,0,0,0,0,"N",1.77,0,0,0,0,0,0,"N",0,0.0,0,0,0,0,0,0,0,0,0,0,0,0
"26047","5","23","74","0","2025","A","",275,1558,101439707,18446114,819625,1252,65098,"",2.19,1.65,1.70,1.45,1.31,1.03,1.03,"",17,6.6,57,3.8,8201130,8.8,-350692,-1.9,-22333,-2.7,58,4.9,2991,4.8
"26049","3","23","74","0","2025","A","N",1,0,0,0,0,0,0,"N",0.38,0,0,0,0,0,0,"N",0,0.0,0,0,0,0,0,0,0,0,0,0,0,0
"26049","5","23","74","0","2025","A","",684,6857,577337826,85351452,5422589,1619,84195,"",1.17,0.96,1.30,0.95,1.38,1.36,1.35,"",28,4.3,380,5.9,59865259,11.6,2217869,2.7,388252,7.7,83,5.4,4297,5.4
"26051","3","23","74","0","2025","A","N",1,0,0,0,0,0,0,"N",6.07,0,0,0,0,0,0,"N",0,0.0,0,0,0,0,0,0,0,0,0,0,0,0
"26051","5","23","74","0","2025","A","",72,417,27173798,4947852,228028,1254,65217,"",1.96,1.75,2.14,1.60,1.67,1.22,1.22,"",5,7.5,-36,-7.9,-202800,-0.7,-719994,-12.7,-45054,-16.5,91,7.8,4739,7.8
"26053","3","23","74","0","2025","A","N",1,0,0,0,0,0,0,"N",6.80,0,0,0,0,0,0,"N",0,0.0,0,0,0,0,0,0,0,0,0,0,0,0
"26053","5","23","74","0","2025","A","N",45,0,0,0,0,0,0,"N",1.38,0,0,0,0,0,0,"N",1,2.3,0,0,0,0,0,0,0,0,0,0,0,0
"26055","3","23","74","0","2025","A","N",1,0,0,0,0,0,0,"N",0.74,0,0,0,0,0,0,"N",0,0.0,0,0,0,0,0,0,0,0,0,0,0,0
"26055","5","23","74","0","2025","A","",483,3247,231142617,37733200,1746983,1369,71179,"",1.60,1.17,1.26,1.09,1.24,1.08,1.08,"",35,7.8,57,1.8,14109676,6.5,-1512343,-3.9,-121205,-6.5,61,4.7,3152,4.6
"26057","3","23","74","0","2025","A","N",1,0,0,0,0,0,0,"N",3.49,0,0,0,0,0,0,"N",0,0.0,0,0,0,0,0,0,0,0,0,0,0,0
"26057","5","23","74","0","2025","A","",79,283,17675323,3724316,103975,1203,62549,"",1.24,0.42,0.42,0.50,0.37,1.01,1.01,"",5,6.8,-5,-1.7,1784474,11.2,-119200,-3.1,-19713,-15.9,141,13.3,7340,13.3
"26059","3","23","74","0","2025","A","N",1,0,0,0,0,0,0,"N",3.15,0,0,0,0,0,0,"N",0,0.0,0,0,0,0,0,0,0,0,0,0,0,0
"26059","5","23","74","0","2025","A","",88,418,20743376,5122992,251182,955,49655,"",1.25,0.63,0.54,0.64,0.72,0.86,0.86,"",5,6.0,33,8.6,1738038,9.1,385463,8.1,43078,20.7,6,0.6,323,0.7
"26061","3","23","74","0","2025","A","N",1,0,0,0,0,0,0,"N",2.90,0,0,0,0,0,0,"N",0,0.0,0,0,0,0,0,0,0,0,0,0,0,0
"26061","5","23","74","0","2025","A","",138,897,55702734,10709852,532823,1195,62116,"",1.80,1.36,1.36,1.49,1.77,1.00,1.00,"",9,7.0,109,13.8,9414549,20.3,830423,8.4,13588,2.6,65,5.8,3368,5.7
"26063","3","23","74","0","2025","A","N",1,0,0,0,0,0,0,"N",2.82,0,0,0,0,0,0,"N",0,0.0,0,0,0,0,0,0,0,0,0,0,0,0
"26063","5","23","74","0","2025","A","",125,533,29668250,6074039,260963,1070,55637,"",1.59,0.89,0.87,0.85,0.90,0.98,0.98,"",1,0.8,10,1.9,1100829,3.9,-180344,-2.9,-9318,-3.4,19,1.8,980,1.8
"26065","3","23","74","0","2025","A","N",1,0,0,0,0,0,0,"N",0.40,0,0,0,0,0,0,"N",0,0.0,0,0,0,0,0,0,0,0,0,0,0,0
"26065","5","23","74","0","2025","A","",427,5972,528856021,76654001,4706391,1703,88563,"",0.77,0.73,0.84,0.96,1.45,1.16,1.16,"",15,3.6,-134,-2.2,5872170,1.1,-5445984,-6.6,-228511,-4.6,56,3.4,2912,3.4
"26067","5","23","74","0","2025","A","",126,813,60305646,9527509,472471,1426,74161,"",1.42,0.82,1.13,0.73,0.99,1.38,1.38,"N",6,5.0,0,0,0,0,0,0,0,0,0,0,0,0
"26069","3","23","74","0","2025","A","N",1,0,0,0,0,0,0,"N",4.46,0,0,0,0,0,0,"N",0,0.0,0,0,0,0,0,0,0,0,0,0,0,0
"26069","5","23","74","0","2025","A","",90,330,18631877,4142258,291912,1084,56375,"",1.80,0.82,0.70,0.84,1.33,0.86,0.86,"",2,2.3,8,2.5,-1038651,-5.3,-176866,-4.1,-207,-0.1,-92,-7.8,-4761,-7.8
"26071","3","23","74","0","2025","A","N",1,0,0,0,0,0,0,"N",7.21,0,0,0,0,0,0,"N",0,0.0,0,0,0,0,0,0,0,0,0,0,0,0
"26071","5","23","74","0","2025","A","",58,187,9993069,2588771,168117,1025,53320,"",1.88,1.05,1.11,1.26,2.21,1.05,1.05,"",3,5.5,-30,-13.8,-1604723,-13.8,-431063,-14.3,-21188,-11.2,-1,-0.1,-44,-0.1
"26073","3","23","74","0","2025","A","N",1,0,0,0,0,0,0,"N",1.98,0,0,0,0,0,0,"N",0,0.0,0,0,0,0,0,0,0,0,0,0,0,0
"26073","5","23","74","0","2025","A","",170,1694,133343994,21297735,1296506,1513,78696,"",1.51,1.19,1.67,1.49,2.10,1.39,1.39,"",5,3.0,41,2.5,16013285,13.6,-455266,-2.1,-12938,-1.0,148,10.8,7708,10.9
"26075","5","23","74","0","2025","A","",306,2442,194118631,29238163,1544113,1529,79497,"",1.24,0.83,0.95,0.78,1.06,1.14,1.14,"",6,2.0,37,1.5,14494917,8.1,-801584,-2.7,89993,6.2,93,6.5,4804,6.4
"26077","3","23","74","0","2025","A","N",1,0,0,0,0,0,0,"N",0.46,0,0,0,0,0,0,"N",0,0.0,0,0,0,0,0,0,0,0,0,0,0,0
"26077","5","23","74","0","2025","A","",475,6145,512417356,75754672,3532936,1604,83383,"",0.99,0.95,1.08,0.93,1.15,1.13,1.13,"",17,3.7,-377,-5.8,-8168651,-1.6,-6541079,-7.9,-506684,-12.5,69,4.5,3559,4.5
"26079","3","23","74","0","2025","A","N",1,0,0,0,0,0,0,"N",7.12,0,0,0,0,0,0,"N",0,0.0,0,0,0,0,0,0,0,0,0,0,0,0
"26079","5","23","74","0","2025","A","",57,635,63631796,8765901,554681,1927,100221,"",1.82,2.43,3.48,2.34,2.65,1.43,1.43,"",8,16.3,76,13.6,12731471,25.0,835739,10.5,75156,15.7,175,10.0,9111,10.0
"26081","3","23","74","0","2025","A","N",1,0,0,0,0,0,0,"N",0.16,0,0,0,0,0,0,"N",0,0.0,0,0,0,0,0,0,0,0,0,0,0,0
"26081","5","23","74","0","2025","A","",1678,20754,1785080420,241097765,8421455,1654,86010,"",1.17,0.94,1.16,0.81,0.77,1.23,1.23,"",56,3.5,464,2.3,133328515,8.1,-2488331,-1.0,-17131,-0.2,89,5.7,4605,5.7
"26083","3","23","74","0","2025","A","N",1,0,0,0,0,0,0,"N",32.99,0,0,0,0,0,0,"N",0,0.0,0,0,0,0,0,0,0,0,0,0,0,0
"26083","5","23","74","0","2025","A","N",8,0,0,0,0,0,0,"N",1.19,0,0,0,0,0,0,"N",0,0.0,0,0,0,0,0,0,0,0,0,0,0,0
"26085","3","23","74","0","2025","A","N",1,0,0,0,0,0,0,"N",14.79,0,0,0,0,0,0,"N",0,0.0,0,0,0,0,0,0,0,0,0,0,0,0
"26085","5","23","74","0","2025","A","",26,79,3997942,981634,43960,969,50394,"",1.73,0.88,0.97,0.93,1.08,1.09,1.09,"",3,13.0,1,1.3,347094,9.5,-41509,-4.1,-1022,-2.3,68,7.5,3538,7.6
"26087","3","23","74","0","2025","A","N",1,0,0,0,0,0,0,"N",1.61,0,0,0,0,0,0,"N",0,0.0,0,0,0,0,0,0,0,0,0,0,0,0
"26087","5","23","74","0","2025","A","",245,1259,87576134,15550277,684355,1338,69578,"",1.78,1.07,1.29,1.00,0.95,1.21,1.21,"",3,1.2,-14,-1.1,-4181330,-4.6,-1802910,-10.4,-121716,-15.1,-48,-3.5,-2502,-3.5
"26089","3","23","74","0","2025","A","N",1,0,0,0,0,0,0,"N",3.25,0,0,0,0,0,0,"N",0,0.0,0,0,0,0,0,0,0,0,0,0,0,0
"26089","5","23","74","0","2025","A","",122,540,33023882,6114894,220577,1176,61165,"",1.78,1.39,1.55,1.30,1.16,1.12,1.12,"",8,7.0,-5,-0.9,275618,0.8,-461064,-7.0,-7230,-3.2,21,1.8,1104,1.8
"26091","3","23","74","0","2025","A","N",1,0,0,0,0,0,0,"N",1.43,0,0,0,0,0,0,"N",0,0.0,0,0,0,0,0,0,0,0,0,0,0,0
"26091","5","23","74","0","2025","A","",207,1011,67379005,11823972,514622,1281,66629,"",1.33,0.74,0.82,0.75,0.81,1.11,1.11,"N",5,2.5,0,0,0,0,0,0,0,0,0,0,0,0
"26093","3","23","74","0","2025","A","N",1,0,0,0,0,0,0,"N",0.58,0,0,0,0,0,0,"N",0,0.0,0,0,0,0,0,0,0,0,0,0,0,0
"26093","5","23","74","0","2025","A","",706,4651,370645589,57437663,2784893,1533,79690,"",1.83,1.36,1.69,1.17,1.30,1.24,1.24,"",25,3.7,115,2.5,16767116,4.7,-1673569,-2.8,12975,0.5,33,2.2,1682,2.2
"26095","3","23","74","0","2025","A","N",1,0,0,0,0,0,0,"N",15.11,0,0,0,0,0,0,"N",0,0.0,0,0,0,0,0,0,0,0,0,0,0,0
"26095","5","23","74","0","2025","A","N",14,0,0,0,0,0,0,"N",0.95,0,0,0,0,0,0,"N",3,27.3,0,0,0,0,0,0,0,0,0,0,0,0
"26097","3","23","74","0","2025","A","N",1,0,0,0,0,0,0,"N",5.55,0,0,0,0,0,0,"N",0,0.0,0,0,0,0,0,0,0,0,0,0,0,0
"26097","5","23","74","0","2025","A","",63,251,12826120,3005245,170689,984,51185,"",1.57,0.99,0.89,0.78,0.47,0.91,0.91,"",3,5.0,19,8.2,1168537,10.0,7840,0.3,-4491,-2.6,19,2.0,1009,2.0
"26099","3","23","74","0","2025","A","N",1,0,0,0,0,0,0,"N",0.14,0,0,0,0,0,0,"N",0,0.0,0,0,0,0,0,0,0,0,0,0,0,0
"26099","5","23","74","0","2025","A","",2119,18024,1557649392,226091891,11616710,1662,86419,"",1.34,1.03,1.14,0.90,0.95,1.11,1.11,"",39,1.9,394,2.2,84641186,5.7,-3151733,-1.4,174621,1.5,55,3.4,2870,3.4
"26101","3","23","74","0","2025","A","N",1,0,0,0,0,0,0,"N",4.74,0,0,0,0,0,0,"N",0,0.0,0,0,0,0,0,0,0,0,0,0,0,0
"26101","5","23","74","0","2025","A","",76,283,17160110,3262515,134967,1166,60619,"",1.62,0.72,0.74,0.78,0.70,1.04,1.04,"",0,0.0,-32,-10.2,186745,1.1,-512671,-13.6,-9206,-6.4,131,12.7,6792,12.6
"26103","3","23","74","0","2025","A","N",1,0,0,0,0,0,0,"N",1.57,0,0,0,0,0,0,"N",0,0.0,0,0,0,0,0,0,0,0,0,0,0,0
"26103","5","23","74","0","2025","A","",205,1462,92943780,19158792,1288173,1223,63588,"",1.45,1.04,1.07,1.09,1.89,1.03,1.03,"",11,5.7,1,0.1,2873277,3.2,-660903,-3.3,-25717,-2.0,37,3.1,1935,3.1
"26105","3","23","74","0","2025","A","N",1,0,0,0,0,0,0,"N",3.82,0,0,0,0,0,0,"N",0,0.0,0,0,0,0,0,0,0,0,0,0,0,0
"26105","5","23","74","0","2025","A","",99,543,32735350,6570807,330286,1159,60249,"",1.70,1.01,1.13,0.97,1.05,1.12,1.12,"",6,6.5,-2,-0.4,971194,3.1,-585796,-8.2,-13085,-3.8,39,3.5,2002,3.4
"26107","3","23","74","0","2025","A","N",1,0,0,0,0,0,0,"N",3.94,0,0,0,0,0,0,"N",0,0.0,0,0,0,0,0,0,0,0,0,0,0,0
"26107","5","23","74","0","2025","A","",60,176,10103492,2276606,123425,1102,57325,"",1.06,0.27,0.31,0.34,0.52,1.17,1.17,"",3,5.3,8,4.8,1145689,12.8,-78533,-3.3,-4484,-3.5,77,7.5,4031,7.6
"26109","3","23","74","0","2025","A","N",1,0,0,0,0,0,0,"N",5.63,0,0,0,0,0,0,"N",0,0.0,0,0,0,0,0,0,0,0,0,0,0,0
"26109","5","23","74","0","2025","A","N",35,0,0,0,0,0,0,"N",0.89,0,0,0,0,0,0,"N",1,2.9,0,0,0,0,0,0,0,0,0,0,0,0
"26111","3","23","74","0","2025","A","N",1,0,0,0,0,0,0,"N",0.69,0,0,0,0,0,0,"N",0,0.0,0,0,0,0,0,0,0,0,0,0,0,0
"26111","5","23","74","0","2025","A","N",208,0,0,0,0,0,0,"N",0.65,0,0,0,0,0,0,"N",6,3.0,0,0,0,0,0,0,0,0,0,0,0,0
"26113","5","23","74","0","2025","A","",54,204,12181834,2460757,146559,1146,59617,"",1.79,0.94,1.07,0.78,0.96,1.14,1.14,"",2,3.8,6,3.0,1517545,14.2,87743,3.7,3598,2.5,111,10.7,5780,10.7
"26115","3","23","74","0","2025","A","N",1,0,0,0,0,0,0,"N",1.10,0,0,0,0,0,0,"N",0,0.0,0,0,0,0,0,0,0,0,0,0,0,0
"26115","5","23","74","0","2025","A","",296,1953,174627518,26195913,1450536,1720,89415,"",1.47,0.91,1.21,0.89,1.26,1.33,1.33,"",18,6.5,13,0.7,19113832,12.3,-2729650,-9.4,116908,8.8,179,11.6,9264,11.6
"26117","3","23","74","0","2025","A","N",1,0,0,0,0,0,0,"N",2.52,0,0,0,0,0,0,"N",0,0.0,0,0,0,0,0,0,0,0,0,0,0,0
"26117","5","23","74","0","2025","A","",151,723,45839927,8603443,283158,1219,63373,"",1.71,0.83,0.98,0.87,0.78,1.17,1.17,"",10,7.1,45,6.6,4618935,11.2,151183,1.8,5639,2.0,49,4.2,2538,4.2
"26119","3","23","74","0","2025","A","N",1,0,0,0,0,0,0,"N",12.16,0,0,0,0,0,0,"N",0,0.0,0,0,0,0,0,0,0,0,0,0,0,0
"26119","5","23","74","0","2025","A","N",45,0,0,0,0,0,0,"N",2.46,0,0,0,0,0,0,"N",1,2.3,0,0,0,0,0,0,0,0,0,0,0,0
"26121","3","23","74","0","2025","A","N",1,0,0,0,0,0,0,"N",0.88,0,0,0,0,0,0,"N",0,0.0,0,0,0,0,0,0,0,0,0,0,0,0
"26121","5","23","74","0","2025","A","",302,2468,204705329,30761075,1676054,1595,82944,"",1.20,0.75,0.98,0.75,1.07,1.31,1.31,"",6,2.0,44,1.8,15735662,8.3,-888293,-2.8,-86160,-4.9,96,6.4,4981,6.4
"26123","3","23","74","0","2025","A","N",1,0,0,0,0,0,0,"N",3.19,0,0,0,0,0,0,"N",0,0.0,0,0,0,0,0,0,0,0,0,0,0,0
"26123","5","23","74","0","2025","A","",118,582,33977696,7180933,309212,1122,58364,"",1.69,0.93,1.00,0.99,1.11,1.07,1.07,"",11,10.3,43,8.0,3024763,9.8,538282,8.1,32669,11.8,18,1.6,973,1.7
"26125","3","23","74","0","2025","A","N",1,0,0,0,0,0,0,"N",0.06,0,0,0,0,0,0,"N",0,0.0,0,0,0,0,0,0,0,0,0,0,0,0
"26125","5","23","74","0","2025","A","",3046,32975,3322967619,428655651,23754049,1938,100772,"",0.88,0.86,1.01,0.76,0.92,1.17,1.17,"",96,3.3,469,1.4,203558438,6.5,324695,0.1,451459,1.9,93,5.0,4809,5.0
"26127","3","23","74","0","2025","A","N",1,0,0,0,0,0,0,"N",4.89,0,0,0,0,0,0,"N",0,0.0,0,0,0,0,0,0,0,0,0,0,0,0
"26127","5","23","74","0","2025","A","",65,324,18914573,4012738,202298,1121,58288,"",1.43,0.94,1.06,0.83,0.65,1.13,1.13,"",3,4.8,26,8.7,2143371,12.8,160663,4.2,-517,-0.3,38,3.5,1993,3.5
"26129","3","23","74","0","2025","A","N",1,0,0,0,0,0,0,"N",4.56,0,0,0,0,0,0,"N",0,0.0,0,0,0,0,0,0,0,0,0,0,0,0
"26129","5","23","74","0","2025","A","",70,287,18133723,3652670,318031,1215,63202,"",1.43,0.90,1.12,0.90,1.80,1.25,1.25,"",3,4.5,-2,-0.7,979344,5.7,-124447,-3.3,-8346,-2.6,73,6.4,3793,6.4
"26131","3","23","74","0","2025","A","N",1,0,0,0,0,0,0,"N",14.57,0,0,0,0,0,0,"N",0,0.0,0,0,0,0,0,0,0,0,0,0,0,0
"26131","5","23","74","0","2025","A","",22,64,2946586,824348,62333,880,45743,"",1.44,0.90,1.02,1.06,1.98,1.13,1.13,"",1,4.8,-3,-4.5,251794,9.3,-4586,-0.6,9879,18.8,109,14.1,5672,14.2
"26133","3","23","74","0","2025","A","N",1,0,0,0,0,0,0,"N",5.86,0,0,0,0,0,0,"N",0,0.0,0,0,0,0,0,0,0,0,0,0,0,0
"26133","5","23","74","0","2025","A","",58,918,91814708,12194937,565259,1923,99989,"",1.53,2.25,3.57,2.09,1.77,1.58,1.58,"",0,0.0,-20,-2.1,1074187,1.2,-338581,-2.7,8240,1.5,63,3.4,3294,3.4
"26135","3","23","74","0","2025","A","N",1,0,0,0,0,0,0,"N",13.86,0,0,0,0,0,0,"N",0,0.0,0,0,0,0,0,0,0,0,0,0,0,0
"26135","5","23","74","0","2025","A","N",25,0,0,0,0,0,0,"N",1.56,0,0,0,0,0,0,"N",1,4.2,0,0,0,0,0,0,0,0,0,0,0,0
"26137","3","23","74","0","2025","A","N",1,0,0,0,0,0,0,"N",3.44,0,0,0,0,0,0,"N",0,0.0,0,0,0,0,0,0,0,0,0,0,0,0
"26137","5","23","74","0","2025","A","",98,647,45586549,8761573,502780,1354,70413,"",1.52,1.16,1.36,1.16,1.56,1.17,1.17,"",2,2.1,21,3.4,864912,1.9,-364985,-4.0,-13700,-2.7,-21,-1.5,-1075,-1.5
"26139","3","23","74","0","2025","A","N",1,0,0,0,0,0,0,"N",0.40,0,0,0,0,0,0,"N",0,0.0,0,0,0,0,0,0,0,0,0,0,0,0
"26139","5","23","74","0","2025","A","",1063,7060,533813238,80318653,2768940,1454,75614,"",1.92,1.03,1.17,0.86,0.80,1.14,1.14,"",31,3.0,108,1.6,27747202,5.5,-3668620,-4.4,-130101,-4.5,54,3.9,2824,3.9
"26141","3","23","74","0","2025","A","N",1,0,0,0,0,0,0,"N",8.25,0,0,0,0,0,0,"N",0,0.0,0,0,0,0,0,0,0,0,0,0,0,0
"26141","5","23","74","0","2025","A","",43,105,4838884,1198988,68294,883,45902,"",1.59,0.77,0.64,0.71,0.59,0.82,0.82,"",1,2.4,0,0.0,212852,4.6,-31755,-2.6,-1730,-2.5,39,4.6,2019,4.6
"26143","3","23","74","0","2025","A","N",1,0,0,0,0,0,0,"N",4.78,0,0,0,0,0,0,"N",0,0.0,0,0,0,0,0,0,0,0,0,0,0,0
"26143","5","23","74","0","2025","A","",79,316,19868187,4518450,250517,1209,62891,"",1.70,0.98,1.35,1.04,1.19,1.38,1.38,"",5,6.8,31,10.9,2163987,12.2,391618,9.5,17268,7.4,16,1.3,844,1.4
"26145","3","23","74","0","2025","A","N",1,0,0,0,0,0,0,"N",0.70,0,0,0,0,0,0,"N",0,0.0,0,0,0,0,0,0,0,0,0,0,0,0
"26145","5","23","74","0","2025","A","",355,3365,280242912,45478525,2758263,1602,83288,"",1.12,0.79,1.00,0.86,1.25,1.27,1.27,"",4,1.1,14,0.4,15235883,5.7,-993546,-2.1,-33599,-1.2,81,5.3,4211,5.3
"26147","3","23","74","0","2025","A","N",2,0,0,0,0,0,0,"N",1.68,0,0,0,0,0,0,"N",0,0.0,0,0,0,0,0,0,0,0,0,0,0,0
"26147","5","23","74","0","2025","A","",468,2787,221157865,35779761,1603289,1526,79351,"",1.77,1.26,1.60,1.33,1.47,1.27,1.27,"",26,5.9,146,5.5,18727469,9.3,1896712,5.6,167370,11.7,52,3.5,2702,3.5
"26149","3","23","74","0","2025","A","N",1,0,0,0,0,0,0,"N",1.23,0,0,0,0,0,0,"N",0,0.0,0,0,0,0,0,0,0,0,0,0,0,0
"26149","5","23","74","0","2025","A","",104,692,53269265,7973195,233027,1479,76923,"",0.58,0.63,0.81,0.56,0.45,1.28,1.28,"",1,1.0,-49,-6.6,-2458146,-4.4,-1061176,-11.7,-20162,-8.0,33,2.3,1717,2.3
"26151","5","23","74","0","2025","A","",107,438,25657357,5185673,262015,1127,58612,"",1.53,0.80,0.85,0.74,0.83,1.07,1.07,"",7,7.0,-4,-0.9,234949,0.9,-268835,-4.9,-15051,-5.4,20,1.8,1030,1.8
"26153","3","23","74","0","2025","A","N",1,0,0,0,0,0,0,"N",11.96,0,0,0,0,0,0,"N",0,0.0,0,0,0,0,0,0,0,0,0,0,0,0
"26153","5","23","74","0","2025","A","",28,146,8365224,1655015,113785,1103,57362,"",1.50,1.00,1.02,1.21,1.59,1.02,1.02,"",2,7.7,-5,-3.3,587650,7.6,-113274,-6.4,-11635,-9.3,110,11.1,5741,11.1
"26155","3","23","74","0","2025","A","N",1,0,0,0,0,0,0,"N",2.34,0,0,0,0,0,0,"N",0,0.0,0,0,0,0,0,0,0,0,0,0,0,0
"26155","5","23","74","0","2025","A","",163,822,51881444,10582421,397024,1214,63148,"",1.71,1.00,1.08,1.17,1.11,1.08,1.08,"",7,4.5,49,6.3,5867704,12.8,322528,3.1,22008,5.9,70,6.1,3647,6.1
"26157","3","23","74","0","2025","A","N",1,0,0,0,0,0,0,"N",3.02,0,0,0,0,0,0,"N",0,0.0,0,0,0,0,0,0,0,0,0,0,0,0
"26157","5","23","74","0","2025","A","",127,626,33248665,7301526,310528,1022,53148,"",1.72,0.97,0.92,1.02,1.12,0.95,0.95,"",8,6.7,1,0.2,-98651,-0.3,-270809,-3.6,-28542,-8.4,-4,-0.4,-179,-0.3
"26159","3","23","74","0","2025","A","N",1,0,0,0,0,0,0,"N",1.67,0,0,0,0,0,0,"N",0,0.0,0,0,0,0,0,0,0,0,0,0,0,0
"26159","5","23","74","0","2025","A","",157,770,47218795,9236870,409686,1179,61316,"",1.18,0.67,0.71,0.62,0.67,1.05,1.05,"",8,5.4,74,10.6,5349871,12.8,536094,6.2,40899,11.1,22,1.9,1167,1.9
"26161","3","23","74","0","2025","A","N",1,0,0,0,0,0,0,"N",0.29,0,0,0,0,0,0,"N",0,0.0,0,0,0,0,0,0,0,0,0,0,0,0
"26161","5","23","74","0","2025","A","",617,4949,406650592,62590804,2983247,1580,82170,"",0.80,0.43,0.42,0.63,0.77,0.99,0.99,"",21,3.5,42,0.9,24505890,6.4,-2577960,-4.0,-169790,-5.4,82,5.5,4293,5.5
"26163","5","23","74","0","2025","A","",2316,24686,2336509189,317781544,18329611,1820,94648,"",0.78,0.65,0.71,0.63,0.79,1.11,1.11,"",84,3.8,1016,4.3,209289860,9.8,2753402,0.9,1246308,7.3,92,5.3,4778,5.3
"26165","3","23","74","0","2025","A","N",1,0,0,0,0,0,0,"N",3.13,0,0,0,0,0,0,"N",0,0.0,0,0,0,0,0,0,0,0,0,0,0,0
"26165","5","23","74","0","2025","A","",74,288,16530825,3265924,134274,1104,57399,"",1.04,0.42,0.40,0.38,0.36,0.97,0.97,"",4,5.7,-1,-0.3,1059919,6.9,-148013,-4.3,-19753,-12.8,74,7.2,3820,7.1
"26999","3","23","74","0","2025","A","N",2,0,0,0,0,0,0,"N",0.09,0,0,0,0,0,0,"N",0,0.0,0,0,0,0,0,0,0,0,0,0,0,0
"26999","5","23","74","0","2025","A","",2119,8725,995343910,138270231,6010401,2194,114080,"",0.43,0.90,0.85,0.78,0.73,0.95,0.95,"N",255,13.7,0,0,0,0,0,0,0,0,0,0,0,0
"27000","2","23","54","0","2025","A","",130,3817,316633916,0,0,1595,82945,"",4.00,2.76,3.25,0.00,0.00,1.18,1.18,"",0,0.0,94,2.5,14398278,4.8,0,0.0,0,0.0,34,2.2,1772,2.2
"27000","3","23","54","0","2025","A","",70,3378,286709154,9125,821,1632,84884,"",0.94,1.61,2.02,0.00,0.02,1.25,1.25,"",-1,-1.4,-44,-1.3,10902618,4.0,-3025,-24.9,-274,-25.0,82,5.3,4274,5.3
"27000","5","23","54","0","2025","A","",18407,141404,13113673529,6771419563,244393926,1783,92739,"",1.11,0.91,1.01,1.03,2.52,1.12,1.12,"",6,0.0,3362,2.4,883635126,7.2,345441958,5.4,15077077,6.6,79,4.6,4142,4.7
"27001","2","23","74","0","2025","A","",1,6,448056,0,0,1326,68932,"",13.73,2.90,4.71,0.00,0.00,1.50,1.50,"",0,0.0,0,0.0,45559,11.3,0,0.0,0,0.0,104,8.5,5380,8.5
"27001","3","23","74","0","2025","A","",2,38,2317875,0,0,1173,60997,"",11.98,12.14,16.75,0.00,0.00,1.38,1.38,"",0,0.0,2,5.6,144281,6.6,0,0.0,0,0.0,20,1.7,1036,1.7
"27001","5","23","74","0","2025","A","",62,208,12005050,8367344,254181,1111,57786,"",1.67,0.89,0.95,1.15,1.90,1.07,1.07,"",-2,-3.1,1,0.5,637707,5.6,240989,3.0,14521,6.1,53,5.0,2783,5.1
"27003","3","23","74","0","2025","A","",2,84,7798226,0,0,1794,93299,"",0.65,0.89,1.38,0.00,0.00,1.56,1.56,"",0,0.0,-1,-1.2,285677,3.8,0,0.0,0,0.0,99,5.8,5175,5.9
"27003","5","23","74","0","2025","A","",1176,9673,882322614,458545292,15711079,1754,91212,"",1.72,1.37,1.71,1.49,3.39,1.25,1.25,"",-12,-1.0,346,3.7,81181577,10.1,26769114,6.2,1128089,7.7,102,6.2,5317,6.2
"27005","2","23","74","0","2025","A","",1,150,13019282,0,0,1675,87085,"",5.86,20.78,35.81,0.00,0.00,1.73,1.73,"",0,0.0,-1,-0.7,150949,1.2,0,0.0,0,0.0,40,2.4,2052,2.4
"27005","3","23","74","0","2025","A","",1,27,2302094,0,0,1640,85263,"",2.56,2.47,4.35,0.00,0.00,1.76,1.76,"",0,0.0,1,3.8,234095,11.3,0,0.0,0,0.0,96,6.2,4952,6.2
"27005","5","23","74","0","2025","A","",180,775,56499601,34866738,1298562,1401,72871,"",2.07,0.95,1.17,1.14,2.47,1.23,1.23,"",-3,-1.6,-47,-5.7,-2109615,-3.6,-330462,-0.9,51829,4.2,29,2.1,1527,2.1
"27007","2","23","74","0","2025","A","",1,136,11963427,0,0,1691,87913,"",4.98,13.99,23.25,0.00,0.00,1.66,1.66,"",0,0.0,0,0.0,561274,4.9,0,0.0,0,0.0,77,4.8,3971,4.7
"27007","3","23","74","0","2025","A","",2,40,2670489,0,0,1268,65938,"",4.34,2.72,3.57,0.00,0.00,1.30,1.30,"",0,0.0,-1,-2.4,390176,17.1,0,0.0,0,0.0,198,18.5,10321,18.6
"27007","5","23","74","0","2025","A","",174,1358,112634177,66530766,3847424,1595,82946,"",1.70,1.24,1.65,2.05,4.97,1.33,1.33,"",4,2.4,73,5.7,16404281,17.0,7158093,12.1,684625,21.6,155,10.8,8073,10.8
"27009","3","23","74","0","2025","A","",1,1,9125,9125,821,175,9125,"",2.72,0.08,0.01,0.14,1.96,0.18,0.18,"",0,0.0,0,0.0,-3025,-24.9,-3025,-24.9,-274,-25.0,-12,-6.4,-595,-6.1
"27009","5","23","74","0","2025","A","N",188,0,0,0,0,0,0,"N",2.29,0,0,0,0,0,0,"N",-6,-3.1,0,0,0,0,0,0,0,0,0,0,0,0
"27011","2","23","74","0","2025","A","",1,4,249842,0,0,1201,62460,"",29.63,4.88,6.10,0.00,0.00,1.25,1.25,"",0,0.0,0,0.0,-1605,-0.6,0,0.0,0,0.0,17,1.4,881,1.4
"27011","5","23","74","0","2025","A","",24,176,18603097,8924302,501289,2028,105450,"",1.39,1.91,3.43,3.63,5.99,1.79,1.79,"",-3,-11.1,-9,-4.9,-678525,-3.5,-66781,-0.7,-12001,-2.3,25,1.2,1272,1.2
"27013","2","23","74","0","2025","A","",1,7,498029,0,0,1455,75650,"",3.06,0.36,0.47,0.00,0.00,1.39,1.39,"",0,0.0,-1,-12.5,-65926,-11.7,0,0.0,0,0.0,127,9.6,6594,9.5
"27013","5","23","74","0","2025","A","",238,1934,159011170,86088898,2363589,1581,82201,"",1.43,0.88,1.13,1.06,2.32,1.28,1.28,"",-1,-0.4,-7,-0.4,7103920,4.7,1754031,2.1,65288,2.8,76,5.0,3942,5.0
"27015","2","23","74","0","2025","A","",2,11,712390,0,0,1255,65257,"",14.62,1.76,2.19,0.00,0.00,1.26,1.26,"",0,0.0,2,22.2,143455,25.2,0,0.0,0,0.0,93,8.0,4839,8.0
"27015","3","23","74","0","2025","A","",1,26,1856528,0,0,1387,72098,"",3.19,2.74,3.93,0.00,0.00,1.45,1.45,"",0,0.0,0,0.0,63880,3.6,0,0.0,0,0.0,39,2.9,2027,2.9
"27015","5","23","74","0","2025","A","",108,633,47822098,28293598,1433249,1453,75578,"",1.55,0.90,1.11,1.06,3.78,1.24,1.24,"",0,0.0,12,1.9,2024304,4.4,1215749,4.5,84330,6.3,34,2.4,1800,2.4
"27017","2","23","74","0","2025","A","",2,23,1747721,0,0,1461,75988,"",16.65,3.73,5.19,0.00,0.00,1.39,1.39,"",0,0.0,1,4.5,255334,17.1,0,0.0,0,0.0,141,10.7,7373,10.7
"27017","3","23","74","0","2025","A","",1,24,635412,0,0,509,26476,"",3.63,2.57,1.30,0.00,0.00,0.50,0.50,"",0,0.0,9,60.0,7557,1.2,0,0.0,0,0.0,-314,-38.2,-16332,-38.2
"27017","5","23","74","0","2025","A","",105,883,88776862,50572020,2985316,1934,100588,"",1.71,1.27,1.99,2.46,5.58,1.56,1.56,"",-5,-4.5,3,0.3,1647394,1.9,3563618,7.6,98199,3.4,30,1.6,1587,1.6
"27019","3","23","74","0","2025","A","",1,86,7342718,0,0,1650,85796,"",1.01,2.98,3.77,0.00,0.00,1.27,1.27,"",0,0.0,6,7.5,807762,12.4,0,0.0,0,0.0,71,4.5,3681,4.5
"27019","5","23","74","0","2025","A","N",335,0,0,0,0,0,0,"N",1.51,0,0,0,0,0,0,"N",-9,-2.6,0,0,0,0,0,0,0,0,0,0,0,0
"27021","2","23","74","0","2025","A","",3,22,1456496,0,0,1245,64733,"",20.71,4.42,6.92,0.00,0.00,1.53,1.53,"",0,0.0,0,0.0,36473,2.6,0,0.0,0,0.0,22,1.8,1150,1.8
"27021","3","23","74","0","2025","A","",1,43,3241962,0,0,1458,75835,"",3.01,5.70,10.58,0.00,0.00,1.86,1.87,"",0,0.0,-1,-2.3,197310,6.5,0,0.0,0,0.0,130,9.8,6769,9.8
"27021","5","23","74","0","2025","A","",148,414,25509405,18621883,777189,1186,61667,"",2.00,0.74,0.91,1.17,1.85,1.24,1.24,"",-4,-2.6,-20,-4.6,-269376,-1.0,-168469,-0.9,-30180,-3.7,43,3.8,2223,3.7
"27023","2","23","74","0","2025","A","",1,8,572766,0,0,1391,72349,"",15.77,3.31,4.72,0.00,0.00,1.44,1.44,"",0,0.0,0,0.0,31704,5.9,0,0.0,0,0.0,63,4.7,3277,4.7
"27023","5","23","74","0","2025","A","",48,295,25866069,13380076,395489,1684,87558,"",1.48,1.08,1.61,1.34,2.58,1.48,1.48,"",-1,-2.0,-13,-4.2,-2011878,-7.2,241478,1.8,26317,7.1,-59,-3.4,-3053,-3.4
"27025","2","23","74","0","2025","A","",1,13,949804,0,0,1396,72596,"",4.75,1.70,2.27,0.00,0.00,1.33,1.33,"",0,0.0,0,0.0,53306,5.9,0,0.0,0,0.0,70,5.3,3635,5.3
"27025","3","23","74","0","2025","A","",1,39,3150709,0,0,1540,80103,"",2.07,3.37,5.17,0.00,0.00,1.52,1.52,"",0,0.0,27,225.0,2260950,254.1,0,0.0,0,0.0,153,11.0,7960,11.0
"27025","5","23","74","0","2025","A","",214,1151,105280115,57699338,2899866,1759,91462,"",1.99,1.34,1.90,1.83,4.17,1.42,1.42,"",0,0.0,-34,-2.9,6758650,6.9,883926,1.6,184671,6.8,160,10.0,8339,10.0
"27027","2","23","74","0","2025","A","",3,29,1912685,0,0,1268,65955,"",13.29,3.15,4.02,0.00,0.00,1.27,1.27,"",0,0.0,1,3.6,179916,10.4,0,0.0,0,0.0,60,5.0,3136,5.0
"27027","5","23","74","0","2025","A","",190,1055,75800041,48108530,1735048,1382,71877,"",1.65,1.02,1.20,1.38,2.68,1.18,1.18,"",-8,-4.0,-22,-2.0,1268417,1.7,2183854,4.8,98206,6.0,51,3.8,2658,3.8
"27029","2","23","74","0","2025","A","",1,6,373801,0,0,1250,65009,"",27.87,4.98,5.83,0.00,0.00,1.22,1.22,"",0,0.0,0,0.0,26670,7.7,0,0.0,0,0.0,36,3.0,1894,3.0
"27029","5","23","74","0","2025","A","N",42,0,0,0,0,0,0,"N",2.30,0,0,0,0,0,0,"N",2,5.0,0,0,0,0,0,0,0,0,0,0,0,0
"27031","2","23","74","0","2025","A","",1,6,415237,0,0,1331,69206,"",20.11,4.83,7.53,0.00,0.00,1.56,1.56,"",0,0.0,0,0.0,32629,8.5,0,0.0,0,0.0,105,8.6,5438,8.5
"27031","3","23","74","0","2025","A","",1,21,1804973,0,0,1627,84608,"",8.78,11.16,22.48,0.00,0.00,1.98,1.98,"",0,0.0,-2,-8.7,34918,2.0,0,0.0,0,0.0,136,9.1,7087,9.1
"27031","5","23","74","0","2025","A","",52,128,6809196,5331038,98270,1022,53162,"",2.05,0.91,0.93,1.08,1.42,1.02,1.02,"",-2,-3.7,5,4.1,849377,14.3,454849,9.3,15295,18.4,93,10.0,4872,10.1
"27033","2","23","74","0","2025","A","",2,60,4689855,0,0,1499,77948,"",29.97,26.49,44.62,0.00,0.00,1.68,1.68,"",0,0.0,4,7.1,312427,7.1,0,0.0,0,0.0,-13,-0.9,-688,-0.9
"27033","3","23","74","0","2025","A","",2,32,2073781,0,0,1253,65145,"",13.08,9.33,13.56,0.00,0.00,1.46,1.46,"",0,0.0,0,0.0,215192,11.6,0,0.0,0,0.0,118,10.4,6142,10.4
"27033","5","23","74","0","2025","A","",38,319,20593761,14016104,562569,1240,64490,"",1.12,1.25,1.48,1.87,4.34,1.18,1.18,"",-2,-5.0,-23,-6.7,-173693,-0.8,-153234,-1.1,-8321,-1.5,72,6.2,3737,6.2
"27035","2","23","74","0","2025","A","",1,164,14298820,0,0,1679,87321,"",2.80,11.20,19.25,0.00,0.00,1.72,1.72,"",0,0.0,8,5.1,806750,6.0,0,0.0,0,0.0,17,1.0,880,1.0
"27035","5","23","74","0","2025","A","N",316,0,0,0,0,0,0,"N",1.73,0,0,0,0,0,0,"N",2,0.6,0,0,0,0,0,0,0,0,0,0,0,0
"27037","2","23","74","0","2025","A","",3,96,7557630,0,0,1518,78931,"",1.66,1.08,1.24,0.00,0.00,1.15,1.15,"",0,0.0,0,0.0,459477,6.5,0,0.0,0,0.0,97,6.8,5056,6.8
"27037","3","23","74","0","2025","A","",2,88,7619629,0,0,1656,86098,"",0.48,0.65,0.86,0.00,0.00,1.31,1.31,"",0,0.0,8,10.0,1023310,15.5,0,0.0,0,0.0,64,4.0,3299,4.0
"27037","5","23","74","0","2025","A","",1082,10485,1058920512,523739669,21726400,1942,100996,"",1.17,1.05,1.31,1.14,2.81,1.25,1.25,"",-7,-0.6,119,1.1,-93383939,-8.1,22841703,4.6,2057480,10.5,-196,-9.2,-10170,-9.1
"27039","2","23","74","0","2025","A","",1,12,845228,0,0,1345,69950,"",12.82,4.27,5.24,0.00,0.00,1.22,1.22,"",0,0.0,0,0.0,39795,4.9,0,0.0,0,0.0,36,2.8,1885,2.8
"27039","3","23","74","0","2025","A","",3,22,1573206,0,0,1375,71509,"",16.78,5.17,6.71,0.00,0.00,1.30,1.30,"",0,0.0,0,0.0,19631,1.3,0,0.0,0,0.0,27,2.0,1423,2.0
"27039","5","23","74","0","2025","A","",85,516,43041314,24354845,997091,1603,83373,"",2.14,1.63,2.02,1.77,3.79,1.24,1.24,"",2,2.4,-5,-1.0,233935,0.5,-616899,-2.5,-38446,-3.7,24,1.5,1262,1.5
"27041","2","23","74","0","2025","A","",2,21,1392815,0,0,1275,66325,"",8.88,2.26,2.74,0.00,0.00,1.21,1.21,"",0,0.0,1,5.0,129321,10.2,0,0.0,0,0.0,50,4.1,2619,4.1
"27041","3","23","74","0","2025","A","",1,45,3319979,0,0,1424,74052,"",1.94,3.21,4.49,0.00,0.00,1.41,1.40,"",0,0.0,0,0.0,118952,3.7,0,0.0,0,0.0,46,3.3,2387,3.3
"27041","5","23","74","0","2025","A","",197,1256,101197302,60313292,2838842,1550,80587,"",1.72,1.20,1.50,1.54,4.12,1.25,1.25,"",-3,-1.5,6,0.5,4028090,4.1,3165974,5.5,243932,9.4,55,3.7,2852,3.7
"27043","2","23","74","0","2025","A","",2,13,856000,0,0,1235,64200,"",27.18,6.21,8.38,0.00,0.00,1.32,1.32,"",0,0.0,2,18.2,191991,28.9,0,0.0,0,0.0,56,4.7,2907,4.7
"27043","5","23","74","0","2025","A","",48,194,10504619,7371860,135130,1039,54031,"",1.28,0.82,0.78,0.85,0.75,0.94,0.94,"",0,0.0,-10,-4.9,-1020011,-8.9,-332855,-4.3,-1853,-1.4,-49,-4.5,-2555,-4.5
"27045","2","23","74","0","2025","A","",2,16,1061789,0,0,1290,67060,"",16.48,5.52,8.76,0.00,0.00,1.60,1.60,"",0,0.0,1,6.7,126662,13.5,0,0.0,0,0.0,64,5.2,3301,5.2
"27045","3","23","74","0","2025","A","",1,3,18147,0,0,110,5731,"",3.60,0.68,0.10,0.00,0.00,0.14,0.14,"",0,0.0,0,0.0,78,0.4,0,0.0,0,0.0,-6,-5.2,-292,-4.8
"27045","5","23","74","0","2025","A","",84,259,16152904,10736328,385109,1198,62306,"",1.36,0.79,1.01,1.01,1.93,1.27,1.27,"",-2,-2.3,-15,-5.5,260002,1.6,-56208,-0.5,49417,14.7,84,7.5,4391,7.6
"27047","2","23","74","0","2025","A","",1,19,1262891,0,0,1295,67354,"",7.94,3.45,4.49,0.00,0.00,1.32,1.32,"",0,0.0,1,5.6,72987,6.1,0,0.0,0,0.0,52,4.2,2744,4.2
"27047","5","23","74","0","2025","A","",91,549,42705719,24085064,814494,1495,77753,"",1.42,0.88,1.14,1.00,2.82,1.29,1.29,"",5,5.8,23,4.4,2551063,6.4,1432181,6.3,-8139,-1.0,26,1.8,1377,1.8
"27049","2","23","74","0","2025","A","",3,22,1403721,0,0,1251,65037,"",14.47,2.15,2.37,0.00,0.00,1.12,1.12,"",0,0.0,1,4.8,62195,4.6,0,0.0,0,0.0,37,3.0,1906,3.0
"27049","5","23","74","0","2025","A","",145,987,88477617,48615052,1332830,1723,89613,"",1.37,0.86,1.13,1.12,2.01,1.32,1.32,"",-4,-2.7,135,15.8,21389943,31.9,10935410,29.0,258640,24.1,209,13.8,10902,13.9
"27051","3","23","74","0","2025","A","",1,17,1059354,0,0,1228,63881,"",11.12,12.55,17.15,0.00,0.00,1.40,1.40,"",0,0.0,2,13.3,7961,0.8,0,0.0,0,0.0,-91,-6.9,-4688,-6.8
"27051","5","23","74","0","2025","A","",33,155,9295900,6877110,396568,1153,59974,"",1.65,1.54,1.65,2.06,5.54,1.07,1.07,"",-1,-2.9,-18,-10.4,-722117,-7.2,-89153,-1.3,-12626,-3.1,42,3.8,2206,3.8
"27053","2","23","74","0","2025","A","",2,236,19648457,0,0,1604,83433,"",0.30,0.55,0.54,0.00,0.00,0.99,0.99,"",0,0.0,8,3.5,971319,5.2,0,0.0,0,0.0,28,1.8,1456,1.8
"27053","3","23","74","0","2025","A","",4,1369,126928127,0,0,1784,92744,"",0.26,2.10,2.39,0.00,0.00,1.14,1.14,"",0,0.0,-77,-5.3,-245799,-0.2,0,0.0,0,0.0,93,5.5,4821,5.5
"27053","5","23","74","0","2025","A","",2478,33942,3622153653,1632818102,46205236,2052,106716,"",0.73,0.70,0.75,0.71,1.60,1.07,1.07,"",-40,-1.6,1533,4.7,341450998,10.4,91085504,5.9,2397965,5.5,105,5.4,5488,5.4
"27055","2","23","74","0","2025","A","",2,12,790809,0,0,1233,64120,"",27.41,4.98,7.29,0.00,0.00,1.42,1.43,"",0,0.0,0,0.0,12482,1.6,0,0.0,0,0.0,-14,-1.1,-741,-1.1
"27055","5","23","74","0","2025","A","",61,373,27195759,15708439,399162,1402,72895,"",1.64,1.37,1.89,1.75,3.01,1.38,1.38,"",1,1.7,15,4.2,2363721,9.5,722000,4.8,7660,2.0,67,5.0,3483,5.0
"27057","2","23","74","0","2025","A","",1,6,406568,0,0,1268,65930,"",9.76,2.03,3.07,0.00,0.00,1.47,1.47,"",0,0.0,0,0.0,17232,4.4,0,0.0,0,0.0,3,0.2,127,0.2
"27057","3","23","74","0","2025","A","",1,25,1850410,0,0,1428,74264,"",4.26,5.58,9.60,0.00,0.00,1.73,1.73,"",0,0.0,-1,-3.8,37785,2.1,0,0.0,0,0.0,61,4.5,3181,4.5
"27057","5","23","74","0","2025","A","",122,518,31647327,22233639,808973,1174,61066,"",2.33,1.55,1.80,1.91,2.94,1.16,1.16,"",4,3.4,13,2.6,3804641,13.7,1822782,8.9,85847,11.9,113,10.7,5896,10.7
"27059","2","23","74","0","2025","A","",1,12,789226,0,0,1265,65769,"",6.75,2.29,3.15,0.00,0.00,1.38,1.38,"",0,0.0,2,20.0,127495,19.3,0,0.0,0,0.0,53,4.4,2747,4.4
"27059","3","23","74","0","2025","A","",1,3,78095,0,0,440,22857,"",2.95,0.38,0.21,0.00,0.00,0.50,0.50,"",0,0.0,-5,-62.5,-4232,-5.1,0,0.0,0,0.0,238,117.8,12347,117.5
"27059","5","23","74","0","2025","A","",176,748,48220984,32408549,910324,1240,64474,"",2.33,1.27,1.45,1.64,3.05,1.15,1.15,"",-1,-0.6,20,2.7,3924929,8.9,1754733,5.7,124992,15.9,70,6.0,3621,6.0
"27061","2","23","74","0","2025","A","",3,30,2338606,0,0,1503,78171,"",14.74,3.88,5.80,0.00,0.00,1.50,1.50,"",0,0.0,1,3.4,172630,8.0,0,0.0,0,0.0,46,3.2,2393,3.2
"27061","5","23","74","0","2025","A","",169,1180,101484497,62960465,4005412,1654,86016,"",1.63,1.36,1.90,2.14,4.56,1.40,1.40,"",2,1.2,185,18.6,22254853,28.1,13105737,26.3,950061,31.1,123,8.0,6415,8.1
"27063","2","23","74","0","2025","A","",1,4,278776,0,0,1287,66906,"",18.22,1.77,2.69,0.00,0.00,1.46,1.46,"",0,0.0,0,0.0,26011,10.3,0,0.0,0,0.0,72,5.9,3715,5.9
"27063","5","23","74","0","2025","A","",45,108,6161463,4235247,84910,1102,57316,"",1.61,0.42,0.45,0.41,0.46,1.06,1.06,"",3,7.1,-2,-1.8,295926,5.0,47342,1.1,4262,5.3,76,7.4,3953,7.4
"27065","2","23","74","0","2025","A","",1,9,576269,0,0,1279,66493,"",17.97,4.59,5.83,0.00,0.00,1.32,1.32,"",0,0.0,0,0.0,-8328,-1.4,0,0.0,0,0.0,53,4.3,2719,4.3
"27065","3","23","74","0","2025","A","",1,20,1342197,0,0,1307,67959,"",7.84,6.73,9.32,0.00,0.00,1.40,1.40,"",0,0.0,0,0.0,6751,0.5,0,0.0,0,0.0,39,3.1,2011,3.0
"27065","5","23","74","0","2025","A","",54,332,30955419,18291178,1125079,1790,93099,"",1.90,1.50,2.36,2.87,5.16,1.57,1.57,"",3,5.9,13,4.1,3294783,11.9,1428595,8.5,3439,0.3,121,7.2,6298,7.3
"27067","2","23","74","0","2025","A","",1,137,11687103,0,0,1639,85204,"",4.57,12.52,21.29,0.00,0.00,1.70,1.70,"",0,0.0,-1,-0.7,298762,2.6,0,0.0,0,0.0,53,3.3,2730,3.3
"27067","3","23","74","0","2025","A","",1,34,2819315,0,0,1595,82921,"",1.99,2.05,3.53,0.00,0.00,1.72,1.72,"",0,0.0,0,0.0,104744,3.9,0,0.0,0,0.0,37,2.4,1889,2.3
"27067","5","23","74","0","2025","A","",206,1419,112337732,65799651,2986740,1522,79167,"",1.85,1.15,1.54,1.41,3.66,1.34,1.34,"",2,1.0,69,5.1,13522254,13.7,5731318,9.5,213423,7.7,115,8.2,5984,8.2
"27069","2","23","74","0","2025","A","",2,6,401959,0,0,1288,66993,"",65.77,8.57,12.48,0.00,0.00,1.46,1.46,"",0,0.0,0,0.0,9674,2.5,0,0.0,0,0.0,31,2.5,1612,2.5
"27069","5","23","74","0","2025","A","",16,68,3366147,2647194,107068,953,49563,"",1.03,0.86,0.79,1.12,3.41,0.92,0.92,"",-1,-5.9,10,17.2,582441,20.9,426557,19.2,18833,21.3,31,3.4,1637,3.4
"27071","2","23","74","0","2025","A","",2,9,602422,0,0,1337,69510,"",31.32,4.59,5.91,0.00,0.00,1.34,1.34,"",0,0.0,1,12.5,52113,9.5,0,0.0,0,0.0,28,2.1,1431,2.1
"27071","5","23","74","0","2025","A","",39,159,11790438,7306440,414083,1428,74270,"",1.20,0.72,0.87,1.03,2.98,1.21,1.21,"",0,0.0,-4,-2.5,-748613,-6.0,-386103,-5.0,11328,2.8,-50,-3.4,-2578,-3.4
"27073","2","23","74","0","2025","A","",1,4,252399,0,0,1213,63100,"",27.07,3.97,5.68,0.00,0.00,1.43,1.43,"",0,0.0,0,0.0,3528,1.4,0,0.0,0,0.0,41,3.5,2152,3.5
"27073","3","23","74","0","2025","A","",1,20,1234413,0,0,1158,60215,"",11.81,13.10,19.10,0.00,0.00,1.42,1.42,"",0,0.0,0,0.0,62053,5.3,0,0.0,0,0.0,35,3.1,1840,3.2
"27073","5","23","74","0","2025","A","",37,96,5571426,4016276,138058,1114,57935,"",1.96,0.85,0.95,1.35,2.78,1.12,1.12,"",-1,-2.6,-15,-13.5,-394816,-6.6,-391092,-8.9,-9325,-6.3,80,7.7,4145,7.7
"27075","2","23","74","0","2025","A","",1,6,453280,0,0,1341,69735,"",17.26,3.20,4.73,0.00,0.00,1.36,1.36,"",0,0.0,-1,-14.3,-1723,-0.4,0,0.0,0,0.0,76,6.0,3951,6.0
"27075","5","23","74","0","2025","A","N",36,0,0,0,0,0,0,"N",1.22,0,0,0,0,0,0,"N",4,12.5,0,0,0,0,0,0,0,0,0,0,0,0
"27077","2","23","74","0","2025","A","",1,7,496401,0,0,1380,71769,"",36.34,9.80,13.07,0.00,0.00,1.35,1.35,"",0,0.0,1,16.7,125282,33.8,0,0.0,0,0.0,174,14.4,9045,14.4
"27077","3","23","74","0","2025","A","",1,17,1151255,0,0,1290,67063,"",15.86,15.72,20.84,0.00,0.00,1.31,1.31,"",0,0.0,-1,-5.6,67851,6.3,0,0.0,0,0.0,159,14.1,8236,14.0
"27077","5","23","74","0","2025","A","N",15,0,0,0,0,0,0,"N",1.07,0,0,0,0,0,0,"N",2,15.4,0,0,0,0,0,0,0,0,0,0,0,0
"27079","2","23","74","0","2025","A","",2,11,760568,0,0,1291,67109,"",16.87,2.77,3.66,0.00,0.00,1.28,1.28,"",0,0.0,0,0.0,26367,3.6,0,0.0,0,0.0,27,2.1,1360,2.1
"27079","5","23","74","0","2025","A","",140,607,50220699,29502025,1478126,1592,82770,"",2.31,1.36,1.83,1.55,3.32,1.35,1.35,"",2,1.4,-27,-4.3,3005738,6.4,634011,2.2,13634,0.9,160,11.2,8289,11.1
"27081","2","23","74","0","2025","A","",1,2,131389,0,0,1263,65694,"",29.10,2.55,3.95,0.00,0.00,1.55,1.55,"",0,0.0,0,0.0,-8660,-6.2,0,0.0,0,0.0,-206,-14.0,-10696,-14.0
"27081","3","23","74","0","2025","A","",1,16,1123391,0,0,1350,70212,"",12.70,13.45,23.23,0.00,0.00,1.73,1.73,"",0,0.0,-1,-5.9,40526,3.7,0,0.0,0,0.0,101,8.1,5240,8.1
"27081","5","23","74","0","2025","A","",34,151,9742026,6231769,122747,1244,64695,"",1.94,1.71,2.21,2.52,4.42,1.30,1.30,"",0,0.0,7,4.9,1313514,15.6,847488,15.7,3440,2.9,116,10.3,6028,10.3
"27083","2","23","74","0","2025","A","",2,51,3935092,0,0,1481,77033,"",15.33,8.06,12.19,0.00,0.00,1.51,1.51,"",0,0.0,3,6.2,368947,10.3,0,0.0,0,0.0,42,2.9,2219,3.0
"27083","5","23","74","0","2025","A","",104,468,34149253,20890794,850306,1403,72968,"",1.56,0.66,0.80,0.87,2.84,1.21,1.21,"",3,3.0,12,2.6,3216782,10.4,1203133,6.1,44137,5.5,98,7.5,5084,7.5
"27085","2","23","74","0","2025","A","",2,31,2416739,0,0,1483,77130,"",12.55,4.16,5.91,0.00,0.00,1.40,1.40,"",0,0.0,3,10.7,357903,17.4,0,0.0,0,0.0,77,5.5,4035,5.5
"27085","5","23","74","0","2025","A","",119,511,38773707,22327884,671619,1459,75853,"",1.46,0.61,0.72,0.71,1.51,1.17,1.17,"",0,0.0,-8,-1.5,1836076,5.0,552553,2.5,-101,0.0,91,6.7,4694,6.6
"27087","2","23","74","0","2025","A","",1,4,212491,0,0,1140,59300,"",54.36,4.20,4.52,0.00,0.00,1.20,1.20,"",0,0.0,1,33.3,34419,19.3,0,0.0,0,0.0,113,11.0,5878,11.0
"27087","5","23","74","0","2025","A","N",10,0,0,0,0,0,0,"N",1.07,0,0,0,0,0,0,"N",-1,-9.1,0,0,0,0,0,0,0,0,0,0,0,0
"27089","2","23","74","0","2025","A","",2,7,434848,0,0,1270,66053,"",36.95,6.13,7.20,0.00,0.00,1.25,1.25,"",0,0.0,-1,-12.5,-54660,-11.2,0,0.0,0,0.0,68,5.7,3563,5.7
"27089","5","23","74","0","2025","A","",40,176,15586858,9522269,644982,1708,88814,"",1.45,1.37,1.95,2.19,4.12,1.43,1.43,"",2,5.3,4,2.3,726983,4.9,363449,4.0,15549,2.5,47,2.8,2461,2.8
"27091","2","23","74","0","2025","A","",2,10,620627,0,0,1245,64761,"",18.42,2.54,3.15,0.00,0.00,1.29,1.30,"",0,0.0,1,11.1,101706,19.6,0,0.0,0,0.0,94,8.2,4885,8.2
"27091","5","23","74","0","2025","A","",46,282,19433522,12154682,151037,1328,69036,"",0.83,0.64,0.74,0.78,0.87,1.17,1.17,"",-2,-4.2,15,5.6,2701924,16.1,2375226,24.3,23858,18.8,122,10.1,6332,10.1
"27093","2","23","74","0","2025","A","",1,6,393665,0,0,1228,63838,"",9.40,1.64,2.16,0.00,0.00,1.28,1.28,"",0,0.0,0,0.0,12634,3.3,0,0.0,0,0.0,40,3.4,2049,3.3
"27093","5","23","74","0","2025","A","",98,526,37671977,23810870,744499,1378,71654,"",1.81,1.27,1.56,1.45,3.30,1.22,1.22,"",-4,-3.9,-13,-2.4,820706,2.2,120554,0.5,129512,21.1,64,4.9,3316,4.9
"27095","2","23","74","0","2025","A","",2,15,1034034,0,0,1290,67072,"",16.53,3.36,5.21,0.00,0.00,1.51,1.51,"",0,0.0,0,0.0,51595,5.3,0,0.0,0,0.0,37,3.0,1938,3.0
"27095","3","23","74","0","2025","A","",2,19,1152217,0,0,1192,62003,"",7.21,2.81,3.99,0.00,0.00,1.45,1.45,"",0,0.0,1,5.6,-18792,-1.6,0,0.0,0,0.0,-53,-4.3,-2753,-4.3
"27095","5","23","74","0","2025","A","",122,481,34556844,21377903,827560,1381,71819,"",1.98,0.96,1.31,1.67,3.30,1.37,1.37,"",2,1.7,17,3.7,3620754,11.7,1162936,5.8,-9559,-1.1,98,7.6,5110,7.7
"27097","2","23","74","0","2025","A","",2,24,1666837,0,0,1317,68500,"",11.83,4.56,7.01,0.00,0.00,1.51,1.52,"",0,0.0,0,0.0,17989,1.1,0,0.0,0,0.0,23,1.8,1200,1.8
"27097","3","23","74","0","2025","A","",1,37,2771572,0,0,1444,75076,"",2.58,4.64,8.01,0.00,0.00,1.73,1.73,"",0,0.0,2,5.7,182312,7.0,0,0.0,0,0.0,18,1.3,921,1.2
"27097","5","23","74","0","2025","A","",142,456,30441859,19466159,879713,1284,66746,"",1.65,0.77,0.97,1.01,2.53,1.26,1.26,"",-1,-0.7,-11,-2.4,1391408,4.8,688163,3.7,58317,7.1,89,7.4,4595,7.4
"27099","2","23","74","0","2025","A","",1,16,1044115,0,0,1242,64584,"",7.36,2.01,2.25,0.00,0.00,1.11,1.11,"",0,0.0,0,0.0,30015,3.0,0,0.0,0,0.0,4,0.3,197,0.3
"27099","3","23","74","0","2025","A","",1,30,2261758,0,0,1462,76025,"",3.21,2.48,3.35,0.00,0.00,1.36,1.36,"",0,0.0,-1,-3.2,143273,6.8,0,0.0,0,0.0,155,11.9,8052,11.8
"27099","5","23","74","0","2025","A","",95,502,35873300,20804824,502194,1375,71508,"",1.37,0.56,0.58,0.59,1.70,1.04,1.04,"",2,2.2,-73,-12.7,-4743020,-11.7,-3517206,-14.5,-150596,-23.1,16,1.2,861,1.2
"27101","2","23","74","0","2025","A","",1,3,207958,0,0,1333,69319,"",20.05,2.22,3.18,0.00,0.00,1.43,1.43,"",0,0.0,0,0.0,9112,4.6,0,0.0,0,0.0,58,4.5,3037,4.6
"27101","5","23","74","0","2025","A","",49,146,7812543,5855380,225730,1027,53389,"",1.93,0.96,0.90,1.03,2.38,0.94,0.94,"",-2,-3.9,0,0.0,817168,11.7,459170,8.5,18042,8.7,106,11.5,5475,11.4
"27103","2","23","74","0","2025","A","",1,7,433409,0,0,1205,62662,"",7.72,1.02,1.19,0.00,0.00,1.18,1.18,"",0,0.0,1,16.7,64725,17.6,0,0.0,0,0.0,7,0.6,349,0.6
"27103","3","23","74","0","2025","A","",2,25,1952426,0,0,1507,78358,"",6.74,2.41,3.67,0.00,0.00,1.53,1.53,"",0,0.0,1,4.2,119290,6.5,0,0.0,0,0.0,58,4.0,3024,4.0
"27103","5","23","74","0","2025","A","",85,335,22401036,13864741,423981,1287,66902,"",1.29,0.43,0.46,0.52,1.33,1.07,1.07,"",-1,-1.2,-14,-4.0,71859,0.3,-341304,-2.4,18477,4.6,57,4.6,2952,4.6
"27105","2","23","74","0","2025","A","",2,20,1307553,0,0,1252,65106,"",20.33,4.27,5.17,0.00,0.00,1.21,1.21,"",0,0.0,1,5.3,112244,9.4,0,0.0,0,0.0,26,2.1,1356,2.1
"27105","3","23","74","0","2025","A","",1,23,1741277,0,0,1472,76540,"",4.44,3.25,4.73,0.00,0.00,1.47,1.47,"",0,0.0,2,9.5,177924,11.4,0,0.0,0,0.0,63,4.5,3258,4.4
"27105","5","23","74","0","2025","A","",65,247,14621067,9651647,291062,1140,59255,"",1.30,0.47,0.44,0.43,1.39,0.93,0.93,"",-1,-1.5,7,2.9,657476,4.7,388014,4.2,13069,4.7,20,1.8,1013,1.7
"27107","2","23","74","0","2025","A","",1,4,266969,0,0,1284,66742,"",25.10,4.54,5.83,0.00,0.00,1.28,1.28,"",0,0.0,0,0.0,23436,9.6,0,0.0,0,0.0,62,5.1,3212,5.1
"27107","5","23","74","0","2025","A","N",21,0,0,0,0,0,0,"N",1.03,0,0,0,0,0,0,"N",-1,-4.5,0,0,0,0,0,0,0,0,0,0,0,0
"27109","2","23","74","0","2025","A","",2,242,20443754,0,0,1625,84478,"",3.25,4.89,5.41,0.00,0.00,1.11,1.11,"",0,0.0,11,4.8,1161233,6.0,0,0.0,0,0.0,18,1.1,913,1.1
"27109","3","23","74","0","2025","A","",1,61,5204818,0,0,1634,84977,"",0.71,0.81,0.95,0.00,0.00,1.16,1.16,"",0,0.0,1,1.7,282100,5.7,0,0.0,0,0.0,67,4.3,3498,4.3
"27109","5","23","74","0","2025","A","",404,4490,375872800,205919293,6387103,1610,83718,"",1.29,0.81,0.75,1.57,3.39,0.93,0.93,"",2,0.5,312,7.5,46057331,14.0,19621771,10.5,1055958,19.8,92,6.1,4782,6.1
"27111","2","23","74","0","2025","A","",3,34,2586533,0,0,1467,76261,"",10.47,3.20,4.90,0.00,0.00,1.53,1.53,"",0,0.0,0,0.0,123443,5.0,0,0.0,0,0.0,77,5.5,3994,5.5
"27111","3","23","74","0","2025","A","",1,5,239489,0,0,921,47898,"",1.52,0.31,0.31,0.00,0.00,1.00,1.00,"",0,0.0,0,0.0,19303,8.8,0,0.0,0,0.0,88,10.6,4583,10.6
"27111","5","23","74","0","2025","A","",278,1257,80410177,55082810,2366521,1230,63949,"",1.90,1.05,1.15,1.27,3.14,1.09,1.09,"",-3,-1.1,21,1.7,3532970,4.6,2248124,4.3,60390,2.6,34,2.8,1767,2.8
"27113","2","23","74","0","2025","A","",1,35,2881132,0,0,1572,81734,"",15.85,7.94,12.44,0.00,0.00,1.56,1.56,"",0,0.0,0,0.0,-46092,-1.6,0,0.0,0,0.0,-17,-1.1,-917,-1.1
"27113","5","23","74","0","2025","A","",34,176,10022319,7133627,189754,1095,56945,"",1.06,0.35,0.33,0.35,0.76,0.92,0.92,"",3,9.7,13,8.0,44853,0.4,95101,1.4,-36990,-16.3,-84,-7.1,-4360,-7.1
"27115","2","23","74","0","2025","A","",2,16,1000262,0,0,1209,62844,"",17.97,4.31,6.36,0.00,0.00,1.48,1.48,"",0,0.0,-1,-5.9,7664,0.8,0,0.0,0,0.0,58,5.0,2989,5.0
"27115","3","23","74","0","2025","A","",2,31,2234801,0,0,1401,72874,"",7.84,5.52,9.76,0.00,0.00,1.79,1.79,"",0,0.0,1,3.3,141104,6.7,0,0.0,0,0.0,59,4.4,3084,4.4
"27115","5","23","74","0","2025","A","",126,451,27473716,20044208,956903,1171,60895,"",2.22,1.08,1.32,1.76,3.26,1.22,1.22,"",-6,-4.5,-11,-2.4,1337490,5.1,571225,2.9,-42599,-4.3,83,7.6,4343,7.7
"27117","2","23","74","0","2025","A","",1,6,422978,0,0,1268,65919,"",17.04,3.01,4.41,0.00,0.00,1.37,1.37,"",0,0.0,-1,-14.3,902,0.2,0,0.0,0,0.0,108,9.3,5622,9.3
"27117","5","23","74","0","2025","A","",56,322,22534583,14713624,896580,1346,70001,"",1.87,1.44,1.77,1.88,4.03,1.23,1.23,"",-4,-6.7,2,0.6,230571,1.0,898394,6.5,76390,9.3,6,0.4,301,0.4
"27119","2","23","74","0","2025","A","",3,40,3089933,0,0,1467,76295,"",18.99,7.09,10.53,0.00,0.00,1.47,1.47,"",0,0.0,-3,-7.0,-98582,-3.1,0,0.0,0,0.0,27,1.9,1418,1.9
"27119","5","23","74","0","2025","A","",106,523,46365685,24037221,1163050,1704,88625,"",1.32,0.82,1.19,1.13,2.40,1.45,1.45,"",2,1.9,27,5.4,4146046,9.8,1689755,7.6,99478,9.4,66,4.0,3448,4.0
"27121","2","23","74","0","2025","A","",1,5,358660,0,0,1293,67249,"",17.35,2.41,3.30,0.00,0.00,1.28,1.28,"",0,0.0,0,0.0,9620,2.8,0,0.0,0,0.0,54,4.4,2811,4.4
"27121","5","23","74","0","2025","A","",52,161,10911949,7307681,277061,1303,67741,"",1.77,0.69,0.76,0.87,2.46,1.10,1.10,"",0,0.0,-5,-3.0,809466,8.0,205425,2.9,24464,9.7,136,11.7,7065,11.6
"27123","2","23","74","0","2025","A","",3,825,76108579,0,0,1773,92216,"",1.30,5.29,6.56,0.00,0.00,1.24,1.24,"",0,0.0,27,3.4,2501491,3.4,0,0.0,0,0.0,-1,-0.1,-23,0.0
"27123","3","23","74","0","2025","A","",1,355,31826660,0,0,1724,89632,"",0.19,1.50,1.89,0.00,0.00,1.25,1.25,"",0,0.0,24,7.3,3629166,12.9,0,0.0,0,0.0,86,5.3,4465,5.2
"27123","5","23","74","0","2025","A","",800,11894,1255715102,588093336,21799163,2030,105572,"",0.68,0.68,0.82,0.84,2.34,1.21,1.21,"",-14,-1.7,473,4.1,147337634,13.3,41896396,7.7,2029048,10.3,164,8.8,8526,8.8
"27125","3","23","74","0","2025","A","",1,19,930206,0,0,954,49611,"",22.96,27.87,34.00,0.00,0.00,1.24,1.24,"",0,0.0,1,5.6,6538,0.7,0,0.0,0,0.0,-19,-2.0,-1001,-2.0
"27125","5","23","74","0","2025","A","N",13,0,0,0,0,0,0,"N",1.34,0,0,0,0,0,0,"N",-2,-13.3,0,0,0,0,0,0,0,0,0,0,0,0
"27127","2","23","74","0","2025","A","",1,6,357125,0,0,1145,59521,"",11.34,2.13,2.60,0.00,0.00,1.22,1.22,"",0,0.0,-1,-14.3,-55805,-13.5,0,0.0,0,0.0,-61,-5.1,-3203,-5.1
"27127","3","23","74","0","2025","A","",1,29,1776637,0,0,1192,61976,"",4.95,6.81,8.90,0.00,0.00,1.32,1.32,"",0,0.0,2,7.4,105204,6.3,0,0.0,0,0.0,-6,-0.5,-313,-0.5
"27127","5","23","74","0","2025","A","",73,243,14999391,9689496,245993,1185,61641,"",1.62,0.77,0.82,0.84,2.04,1.07,1.07,"",-3,-3.9,-31,-11.3,-1143857,-7.1,-947679,-8.9,-73686,-23.0,54,4.8,2831,4.8
"27129","2","23","74","0","2025","A","",1,5,314166,0,0,1208,62833,"",11.11,1.90,2.29,0.00,0.00,1.20,1.20,"",0,0.0,0,0.0,25867,9.0,0,0.0,0,0.0,99,8.9,5173,9.0
"27129","3","23","74","0","2025","A","",3,4,141671,0,0,654,34001,"",14.54,1.00,0.71,0.00,0.00,0.68,0.68,"",-1,-25.0,-34,-89.5,-2315388,-94.2,0,0.0,0,0.0,-584,-47.2,-30376,-47.2
"27129","5","23","74","0","2025","A","",58,163,10445879,7111886,304786,1232,64085,"",1.26,0.55,0.57,0.59,0.97,1.04,1.04,"",0,0.0,13,8.7,1915260,22.5,1254989,21.4,102304,50.5,137,12.5,7119,12.5
"27131","2","23","74","0","2025","A","",2,14,939012,0,0,1290,67072,"",7.46,1.13,1.34,0.00,0.00,1.19,1.19,"",0,0.0,-2,-12.5,-70867,-7.0,0,0.0,0,0.0,44,3.5,2267,3.5
"27131","5","23","74","0","2025","A","",216,1109,82455252,50951151,1587935,1430,74368,"",1.58,0.79,0.89,1.02,2.37,1.12,1.12,"",-4,-1.8,2,0.2,3681942,4.7,2596212,5.4,13161,0.8,62,4.5,3214,4.5
"27133","2","23","74","0","2025","A","",1,10,636058,0,0,1223,63606,"",19.93,5.45,6.81,0.00,0.00,1.25,1.25,"",0,0.0,0,0.0,46665,7.9,0,0.0,0,0.0,50,4.3,2634,4.3
"27133","5","23","74","0","2025","A","",32,148,7661635,5564364,79702,998,51885,"",1.25,0.72,0.62,0.77,1.43,0.87,0.87,"",0,0.0,24,19.4,1338180,21.2,960241,20.9,26934,51.0,20,2.0,1026,2.0
"27135","2","23","74","0","2025","A","",1,8,581802,0,0,1399,72725,"",13.94,2.21,2.79,0.00,0.00,1.26,1.26,"",0,0.0,0,0.0,15039,2.7,0,0.0,0,0.0,22,1.6,1134,1.6
"27135","3","23","74","0","2025","A","",1,34,2375323,0,0,1347,70034,"",6.08,6.22,7.83,0.00,0.00,1.26,1.26,"",0,0.0,-4,-10.5,-568196,-19.3,0,0.0,0,0.0,-143,-9.6,-7427,-9.6
"27135","5","23","74","0","2025","A","",46,85,3918397,3153319,70813,886,46054,"",1.26,0.21,0.14,0.20,0.40,0.68,0.68,"",1,2.2,-10,-10.5,-147294,-3.6,-202669,-6.0,-23188,-24.7,59,7.1,3069,7.1
"27137","2","23","74","0","2025","A","",6,296,25144254,0,0,1634,84947,"",7.13,6.62,9.81,0.00,0.00,1.48,1.48,"",0,0.0,5,1.7,1287964,5.4,0,0.0,0,0.0,57,3.6,2967,3.6
"27137","3","23","74","0","2025","A","",1,12,181219,0,0,299,15533,"",0.52,0.18,0.05,0.00,0.00,0.28,0.28,"",0,0.0,1,9.1,24431,15.6,0,0.0,0,0.0,25,9.1,1280,9.0
"27137","5","23","74","0","2025","A","",594,4242,353763902,208746483,10553177,1604,83396,"",1.38,0.84,1.04,1.23,3.59,1.24,1.24,"",-7,-1.2,-309,-6.8,-16093719,-4.4,-12912253,-5.8,-1389545,-11.6,41,2.6,2128,2.6
"27139","3","23","74","0","2025","A","",1,50,4847581,0,0,1877,97602,"",0.72,1.10,1.84,0.00,0.00,1.68,1.68,"",0,0.0,-1,-2.0,373658,8.4,0,0.0,0,0.0,198,11.8,10306,11.8
"27139","5","23","74","0","2025","A","",575,6025,576572943,298368368,12721683,1840,95697,"",1.86,1.78,2.40,2.07,4.44,1.34,1.35,"",0,0.0,271,4.7,56643576,10.9,19657534,7.1,879499,7.4,102,5.9,5343,5.9
"27141","2","23","74","0","2025","A","",1,12,858424,0,0,1376,71535,"",2.63,0.89,1.17,0.00,0.00,1.31,1.31,"",0,0.0,1,9.1,142544,19.9,0,0.0,0,0.0,95,7.4,4942,7.4
"27141","3","23","74","0","2025","A","",1,54,4817970,0,0,1732,90056,"",1.15,2.66,4.51,0.00,0.00,1.71,1.71,"",0,0.0,0,0.0,242013,5.3,0,0.0,0,0.0,102,6.3,5316,6.3
"27141","5","23","74","0","2025","A","",463,2390,180126241,110249835,3242630,1449,75359,"",2.38,1.58,1.85,1.83,3.03,1.17,1.17,"",-5,-1.1,-86,-3.5,-3734184,-2.0,-3635673,-3.2,-434997,-11.8,21,1.5,1104,1.5
"27143","2","23","74","0","2025","A","",1,6,380421,0,0,1254,65215,"",16.36,3.39,4.31,0.00,0.00,1.31,1.31,"",0,0.0,1,20.0,99995,35.7,0,0.0,0,0.0,119,10.5,6178,10.5
"27143","5","23","74","0","2025","A","",66,212,13623575,9183793,161958,1234,64161,"",2.12,1.06,1.16,1.11,0.58,1.10,1.10,"",2,3.1,-4,-1.9,809399,6.3,526476,6.1,14387,9.7,90,7.9,4698,7.9
"27145","2","23","74","0","2025","A","",4,171,13965365,0,0,1570,81629,"",5.62,4.16,5.68,0.00,0.00,1.36,1.36,"",0,0.0,0,0.0,822788,6.3,0,0.0,0,0.0,88,5.9,4584,5.9
"27145","3","23","74","0","2025","A","",1,5,12520,0,0,48,2504,"",0.61,0.08,0.00,0.00,0.00,0.04,0.04,"",0,0.0,0,0.0,95,0.8,0,0.0,0,0.0,0,0.0,19,0.8
"27145","5","23","74","0","2025","A","",520,5461,538223006,259578640,8613249,1895,98550,"",1.43,1.18,1.65,1.45,3.40,1.40,1.40,"",0,0.0,13,0.2,30751113,6.1,12530696,5.1,698473,8.8,104,5.8,5405,5.8
"27147","2","23","74","0","2025","A","",1,70,5779043,0,0,1586,82460,"",5.71,7.77,11.08,0.00,0.00,1.42,1.42,"",0,0.0,-1,-1.4,3457,0.1,0,0.0,0,0.0,12,0.8,634,0.8
"27147","3","23","74","0","2025","A","",1,20,1608267,0,0,1527,79421,"",2.49,1.47,2.12,0.00,0.00,1.43,1.43,"",0,0.0,-4,-16.7,-91245,-5.4,0,0.0,0,0.0,188,14.0,9816,14.1
"27147","5","23","74","0","2025","A","",104,558,42185926,24648250,760669,1453,75546,"",1.16,0.55,0.61,0.57,1.35,1.11,1.11,"",-1,-1.0,13,2.4,2925367,7.5,1785731,7.8,20031,2.7,69,5.0,3552,4.9
"27149","2","23","74","0","2025","A","",1,34,2591035,0,0,1487,77344,"",16.74,12.53,15.55,0.00,0.00,1.26,1.26,"",0,0.0,1,3.0,46896,1.8,0,0.0,0,0.0,4,0.3,249,0.3
"27149","3","23","74","0","2025","A","",1,20,1757564,0,0,1711,88991,"",7.30,4.87,7.25,0.00,0.00,1.51,1.51,"",0,0.0,0,0.0,78253,4.7,0,0.0,0,0.0,90,5.6,4674,5.5
"27149","5","23","74","0","2025","A","",45,220,21586617,11508838,742311,1891,98307,"",1.48,0.72,0.98,0.93,4.81,1.36,1.36,"",3,7.1,-10,-4.3,-2184747,-9.2,52470,0.5,-20354,-2.7,-100,-5.0,-5234,-5.1
"27151","2","23","74","0","2025","A","",2,6,352835,0,0,1215,63194,"",35.55,3.52,4.13,0.00,0.00,1.26,1.26,"",0,0.0,1,20.0,21639,6.5,0,0.0,0,0.0,39,3.3,2050,3.4
"27151","5","23","74","0","2025","A","",49,179,10439040,6883768,149997,1124,58455,"",1.71,0.93,0.92,1.04,1.05,0.99,0.99,"",3,6.5,14,8.5,1222263,13.3,599362,9.5,14992,11.1,47,4.4,2454,4.4
"27153","2","23","74","0","2025","A","",1,8,508356,0,0,1275,66307,"",10.47,2.39,2.91,0.00,0.00,1.27,1.27,"",0,0.0,0,0.0,37330,7.9,0,0.0,0,0.0,93,7.9,4869,7.9
"27153","5","23","74","0","2025","A","",79,278,15659899,11805994,372507,1085,56415,"",1.62,0.74,0.68,0.94,2.41,0.92,0.92,"",-3,-3.7,14,5.3,2066270,15.2,1628731,16.0,48571,15.0,95,9.6,4940,9.6
"27155","2","23","74","0","2025","A","",1,5,347947,0,0,1338,69589,"",43.27,10.48,15.87,0.00,0.00,1.51,1.51,"",0,0.0,0,0.0,-18346,-5.0,0,0.0,0,0.0,-25,-1.8,-1306,-1.8
"27155","5","23","74","0","2025","A","N",10,0,0,0,0,0,0,"N",0.85,0,0,0,0,0,0,"N",0,0.0,0,0,0,0,0,0,0,0,0,0,0,0
"27157","2","23","74","0","2025","A","",1,6,389877,0,0,1363,70887,"",10.87,1.96,2.79,0.00,0.00,1.55,1.55,"",0,0.0,-1,-14.3,-42424,-9.8,0,0.0,0,0.0,100,7.9,5221,8.0
"27157","3","23","74","0","2025","A","",1,22,1547861,0,0,1338,69567,"",4.74,4.75,7.60,0.00,0.00,1.58,1.58,"",0,0.0,-1,-4.3,48435,3.2,0,0.0,0,0.0,71,5.6,3658,5.6
"27157","5","23","74","0","2025","A","",76,145,8345035,5951014,254270,1107,57585,"",1.62,0.42,0.45,0.51,1.10,1.07,1.07,"",-5,-6.2,-11,-7.1,233819,2.9,-185587,-3.0,2020,0.8,109,10.9,5673,10.9
"27159","2","23","74","0","2025","A","",1,7,455844,0,0,1209,62875,"",14.85,2.76,3.74,0.00,0.00,1.31,1.31,"",0,0.0,0,0.0,52926,13.1,0,0.0,0,0.0,89,7.9,4622,7.9
"27159","3","23","74","0","2025","A","",1,16,1114535,0,0,1312,68237,"",6.48,4.16,6.29,0.00,0.00,1.48,1.48,"",0,0.0,-2,-11.1,79625,7.7,0,0.0,0,0.0,206,18.6,10742,18.7
"27159","5","23","74","0","2025","A","",64,262,17844808,11628554,319051,1312,68240,"",1.86,0.92,1.11,1.47,2.77,1.21,1.21,"",2,3.2,5,1.9,715252,4.2,842745,7.8,24254,8.2,31,2.4,1631,2.4
"27161","2","23","74","0","2025","A","",1,6,397192,0,0,1273,66199,"",12.41,2.35,3.08,0.00,0.00,1.31,1.31,"",0,0.0,0,0.0,21869,5.8,0,0.0,0,0.0,53,4.3,2764,4.4
"27161","3","23","74","0","2025","A","",1,18,1416197,0,0,1472,76551,"",5.42,4.66,7.55,0.00,0.00,1.58,1.58,"",0,0.0,-1,-5.3,34326,2.5,0,0.0,0,0.0,92,6.7,4765,6.6
"27161","5","23","74","0","2025","A","N",64,0,0,0,0,0,0,"N",1.56,0,0,0,0,0,0,"N",-3,-4.5,0,0,0,0,0,0,0,0,0,0,0,0
"27163","2","23","74","0","2025","A","",2,318,27595760,0,0,1670,86825,"",1.87,7.01,10.48,0.00,0.00,1.50,1.50,"",0,0.0,15,5.0,1523278,5.8,0,0.0,0,0.0,16,1.0,825,1.0
"27163","3","23","74","0","2025","A","",2,111,10819050,0,0,1874,97469,"",0.82,1.62,2.82,0.00,0.00,1.75,1.75,"",0,0.0,2,1.8,849544,8.5,0,0.0,0,0.0,122,7.0,6354,7.0
"27163","5","23","74","0","2025","A","",650,4749,437542060,235893055,8597735,1772,92134,"",1.19,0.93,1.25,1.09,2.67,1.35,1.35,"",5,0.8,178,3.9,60832016,16.1,22844219,10.7,1766904,25.9,187,11.8,9716,11.8
"27165","2","23","74","0","2025","A","",1,9,643493,0,0,1362,70843,"",19.81,4.27,6.69,0.00,0.00,1.55,1.55,"",0,0.0,-1,-10.0,-40366,-5.9,0,0.0,0,0.0,68,5.3,3578,5.3
"27165","3","23","74","0","2025","A","",2,24,1420514,0,0,1162,60447,"",17.29,7.52,10.15,0.00,0.00,1.38,1.38,"",0,0.0,2,9.1,151827,12.0,0,0.0,0,0.0,40,3.6,2117,3.6
"27165","5","23","74","0","2025","A","",44,228,14214214,9560873,336473,1200,62411,"",1.71,0.96,1.12,1.02,3.22,1.16,1.16,"",-2,-4.3,-15,-6.2,-1331467,-8.6,-589905,-5.8,-8407,-2.4,-32,-2.6,-1651,-2.6
"27167","3","23","74","0","2025","A","",1,54,3737354,0,0,1331,69210,"",13.86,46.07,62.47,0.00,0.00,1.36,1.36,"",0,0.0,0,0.0,335669,9.9,0,0.0,0,0.0,131,10.9,6794,10.9
"27167","5","23","74","0","2025","A","N",24,0,0,0,0,0,0,"N",1.50,0,0,0,0,0,0,"N",0,0.0,0,0,0,0,0,0,0,0,0,0,0,0
"27169","2","23","74","0","2025","A","",3,48,3641560,0,0,1472,76530,"",15.71,4.27,6.51,0.00,0.00,1.54,1.54,"",0,0.0,1,2.1,171881,5.0,0,0.0,0,0.0,47,3.3,2444,3.3
"27169","5","23","74","0","2025","A","",116,677,44030426,28539374,762442,1251,65038,"",1.19,0.53,0.59,0.61,1.52,1.11,1.11,"",-1,-0.9,33,5.1,4820282,12.3,2828847,11.0,115599,17.9,80,6.8,4121,6.8
"27171","2","23","74","0","2025","A","",2,28,1994961,0,0,1387,72107,"",3.28,1.21,1.64,0.00,0.00,1.37,1.37,"",0,0.0,-1,-3.4,16661,0.8,0,0.0,0,0.0,79,6.0,4085,6.0
"27171","3","23","74","0","2025","A","",2,140,12032370,0,0,1659,86254,"",1.43,4.00,6.78,0.00,0.00,1.70,1.70,"",0,0.0,3,2.2,937690,8.5,0,0.0,0,0.0,102,6.6,5271,6.5
"27171","5","23","74","0","2025","A","",670,4714,398650737,226352120,9136436,1626,84572,"",2.16,1.81,2.47,2.11,4.18,1.36,1.36,"",7,1.1,-23,-0.5,17578580,4.6,5698156,2.6,82898,0.9,79,5.1,4129,5.1
"27173","2","23","74","0","2025","A","",1,9,590701,0,0,1206,62729,"",17.26,5.30,7.56,0.00,0.00,1.36,1.36,"",0,0.0,0,0.0,24016,4.2,0,0.0,0,0.0,-64,-5.0,-3293,-5.0
"27173","3","23","74","0","2025","A","",1,22,1465887,0,0,1267,65883,"",7.53,8.56,12.89,0.00,0.00,1.49,1.49,"",0,0.0,0,0.0,56075,4.0,0,0.0,0,0.0,35,2.8,1801,2.8
"27173","5","23","74","0","2025","A","",38,159,11977752,6664217,119698,1449,75371,"",1.29,0.83,1.16,1.29,1.75,1.39,1.39,"",0,0.0,12,8.2,-1753618,-12.8,684888,11.5,-2326,-1.9,-349,-19.4,-18146,-19.4
"27999","5","23","74","0","2025","A","",1837,4092,393754967,217979680,8420194,1850,96214,"",0.52,0.77,0.52,0.60,1.50,0.67,0.67,"N",128,7.5,0,0,0,0,0,0,0,0,0,0,0,0
"28000","2","23","54","0","2025","A","",7,2698,125211747,0,0,892,46403,"",0.51,4.89,4.66,0.00,0.00,0.95,0.95,"",0,0.0,-16,-0.6,1917187,1.6,0,0.0,0,0.0,18,2.1,981,2.2
"28000","3","23","54","0","2025","A","",9,56,2656840,606726,3546,908,47233,"",0.28,0.07,0.07,0.33,1.16,1.01,1.01,"",0,0.0,-4,-6.7,-100130,-3.6,-150084,-19.8,-1421,-28.6,21,2.4,1091,2.4
"28000","5","23","54","0","2025","A","",7086,53715,3811268149,1039927671,4963082,1365,70954,"",1.01,0.86,1.07,0.89,0.75,1.24,1.24,"",210,3.1,3139,6.2,408155749,12.0,63044535,6.5,-887397,-15.2,71,5.5,3666,5.4
"28001","5","23","74","0","2025","A","",42,264,15311813,4735818,23008,1117,58091,"",0.70,0.50,0.61,0.44,0.33,1.22,1.22,"",3,7.7,-2,-0.8,1055211,7.4,122475,2.7,6846,42.4,88,8.6,4562,8.5
"28003","5","23","74","0","2025","A","",47,403,27887086,6836799,7061,1332,69270,"",0.74,0.57,0.76,0.51,0.15,1.34,1.34,"",-1,-2.1,6,1.5,2875417,11.5,-88555,-1.3,-9416,-57.1,120,9.9,6255,9.9
"28005","5","23","74","0","2025","A","",22,86,4150704,1643983,8403,929,48311,"",1.36,0.78,0.76,0.77,0.58,0.98,0.98,"",1,4.8,3,3.6,464228,12.6,85174,5.5,-3573,-29.8,77,9.0,3985,9.0
"28007","3","23","74","0","2025","A","",1,8,211711,0,0,499,25924,"",6.95,2.45,1.64,0.00,0.00,0.65,0.65,"",0,0.0,1,14.3,-14028,-6.2,0,0.0,0,0.0,-93,-15.7,-4859,-15.8
"28007","5","23","74","0","2025","A","",26,370,25061410,6109017,17161,1301,67673,"",0.81,1.53,2.13,1.51,0.93,1.39,1.39,"",0,0.0,39,11.8,4462699,21.7,781658,14.7,9129,113.7,103,8.6,5379,8.6
"28009","5","23","74","0","2025","A","N",5,0,0,0,0,0,0,"N",0.69,0,0,0,0,0,0,"N",0,0.0,0,0,0,0,0,0,0,0,0,0,0,0
"28011","5","23","74","0","2025","A","",38,288,15204900,5007137,15508,1017,52871,"",0.58,0.52,0.57,0.48,0.20,1.10,1.10,"",0,0.0,20,7.5,1475723,10.7,183432,3.8,-1767,-10.2,33,3.4,1706,3.3
"28013","5","23","74","0","2025","A","",5,23,1364258,420757,0,1137,59101,"",0.24,0.15,0.21,0.18,0.00,1.36,1.36,"",-1,-16.7,0,0.0,-103110,-7.0,27334,6.9,-160,-100.0,-85,-7.0,-4467,-7.0
"28015","5","23","74","0","2025","A","",22,161,9696099,2874907,6507,1156,60100,"",2.18,2.97,4.05,3.26,1.39,1.36,1.36,"",-1,-4.3,-2,-1.2,37368,0.4,45722,1.6,3460,113.6,15,1.3,783,1.3
"28017","5","23","74","0","2025","A","",21,134,6723322,3136508,12356,961,49988,"",0.74,0.58,0.69,0.80,0.65,1.17,1.17,"",1,5.0,-33,-19.8,-1065091,-13.7,206574,7.1,10054,436.8,62,6.9,3234,6.9
"28019","5","23","74","0","2025","A","N",16,0,0,0,0,0,0,"N",1.35,0,0,0,0,0,0,"N",0,0.0,0,0,0,0,0,0,0,0,0,0,0,0
"28021","5","23","74","0","2025","A","N",3,0,0,0,0,0,0,"N",0.29,0,0,0,0,0,0,"N",1,50.0,0,0,0,0,0,0,0,0,0,0,0,0
"28023","5","23","74","0","2025","A","",13,112,10523055,2036461,11200,1815,94377,"",0.67,0.75,1.49,0.88,0.77,1.99,1.99,"",0,0.0,-28,-20.0,-378678,-3.5,-974244,-32.4,-12996,-53.7,313,20.8,16275,20.8
"28025","5","23","74","0","2025","A","N",32,0,0,0,0,0,0,"N",1.03,0,0,0,0,0,0,"N",1,3.2,0,0,0,0,0,0,0,0,0,0,0,0
"28027","3","23","74","0","2025","A","",1,11,804916,202520,506,1407,73174,"",4.93,2.54,4.66,22.22,18.99,1.83,1.83,"",0,0.0,0,0.0,46001,6.1,-2781,-1.4,-6,-1.2,80,6.0,4182,6.1
"28027","5","23","74","0","2025","A","N",20,0,0,0,0,0,0,"N",0.44,0,0,0,0,0,0,"N",-1,-4.8,0,0,0,0,0,0,0,0,0,0,0,0
"28029","3","23","74","0","2025","A","",1,0,0,0,0,0,0,"",5.94,0.00,0.00,0.00,0.00,0.00,0.00,"",0,0.0,0,0.0,0,0.0,0,0.0,0,0.0,0,0.0,0,0.0
"28029","5","23","74","0","2025","A","",42,236,15429063,5008354,13249,1258,65424,"",1.12,0.69,0.97,0.81,0.43,1.40,1.40,"",3,7.7,-8,-3.3,1034058,7.2,-312314,-5.9,-4638,-25.9,124,10.9,6448,10.9
"28031","5","23","74","0","2025","A","",47,385,23130655,6219304,21040,1155,60080,"",1.55,1.31,1.60,1.18,1.20,1.23,1.23,"",5,11.9,-148,-27.8,-3721422,-13.9,-1804440,-22.5,-21833,-50.9,186,19.2,9701,19.3
"28033","5","23","74","0","2025","A","",294,2757,199408733,49775567,89922,1391,72337,"",0.97,0.71,1.00,0.62,0.22,1.40,1.40,"",15,5.4,224,8.8,29861686,17.6,4372830,9.6,-20830,-18.8,104,8.1,5404,8.1
"28035","2","23","74","0","2025","A","",1,358,14924378,0,0,802,41679,"",3.21,19.52,16.38,0.00,0.00,0.84,0.84,"",0,0.0,-2,-0.6,228517,1.6,0,0.0,0,0.0,16,2.0,829,2.0
"28035","5","23","74","0","2025","A","N",127,0,0,0,0,0,0,"N",0.80,0,0,0,0,0,0,"N",1,0.8,0,0,0,0,0,0,0,0,0,0,0,0
"28037","5","23","74","0","2025","A","N",7,0,0,0,0,0,0,"N",0.67,0,0,0,0,0,0,"N",0,0.0,0,0,0,0,0,0,0,0,0,0,0,0
"28039","5","23","74","0","2025","A","N",41,0,0,0,0,0,0,"N",1.27,0,0,0,0,0,0,"N",4,10.8,0,0,0,0,0,0,0,0,0,0,0,0
"28041","5","23","74","0","2025","A","N",10,0,0,0,0,0,0,"N",0.82,0,0,0,0,0,0,"N",1,11.1,0,0,0,0,0,0,0,0,0,0,0,0
"28043","5","23","74","0","2025","A","",38,230,13181640,4125605,9304,1103,57332,"",0.82,0.45,0.52,0.41,0.14,1.16,1.16,"",0,0.0,11,5.0,1342433,11.3,97516,2.4,-16911,-64.5,63,6.1,3272,6.1
"28045","5","23","74","0","2025","A","",103,616,42627636,12755254,130815,1332,69248,"",1.22,0.80,0.83,0.97,1.59,1.04,1.04,"",4,4.0,-119,-16.2,-4774285,-10.1,-2717690,-17.6,2783,2.2,92,7.4,4792,7.4
"28047","5","23","74","0","2025","A","",456,3805,260672179,70118360,257387,1317,68508,"",1.13,0.80,1.00,0.82,0.64,1.25,1.25,"",9,2.0,297,8.5,33515038,14.8,5327572,8.2,-29554,-10.3,72,5.8,3759,5.8
"28049","2","23","74","0","2025","A","",1,848,44558684,0,0,1010,52546,"",1.15,16.48,15.36,0.00,0.00,0.93,0.93,"",0,0.0,-6,-0.7,682262,1.6,0,0.0,0,0.0,22,2.2,1153,2.2
"28049","5","23","74","0","2025","A","",348,3349,227094889,58285493,220066,1304,67801,"",0.79,0.58,0.59,0.70,0.49,1.02,1.02,"",10,3.0,157,4.9,12754092,6.0,2350623,4.2,-17085,-7.2,13,1.0,648,1.0
"28051","5","23","74","0","2025","A","N",9,0,0,0,0,0,0,"N",0.40,0,0,0,0,0,0,"N",1,12.5,0,0,0,0,0,0,0,0,0,0,0,0
"28053","5","23","74","0","2025","A","",12,31,1096681,520321,282,686,35664,"",0.86,0.29,0.26,0.27,0.02,0.89,0.89,"",1,9.1,2,6.9,161922,17.3,67099,14.8,-5963,-95.5,61,9.8,3151,9.7
"28055","5","23","74","0","2025","A","N",1,0,0,0,0,0,0,"N",0.34,0,0,0,0,0,0,"N",0,0.0,0,0,0,0,0,0,0,0,0,0,0,0
"28057","5","23","74","0","2025","A","N",28,0,0,0,0,0,0,"N",0.89,0,0,0,0,0,0,"N",-1,-3.4,0,0,0,0,0,0,0,0,0,0,0,0
"28059","5","23","74","0","2025","A","",246,2282,149254232,48461182,321372,1258,65407,"",1.12,0.86,0.84,0.96,1.28,0.98,0.98,"",4,1.7,-527,-18.8,-45366009,-23.3,-12446313,-20.4,-147918,-31.5,-74,-5.6,-3882,-5.6
"28061","5","23","74","0","2025","A","",20,123,7869167,2411542,8196,1229,63934,"",1.07,0.59,0.71,0.61,0.44,1.20,1.20,"",2,11.1,14,12.8,748640,10.5,580130,31.7,-14770,-64.3,-30,-2.4,-1542,-2.4
"28063","5","23","74","0","2025","A","N",2,0,0,0,0,0,0,"N",0.34,0,0,0,0,0,0,"N",0,0.0,0,0,0,0,0,0,0,0,0,0,0,0
"28065","5","23","74","0","2025","A","N",15,0,0,0,0,0,0,"N",1.25,0,0,0,0,0,0,"N",-1,-6.2,0,0,0,0,0,0,0,0,0,0,0,0
"28067","5","23","74","0","2025","A","N",111,0,0,0,0,0,0,"N",0.99,0,0,0,0,0,0,"N",0,0.0,0,0,0,0,0,0,0,0,0,0,0,0
"28069","5","23","74","0","2025","A","",7,69,5113801,1797111,35647,1430,74383,"",0.68,0.75,1.13,1.22,2.28,1.52,1.52,"",0,0.0,-35,-33.7,-1298572,-20.3,-239296,-11.8,8332,30.5,240,20.2,12527,20.3
"28071","5","23","74","0","2025","A","N",108,0,0,0,0,0,0,"N",0.88,0,0,0,0,0,0,"N",3,2.9,0,0,0,0,0,0,0,0,0,0,0,0
"28073","5","23","74","0","2025","A","",157,902,54858131,15797017,48254,1169,60785,"",1.26,0.81,1.03,0.69,0.51,1.26,1.26,"",3,1.9,5,0.6,2199093,4.2,35906,0.2,-7464,-13.4,40,3.5,2101,3.6
"28075","5","23","74","0","2025","A","",130,1184,69610521,22261584,92086,1131,58793,"",0.90,0.73,0.79,0.80,0.51,1.09,1.09,"",-3,-2.3,135,12.9,10810718,18.4,4507708,25.4,24027,35.3,53,4.9,2744,4.9
"28077","5","23","74","0","2025","A","N",11,0,0,0,0,0,0,"N",0.68,0,0,0,0,0,0,"N",0,0.0,0,0,0,0,0,0,0,0,0,0,0,0
"28079","5","23","74","0","2025","A","",26,107,5092611,1747177,5755,912,47410,"",0.95,0.36,0.38,0.29,0.21,1.05,1.05,"N",2,8.3,0,0,0,0,0,0,0,0,0,0,0,0
"28081","2","23","74","0","2025","A","",1,326,13610000,0,0,803,41770,"",2.44,13.33,11.39,0.00,0.00,0.85,0.85,"",0,0.0,-1,-0.3,208392,1.6,0,0.0,0,0.0,15,1.9,807,2.0
"28081","5","23","74","0","2025","A","",152,1486,89700539,25624303,70158,1161,60354,"",0.73,0.54,0.57,0.50,0.29,1.05,1.05,"",0,0.0,84,6.0,10608152,13.4,1692859,7.1,-28403,-28.8,76,7.0,3930,7.0
"28083","5","23","74","0","2025","A","",42,506,32654241,8981856,68314,1240,64492,"",0.67,0.79,1.06,0.78,0.81,1.34,1.34,"",0,0.0,-62,-10.9,-4809365,-12.8,-1236382,-12.1,-13407,-16.4,-27,-2.1,-1407,-2.1
"28085","5","23","74","0","2025","A","",69,620,35670426,10609958,21587,1106,57517,"",1.04,0.93,1.08,0.80,0.47,1.16,1.16,"",-2,-2.8,-22,-3.4,-1784397,-4.8,293463,2.8,1161,5.7,-16,-1.4,-847,-1.5
"28087","5","23","74","0","2025","A","",134,2491,203330230,57696833,610698,1570,81634,"",1.11,1.80,2.31,2.11,3.34,1.28,1.28,"",2,1.5,582,30.5,55918256,37.9,8867776,18.2,-271749,-30.8,85,5.7,4431,5.7
"28089","5","23","74","0","2025","A","",336,2564,199346600,53907811,149991,1495,77763,"",1.06,0.81,1.02,0.77,0.41,1.26,1.26,"",16,5.0,-476,-15.7,-31804436,-13.8,-8055283,-13.0,-67823,-31.1,33,2.3,1737,2.3
"28091","5","23","74","0","2025","A","",60,1365,112607807,24097083,24239,1586,82497,"",1.28,3.08,4.86,2.86,0.79,1.58,1.58,"",-3,-4.8,-57,-4.0,-8263832,-6.8,-776232,-3.1,-14691,-37.7,-48,-2.9,-2474,-2.9
"28093","5","23","74","0","2025","A","N",71,0,0,0,0,0,0,"N",1.56,0,0,0,0,0,0,"N",7,10.9,0,0,0,0,0,0,0,0,0,0,0,0
"28095","5","23","74","0","2025","A","",64,758,63783305,14136877,41803,1619,84184,"",1.25,1.58,2.29,1.62,0.96,1.46,1.46,"",1,1.6,-78,-9.3,5112452,8.7,-1195160,-7.8,52,0.1,269,19.9,13962,19.9
"28097","5","23","74","0","2025","A","N",15,0,0,0,0,0,0,"N",0.83,0,0,0,0,0,0,"N",0,0.0,0,0,0,0,0,0,0,0,0,0,0,0
"28099","5","23","74","0","2025","A","",42,1585,154936788,32823060,110336,1880,97762,"",0.92,2.35,4.13,2.37,2.29,1.76,1.76,"",-2,-4.5,561,54.8,60359664,63.8,13706033,71.7,3602,3.4,103,5.8,5364,5.8
"28101","2","23","74","0","2025","A","",1,380,16685686,0,0,844,43871,"",17.54,159.02,178.85,0.00,0.00,1.12,1.12,"",0,0.0,-3,-0.8,255483,1.6,0,0.0,0,0.0,19,2.3,954,2.2
"28101","5","23","74","0","2025","A","",27,171,11186279,3496775,4252,1259,65449,"",0.93,0.64,0.90,0.84,0.23,1.43,1.43,"",2,8.0,-26,-13.2,-443076,-3.8,-536075,-13.3,-12544,-74.7,122,10.7,6342,10.7
"28103","5","23","74","0","2025","A","",26,47,2493462,864410,3124,1018,52958,"",1.43,0.40,0.45,0.48,0.33,1.11,1.11,"",0,0.0,-7,-13.0,-169561,-6.4,-61175,-6.6,381,13.9,67,7.0,3490,7.1
"28105","5","23","74","0","2025","A","",71,482,23894127,8289968,122633,954,49616,"",0.84,0.44,0.41,0.58,1.27,0.94,0.94,"",4,6.0,53,12.4,2537192,11.9,1071326,14.8,96216,364.2,-4,-0.4,-215,-0.4
"28107","2","23","74","0","2025","A","",1,318,14442054,0,0,874,45463,"",9.76,62.99,68.12,0.00,0.00,1.08,1.08,"",0,0.0,-2,-0.6,221128,1.6,0,0.0,0,0.0,19,2.2,1023,2.3
"28107","5","23","74","0","2025","A","",40,413,24711493,6747149,8812,1149,59774,"",0.77,0.73,0.88,0.64,0.16,1.21,1.21,"",2,5.3,7,1.7,3568192,16.9,181995,2.8,-3985,-31.1,147,14.7,7654,14.7
"28109","3","23","74","0","2025","A","",1,8,308928,0,0,743,38616,"",2.75,0.96,0.99,0.00,0.00,1.03,1.03,"",0,0.0,0,0.0,2464,0.8,0,0.0,0,0.0,6,0.8,308,0.8
"28109","5","23","74","0","2025","A","",106,653,42595424,11735048,24804,1254,65214,"",1.31,1.05,1.50,1.13,0.60,1.42,1.42,"",9,9.3,22,3.5,4980542,13.2,504574,4.5,-5098,-17.0,108,9.4,5618,9.4
"28111","5","23","74","0","2025","A","N",8,0,0,0,0,0,0,"N",0.58,0,0,0,0,0,0,"N",2,33.3,0,0,0,0,0,0,0,0,0,0,0,0
"28113","2","23","74","0","2025","A","",1,253,11138285,0,0,847,44025,"",6.37,36.88,40.83,0.00,0.00,1.11,1.11,"",0,0.0,-1,-0.4,170547,1.6,0,0.0,0,0.0,17,2.0,887,2.1
"28113","5","23","74","0","2025","A","",62,308,17547091,5478098,10838,1097,57033,"",0.77,0.40,0.49,0.40,0.20,1.22,1.22,"",1,1.6,46,17.6,4293633,32.4,674300,14.0,-8778,-44.7,125,12.9,6479,12.8
"28115","5","23","74","0","2025","A","N",37,0,0,0,0,0,0,"N",0.84,0,0,0,0,0,0,"N",2,5.7,0,0,0,0,0,0,0,0,0,0,0,0
"28117","5","23","74","0","2025","A","",57,315,16448332,5506072,7217,1003,52176,"",1.33,0.83,0.93,0.84,0.24,1.12,1.12,"",3,5.6,5,1.6,341205,2.1,-110117,-2.0,-7734,-51.7,3,0.3,176,0.3
"28119","5","23","74","0","2025","A","N",2,0,0,0,0,0,0,"N",0.18,0,0,0,0,0,0,"N",0,0.0,0,0,0,0,0,0,0,0,0,0,0,0
"28121","5","23","74","0","2025","A","",534,4964,356946901,84832234,217315,1383,71912,"",1.46,1.39,1.70,1.16,0.73,1.22,1.22,"",20,3.9,371,8.1,38820316,12.2,-2740580,-3.1,-200816,-48.0,51,3.8,2651,3.8
"28123","5","23","74","0","2025","A","",44,485,30468710,8682159,14026,1207,62779,"",1.07,0.67,0.81,0.54,0.09,1.21,1.21,"",-1,-2.2,-28,-5.5,-107494,-0.4,-358630,-4.0,-15229,-52.1,60,5.2,3157,5.3
"28125","3","23","74","0","2025","A","",1,1,33872,14812,148,601,31266,"",20.80,1.51,1.49,13.46,53.91,0.92,0.92,"",0,0.0,0,0.0,-4486,-11.7,-5115,-25.7,-51,-25.6,-80,-11.7,-4141,-11.7
"28125","5","23","74","0","2025","A","N",4,0,0,0,0,0,0,"N",0.37,0,0,0,0,0,0,"N",0,0.0,0,0,0,0,0,0,0,0,0,0,0,0
"28127","5","23","74","0","2025","A","",54,585,37223144,11365448,35328,1224,63629,"",1.35,1.55,2.37,1.94,1.49,1.52,1.52,"",1,1.9,-3,-0.5,1547931,4.3,-1105027,-8.9,-1412,-3.8,57,4.9,2965,4.9
"28129","5","23","74","0","2025","A","",19,43,1725302,666472,402,766,39815,"",1.24,0.30,0.23,0.26,0.04,0.75,0.75,"",-1,-5.0,1,2.4,-107437,-5.9,3107,0.5,-1696,-80.8,-82,-9.7,-4259,-9.7
"28131","5","23","74","0","2025","A","",30,217,12171349,3923160,22369,1078,56068,"",1.14,0.81,0.96,0.89,0.72,1.19,1.19,"",1,3.4,-17,-7.3,-1293515,-9.6,-758114,-16.2,-979,-4.2,-29,-2.6,-1474,-2.6
"28133","5","23","74","0","2025","A","",25,252,15550506,5273655,42957,1188,61770,"",0.60,0.59,0.80,0.79,0.81,1.35,1.35,"",-1,-3.8,23,10.0,2217357,16.6,-687183,-11.5,12566,41.3,68,6.1,3504,6.0
"28135","5","23","74","0","2025","A","N",10,0,0,0,0,0,0,"N",0.59,0,0,0,0,0,0,"N",0,0.0,0,0,0,0,0,0,0,0,0,0,0,0
"28137","5","23","74","0","2025","A","",34,182,10477140,3287200,11280,1107,57567,"",0.96,0.52,0.61,0.56,0.30,1.18,1.18,"",3,9.7,16,9.6,1163346,12.5,167261,5.4,1174,11.6,28,2.6,1460,2.6
"28139","5","23","74","0","2025","A","",34,328,18557169,5630026,19812,1086,56491,"",1.12,0.86,0.99,0.75,0.49,1.15,1.15,"",0,0.0,15,4.8,2304439,14.2,199218,3.7,-4932,-19.9,86,8.6,4496,8.6
"28141","5","23","74","0","2025","A","",38,155,7540161,2641264,16457,936,48646,"",1.01,0.46,0.44,0.40,0.49,0.94,0.94,"",2,5.6,-5,-3.1,280792,3.9,-104395,-3.8,3060,22.8,66,7.6,3393,7.5
"28143","3","23","74","0","2025","A","",1,13,554681,133480,333,821,42668,"",10.67,3.34,3.80,18.34,23.10,1.14,1.14,"",0,0.0,1,8.3,23490,4.4,-7752,-5.5,-20,-5.7,4,0.5,173,0.4
"28143","5","23","74","0","2025","A","",11,69,5666215,1287431,6445,1579,82119,"",0.53,0.24,0.43,0.28,0.21,1.79,1.79,"",0,0.0,-42,-37.8,-2210868,-28.1,-1182362,-47.9,-16281,-71.6,209,15.3,10887,15.3
"28145","5","23","74","0","2025","A","N",56,0,0,0,0,0,0,"N",1.21,0,0,0,0,0,0,"N",6,12.0,0,0,0,0,0,0,0,0,0,0,0,0
"28147","5","23","74","0","2025","A","N",14,0,0,0,0,0,0,"N",0.82,0,0,0,0,0,0,"N",-1,-6.7,0,0,0,0,0,0,0,0,0,0,0,0
"28149","3","23","74","0","2025","A","",1,6,467766,98000,980,1542,80188,"",2.66,0.46,0.69,3.59,22.57,1.56,1.56,"",0,0.0,0,0.0,64231,15.9,13783,16.4,138,16.4,249,19.3,12932,19.2
"28149","5","23","74","0","2025","A","",76,525,37592646,9359722,39688,1377,71605,"",0.91,0.54,0.61,0.54,0.42,1.14,1.14,"",3,4.1,83,18.8,9156998,32.2,1770687,23.3,2787,7.6,141,11.4,7344,11.4
"28151","3","23","74","0","2025","A","",1,2,116737,42000,420,962,50030,"",2.42,0.19,0.28,1.91,8.19,1.24,1.24,"",0,0.0,-4,-66.7,-196594,-62.7,-135694,-76.4,-1357,-76.4,35,3.8,1825,3.8
"28151","5","23","74","0","2025","A","",74,497,31681726,9172158,34815,1225,63714,"",0.80,0.65,0.84,0.65,0.31,1.30,1.30,"",5,7.2,142,40.0,13936115,78.5,3665323,66.6,198,0.6,263,27.3,13715,27.4
"28153","5","23","74","0","2025","A","N",21,0,0,0,0,0,0,"N",0.70,0,0,0,0,0,0,"N",2,10.5,0,0,0,0,0,0,0,0,0,0,0,0
"28155","5","23","74","0","2025","A","",17,102,6015149,1792617,4836,1133,58924,"",1.07,0.91,1.18,1.09,0.61,1.29,1.29,"",1,6.2,15,17.2,1087781,22.1,282564,18.7,410,9.3,45,4.1,2342,4.1
"28157","5","23","74","0","2025","A","N",6,0,0,0,0,0,0,"N",0.63,0,0,0,0,0,0,"N",0,0.0,0,0,0,0,0,0,0,0,0,0,0,0
"28159","5","23","74","0","2025","A","",31,171,8626043,2802788,6310,972,50568,"",1.09,0.63,0.58,0.56,0.29,0.92,0.92,"",2,6.9,5,3.0,536710,6.6,-7876,-0.3,-6363,-50.2,38,4.1,1983,4.1
"28161","5","23","74","0","2025","A","N",21,0,0,0,0,0,0,"N",1.31,0,0,0,0,0,0,"N",3,16.7,0,0,0,0,0,0,0,0,0,0,0,0
"28163","2","23","74","0","2025","A","",1,215,9852660,0,0,880,45738,"",14.55,73.28,66.80,0.00,0.00,0.91,0.91,"",0,0.0,-2,-0.9,150858,1.6,0,0.0,0,0.0,19,2.2,960,2.1
"28163","5","23","74","0","2025","A","",30,365,23484241,7579317,8399,1238,64355,"",0.86,1.10,1.20,1.54,0.29,1.09,1.09,"",-1,-3.2,24,7.0,3410641,17.0,1029617,15.7,-5837,-41.0,107,9.5,5560,9.5
"28999","3","23","74","0","2025","A","",1,7,158229,115914,1159,445,23155,"",0.13,0.15,0.05,0.77,2.47,0.35,0.35,"",0,0.0,0,0.0,-21208,-11.8,-12525,-9.8,-125,-9.7,-26,-5.5,-1314,-5.4
"28999","5","23","74","0","2025","A","",1772,5830,488190033,142125673,1359257,1610,83744,"",1.05,1.71,1.76,1.48,1.33,1.03,1.03,"",54,3.1,855,17.2,88574902,22.2,24859731,21.2,-8734,-0.6,65,4.2,3413,4.2
"29000","2","23","54","0","2025","A","",116,2326,126485197,0,0,1046,54387,"",3.00,1.71,1.53,0.00,0.00,0.89,0.89,"",14,13.7,-350,-13.1,-9169344,-6.8,0,0.0,0,0.0,71,7.3,3696,7.3
"29000","3","23","54","0","2025","A","",341,5660,321008912,11385747,32879,1091,56716,"",3.84,2.74,2.66,3.44,1.99,0.97,0.97,"",1,0.3,65,1.2,21977902,7.3,-120215,-1.0,-6833,-17.2,63,6.1,3274,6.1
"29000","5","23","54","0","2025","A","N",17492,0,0,0,0,0,0,"N",0.89,0,0,0,0,0,0,"N",708,4.2,0,0,0,0,0,0,0,0,0,0,0,0
"29001","2","23","74","0","2025","A","",1,14,745255,0,0,994,51694,"",7.79,3.19,4.04,0.00,0.00,1.23,1.23,"",0,0.0,1,7.7,45027,6.4,0,0.0,0,0.0,-35,-3.4,-1827,-3.4
"29001","3","23","74","0","2025","A","",2,41,2087762,214218,0,979,50921,"",6.80,6.17,7.77,25.72,0.00,1.26,1.26,"",0,0.0,5,13.9,403297,23.9,34357,19.1,-316,-100.0,81,9.0,4238,9.1
"29001","5","23","74","0","2025","A","N",46,0,0,0,0,0,0,"N",0.70,0,0,0,0,0,0,"N",1,2.2,0,0,0,0,0,0,0,0,0,0,0,0
"29003","2","23","74","0","2025","A","",1,14,705428,0,0,999,51933,"",13.48,10.47,13.73,0.00,0.00,1.35,1.35,"",0,0.0,-2,-12.5,-41948,-5.6,0,0.0,0,0.0,105,11.7,5464,11.8
"29003","3","23","74","0","2025","A","",1,3,176474,0,0,1234,64172,"",5.88,1.48,2.36,0.00,0.00,1.74,1.74,"",0,0.0,0,0.0,13521,8.3,0,0.0,0,0.0,218,21.5,11322,21.4
"29003","5","23","74","0","2025","A","",47,240,14976304,3185894,73177,1202,62488,"",1.24,1.59,2.20,1.67,1.92,1.38,1.38,"",0,0.0,14,6.2,1134104,8.2,412932,14.9,11026,17.7,25,2.1,1262,2.1
"29005","2","23","74","0","2025","A","",1,14,748717,0,0,1035,53800,"",28.60,17.46,21.63,0.00,0.00,1.25,1.25,"",0,0.0,1,7.7,101013,15.6,0,0.0,0,0.0,83,8.7,4294,8.7
"29005","3","23","74","0","2025","A","",4,4,73138,37586,113,352,18284,"",49.91,3.29,1.45,22.58,20.19,0.44,0.44,"",0,0.0,0,0.0,6047,9.0,-128,-0.3,-81,-41.8,42,13.5,2182,13.6
"29005","5","23","74","0","2025","A","N",15,0,0,0,0,0,0,"N",0.84,0,0,0,0,0,0,"N",0,0.0,0,0,0,0,0,0,0,0,0,0,0,0
"29007","2","23","74","0","2025","A","",1,21,1086933,0,0,1007,52382,"",10.25,5.65,6.37,0.00,0.00,1.14,1.14,"",0,0.0,0,0.0,41732,4.0,0,0.0,0,0.0,61,6.4,3196,6.5
"29007","3","23","74","0","2025","A","",6,29,1206648,19000,67,805,41849,"",26.82,5.16,4.86,2.27,2.24,0.95,0.95,"",0,0.0,-1,-3.3,-41043,-3.3,-1000,-5.0,-144,-68.2,12,1.5,603,1.5
"29007","5","23","74","0","2025","A","",57,296,17814138,3718314,57113,1156,60115,"",1.15,0.71,0.79,0.70,0.88,1.11,1.11,"",3,5.6,-10,-3.3,419519,2.4,-295344,-7.4,-2607,-4.4,61,5.6,3177,5.6
"29009","2","23","74","0","2025","A","",1,18,904308,0,0,989,51430,"",6.62,2.94,3.34,0.00,0.00,1.16,1.16,"",0,0.0,-12,-40.0,-511015,-36.1,0,0.0,0,0.0,82,9.0,4253,9.0
"29009","3","23","74","0","2025","A","",14,48,1877295,278043,794,759,39453,"",40.42,5.18,4.76,17.84,11.40,0.93,0.93,"",1,7.7,-2,-4.0,34787,1.9,8348,3.1,-1211,-60.4,44,6.2,2293,6.2
"29009","5","23","74","0","2025","A","",90,359,17568790,4509350,88128,941,48938,"",1.17,0.52,0.49,0.45,0.58,0.94,0.94,"",6,7.1,-1,-0.3,22511,0.1,-670000,-12.9,-7466,-7.8,3,0.3,187,0.4
"29011","2","23","74","0","2025","A","",1,15,779039,0,0,993,51649,"",18.95,9.11,11.36,0.00,0.00,1.24,1.24,"",0,0.0,0,0.0,21342,2.8,0,0.0,0,0.0,27,2.8,1415,2.8
"29011","3","23","74","0","2025","A","",2,8,336615,87782,0,809,42077,"",16.54,3.21,3.37,23.10,0.00,1.05,1.05,"",0,0.0,-1,-11.1,4633,1.4,1778,2.1,0,0.0,106,15.1,5529,15.1
"29011","5","23","74","0","2025","A","",32,248,13045769,2819563,39130,1013,52675,"",1.19,1.34,1.44,1.16,1.25,1.07,1.07,"",-3,-8.6,-3,-1.2,1094464,9.2,-259423,-8.4,-6670,-14.6,97,10.6,5029,10.6
"29013","2","23","74","0","2025","A","",1,22,1094609,0,0,972,50520,"",13.53,12.49,15.21,0.00,0.00,1.24,1.24,"",0,0.0,0,0.0,54140,5.2,0,0.0,0,0.0,73,8.1,3757,8.0
"29013","3","23","74","0","2025","A","",2,7,231594,27976,0,629,32696,"",11.81,2.63,2.21,7.73,0.00,0.83,0.83,"",0,0.0,1,16.7,47673,25.9,3027,12.1,0,0.0,63,11.1,3269,11.1
"29013","5","23","74","0","2025","A","",49,262,14227246,3335876,54068,1044,54302,"",1.30,1.32,1.49,1.44,1.50,1.13,1.13,"",1,2.1,38,17.0,1652036,13.1,260682,8.5,3012,5.9,-36,-3.3,-1858,-3.3
"29015","2","23","74","0","2025","A","",1,16,804820,0,0,983,51100,"",11.54,8.92,12.22,0.00,0.00,1.39,1.39,"",0,0.0,-6,-27.3,-300961,-27.2,0,0.0,0,0.0,27,2.8,1402,2.8
"29015","3","23","74","0","2025","A","",2,1,6642,1175,0,170,8856,"",10.07,0.37,0.07,0.31,0.00,0.25,0.25,"",0,0.0,0,0.0,-438,-6.2,-160,-12.0,-17,-100.0,34,25.0,1776,25.1
"29015","5","23","74","0","2025","A","N",58,0,0,0,0,0,0,"N",1.31,0,0,0,0,0,0,"N",-2,-3.3,0,0,0,0,0,0,0,0,0,0,0,0
"29017","2","23","74","0","2025","A","",1,11,570820,0,0,990,51503,"",26.10,13.01,16.86,0.00,0.00,1.28,1.29,"",0,0.0,-6,-35.3,-288576,-33.6,0,0.0,0,0.0,27,2.8,1441,2.9
"29017","5","23","74","0","2025","A","N",30,0,0,0,0,0,0,"N",1.54,0,0,0,0,0,0,"N",1,3.4,0,0,0,0,0,0,0,0,0,0,0,0
"29019","2","23","74","0","2025","A","",1,39,2363722,0,0,1173,60999,"",1.24,0.83,0.88,0.00,0.00,1.07,1.07,"",0,0.0,3,8.3,325555,16.0,0,0.0,0,0.0,87,8.0,4514,8.0
"29019","3","23","74","0","2025","A","",4,140,8225720,33226,0,1131,58825,"",2.17,1.97,2.11,0.36,0.00,1.07,1.07,"",0,0.0,14,11.1,1137235,16.0,3226,10.8,0,0.0,48,4.4,2493,4.4
"29019","5","23","74","0","2025","A","N",543,0,0,0,0,0,0,"N",1.32,0,0,0,0,0,0,"N",11,2.1,0,0,0,0,0,0,0,0,0,0,0,0
"29021","2","23","74","0","2025","A","",2,140,8773820,0,0,1210,62895,"",4.86,6.43,7.09,0.00,0.00,1.11,1.11,"",1,100.0,-11,-7.3,45334,0.5,0,0.0,0,0.0,98,8.8,5059,8.7
"29021","3","23","74","0","2025","A","",3,103,5645048,257305,0,1051,54674,"",3.18,3.12,3.13,4.94,0.00,1.00,1.00,"",0,0.0,-1,-1.0,355338,6.7,-4536,-1.7,0,0.0,69,7.0,3607,7.1
"29021","5","23","74","0","2025","A","",188,2326,229465223,31161816,743935,1898,98673,"",0.90,0.95,1.40,0.94,1.72,1.48,1.48,"",4,2.2,169,7.8,33626089,17.2,1405947,4.7,-20060,-2.6,152,8.7,7898,8.7
"29023","2","23","74","0","2025","A","",2,39,2474904,0,0,1207,62788,"",8.37,4.62,6.54,0.00,0.00,1.40,1.40,"",1,100.0,9,30.0,740221,42.7,0,0.0,0,0.0,95,8.5,4965,8.6
"29023","3","23","74","0","2025","A","",2,47,2284941,331666,875,942,48963,"",3.65,3.68,4.15,16.32,8.43,1.14,1.14,"",0,0.0,3,6.8,263508,13.0,20214,6.5,-222,-20.2,60,6.8,3108,6.8
"29023","5","23","74","0","2025","A","N",80,0,0,0,0,0,0,"N",0.66,0,0,0,0,0,0,"N",0,0.0,0,0,0,0,0,0,0,0,0,0,0,0
"29025","2","23","74","0","2025","A","",1,14,698349,0,0,965,50181,"",27.29,15.80,19.95,0.00,0.00,1.27,1.27,"",0,0.0,0,0.0,28714,4.3,0,0.0,0,0.0,51,5.6,2633,5.5
"29025","5","23","74","0","2025","A","",23,102,6274528,1235586,47824,1185,61616,"",1.23,1.02,1.35,1.02,2.33,1.33,1.33,"",-1,-4.2,-6,-5.6,-2520228,-28.7,-175303,-12.4,-7089,-12.9,-386,-24.6,-20069,-24.6
"29027","2","23","74","0","2025","A","",1,23,1243034,0,0,1047,54439,"",6.77,3.32,3.19,0.00,0.00,0.97,0.97,"",0,0.0,-3,-11.5,-54755,-4.2,0,0.0,0,0.0,81,8.4,4202,8.4
"29027","3","23","74","0","2025","A","",2,37,1910247,302467,0,984,51167,"",5.91,3.52,3.37,18.08,0.00,0.95,0.95,"",0,0.0,0,0.0,96946,5.3,22586,8.1,0,0.0,37,3.9,1937,3.9
"29027","5","23","74","0","2025","A","",127,881,66150799,12054254,221961,1444,75100,"",1.69,1.13,1.28,1.13,1.49,1.14,1.14,"",13,11.4,131,17.5,14316941,27.6,1346904,12.6,14821,7.2,115,8.7,5988,8.7
"29029","2","23","74","0","2025","A","",1,21,1095567,0,0,995,51759,"",3.69,2.51,2.97,0.00,0.00,1.17,1.17,"",0,0.0,-8,-27.6,-479601,-30.4,0,0.0,0,0.0,-50,-4.8,-2557,-4.7
"29029","3","23","74","0","2025","A","",3,69,3339929,108546,11,928,48230,"",4.83,5.45,6.21,5.01,0.08,1.14,1.14,"",0,0.0,-1,-1.4,194306,6.2,-11143,-9.3,3,37.5,58,6.7,2969,6.6
"29029","5","23","74","0","2025","A","",252,1356,95472040,17395347,349350,1354,70420,"",1.82,1.44,1.95,1.26,1.23,1.35,1.35,"",6,2.4,-14,-1.0,2863453,3.1,-1417765,-7.5,-29780,-7.9,54,4.2,2843,4.2
"29031","2","23","74","0","2025","A","",1,28,1475182,0,0,1025,53320,"",2.28,1.43,1.52,0.00,0.00,1.08,1.08,"",0,0.0,-25,-47.2,-1264199,-46.1,0,0.0,0,0.0,31,3.1,1634,3.2
"29031","3","23","74","0","2025","A","",4,124,6126887,0,0,952,49510,"",3.98,4.19,4.35,0.00,0.00,1.04,1.04,"",0,0.0,-2,-1.6,131929,2.2,0,0.0,0,0.0,33,3.6,1741,3.6
"29031","5","23","74","0","2025","A","",200,1862,124388800,23343492,454251,1285,66804,"",0.89,0.85,0.97,0.86,1.23,1.15,1.15,"",7,3.6,31,1.7,6518399,5.5,-125239,-0.5,-31884,-6.6,47,3.8,2423,3.8
"29033","2","23","74","0","2025","A","",1,15,778155,0,0,1003,52167,"",20.49,12.03,14.92,0.00,0.00,1.25,1.25,"",0,0.0,0,0.0,32227,4.3,0,0.0,0,0.0,52,5.5,2713,5.5
"29033","3","23","74","0","2025","A","",2,8,405938,55145,0,997,51822,"",17.88,4.24,5.35,20.36,0.00,1.29,1.29,"",0,0.0,-1,-11.1,9835,2.5,-9506,-14.7,0,0.0,118,13.4,6118,13.4
"29033","5","23","74","0","2025","A","",22,131,10507302,1901540,31070,1547,80464,"",0.88,0.93,1.52,1.10,1.08,1.64,1.64,"",-2,-8.3,1,0.8,1337831,14.6,183975,10.7,-179,-0.6,192,14.2,10020,14.2
"29035","2","23","74","0","2025","A","",1,13,647267,0,0,964,50111,"",25.69,19.12,27.57,0.00,0.00,1.45,1.45,"",0,0.0,-9,-40.9,-393635,-37.8,0,0.0,0,0.0,64,7.1,3329,7.1
"29035","5","23","74","0","2025","A","N",12,0,0,0,0,0,0,"N",0.60,0,0,0,0,0,0,"N",4,50.0,0,0,0,0,0,0,0,0,0,0,0,0
"29037","2","23","74","0","2025","A","",1,18,818410,0,0,891,46325,"",2.43,1.22,1.21,0.00,0.00,1.01,1.01,"",0,0.0,-6,-25.0,-247860,-23.2,0,0.0,0,0.0,31,3.6,1586,3.5
"29037","3","23","74","0","2025","A","",4,76,4563585,470663,2326,1161,60378,"",4.24,3.40,4.62,11.72,10.40,1.37,1.37,"",0,0.0,-2,-2.6,303323,7.1,-30933,-6.2,-1063,-31.4,115,11.0,5992,11.0
"29037","5","23","74","0","2025","A","",402,2355,171168406,32684664,615386,1398,72691,"",1.92,1.42,1.90,1.27,1.27,1.34,1.34,"",14,3.6,132,5.9,18280772,12.0,776722,2.4,-12594,-2.0,76,5.7,3929,5.7
"29039","2","23","74","0","2025","A","",1,11,595070,0,0,1017,52895,"",16.04,6.54,9.33,0.00,0.00,1.39,1.39,"",0,0.0,-8,-42.1,-383339,-39.2,0,0.0,0,0.0,40,4.1,2069,4.1
"29039","3","23","74","0","2025","A","",3,18,538949,133724,598,568,29531,"",21.00,7.07,5.81,41.67,40.18,0.81,0.81,"",0,0.0,1,5.9,30910,6.1,5446,4.2,32,5.7,-10,-1.7,-501,-1.7
"29039","5","23","74","0","2025","A","",39,156,9313569,2053073,28614,1151,59830,"",1.23,0.82,1.10,1.00,0.89,1.34,1.34,"",3,8.3,8,5.4,780323,9.1,149400,7.8,3306,13.1,45,4.1,2335,4.1
"29041","2","23","74","0","2025","A","",1,14,747034,0,0,1020,53044,"",24.82,16.40,21.41,0.00,0.00,1.30,1.30,"",0,0.0,-1,-6.7,-717,-0.1,0,0.0,0,0.0,67,7.0,3469,7.0
"29041","3","23","74","0","2025","A","",1,1,27441,14661,39,487,25330,"",10.83,0.77,0.54,8.06,6.15,0.64,0.64,"",0,0.0,0,0.0,-1896,-6.5,-1024,-6.5,11,39.3,-34,-6.5,-1750,-6.5
"29041","5","23","74","0","2025","A","",23,106,4863152,1268648,25656,878,45663,"",1.12,1.10,1.05,1.09,1.87,0.95,0.95,"",0,0.0,5,5.0,312058,6.9,75929,6.4,-107,-0.4,15,1.7,788,1.8
"29043","2","23","74","0","2025","A","",1,22,1180387,0,0,1044,54271,"",2.64,2.24,2.84,0.00,0.00,1.28,1.28,"",0,0.0,-2,-8.3,-19126,-1.6,0,0.0,0,0.0,76,7.9,3942,7.8
"29043","3","23","74","0","2025","A","",2,11,425710,127875,701,774,40225,"",2.31,0.74,0.70,5.16,5.44,0.99,0.99,"",0,0.0,0,0.0,7498,1.8,-3818,-2.9,485,224.5,37,5.0,1916,5.0
"29043","5","23","74","0","2025","A","",387,2207,133320803,29294916,417371,1162,60401,"",2.00,2.00,2.42,1.85,1.49,1.21,1.21,"",24,6.6,-21,-0.9,3742971,2.9,-1322138,-4.3,-20236,-4.6,43,3.8,2233,3.8
"29045","2","23","74","0","2025","A","",1,12,569921,0,0,920,47826,"",36.54,18.47,25.38,0.00,0.00,1.38,1.38,"",0,0.0,1,9.1,51348,9.9,0,0.0,0,0.0,20,2.2,1037,2.2
"29045","3","23","74","0","2025","A","",2,9,54257,53034,167,119,6201,"",31.89,9.15,1.66,40.18,31.60,0.19,0.19,"",0,0.0,1,12.5,13161,32.0,11938,29.0,105,169.4,23,24.0,1220,24.5
"29045","5","23","74","0","2025","A","",7,56,2649703,756544,15028,918,47742,"",0.50,0.77,0.89,0.90,1.31,1.17,1.17,"",0,0.0,7,14.3,432098,19.5,61024,8.8,-1410,-8.6,48,5.5,2485,5.5
"29047","2","23","74","0","2025","A","",1,11,600988,0,0,1051,54635,"",0.95,0.21,0.19,0.00,0.00,0.92,0.92,"",0,0.0,-6,-35.3,-345029,-36.5,0,0.0,0,0.0,-9,-0.8,-473,-0.9
"29047","3","23","74","0","2025","A","",4,71,3362695,0,0,911,47362,"",1.66,0.90,0.75,0.00,0.00,0.83,0.83,"",0,0.0,3,4.4,344151,11.4,0,0.0,0,0.0,59,6.9,3080,7.0
"29047","5","23","74","0","2025","A","",556,5557,460181602,71097192,1021637,1593,82811,"",1.04,0.95,1.12,0.83,0.55,1.19,1.19,"",14,2.6,325,6.2,35516680,8.4,149375,0.2,-49591,-4.6,32,2.0,1636,2.0
"29049","2","23","74","0","2025","A","",2,69,4190834,0,0,1167,60663,"",26.10,29.79,39.88,0.00,0.00,1.34,1.34,"",1,100.0,-15,-17.9,-348807,-7.7,0,0.0,0,0.0,125,12.0,6458,11.9
"29049","3","23","74","0","2025","A","",4,27,1130122,170626,808,805,41856,"",22.78,7.70,7.39,39.39,36.63,0.96,0.96,"",0,0.0,0,0.0,-4786,-0.4,-5503,-3.1,109,15.6,9,1.1,461,1.1
"29049","5","23","74","0","2025","A","",69,335,20320056,4651196,71284,1168,60732,"",1.77,1.28,1.46,1.68,1.49,1.14,1.14,"",1,1.5,-32,-8.7,-5875707,-22.4,-729106,-13.6,-19276,-21.3,-205,-14.9,-10679,-15.0
"29051","3","23","74","0","2025","A","",2,73,3847129,0,0,1017,52881,"",2.07,1.88,1.89,0.00,0.00,1.01,1.01,"",0,0.0,-2,-2.7,138673,3.7,0,0.0,0,0.0,61,6.4,3159,6.4
"29051","5","23","74","0","2025","A","",271,3211,251618140,41239146,979844,1507,78367,"",1.26,1.11,1.36,1.41,2.00,1.22,1.22,"",4,1.5,278,9.5,35075382,16.2,3111394,8.2,50984,5.5,87,6.1,4546,6.2
"29053","2","23","74","0","2025","A","",1,23,1188540,0,0,1001,52053,"",13.18,9.61,12.22,0.00,0.00,1.28,1.28,"",0,0.0,-1,-4.2,-11915,-1.0,0,0.0,0,0.0,32,3.3,1684,3.3
"29053","3","23","74","0","2025","A","",2,20,1053856,0,0,1009,52474,"",11.50,5.52,7.45,0.00,0.00,1.34,1.34,"",0,0.0,0,0.0,117876,12.6,0,0.0,0,0.0,109,12.1,5675,12.1
"29053","5","23","74","0","2025","A","",56,243,14852366,2967609,48734,1176,61142,"",1.45,0.90,1.15,0.86,0.93,1.28,1.28,"",0,0.0,-33,-12.0,-344272,-2.3,-450879,-13.2,-14104,-22.4,118,11.2,6132,11.1
"29055","2","23","74","0","2025","A","",1,27,1464475,0,0,1037,53907,"",9.34,8.42,9.93,0.00,0.00,1.17,1.17,"",0,0.0,-5,-15.6,-129913,-8.1,0,0.0,0,0.0,81,8.5,4212,8.5
"29055","3","23","74","0","2025","A","",1,18,933266,0,0,1006,52333,"",4.08,3.71,4.35,0.00,0.00,1.18,1.18,"",0,0.0,0,0.0,2744,0.3,0,0.0,0,0.0,-7,-0.7,-338,-0.6
"29055","5","23","74","0","2025","A","",56,224,11971153,3204954,72739,1029,53522,"",1.03,0.62,0.61,0.64,0.93,0.99,0.99,"",4,7.7,-21,-8.6,-1131187,-8.6,-502351,-13.6,-24700,-25.3,-1,-0.1,-48,-0.1
"29057","2","23","74","0","2025","A","",1,14,738262,0,0,1002,52113,"",34.62,17.57,24.53,0.00,0.00,1.38,1.38,"",0,0.0,1,7.7,77129,11.7,0,0.0,0,0.0,30,3.1,1581,3.1
"29057","5","23","74","0","2025","A","",15,55,2955971,676054,15352,1026,53341,"",1.02,0.61,0.74,0.58,1.17,1.20,1.20,"",1,7.1,-8,-12.7,-411734,-12.2,-156874,-18.8,-4731,-23.6,-7,-0.7,-399,-0.7
"29059","2","23","74","0","2025","A","",1,13,652370,0,0,997,51844,"",14.39,9.71,14.08,0.00,0.00,1.50,1.50,"",0,0.0,-2,-13.3,-92465,-12.4,0,0.0,0,0.0,47,4.9,2463,5.0
"29059","3","23","74","0","2025","A","",1,18,631569,195236,343,687,35749,"",6.28,8.88,9.37,62.73,20.10,1.07,1.07,"",0,0.0,2,12.5,-3121,-0.5,-70962,-26.7,-359,-51.1,-72,-9.5,-3714,-9.4
"29059","5","23","74","0","2025","A","N",38,0,0,0,0,0,0,"N",1.07,0,0,0,0,0,0,"N",3,8.6,0,0,0,0,0,0,0,0,0,0,0,0
"29061","2","23","74","0","2025","A","",1,15,733123,0,0,924,48074,"",22.76,17.35,21.66,0.00,0.00,1.23,1.23,"",0,0.0,-1,-6.2,-11447,-1.5,0,0.0,0,0.0,34,3.8,1779,3.8
"29061","3","23","74","0","2025","A","",2,2,15395,15395,0,178,9237,"",19.86,1.53,0.31,7.72,0.00,0.25,0.25,"",0,0.0,1,100.0,4061,35.8,4061,35.8,0,0.0,4,2.3,170,1.9
"29061","5","23","74","0","2025","A","",38,216,14965387,3140150,58781,1332,69257,"",1.70,2.22,3.34,2.47,2.93,1.50,1.50,"",3,8.6,27,14.3,1725864,13.0,490179,18.5,14606,33.1,-15,-1.1,-763,-1.1
"29063","5","23","74","0","2025","A","",26,128,7185180,1659754,25639,1082,56281,"",1.21,1.01,1.12,0.94,1.28,1.11,1.11,"",0,0.0,-11,-7.9,-989999,-12.1,-157273,-8.7,-8056,-23.9,-49,-4.3,-2533,-4.3
"29065","2","23","74","0","2025","A","",1,16,802114,0,0,990,51473,"",11.68,9.27,11.39,0.00,0.00,1.26,1.26,"",0,0.0,0,0.0,-5339,-0.7,0,0.0,0,0.0,25,2.6,1269,2.5
"29065","3","23","74","0","2025","A","",2,23,1062012,133656,1176,875,45515,"",10.20,8.80,10.36,34.30,68.81,1.16,1.16,"",0,0.0,0,0.0,6917,0.7,5202,4.0,-181,-13.3,-7,-0.8,-359,-0.8
"29065","5","23","74","0","2025","A","N",35,0,0,0,0,0,0,"N",0.80,0,0,0,0,0,0,"N",2,6.1,0,0,0,0,0,0,0,0,0,0,0,0
"29067","3","23","74","0","2025","A","",1,20,664216,226622,1794,655,34062,"",9.90,11.40,10.70,80.58,59.38,0.96,0.96,"",0,0.0,-1,-4.8,-40752,-5.8,-35113,-13.4,-277,-13.4,9,1.4,492,1.5
"29067","5","23","74","0","2025","A","",30,122,5524707,1528381,25295,873,45377,"",1.33,0.93,0.98,0.85,0.39,1.05,1.05,"",4,15.4,5,4.3,907161,19.6,-217929,-12.5,-6332,-20.0,111,14.6,5770,14.6
"29069","2","23","74","0","2025","A","",1,20,943655,0,0,931,48393,"",3.68,4.73,6.42,0.00,0.00,1.39,1.39,"",0,0.0,-10,-33.3,-403496,-30.0,0,0.0,0,0.0,67,7.8,3488,7.8
"29069","3","23","74","0","2025","A","",3,16,569592,16819,207,678,35232,"",4.82,2.50,2.66,1.64,3.66,1.05,1.05,"",0,0.0,-2,-11.1,15581,2.8,-4348,-20.5,59,39.9,81,13.6,4166,13.4
"29069","5","23","74","0","2025","A","",24,137,10073221,1602323,20558,1415,73572,"",0.17,0.29,0.52,0.25,0.17,1.80,1.80,"",1,4.3,-8,-5.5,-7483708,-42.6,-319613,-16.6,-8018,-28.1,-918,-39.3,-47719,-39.3
"29071","2","23","74","0","2025","A","",1,28,1483636,0,0,1031,53625,"",2.10,1.50,1.61,0.00,0.00,1.09,1.09,"",0,0.0,-12,-30.0,-523342,-26.1,0,0.0,0,0.0,60,6.2,3135,6.2
"29071","3","23","74","0","2025","A","",5,88,4420489,39175,131,969,50376,"",4.59,3.11,3.31,0.83,0.67,1.07,1.07,"",0,0.0,0,0.0,364816,9.0,2957,8.2,-72,-35.5,79,8.9,4114,8.9
"29071","5","23","74","0","2025","A","",470,2931,184227023,38219555,663602,1209,62853,"",1.94,1.39,1.51,1.26,1.57,1.09,1.09,"",26,5.9,85,3.0,15092125,8.9,-170877,-0.4,20810,3.2,66,5.8,3415,5.7
"29073","2","23","74","0","2025","A","",1,16,776287,0,0,943,49029,"",12.00,6.77,8.68,0.00,0.00,1.29,1.30,"",0,0.0,1,6.7,5467,0.7,0,0.0,0,0.0,-40,-4.1,-2075,-4.1
"29073","3","23","74","0","2025","A","",1,17,632391,0,0,730,37943,"",5.24,4.75,4.86,0.00,0.00,1.04,1.04,"",0,0.0,1,6.2,-5195,-0.8,0,0.0,0,0.0,-48,-6.2,-2539,-6.3
"29073","5","23","74","0","2025","A","",45,160,7631089,1978040,25969,914,47546,"",1.06,0.60,0.64,0.55,0.60,1.07,1.07,"",1,2.3,9,6.0,931885,13.9,36794,1.9,322,1.3,61,7.2,3205,7.2
"29075","2","23","74","0","2025","A","",1,17,835066,0,0,945,49122,"",27.18,17.06,20.75,0.00,0.00,1.22,1.22,"",0,0.0,-7,-29.2,-221740,-21.0,0,0.0,0,0.0,92,10.8,4780,10.8
"29075","5","23","74","0","2025","A","N",19,0,0,0,0,0,0,"N",1.01,0,0,0,0,0,0,"N",2,11.8,0,0,0,0,0,0,0,0,0,0,0,0
"29077","2","23","74","0","2025","A","",2,217,14180012,0,0,1259,65471,"",1.15,2.57,3.16,0.00,0.00,1.23,1.23,"",1,100.0,-55,-20.2,-1403455,-9.0,0,0.0,0,0.0,159,14.5,8284,14.5
"29077","3","23","74","0","2025","A","",3,687,47611983,0,0,1334,69346,"",0.75,5.38,7.29,0.00,0.00,1.36,1.36,"",0,0.0,-3,-0.4,2284456,5.0,0,0.0,0,0.0,71,5.6,3694,5.6
"29077","5","23","74","0","2025","A","",795,7400,504489079,94714914,1497133,1311,68174,"",0.90,0.78,0.85,0.76,0.86,1.09,1.09,"",33,4.3,49,0.7,24028686,5.0,-2288315,-2.4,-114266,-7.1,54,4.3,2814,4.3
"29079","2","23","74","0","2025","A","",1,19,962979,0,0,997,51819,"",22.60,14.30,18.34,0.00,0.00,1.31,1.31,"",0,0.0,1,5.6,28081,3.0,0,0.0,0,0.0,12,1.2,592,1.2
"29079","3","23","74","0","2025","A","",2,20,867341,0,0,837,43549,"",19.72,9.94,11.35,0.00,0.00,1.15,1.15,"",0,0.0,0,0.0,50563,6.2,0,0.0,0,0.0,42,5.3,2193,5.3
"29079","5","23","74","0","2025","A","",19,45,2288362,672546,15421,969,50386,"",0.84,0.30,0.33,0.49,0.84,1.09,1.08,"",2,11.8,3,7.1,235080,11.4,112737,20.1,3045,24.6,34,3.6,1788,3.7
"29081","2","23","74","0","2025","A","",1,21,1090822,0,0,1011,52570,"",23.08,17.68,23.48,0.00,0.00,1.34,1.34,"",0,0.0,5,31.2,294767,37.0,0,0.0,0,0.0,59,6.2,3074,6.2
"29081","3","23","74","0","2025","A","",1,7,269896,89716,0,769,39985,"",10.07,3.89,3.99,35.89,0.00,1.06,1.06,"",0,0.0,2,40.0,24562,10.0,11221,14.3,0,0.0,-102,-11.7,-5307,-11.7
"29081","5","23","74","0","2025","A","",16,39,1395869,455941,10153,691,35945,"",0.72,0.29,0.23,0.29,0.60,0.78,0.78,"",0,0.0,0,0.0,-94762,-6.4,-47652,-9.5,-1340,-11.7,-44,-6.0,-2276,-6.0
"29083","2","23","74","0","2025","A","",1,37,2149358,0,0,1127,58619,"",9.11,9.50,11.84,0.00,0.00,1.26,1.26,"",0,0.0,2,5.7,143146,7.1,0,0.0,0,0.0,27,2.5,1435,2.5
"29083","3","23","74","0","2025","A","",4,12,477261,19956,0,765,39772,"",15.90,2.04,1.81,2.66,0.00,0.89,0.89,"",0,0.0,0,0.0,4147,0.9,-1940,-8.9,0,0.0,17,2.3,886,2.3
"29083","5","23","74","0","2025","A","",50,272,18180067,3901680,61569,1286,66859,"",0.89,0.62,0.76,0.81,0.87,1.22,1.22,"",-3,-5.7,-14,-4.9,-781142,-4.1,-267717,-6.4,-4461,-6.8,10,0.8,484,0.7
"29085","2","23","74","0","2025","A","",1,10,576649,0,0,1056,54919,"",31.17,13.77,22.96,0.00,0.00,1.59,1.59,"",0,0.0,-2,-16.7,7736,1.4,0,0.0,0,0.0,151,16.7,7837,16.6
"29085","5","23","74","0","2025","A","N",18,0,0,0,0,0,0,"N",1.10,0,0,0,0,0,0,"N",0,0.0,0,0,0,0,0,0,0,0,0,0,0,0
"29087","2","23","74","0","2025","A","",1,15,750702,0,0,984,51184,"",36.95,24.54,28.67,0.00,0.00,1.19,1.20,"",0,0.0,0,0.0,41588,5.9,0,0.0,0,0.0,80,8.8,4171,8.9
"29087","3","23","74","0","2025","A","",4,2,22880,14300,0,203,10560,"",64.49,2.16,0.60,9.87,0.00,0.26,0.26,"",0,0.0,0,0.0,1705,8.1,4150,40.9,0,0.0,15,8.0,787,8.1
"29087","5","23","74","0","2025","A","N",14,0,0,0,0,0,0,"N",1.01,0,0,0,0,0,0,"N",-1,-6.7,0,0,0,0,0,0,0,0,0,0,0,0
"29089","2","23","74","0","2025","A","",1,15,807765,0,0,1030,53553,"",27.29,12.79,16.87,0.00,0.00,1.31,1.31,"",0,0.0,2,15.4,94385,13.2,0,0.0,0,0.0,-19,-1.8,-973,-1.8
"29089","3","23","74","0","2025","A","",3,6,107419,12021,0,318,16526,"",35.73,3.38,1.54,5.20,0.00,0.42,0.42,"",0,0.0,1,20.0,7230,7.2,-500,-4.0,0,0.0,-55,-14.7,-2865,-14.8
"29089","5","23","74","0","2025","A","N",21,0,0,0,0,0,0,"N",1.12,0,0,0,0,0,0,"N",2,10.5,0,0,0,0,0,0,0,0,0,0,0,0
"29091","3","23","74","0","2025","A","",3,56,2400597,61230,323,826,42932,"",5.87,5.13,5.36,3.98,5.07,1.05,1.05,"",0,0.0,1,1.8,118049,5.2,7529,14.0,40,14.1,32,4.0,1619,3.9
"29091","5","23","74","0","2025","A","",76,329,14731206,4050816,47067,862,44798,"",0.67,0.41,0.36,0.41,0.34,0.89,0.89,"",1,1.3,7,2.2,1343338,10.0,89030,2.2,-4744,-9.2,62,7.8,3188,7.7
"29093","5","23","74","0","2025","A","",12,77,3452758,1025161,17311,866,45036,"",0.26,0.42,0.35,0.42,0.58,0.83,0.83,"",2,20.0,21,37.5,1430897,70.8,332186,47.9,7433,75.2,173,25.0,8985,24.9
"29095","3","23","74","0","2025","A","",14,672,42814070,9501,0,1225,63711,"",1.53,2.52,2.45,0.02,0.00,0.97,0.97,"",0,0.0,20,3.1,3702473,9.5,-500,-5.0,0,0.0,72,6.2,3747,6.2
"29095","5","23","74","0","2025","A","",1685,23619,2236198282,323442533,7149493,1821,94680,"",0.83,1.19,1.41,1.20,1.58,1.18,1.18,"",46,2.8,1065,4.7,209218108,10.3,-1523394,-0.5,-587041,-7.6,93,5.4,4808,5.3
"29097","3","23","74","0","2025","A","",7,133,6305196,411672,919,912,47407,"",5.60,3.28,3.39,6.00,3.50,1.03,1.03,"",0,0.0,-1,-0.7,189863,3.1,-25971,-5.9,-455,-33.1,38,4.3,1940,4.3
"29097","5","23","74","0","2025","A","",226,2528,183342407,30255202,478769,1395,72525,"",0.81,0.84,1.08,0.69,0.84,1.29,1.29,"",8,3.7,134,5.6,16035958,9.6,-612347,-2.0,-24541,-4.9,51,3.8,2625,3.8
"29099","2","23","74","0","2025","A","",2,41,2030038,0,0,950,49413,"",2.78,1.76,1.82,0.00,0.00,1.03,1.03,"",1,100.0,-29,-41.4,-1338013,-39.7,0,0.0,0,0.0,31,3.4,1639,3.4
"29099","3","23","74","0","2025","A","",7,72,7607858,147999,178,2041,106156,"",4.24,2.04,4.68,2.71,0.71,2.31,2.31,"",0,0.0,2,2.9,308289,4.2,4291,3.0,13,7.9,38,1.9,2000,1.9
"29099","5","23","74","0","2025","A","",662,4389,327178916,56918198,1137813,1433,74540,"",1.80,1.67,2.21,1.63,2.08,1.32,1.32,"",10,1.5,107,2.5,27149039,9.0,293145,0.5,-52648,-4.4,86,6.4,4472,6.4
"29101","2","23","74","0","2025","A","",1,16,760874,0,0,915,47555,"",4.95,2.08,2.23,0.00,0.00,1.07,1.07,"",0,0.0,-5,-23.8,-270897,-26.3,0,0.0,0,0.0,-19,-2.0,-999,-2.1
"29101","3","23","74","0","2025","A","",2,56,2539976,451754,795,876,45560,"",4.32,4.81,5.12,32.35,11.73,1.07,1.07,"",0,0.0,-3,-5.1,11816,0.5,-19157,-4.1,-149,-15.8,54,6.6,2831,6.6
"29101","5","23","74","0","2025","A","",147,595,36421318,7375132,113166,1177,61195,"",1.43,0.69,0.81,0.83,0.77,1.17,1.17,"",12,8.9,73,14.0,7630063,26.5,612982,9.1,13433,13.5,116,10.9,6004,10.9
"29103","2","23","74","0","2025","A","",1,14,777499,0,0,1031,53621,"",59.79,34.07,47.56,0.00,0.00,1.35,1.35,"",0,0.0,1,7.7,97877,14.4,0,0.0,0,0.0,32,3.2,1675,3.2
"29103","5","23","74","0","2025","A","N",6,0,0,0,0,0,0,"N",0.70,0,0,0,0,0,0,"N",0,0.0,0,0,0,0,0,0,0,0,0,0,0,0
"29105","2","23","74","0","2025","A","",2,36,1742149,0,0,944,49075,"",14.62,5.89,6.37,0.00,0.00,1.10,1.10,"",1,100.0,-5,-12.2,-218750,-11.2,0,0.0,0,0.0,20,2.2,1053,2.2
"29105","3","23","74","0","2025","A","",6,55,2688741,87691,527,933,48519,"",19.13,5.94,6.75,5.68,4.56,1.13,1.13,"",0,0.0,0,0.0,158390,6.3,-3461,-3.8,-151,-22.3,47,5.3,2443,5.3
"29105","5","23","74","0","2025","A","",64,309,19392101,3667287,70520,1209,62842,"",0.92,0.45,0.53,0.37,0.28,1.19,1.19,"",2,3.2,-10,-3.1,-811725,-4.0,-404072,-9.9,-16164,-18.6,-8,-0.7,-460,-0.7
"29107","2","23","74","0","2025","A","",2,30,1454745,0,0,940,48899,"",13.66,7.29,8.29,0.00,0.00,1.15,1.15,"",1,100.0,-2,-6.2,-89307,-5.8,0,0.0,0,0.0,14,1.5,773,1.6
"29107","3","23","74","0","2025","A","",12,43,1406677,309011,737,623,32399,"",35.76,6.90,5.51,33.14,18.27,0.79,0.79,"",0,0.0,0,0.0,115072,8.9,-10882,-3.4,43,6.2,41,7.0,2127,7.0
"29107","5","23","74","0","2025","A","",108,548,30574152,6806107,99801,1073,55818,"",1.45,1.18,1.32,1.14,1.14,1.11,1.11,"",3,2.9,-54,-9.0,-1876910,-5.8,-1615464,-19.2,-35681,-26.3,36,3.5,1875,3.5
"29109","2","23","74","0","2025","A","",1,17,915350,0,0,1035,53844,"",6.70,4.03,4.83,0.00,0.00,1.20,1.20,"",0,0.0,1,6.2,119548,15.0,0,0.0,0,0.0,88,9.3,4619,9.4
"29109","3","23","74","0","2025","A","",14,43,1551306,379734,4249,694,36077,"",40.92,6.73,5.62,38.79,83.84,0.84,0.84,"",0,0.0,-2,-4.4,-15402,-1.0,-32378,-7.9,-2005,-32.1,24,3.6,1261,3.6
"29109","5","23","74","0","2025","A","",84,488,31901746,6503805,134776,1256,65317,"",1.10,1.03,1.27,1.04,1.23,1.24,1.24,"",-4,-4.5,22,4.7,3259688,11.4,-20628,-0.3,15099,12.6,75,6.4,3897,6.3
"29111","2","23","74","0","2025","A","",1,12,634671,0,0,983,51114,"",25.79,10.81,13.37,0.00,0.00,1.19,1.20,"",0,0.0,-1,-7.7,21077,3.4,0,0.0,0,0.0,81,9.0,4215,9.0
"29111","3","23","74","0","2025","A","",1,2,13970,13970,148,154,7983,"",11.25,1.19,0.20,5.13,16.35,0.19,0.19,"",0,0.0,0,0.0,-2640,-15.9,-2640,-15.9,15,11.3,-59,-27.7,-3090,-27.9
"29111","5","23","74","0","2025","A","",26,118,7051071,1539409,17124,1150,59797,"",1.32,0.94,1.12,0.89,0.87,1.19,1.19,"",0,0.0,-3,-2.5,610466,9.5,-99146,-6.1,-6945,-28.9,129,12.6,6715,12.7
"29113","2","23","74","0","2025","A","",2,36,2066920,0,0,1099,57150,"",10.36,5.90,6.71,0.00,0.00,1.13,1.13,"",1,100.0,0,0.0,183856,9.8,0,0.0,0,0.0,88,8.7,4599,8.8
"29113","3","23","74","0","2025","A","",2,31,1506055,356042,797,947,49244,"",4.52,3.36,3.36,24.30,11.68,1.02,1.02,"",0,0.0,-2,-6.1,-25650,-1.7,-7939,-2.2,-31,-3.7,59,6.6,3062,6.6
"29113","5","23","74","0","2025","A","",223,1244,90882774,15856634,339899,1405,73076,"",2.26,1.81,2.23,1.69,2.29,1.23,1.23,"",13,6.2,2,0.2,-1761835,-1.9,-471516,-2.9,-42508,-11.1,-30,-2.1,-1527,-2.0
"29115","3","23","74","0","2025","A","",3,8,418117,5739,15,946,49190,"",21.63,2.75,3.52,1.28,0.67,1.20,1.20,"",0,0.0,1,14.3,67766,19.3,-2537,-30.7,-58,-79.5,-28,-2.9,-1463,-2.9
"29115","5","23","74","0","2025","A","",34,130,8057933,1782851,36197,1191,61944,"",1.10,0.60,0.75,0.62,0.74,1.24,1.24,"",4,13.3,8,6.6,857214,11.9,115737,6.9,3484,10.7,58,5.1,3042,5.2
"29117","2","23","74","0","2025","A","",1,31,1659234,0,0,1021,53095,"",13.48,10.78,13.63,0.00,0.00,1.25,1.25,"",0,0.0,0,0.0,52655,3.3,0,0.0,0,0.0,24,2.4,1270,2.5
"29117","3","23","74","0","2025","A","",1,9,381950,0,0,809,42050,"",5.88,2.07,2.16,0.00,0.00,1.03,1.03,"",0,0.0,-1,-10.0,-2505,-0.7,0,0.0,0,0.0,38,4.9,1933,4.8
"29117","5","23","74","0","2025","A","",40,243,16181421,3144479,60290,1278,66476,"",1.06,0.75,1.00,0.79,1.17,1.33,1.33,"",1,2.6,2,0.8,600677,3.9,-224921,-6.7,-19432,-24.4,35,2.8,1848,2.9
"29119","2","23","74","0","2025","A","",1,14,728011,0,0,1000,52001,"",13.59,5.19,6.39,0.00,0.00,1.23,1.23,"",0,0.0,-2,-12.5,16893,2.4,0,0.0,0,0.0,154,18.2,8014,18.2
"29119","3","23","74","0","2025","A","",1,23,1002281,275413,1453,835,43420,"",5.93,5.63,6.04,36.92,47.00,1.07,1.07,"",0,0.0,1,4.5,154253,18.2,-8294,-2.9,-46,-3.1,82,10.9,4280,10.9
"29119","5","23","74","0","2025","A","",52,376,18764426,4301388,99499,960,49905,"",1.39,1.24,1.24,0.90,1.48,1.00,1.00,"",2,4.0,-16,-4.1,-195032,-1.0,-36912,-0.9,2142,2.2,30,3.2,1529,3.2
"29121","3","23","74","0","2025","A","",4,26,980475,19001,50,735,38200,"",25.97,7.58,7.12,4.07,3.19,0.95,0.95,"",0,0.0,0,0.0,40243,4.3,-21000,-52.5,-20,-28.6,33,4.7,1686,4.6
"29121","5","23","74","0","2025","A","",42,144,6834639,1715583,24946,916,47628,"",1.23,0.56,0.55,0.58,0.73,0.97,0.97,"",0,0.0,-10,-6.5,72676,1.1,-231737,-11.9,-8635,-25.7,71,8.4,3672,8.4
"29123","2","23","74","0","2025","A","",1,12,597770,0,0,920,47822,"",18.85,7.19,9.12,0.00,0.00,1.22,1.22,"",0,0.0,-3,-20.0,-46544,-7.2,0,0.0,0,0.0,99,12.1,5105,12.0
"29123","3","23","74","0","2025","A","",1,11,424013,131580,694,714,37140,"",8.22,4.35,4.44,33.81,45.86,0.98,0.98,"",0,0.0,1,10.0,46827,12.4,11530,9.6,-152,-18.0,-36,-4.8,-1879,-4.8
"29123","5","23","74","0","2025","A","N",34,0,0,0,0,0,0,"N",1.26,0,0,0,0,0,0,"N",2,6.2,0,0,0,0,0,0,0,0,0,0,0,0
"29125","2","23","74","0","2025","A","",1,15,753157,0,0,988,51352,"",33.90,22.82,29.54,0.00,0.00,1.32,1.32,"",0,0.0,0,0.0,-67533,-8.2,0,0.0,0,0.0,-58,-5.5,-3058,-5.6
"29125","5","23","74","0","2025","A","N",26,0,0,0,0,0,0,"N",1.73,0,0,0,0,0,0,"N",4,18.2,0,0,0,0,0,0,0,0,0,0,0,0
"29127","3","23","74","0","2025","A","",2,37,1826241,0,0,960,49920,"",5.61,4.01,4.20,0.00,0.00,1.06,1.06,"",0,0.0,1,2.8,76461,4.4,0,0.0,0,0.0,34,3.7,1761,3.7
"29127","5","23","74","0","2025","A","",51,504,35168697,6320844,168423,1341,69756,"",0.64,0.73,0.89,0.80,1.60,1.21,1.21,"",-1,-1.9,32,6.8,3961930,12.7,27860,0.4,-6701,-3.8,69,5.4,3617,5.5
"29129","2","23","74","0","2025","A","",1,15,780709,0,0,979,50916,"",54.36,39.68,48.28,0.00,0.00,1.19,1.19,"",0,0.0,0,0.0,61412,8.5,0,0.0,0,0.0,62,6.8,3228,6.8
"29129","5","23","74","0","2025","A","N",8,0,0,0,0,0,0,"N",0.85,0,0,0,0,0,0,"N",-2,-20.0,0,0,0,0,0,0,0,0,0,0,0,0
"29131","2","23","74","0","2025","A","",1,12,642762,0,0,989,51421,"",8.27,3.27,4.11,0.00,0.00,1.20,1.20,"",0,0.0,-6,-33.3,-343814,-34.8,0,0.0,0,0.0,-51,-4.9,-2638,-4.9
"29131","3","23","74","0","2025","A","",4,46,1877660,78624,354,782,40671,"",14.44,8.29,8.24,8.32,5.78,0.99,0.99,"",0,0.0,4,9.5,211772,12.7,21279,37.1,354,100.0,27,3.6,1397,3.6
"29131","5","23","74","0","2025","A","",144,892,48568627,11861891,157969,1048,54480,"",2.34,2.16,2.34,1.97,1.19,1.09,1.08,"",-1,-0.7,48,5.7,5219507,12.0,-41755,-0.4,-14586,-8.5,60,6.1,3129,6.1
"29133","2","23","74","0","2025","A","",1,12,657569,0,0,1012,52606,"",15.44,8.65,11.17,0.00,0.00,1.24,1.24,"",0,0.0,-1,-7.7,-11212,-1.7,0,0.0,0,0.0,29,3.0,1489,2.9
"29133","3","23","74","0","2025","A","",3,14,504953,125439,251,694,36068,"",20.21,6.67,5.89,40.06,16.49,0.88,0.88,"",0,0.0,-1,-6.7,13655,2.8,-15487,-11.0,3,1.2,74,11.9,3852,12.0
"29133","5","23","74","0","2025","A","N",10,0,0,0,0,0,0,"N",0.30,0,0,0,0,0,0,"N",0,0.0,0,0,0,0,0,0,0,0,0,0,0,0
"29135","2","23","74","0","2025","A","",1,12,657207,0,0,1018,52929,"",17.92,6.37,7.75,0.00,0.00,1.18,1.18,"",0,0.0,-1,-7.7,-18036,-2.7,0,0.0,0,0.0,25,2.5,1318,2.6
"29135","5","23","74","0","2025","A","",70,499,32446886,6779047,114110,1250,64991,"",2.46,2.35,2.89,2.40,2.72,1.23,1.23,"",-2,-2.8,-43,-7.9,-2726249,-7.8,-378041,-5.3,-5117,-4.3,2,0.2,76,0.1
"29137","2","23","74","0","2025","A","",1,12,587654,0,0,955,49661,"",25.49,14.21,17.20,0.00,0.00,1.23,1.23,"",0,0.0,0,0.0,24321,4.3,0,0.0,0,0.0,58,6.5,3040,6.5
"29137","3","23","74","0","2025","A","",4,16,642660,8200,72,789,41021,"",44.50,12.52,12.93,5.21,11.34,1.05,1.05,"",0,0.0,0,0.0,46650,7.8,-1520,-15.6,54,300.0,91,13.0,4716,13.0
"29137","5","23","74","0","2025","A","N",12,0,0,0,0,0,0,"N",0.60,0,0,0,0,0,0,"N",4,50.0,0,0,0,0,0,0,0,0,0,0,0,0
"29139","2","23","74","0","2025","A","",1,15,806136,0,0,1028,53445,"",19.35,10.03,11.54,0.00,0.00,1.14,1.14,"",0,0.0,-2,-11.8,-41033,-4.8,0,0.0,0,0.0,84,8.9,4334,8.8
"29139","3","23","74","0","2025","A","",3,20,815478,219643,464,768,39942,"",25.32,8.83,8.02,59.05,27.32,0.89,0.89,"",0,0.0,0,0.0,90618,12.5,17181,8.5,-122,-20.8,85,12.4,4439,12.5
"29139","5","23","74","0","2025","A","",44,421,29555991,5515892,76236,1350,70190,"",1.67,2.50,3.19,2.32,2.07,1.28,1.28,"",0,0.0,-42,-9.1,-176096,-0.6,-485088,-8.1,-41979,-35.5,114,9.2,5928,9.2
"29141","2","23","74","0","2025","A","",1,17,828671,0,0,937,48745,"",10.07,7.80,10.13,0.00,0.00,1.30,1.30,"",0,0.0,0,0.0,8903,1.1,0,0.0,0,0.0,23,2.5,1222,2.6
"29141","3","23","74","0","2025","A","",3,27,1030168,275357,0,745,38752,"",13.19,8.18,8.65,48.84,0.00,1.07,1.07,"",0,0.0,2,8.0,125611,13.9,-9392,-3.3,0,0.0,40,5.7,2081,5.7
"29141","5","23","74","0","2025","A","",108,437,24489379,5709158,70923,1077,55997,"",2.13,1.78,2.26,1.59,1.09,1.27,1.27,"",0,0.0,20,4.8,2431182,11.0,61849,1.1,-11637,-14.1,59,5.8,3047,5.8
"29143","2","23","74","0","2025","A","",1,14,653687,0,0,914,47541,"",6.98,4.04,4.46,0.00,0.00,1.12,1.12,"",0,0.0,0,0.0,-15451,-2.3,0,0.0,0,0.0,0,0.0,28,0.1
"29143","3","23","74","0","2025","A","",2,20,1024391,45861,241,973,50587,"",6.09,3.81,4.80,4.67,4.61,1.24,1.24,"",0,0.0,1,5.3,-28874,-2.7,-6729,-12.8,-175,-42.1,-70,-6.7,-3658,-6.7
"29143","5","23","74","0","2025","A","",17,247,14286208,3813147,80073,1112,57800,"",0.23,0.63,0.74,0.61,0.71,1.16,1.16,"",2,13.3,160,183.9,9983266,232.0,2545609,200.8,58882,277.9,162,17.1,8388,17.0
"29145","2","23","74","0","2025","A","",1,14,730568,0,0,975,50675,"",4.29,1.29,1.34,0.00,0.00,1.00,1.00,"",0,0.0,0,0.0,34147,4.9,0,0.0,0,0.0,24,2.5,1225,2.5
"29145","3","23","74","0","2025","A","",7,33,1426442,335404,1136,825,42901,"",13.10,2.01,1.79,15.40,13.96,0.88,0.88,"",0,0.0,-2,-5.7,-65103,-4.4,-10184,-2.9,916,416.4,-2,-0.2,-124,-0.3
"29145","5","23","74","0","2025","A","N",140,0,0,0,0,0,0,"N",1.18,0,0,0,0,0,0,"N",4,2.9,0,0,0,0,0,0,0,0,0,0,0,0
"29147","2","23","74","0","2025","A","",1,33,1844212,0,0,1080,56169,"",10.31,8.63,11.59,0.00,0.00,1.35,1.35,"",0,0.0,-8,-19.5,-310183,-14.4,0,0.0,0,0.0,63,6.2,3300,6.2
"29147","3","23","74","0","2025","A","",3,17,884202,91864,0,1005,52268,"",13.50,2.94,3.82,12.13,0.00,1.31,1.31,"",0,0.0,0,0.0,60779,7.4,-1162,-1.2,0,0.0,50,5.2,2614,5.3
"29147","5","23","74","0","2025","A","",68,230,12373369,3114332,59549,1035,53817,"",1.37,0.53,0.59,0.64,0.81,1.10,1.10,"",1,1.5,17,8.0,1746925,16.4,252529,8.8,4949,9.1,74,7.7,3869,7.7
"29149","2","23","74","0","2025","A","",1,13,693699,0,0,1040,54054,"",23.92,10.83,16.54,0.00,0.00,1.55,1.55,"",0,0.0,-2,-13.3,-56329,-7.5,0,0.0,0,0.0,89,9.4,4602,9.3
"29149","3","23","74","0","2025","A","",1,2,75010,31532,249,721,37505,"",10.44,1.10,1.23,10.57,20.74,1.12,1.12,"",0,0.0,0,0.0,-1560,-2.0,11532,57.7,108,76.6,-15,-2.0,-780,-2.0
"29149","5","23","74","0","2025","A","N",6,0,0,0,0,0,0,"N",0.28,0,0,0,0,0,0,"N",2,50.0,0,0,0,0,0,0,0,0,0,0,0,0
"29151","2","23","74","0","2025","A","",1,13,690475,0,0,1002,52111,"",23.49,6.24,6.69,0.00,0.00,1.05,1.05,"",0,0.0,-1,-7.1,-41486,-5.7,0,0.0,0,0.0,3,0.3,137,0.3
"29151","5","23","74","0","2025","A","N",47,0,0,0,0,0,0,"N",2.16,0,0,0,0,0,0,"N",3,6.8,0,0,0,0,0,0,0,0,0,0,0,0
"29153","2","23","74","0","2025","A","",1,9,476618,0,0,991,51526,"",24.18,12.60,20.87,0.00,0.00,1.61,1.61,"",0,0.0,-4,-30.8,-175330,-26.9,0,0.0,0,0.0,33,3.4,1696,3.4
"29153","3","23","74","0","2025","A","",1,19,445249,175597,309,461,23960,"",10.55,17.57,13.40,110.06,32.36,0.78,0.78,"",0,0.0,2,11.8,53976,13.8,13680,8.4,-260,-45.7,16,3.6,831,3.6
"29153","5","23","74","0","2025","A","",20,42,1369934,466391,6192,625,32489,"",0.95,0.52,0.45,0.46,0.30,0.86,0.86,"",1,5.3,4,10.5,-72499,-5.0,1728,0.4,-171,-2.7,-97,-13.4,-5058,-13.5
"29155","2","23","74","0","2025","A","",1,12,590752,0,0,947,49229,"",6.93,5.44,7.22,0.00,0.00,1.33,1.33,"",0,0.0,1,9.1,127282,27.5,0,0.0,0,0.0,143,17.8,7412,17.7
"29155","3","23","74","0","2025","A","",4,18,623461,181758,919,657,34162,"",12.10,5.39,5.23,34.60,33.39,0.96,0.96,"",0,0.0,0,0.0,79718,14.7,-8322,-4.4,-108,-10.5,59,9.9,3091,9.9
"29155","5","23","74","0","2025","A","N",7,0,0,0,0,0,0,"N",0.10,0,0,0,0,0,0,"N",1,16.7,0,0,0,0,0,0,0,0,0,0,0,0
"29157","2","23","74","0","2025","A","",1,13,623029,0,0,916,47620,"",11.04,2.87,2.79,0.00,0.00,0.96,0.96,"",0,0.0,-1,-7.1,50668,8.9,0,0.0,0,0.0,134,17.1,6979,17.2
"29157","3","23","74","0","2025","A","",2,30,1298038,252674,0,830,43148,"",9.63,4.38,3.99,21.10,0.00,0.91,0.91,"",0,0.0,2,7.1,76494,6.3,43057,20.5,0,0.0,-9,-1.1,-479,-1.1
"29157","5","23","74","0","2025","A","",81,732,54806024,9245114,145200,1440,74855,"",1.75,1.44,1.85,1.21,1.90,1.29,1.29,"",5,6.6,117,19.0,13444406,32.5,938722,11.3,12574,9.5,147,11.4,7637,11.4
"29159","2","23","74","0","2025","A","",1,22,1110750,0,0,964,50109,"",4.91,2.38,2.56,0.00,0.00,1.07,1.07,"",0,0.0,-2,-8.3,-55182,-4.7,0,0.0,0,0.0,30,3.2,1529,3.1
"29159","3","23","74","0","2025","A","",2,61,2560072,0,0,807,41968,"",4.28,4.36,4.05,0.00,0.00,0.93,0.93,"",0,0.0,4,7.0,258484,11.2,0,0.0,0,0.0,36,4.7,1882,4.7
"29159","5","23","74","0","2025","A","",88,614,36731155,8089348,119922,1150,59798,"",0.85,0.59,0.64,0.57,0.59,1.08,1.08,"",3,3.5,19,3.2,1247882,3.5,-87626,-1.1,-7879,-6.2,4,0.3,204,0.3
"29161","2","23","74","0","2025","A","",2,52,3068862,0,0,1126,58547,"",9.48,5.64,6.81,0.00,0.00,1.20,1.20,"",1,100.0,-5,-8.8,29505,1.0,0,0.0,0,0.0,99,9.6,5147,9.6
"29161","3","23","74","0","2025","A","",2,40,2070793,0,0,989,51448,"",4.14,2.87,3.16,0.00,0.00,1.09,1.09,"",0,0.0,-1,-2.4,62408,3.1,0,0.0,0,0.0,41,4.3,2162,4.4
"29161","5","23","74","0","2025","A","N",95,0,0,0,0,0,0,"N",0.88,0,0,0,0,0,0,"N",7,8.0,0,0,0,0,0,0,0,0,0,0,0,0
"29163","2","23","74","0","2025","A","",1,18,895532,0,0,966,50217,"",12.77,7.33,7.75,0.00,0.00,1.07,1.07,"",0,0.0,2,12.5,76553,9.3,0,0.0,0,0.0,-3,-0.3,-182,-0.4
"29163","3","23","74","0","2025","A","",2,6,228998,25928,0,724,37644,"",11.15,1.61,1.36,4.41,0.00,0.83,0.83,"",0,0.0,-2,-25.0,35572,18.4,8496,48.7,0,0.0,233,47.5,12137,47.6
"29163","5","23","74","0","2025","A","",39,331,26673733,5813066,138328,1551,80646,"",0.98,1.20,1.74,1.55,1.46,1.46,1.46,"",-1,-2.5,-3,-0.9,5205135,24.2,1345360,30.1,37055,36.6,316,25.6,16417,25.6
"29165","2","23","74","0","2025","A","",1,9,481331,0,0,983,51115,"",2.04,0.40,0.38,0.00,0.00,0.93,0.93,"",0,0.0,-2,-18.2,159951,49.8,0,0.0,0,0.0,425,76.2,22118,76.3
"29165","3","23","74","0","2025","A","",5,42,2203119,239224,0,1011,52559,"",4.44,1.22,1.21,3.95,0.00,0.99,0.99,"",0,0.0,0,0.0,70475,3.3,-13037,-5.2,-266,-100.0,35,3.6,1782,3.5
"29165","5","23","74","0","2025","A","N",262,0,0,0,0,0,0,"N",1.05,0,0,0,0,0,0,"N",11,4.4,0,0,0,0,0,0,0,0,0,0,0,0
"29167","2","23","74","0","2025","A","",1,19,1024907,0,0,1047,54420,"",7.92,4.39,5.38,0.00,0.00,1.24,1.24,"",0,0.0,3,18.8,53741,5.5,0,0.0,0,0.0,-102,-8.9,-5344,-8.9
"29167","3","23","74","0","2025","A","",2,26,903651,0,0,656,34100,"",6.92,3.97,3.26,0.00,0.00,0.81,0.81,"",0,0.0,1,4.0,36353,4.2,0,0.0,0,0.0,-2,-0.3,-135,-0.4
"29167","5","23","74","0","2025","A","",91,405,21051275,5009151,57482,1000,52000,"",1.41,0.83,0.83,1.04,0.77,1.00,1.00,"",2,2.2,23,6.0,2070629,10.9,73729,1.5,294,0.5,45,4.7,2356,4.7
"29169","2","23","74","0","2025","A","",1,21,1042208,0,0,943,49045,"",7.07,3.40,3.76,0.00,0.00,1.10,1.09,"",0,0.0,-2,-8.7,-107987,-9.4,0,0.0,0,0.0,-19,-2.0,-963,-1.9
"29169","5","23","74","0","2025","A","",66,352,18240276,4291071,95601,996,51794,"",0.92,0.51,0.50,0.58,0.67,0.98,0.98,"",4,6.5,16,4.8,2416705,15.3,-183578,-4.1,-12809,-11.8,90,9.9,4688,10.0
"29171","2","23","74","0","2025","A","",1,12,604844,0,0,983,51114,"",46.98,25.99,31.83,0.00,0.00,1.24,1.24,"",0,0.0,-1,-7.7,9528,1.6,0,0.0,0,0.0,108,12.3,5612,12.3
"29171","3","23","74","0","2025","A","",1,1,2924,2924,0,56,2924,"",20.50,1.43,0.11,3.15,0.00,0.07,0.07,"",0,0.0,1,100.0,1462,100.0,1462,100.0,0,0.0,0,0.0,0,0.0
"29171","5","23","74","0","2025","A","N",8,0,0,0,0,0,0,"N",0.74,0,0,0,0,0,0,"N",1,14.3,0,0,0,0,0,0,0,0,0,0,0,0
"29173","2","23","74","0","2025","A","",1,14,752550,0,0,1022,53121,"",23.57,8.25,8.80,0.00,0.00,1.05,1.05,"",0,0.0,1,7.7,97316,14.9,0,0.0,0,0.0,59,6.1,3039,6.1
"29173","3","23","74","0","2025","A","",1,18,608224,148248,1043,650,33790,"",10.29,7.01,4.89,33.05,43.11,0.70,0.70,"",0,0.0,1,5.9,83136,15.8,-6615,-4.3,-319,-23.4,44,7.3,2285,7.3
"29173","5","23","74","0","2025","A","N",29,0,0,0,0,0,0,"N",1.34,0,0,0,0,0,0,"N",0,0.0,0,0,0,0,0,0,0,0,0,0,0,0
"29175","2","23","74","0","2025","A","",1,19,949392,0,0,948,49319,"",9.62,4.36,4.76,0.00,0.00,1.08,1.08,"",0,0.0,0,0.0,125778,15.3,0,0.0,0,0.0,107,12.7,5587,12.8
"29175","3","23","74","0","2025","A","",3,32,1413412,217506,625,849,44169,"",12.59,4.85,4.87,20.12,13.09,1.00,1.00,"",0,0.0,1,3.2,159731,12.7,5413,2.6,326,109.0,82,10.7,4264,10.7
"29175","5","23","74","0","2025","A","",56,308,18363272,3842328,80382,1146,59589,"",1.06,0.63,0.69,0.56,0.78,1.11,1.11,"",9,19.1,49,18.9,3024471,19.7,297316,8.4,3587,4.7,7,0.6,366,0.6
"29177","2","23","74","0","2025","A","",1,15,747801,0,0,981,50986,"",14.08,7.91,8.87,0.00,0.00,1.15,1.15,"",0,0.0,3,25.0,222446,42.3,0,0.0,0,0.0,145,17.3,7508,17.3
"29177","3","23","74","0","2025","A","",7,21,567503,224678,725,530,27571,"",43.02,7.31,4.63,56.76,45.12,0.65,0.65,"",0,0.0,-2,-8.7,-53926,-8.7,-18766,-7.7,-359,-33.1,1,0.2,54,0.2
"29177","5","23","74","0","2025","A","",45,169,10036595,2208021,38799,1142,59388,"",1.24,0.79,0.90,0.87,1.11,1.14,1.14,"",-3,-6.2,-1,-0.6,616318,6.5,-124295,-5.3,-3570,-8.4,78,7.3,4083,7.4
"29179","2","23","74","0","2025","A","",3,31,1510619,0,0,950,49394,"",71.75,38.79,41.54,0.00,0.00,1.09,1.09,"",2,200.0,0,0.0,136351,9.9,0,0.0,0,0.0,91,10.6,4702,10.5
"29179","5","23","74","0","2025","A","N",9,0,0,0,0,0,0,"N",0.42,0,0,0,0,0,0,"N",1,12.5,0,0,0,0,0,0,0,0,0,0,0,0
"29181","2","23","74","0","2025","A","",1,10,516017,0,0,976,50756,"",9.74,7.62,12.65,0.00,0.00,1.63,1.63,"",0,0.0,0,0.0,18927,3.8,0,0.0,0,0.0,20,2.1,1047,2.1
"29181","3","23","74","0","2025","A","",2,3,57390,29496,1402,390,20255,"",8.50,1.51,0.97,9.70,83.99,0.68,0.68,"",0,0.0,0,0.0,-14913,-20.6,-6727,-18.6,-361,-20.5,-101,-20.6,-5264,-20.6
"29181","5","23","74","0","2025","A","",18,66,2593042,859324,17098,751,39042,"",0.34,0.45,0.48,0.44,0.47,1.07,1.07,"",0,0.0,-2,-2.9,166894,6.9,-60665,-6.6,-2356,-12.1,62,9.0,3232,9.0
"29183","2","23","74","0","2025","A","",2,44,2284281,0,0,1008,52412,"",1.17,0.58,0.52,0.00,0.00,0.91,0.91,"",1,100.0,-6,-12.0,-261852,-10.3,0,0.0,0,0.0,25,2.5,1319,2.6
"29183","3","23","74","0","2025","A","",6,529,35847777,0,0,1303,67755,"",1.53,4.57,5.61,0.00,0.00,1.23,1.23,"",0,0.0,17,3.3,4584042,14.7,0,0.0,0,0.0,128,10.9,6653,10.9
"29183","5","23","74","0","2025","A","",1102,9844,789647239,130290914,2686202,1543,80215,"",1.26,1.14,1.36,1.03,1.09,1.19,1.19,"",34,3.2,148,1.5,37222301,4.9,-2393502,-1.8,-250677,-8.5,51,3.4,2613,3.4
"29185","2","23","74","0","2025","A","",1,19,950395,0,0,945,49158,"",25.30,23.11,30.66,0.00,0.00,1.30,1.30,"",0,0.0,-2,-9.5,4615,0.5,0,0.0,0,0.0,75,8.6,3941,8.7
"29185","3","23","74","0","2025","A","",5,6,148386,62150,137,489,25438,"",55.19,4.82,3.29,35.98,18.78,0.70,0.70,"",0,0.0,0,0.0,37912,34.3,-1627,-2.6,36,35.6,135,38.1,7026,38.2
"29185","5","23","74","0","2025","A","N",9,0,0,0,0,0,0,"N",0.45,0,0,0,0,0,0,"N",1,12.5,0,0,0,0,0,0,0,0,0,0,0,0
"29186","3","23","74","0","2025","A","",2,17,856980,0,0,946,49205,"",11.21,3.88,3.65,0.00,0.00,0.92,0.92,"",0,0.0,0,0.0,24655,3.0,0,0.0,0,0.0,14,1.5,720,1.5
"29186","5","23","74","0","2025","A","",74,525,39287787,6722049,187398,1439,74810,"",1.86,1.61,1.84,1.54,2.85,1.14,1.14,"",2,2.8,69,15.1,8089433,25.9,719672,12.0,-14091,-7.0,123,9.3,6368,9.3
"29187","2","23","74","0","2025","A","",1,28,1442691,0,0,997,51833,"",3.39,2.59,3.16,0.00,0.00,1.23,1.23,"",0,0.0,-10,-26.3,-445616,-23.6,0,0.0,0,0.0,31,3.2,1590,3.2
"29187","3","23","74","0","2025","A","",3,50,2912007,450867,793,1124,58435,"",4.43,3.06,4.38,19.55,7.32,1.44,1.44,"",0,0.0,-1,-2.0,129412,4.7,-10118,-2.2,-424,-34.8,73,6.9,3785,6.9
"29187","5","23","74","0","2025","A","",155,1232,85538020,16286428,318993,1335,69444,"",1.03,1.01,1.41,1.11,1.36,1.40,1.40,"",5,3.3,74,6.4,8760330,11.4,-76555,-0.5,-48409,-13.2,60,4.7,3123,4.7
"29189","3","23","74","0","2025","A","",35,777,50208436,136182,824,1243,64618,"",2.13,1.85,1.73,0.19,0.25,0.93,0.93,"",0,0.0,-7,-0.9,2836472,6.0,-6274,-4.4,172,26.4,80,6.9,4156,6.9
"29189","5","23","74","0","2025","A","",2126,32956,3181097538,428417725,8543956,1856,96525,"",0.58,1.06,1.20,0.94,1.20,1.14,1.14,"",49,2.4,-657,-2.0,110911503,3.6,-16530445,-3.7,-671635,-7.3,99,5.6,5186,5.7
"29195","2","23","74","0","2025","A","",1,31,1680958,0,0,1037,53934,"",9.76,7.47,9.29,0.00,0.00,1.24,1.24,"",0,0.0,2,6.9,65269,4.0,0,0.0,0,0.0,-44,-4.1,-2264,-4.0
"29195","3","23","74","0","2025","A","",8,40,1462641,127578,719,708,36796,"",34.07,6.37,5.55,14.16,25.46,0.88,0.88,"",0,0.0,0,0.0,43209,3.0,7111,5.9,423,142.9,28,4.1,1457,4.1
"29195","5","23","74","0","2025","A","",40,160,8669036,1918366,28649,1042,54210,"",0.77,0.34,0.36,0.33,0.47,1.06,1.06,"",2,5.3,-1,-0.6,19214,0.2,-51186,-2.6,4172,17.0,7,0.7,401,0.7
"29197","2","23","74","0","2025","A","",1,10,522735,0,0,981,50999,"",65.12,23.77,31.20,0.00,0.00,1.28,1.28,"",0,0.0,-1,-9.1,10550,2.1,0,0.0,0,0.0,92,10.3,4787,10.4
"29197","5","23","74","0","2025","A","N",10,0,0,0,0,0,0,"N",1.28,0,0,0,0,0,0,"N",0,0.0,0,0,0,0,0,0,0,0,0,0,0,0
"29199","2","23","74","0","2025","A","",1,10,481902,0,0,935,48595,"",42.71,16.41,18.72,0.00,0.00,1.15,1.15,"",0,0.0,-2,-16.7,-11989,-2.4,0,0.0,0,0.0,149,19.0,7721,18.9
"29199","5","23","74","0","2025","A","N",8,0,0,0,0,0,0,"N",0.67,0,0,0,0,0,0,"N",0,0.0,0,0,0,0,0,0,0,0,0,0,0,0
"29201","3","23","74","0","2025","A","",4,30,1303425,128956,0,826,42970,"",8.71,2.60,2.48,6.62,0.00,0.94,0.94,"",0,0.0,-3,-9.1,26453,2.1,-45961,-26.3,0,0.0,74,9.8,3879,9.9
"29201","5","23","74","0","2025","A","",96,550,32156266,6559874,113299,1125,58510,"",0.94,0.64,0.67,0.53,0.51,1.05,1.05,"",2,2.1,-25,-4.3,17394,0.1,-930232,-12.4,-12608,-10.0,51,4.7,2649,4.7
"29203","2","23","74","0","2025","A","",1,22,1122330,0,0,959,49881,"",26.74,29.21,44.56,0.00,0.00,1.49,1.49,"",0,0.0,3,15.8,268035,31.4,0,0.0,0,0.0,87,10.0,4520,10.0
"29203","5","23","74","0","2025","A","N",4,0,0,0,0,0,0,"N",0.21,0,0,0,0,0,0,"N",0,0.0,0,0,0,0,0,0,0,0,0,0,0,0
"29205","2","23","74","0","2025","A","",1,16,844402,0,0,1015,52775,"",31.47,18.91,23.22,0.00,0.00,1.23,1.23,"",0,0.0,1,6.7,13461,1.6,0,0.0,0,0.0,-39,-3.7,-2012,-3.7
"29205","5","23","74","0","2025","A","",10,106,6561111,1378870,31754,1189,61849,"",0.62,1.11,1.36,1.38,2.17,1.22,1.22,"",2,25.0,0,0.0,686036,11.7,-18455,-1.3,-7108,-18.3,120,11.2,6249,11.2
"29207","2","23","74","0","2025","A","",2,26,1285511,0,0,966,50248,"",14.85,5.47,6.18,0.00,0.00,1.15,1.15,"",1,100.0,-3,-10.3,-61540,-4.6,0,0.0,0,0.0,65,7.2,3394,7.2
"29207","3","23","74","0","2025","A","",5,14,542693,44906,194,745,38764,"",16.20,1.95,1.79,3.83,2.84,0.92,0.92,"",0,0.0,-1,-6.7,-69893,-11.4,-7512,-14.3,94,94.0,-36,-4.6,-1849,-4.6
"29207","5","23","74","0","2025","A","",64,485,32449027,6385369,120832,1287,66905,"",0.93,0.91,1.18,0.85,0.82,1.30,1.30,"",0,0.0,-2,-0.4,-214264,-0.7,-484217,-7.0,-16594,-12.1,-3,-0.2,-177,-0.3
"29209","2","23","74","0","2025","A","",1,11,556225,0,0,951,49442,"",7.24,3.17,4.20,0.00,0.00,1.30,1.30,"",0,0.0,-1,-8.3,-31128,-5.3,0,0.0,0,0.0,10,1.1,496,1.0
"29209","3","23","74","0","2025","A","",1,34,1857402,0,0,1056,54899,"",3.16,6.47,9.64,0.00,0.00,1.50,1.50,"",0,0.0,1,3.0,113271,6.5,0,0.0,0,0.0,34,3.3,1778,3.3
"29209","5","23","74","0","2025","A","",137,622,33352849,7729940,138728,1032,53644,"",1.94,1.59,1.90,1.35,0.68,1.20,1.20,"",2,1.5,-11,-1.7,1474702,4.6,-534891,-6.5,-20217,-12.7,64,6.6,3290,6.5
"29211","2","23","74","0","2025","A","",1,15,774784,0,0,1022,53128,"",45.68,13.83,15.03,0.00,0.00,1.12,1.12,"",0,0.0,-1,-6.2,-21745,-2.7,0,0.0,0,0.0,79,8.4,4111,8.4
"29211","3","23","74","0","2025","A","",1,1,49521,9500,0,952,49521,"",19.93,0.61,0.66,3.75,0.00,1.08,1.08,"",0,0.0,0,0.0,2307,4.9,-500,-5.0,0,0.0,44,4.8,2307,4.9
"29211","5","23","74","0","2025","A","N",16,0,0,0,0,0,0,"N",1.43,0,0,0,0,0,0,"N",0,0.0,0,0,0,0,0,0,0,0,0,0,0,0
"29213","2","23","74","0","2025","A","",2,27,1520407,0,0,1076,55966,"",5.87,2.00,2.83,0.00,0.00,1.40,1.40,"",1,100.0,-9,-25.0,-358502,-19.1,0,0.0,0,0.0,61,6.0,3163,6.0
"29213","3","23","74","0","2025","A","",2,104,5169917,968622,0,953,49552,"",2.56,5.10,6.61,27.28,0.00,1.29,1.29,"",0,0.0,4,4.0,720798,16.2,44511,4.8,0,0.0,95,11.1,4949,11.1
"29213","5","23","74","0","2025","A","",192,990,54742106,12165209,224336,1064,55318,"",1.11,0.65,0.77,0.54,0.40,1.18,1.18,"",11,6.1,32,3.3,4568206,9.1,-1063767,-8.0,-24841,-10.0,57,5.7,2958,5.6
"29215","2","23","74","0","2025","A","",1,24,1143145,0,0,910,47303,"",10.18,8.76,10.47,0.00,0.00,1.19,1.19,"",0,0.0,-11,-31.4,-297831,-20.7,0,0.0,0,0.0,109,13.6,5636,13.5
"29215","3","23","74","0","2025","A","",2,3,82108,29000,0,526,27369,"",8.89,0.72,0.52,5.64,0.00,0.71,0.71,"",0,0.0,0,0.0,29257,55.4,-7299,-20.1,0,0.0,167,46.5,8716,46.7
"29215","5","23","74","0","2025","A","",42,181,9193557,2305713,40729,975,50700,"",0.84,0.59,0.64,0.70,0.93,1.08,1.08,"",6,16.7,4,2.3,1228894,15.4,82761,3.7,1914,4.9,109,12.6,5681,12.6
"29217","2","23","74","0","2025","A","",1,34,1699939,0,0,971,50493,"",8.78,10.33,11.76,0.00,0.00,1.15,1.15,"",0,0.0,-7,-17.1,-171308,-9.2,0,0.0,0,0.0,84,9.5,4384,9.5
"29217","3","23","74","0","2025","A","",5,12,571519,105899,382,910,47298,"",19.16,2.41,2.72,15.19,10.25,1.12,1.12,"",0,0.0,0,0.0,42171,8.0,-4919,-4.4,-120,-23.9,73,8.7,3790,8.7
"29217","5","23","74","0","2025","A","",51,228,13583957,2962749,39938,1144,59470,"",0.88,0.62,0.71,0.67,0.49,1.15,1.15,"",-1,-1.9,2,0.9,574957,4.4,-337634,-10.2,-9749,-19.6,39,3.5,2014,3.5
"29219","2","23","74","0","2025","A","",1,10,506251,0,0,974,50625,"",8.16,2.36,2.46,0.00,0.00,1.04,1.04,"",0,0.0,-2,-16.7,-50159,-9.0,0,0.0,0,0.0,88,9.9,4577,9.9
"29219","3","23","74","0","2025","A","",1,13,631511,138773,244,953,49530,"",3.56,2.03,2.11,11.39,3.41,1.06,1.06,"",0,0.0,2,18.2,99565,18.7,14484,11.7,26,11.9,30,3.3,1535,3.2
"29219","5","23","74","0","2025","A","",146,1019,64371758,12961042,212067,1215,63166,"",2.34,2.14,2.36,1.67,1.36,1.10,1.10,"",10,7.4,93,10.0,8143016,14.5,611330,5.0,-3674,-1.7,48,4.1,2460,4.1
"29221","2","23","74","0","2025","A","",1,18,892659,0,0,963,50056,"",8.40,7.66,10.05,0.00,0.00,1.32,1.32,"",0,0.0,-12,-40.0,-517264,-36.7,0,0.0,0,0.0,74,8.3,3829,8.3
"29221","3","23","74","0","2025","A","",1,25,936482,288506,761,709,36845,"",3.67,7.03,7.24,57.82,29.41,1.01,1.01,"",0,0.0,0,0.0,62944,7.2,19895,7.4,-657,-46.3,26,3.8,1311,3.7
"29221","5","23","74","0","2025","A","",52,200,8031074,2674199,30048,774,40239,"",0.86,0.76,0.68,0.84,0.54,0.90,0.90,"",2,4.0,4,2.0,133695,1.7,-208921,-7.2,-9988,-24.9,1,0.1,32,0.1
"29223","2","23","74","0","2025","A","",2,20,936030,0,0,908,47195,"",33.56,18.76,24.04,0.00,0.00,1.29,1.29,"",1,100.0,-6,-23.1,-208016,-18.2,0,0.0,0,0.0,62,7.3,3193,7.3
"29223","5","23","74","0","2025","A","N",17,0,0,0,0,0,0,"N",0.56,0,0,0,0,0,0,"N",1,6.2,0,0,0,0,0,0,0,0,0,0,0,0
"29225","2","23","74","0","2025","A","",1,10,470112,0,0,943,49055,"",7.08,2.46,2.65,0.00,0.00,1.12,1.12,"",0,0.0,1,11.1,66809,16.6,0,0.0,0,0.0,81,9.4,4244,9.5
"29225","3","23","74","0","2025","A","",3,33,1383764,0,0,815,42360,"",9.27,5.37,5.35,0.00,0.00,1.01,1.01,"",0,0.0,1,3.1,-6735,-0.5,0,0.0,0,0.0,-16,-1.9,-868,-2.0
"29225","5","23","74","0","2025","A","",138,671,37657219,8717720,131391,1080,56149,"",1.92,1.47,1.60,1.38,1.20,1.09,1.09,"",10,7.8,46,7.4,6503953,20.9,576580,7.1,-10251,-7.2,121,12.6,6277,12.6
"29227","2","23","74","0","2025","A","",1,9,430727,0,0,947,49226,"",99.66,52.74,81.08,0.00,0.00,1.58,1.58,"",0,0.0,0,0.0,185,0.0,0,0.0,0,0.0,27,2.9,1388,2.9
"29227","5","23","74","0","2025","A","N",4,0,0,0,0,0,0,"N",0.78,0,0,0,0,0,0,"N",0,0.0,0,0,0,0,0,0,0,0,0,0,0,0
"29229","2","23","74","0","2025","A","",1,21,1053333,0,0,953,49569,"",10.75,9.55,12.63,0.00,0.00,1.31,1.31,"",0,0.0,-7,-25.0,-243651,-18.8,0,0.0,0,0.0,78,8.9,4061,8.9
"29229","3","23","74","0","2025","A","",2,24,786009,36900,0,617,32082,"",9.38,7.21,6.48,6.80,0.00,0.88,0.88,"",0,0.0,2,9.1,41503,5.6,7347,24.9,-79,-100.0,-34,-5.2,-1759,-5.2
"29229","5","23","74","0","2025","A","N",44,0,0,0,0,0,0,"N",0.93,0,0,0,0,0,0,"N",-1,-2.2,0,0,0,0,0,0,0,0,0,0,0,0
"29510","2","23","74","0","2025","A","",1,34,1969013,0,0,1119,58197,"",0.41,0.33,0.25,0.00,0.00,0.77,0.77,"",0,0.0,-9,-20.9,-135587,-6.4,0,0.0,0,0.0,187,20.1,9723,20.1
"29510","3","23","74","0","2025","A","",1,250,13902681,0,0,1068,55518,"",0.18,1.59,1.22,0.00,0.00,0.76,0.76,"",0,0.0,4,1.6,690538,5.2,0,0.0,0,0.0,33,3.2,1719,3.2
"29510","5","23","74","0","2025","A","",395,7417,727929492,98005947,2244476,1887,98142,"",0.32,0.63,0.70,0.74,1.06,1.10,1.10,"",9,2.3,-15,-0.2,33364628,4.8,-6836582,-6.5,-459243,-17.0,90,5.0,4681,5.0
"29999","5","23","74","0","2025","A","",1967,7002,626132467,117784036,2913382,1720,89425,"",0.62,0.92,0.76,0.81,0.82,0.83,0.83,"",215,12.3,699,11.1,79070247,14.5,10749926,10.0,270768,10.2,51,3.1,2634,3.0
"30000","2","23","54","0","2025","A","",48,2079,149755934,149755934,449458,1385,72021,"",5.15,8.63,10.79,55.68,93.22,1.25,1.25,"",0,0.0,15,0.7,6396464,4.5,6396464,4.5,91061,25.4,49,3.7,2555,3.7
"30000","3","23","54","0","2025","A","",3,48,3689170,611429,1846,1481,76991,"",0.14,0.13,0.18,0.30,0.17,1.39,1.39,"",-1,-25.0,10,26.3,568497,18.2,18123,3.1,363,24.5,-109,-6.9,-5676,-6.9
"30000","5","23","54","0","2025","A","",7656,36860,2799533164,1739618095,37186445,1461,75951,"",1.61,1.36,1.52,1.33,1.53,1.12,1.12,"",-309,-3.9,-380,-1.0,142952003,5.4,61955871,3.7,889997,2.5,89,6.5,4614,6.5
"30001","5","23","74","0","2025","A","N",58,0,0,0,0,0,0,"N",1.34,0,0,0,0,0,0,"N",-12,-17.1,0,0,0,0,0,0,0,0,0,0,0,0
"30003","5","23","74","0","2025","A","N",18,0,0,0,0,0,0,"N",0.86,0,0,0,0,0,0,"N",1,5.9,0,0,0,0,0,0,0,0,0,0,0,0
"30005","2","23","74","0","2025","A","",1,5,143784,143784,432,553,28757,"",34.44,8.03,5.40,29.03,72.81,0.67,0.67,"",0,0.0,0,0.0,6141,4.5,6141,4.5,89,25.9,24,4.5,1228,4.5
"30005","5","23","74","0","2025","A","N",14,0,0,0,0,0,0,"N",0.95,0,0,0,0,0,0,"N",-1,-6.7,0,0,0,0,0,0,0,0,0,0,0,0
"30007","5","23","74","0","2025","A","",55,145,8949872,6265195,108628,1190,61865,"",2.56,1.75,2.08,1.76,1.79,1.19,1.19,"",2,3.8,9,6.6,1291942,16.9,684851,12.3,9869,10.0,104,9.6,5418,9.6
"30009","5","23","74","0","2025","A","N",98,0,0,0,0,0,0,"N",2.01,0,0,0,0,0,0,"N",0,0.0,0,0,0,0,0,0,0,0,0,0,0,0
"30011","5","23","74","0","2025","A","N",4,0,0,0,0,0,0,"N",1.03,0,0,0,0,0,0,"N",-1,-20.0,0,0,0,0,0,0,0,0,0,0,0,0
"30013","2","23","74","0","2025","A","",1,114,7377331,7377331,22143,1239,64431,"",2.11,6.70,8.12,43.17,69.67,1.21,1.21,"",0,0.0,0,0.0,315107,4.5,315107,4.5,4486,25.4,50,4.2,2617,4.2
"30013","5","23","74","0","2025","A","",339,2698,221620363,135240411,3134515,1580,82140,"",1.40,1.41,1.84,1.63,1.96,1.31,1.31,"",-11,-3.1,91,3.5,25674756,13.1,14961282,12.4,352741,12.7,135,9.3,6988,9.3
"30015","5","23","74","0","2025","A","N",10,0,0,0,0,0,0,"N",0.59,0,0,0,0,0,0,"N",-3,-23.1,0,0,0,0,0,0,0,0,0,0,0,0
"30017","2","23","74","0","2025","A","",1,50,3177489,3177489,9537,1230,63976,"",12.11,20.24,26.85,125.47,264.03,1.33,1.34,"",0,0.0,0,0.0,135718,4.5,135718,4.5,1933,25.4,48,4.1,2526,4.1
"30017","5","23","74","0","2025","A","",54,184,11174373,7633647,136230,1168,60730,"",1.28,0.66,0.71,0.62,0.75,1.08,1.08,"",4,8.0,9,5.1,698939,6.7,542414,7.6,-18467,-11.9,17,1.5,870,1.5
"30019","2","23","74","0","2025","A","",1,4,158400,158400,476,762,39600,"",67.81,15.50,13.01,75.32,214.51,0.84,0.84,"",0,0.0,0,0.0,6767,4.5,6767,4.5,96,25.3,33,4.5,1692,4.5
"30019","5","23","74","0","2025","A","N",5,0,0,0,0,0,0,"N",0.66,0,0,0,0,0,0,"N",-1,-16.7,0,0,0,0,0,0,0,0,0,0,0,0
"30021","2","23","74","0","2025","A","",1,79,4086751,4086751,12265,995,51731,"",16.78,50.34,55.14,286.85,644.08,1.10,1.10,"",0,0.0,1,1.3,174556,4.5,174556,4.5,2485,25.4,37,3.9,1894,3.8
"30021","5","23","74","0","2025","A","",32,81,4192256,3057519,62433,999,51970,"",1.05,0.46,0.43,0.44,0.65,0.94,0.94,"",0,0.0,4,5.2,417493,11.1,359622,13.3,11249,22.0,54,5.7,2841,5.8
"30023","2","23","74","0","2025","A","",1,12,729614,729614,2190,1145,59560,"",19.69,7.57,9.06,51.70,101.57,1.17,1.17,"",0,0.0,0,0.0,31159,4.5,31159,4.5,444,25.4,26,2.3,1355,2.3
"30023","5","23","74","0","2025","A","",33,133,9555920,5724075,108997,1384,71984,"",1.27,0.74,0.90,0.83,1.00,1.20,1.20,"",-5,-13.2,-5,-3.6,461804,5.1,80887,1.4,1703,1.6,113,8.9,5885,8.9
"30025","2","23","74","0","2025","A","",1,3,189720,189720,570,1216,63240,"",37.16,5.49,6.67,33.39,84.07,1.21,1.21,"",0,0.0,0,0.0,8105,4.5,8105,4.5,117,25.8,52,4.5,2702,4.5
"30025","5","23","74","0","2025","A","N",22,0,0,0,0,0,0,"N",1.60,0,0,0,0,0,0,"N",-1,-4.3,0,0,0,0,0,0,0,0,0,0,0,0
"30027","2","23","74","0","2025","A","",1,37,3359590,3359590,10084,1727,89789,"",11.81,16.75,32.49,153.10,227.71,1.92,1.92,"",0,0.0,-1,-2.6,143500,4.5,143500,4.5,2044,25.4,81,4.9,4217,4.9
"30027","5","23","74","0","2025","A","",75,391,27628833,18300738,709853,1360,70722,"",1.74,1.57,2.02,1.72,3.18,1.28,1.28,"",-5,-6.2,-11,-2.7,271883,1.0,205956,1.1,-31280,-4.2,52,4.0,2726,4.0
"30029","2","23","74","0","2025","A","",1,99,8067448,8067448,24213,1564,81352,"",0.95,4.13,6.07,28.64,41.40,1.47,1.47,"",0,0.0,0,0.0,344578,4.5,344578,4.5,4906,25.4,66,4.4,3474,4.5
"30029","5","23","74","0","2025","A","",1144,4924,331807893,222652619,5070262,1296,67382,"",2.13,1.82,1.89,1.63,1.72,1.04,1.03,"",-35,-3.0,131,2.7,21606387,7.0,13221055,6.3,250941,5.2,51,4.1,2668,4.1
"30031","2","23","74","0","2025","A","",1,89,5500378,5500378,16508,1192,61976,"",0.68,2.55,2.44,12.12,21.17,0.96,0.96,"",0,0.0,1,1.1,234938,4.5,234938,4.5,3343,25.4,41,3.6,2141,3.6
"30031","5","23","74","0","2025","A","",1532,7719,679864365,383437074,5922758,1694,88081,"",2.04,1.96,2.27,1.74,1.51,1.16,1.16,"",-28,-1.8,-255,-3.2,38459292,6.0,10996683,3.0,-109112,-1.8,147,9.5,7641,9.5
"30033","2","23","74","0","2025","A","",1,3,273178,273178,820,1751,91059,"",101.19,19.82,53.60,211.36,708.76,2.71,2.71,"",0,0.0,0,0.0,11666,4.5,11666,4.5,166,25.4,75,4.5,3888,4.5
"30033","5","23","74","0","2025","A","N",3,0,0,0,0,0,0,"N",0.60,0,0,0,0,0,0,"N",0,0.0,0,0,0,0,0,0,0,0,0,0,0,0
"30035","2","23","74","0","2025","A","",1,23,645775,645775,1938,532,27676,"",20.81,11.61,6.62,34.87,54.36,0.56,0.56,"",0,0.0,1,4.5,27584,4.5,27584,4.5,392,25.4,0,0.0,-4,0.0
"30035","5","23","74","0","2025","A","N",23,0,0,0,0,0,0,"N",0.94,0,0,0,0,0,0,"N",0,0.0,0,0,0,0,0,0,0,0,0,0,0,0
"30037","2","23","74","0","2025","A","",1,2,163387,163387,490,1571,81694,"",149.49,18.66,32.53,200.54,336.34,1.74,1.74,"",0,0.0,0,0.0,6982,4.5,6982,4.5,98,25.0,67,4.5,3492,4.5
"30037","5","23","74","0","2025","A","N",4,0,0,0,0,0,0,"N",1.17,0,0,0,0,0,0,"N",1,33.3,0,0,0,0,0,0,0,0,0,0,0,0
"30039","2","23","74","0","2025","A","",1,8,57057,57057,171,134,6987,"",37.37,18.28,3.07,11.97,15.65,0.16,0.16,"",0,0.0,0,0.0,2434,4.5,2434,4.5,36,26.7,3,2.3,159,2.3
"30039","5","23","74","0","2025","A","",21,53,2787792,2322716,45987,1013,52683,"",1.54,1.07,1.13,1.00,0.84,1.05,1.05,"",-4,-16.0,-2,-3.6,177982,6.8,97850,4.4,2182,5.0,96,10.5,5015,10.5
"30041","2","23","74","0","2025","A","",1,30,1339024,1339024,4018,844,43902,"",11.21,9.40,8.81,53.60,113.64,0.92,0.92,"",0,0.0,0,0.0,57192,4.5,57192,4.5,814,25.4,8,1.0,450,1.0
"30041","3","23","74","0","2025","A","",2,35,3077741,0,0,1691,87935,"",9.78,7.24,13.92,0.00,0.00,1.92,1.92,"",0,0.0,9,34.6,550374,21.8,0,0.0,0,0.0,-203,-10.7,-10534,-10.7
"30041","5","23","74","0","2025","A","",74,342,25994091,15331365,261675,1460,75895,"",1.63,0.95,1.29,1.26,1.47,1.36,1.36,"",-4,-5.1,34,11.0,5159492,24.8,2433772,18.9,21721,9.1,161,12.4,8360,12.4
"30043","2","23","74","0","2025","A","",1,22,1651338,1651338,4956,1427,74217,"",13.02,16.81,23.99,100.41,171.78,1.41,1.41,"",0,0.0,1,4.8,70533,4.5,70533,4.5,1004,25.4,-9,-0.6,-467,-0.6
"30043","5","23","74","0","2025","A","",100,426,25590464,18661709,388666,1156,60130,"",2.55,2.89,2.81,2.34,2.68,0.97,0.97,"",-2,-2.0,15,3.6,2386203,10.3,1402537,8.1,-10890,-2.7,70,6.4,3638,6.4
"30045","2","23","74","0","2025","A","",1,4,383282,383282,1150,1843,95820,"",60.90,16.33,38.71,186.68,358.41,2.37,2.37,"",0,0.0,0,0.0,16368,4.5,16368,4.5,233,25.4,79,4.5,4092,4.5
"30045","5","23","74","0","2025","A","",9,35,2283875,1360985,18344,1264,65723,"",1.07,1.27,1.74,1.36,1.14,1.38,1.38,"",1,12.5,-5,-12.5,-536537,-19.0,-351219,-20.5,-12735,-41.0,-106,-7.7,-5530,-7.8
"30047","2","23","74","0","2025","A","",1,9,1119716,1119716,3360,2328,121050,"",5.15,1.97,4.95,32.14,51.58,2.44,2.44,"",0,0.0,0,0.0,47826,4.5,47826,4.5,680,25.4,38,1.7,1951,1.6
"30047","5","23","74","0","2025","A","",232,655,32668075,25495581,460848,959,49875,"",2.34,1.28,1.09,1.51,1.41,0.85,0.85,"",-2,-0.9,44,7.2,4181129,14.7,2952522,13.1,10861,2.4,62,6.9,3226,6.9
"30049","2","23","74","0","2025","A","",1,762,64961376,64961376,194965,1638,85195,"",1.81,40.86,58.06,283.61,600.71,1.42,1.42,"",0,0.0,2,0.3,2774672,4.5,2774672,4.5,39499,25.4,65,4.1,3424,4.2
"30049","5","23","74","0","2025","A","",405,2076,159849135,98663058,2022883,1481,76992,"",1.44,0.99,1.08,0.89,1.24,1.09,1.09,"",-23,-5.4,-23,-1.1,14678096,10.1,5249648,5.6,122838,6.5,151,11.4,7844,11.3
"30051","2","23","74","0","2025","A","",1,3,138903,138903,417,890,46301,"",69.97,12.34,14.53,79.80,178.09,1.18,1.18,"",0,0.0,0,0.0,5932,4.5,5932,4.5,85,25.6,38,4.5,1977,4.5
"30051","5","23","74","0","2025","A","N",2,0,0,0,0,0,0,"N",0.27,0,0,0,0,0,0,"N",-1,-33.3,0,0,0,0,0,0,0,0,0,0,0,0
"30053","2","23","74","0","2025","A","",1,22,1128167,1128167,3385,975,50704,"",7.02,7.54,8.61,44.03,53.44,1.13,1.13,"",0,0.0,1,4.8,48188,4.5,48188,4.5,685,25.4,-6,-0.6,-319,-0.6
"30053","5","23","74","0","2025","A","",142,550,31539669,23332531,688358,1104,57397,"",1.95,1.67,1.82,1.87,2.16,1.09,1.09,"",-4,-2.7,16,3.0,2027313,6.9,2099289,9.9,162215,30.8,41,3.9,2139,3.9
"30055","2","23","74","0","2025","A","",1,5,554388,554388,1663,2132,110878,"",82.22,18.92,45.03,221.19,533.41,2.38,2.38,"",0,0.0,0,0.0,23681,4.5,23681,4.5,336,25.3,91,4.5,4737,4.5
"30055","5","23","74","0","2025","A","N",11,0,0,0,0,0,0,"N",1.77,0,0,0,0,0,0,"N",0,0.0,0,0,0,0,0,0,0,0,0,0,0,0
"30057","2","23","74","0","2025","A","",1,11,554071,554071,1663,947,49251,"",10.87,7.85,7.22,34.47,52.63,0.90,0.90,"",0,0.0,0,0.0,23665,4.5,23665,4.5,336,25.3,20,2.2,1032,2.1
"30057","5","23","74","0","2025","A","",94,297,22495555,13813335,254082,1455,75679,"",2.00,1.88,2.21,1.77,1.60,1.18,1.18,"",-5,-5.1,-30,-9.2,-1266423,-5.3,-824051,-5.6,-33069,-11.5,57,4.1,2994,4.1
"30059","2","23","74","0","2025","A","",1,6,446756,446756,1341,1432,74459,"",49.83,18.13,32.11,146.93,239.70,1.77,1.77,"",0,0.0,0,0.0,19084,4.5,19084,4.5,271,25.3,61,4.4,3180,4.5
"30059","5","23","74","0","2025","A","N",16,0,0,0,0,0,0,"N",1.56,0,0,0,0,0,0,"N",-1,-5.9,0,0,0,0,0,0,0,0,0,0,0,0
"30061","2","23","74","0","2025","A","",1,28,1900707,1900707,5704,1283,66691,"",34.08,49.51,83.93,421.77,654.43,1.67,1.67,"",0,0.0,0,0.0,81183,4.5,81183,4.5,1155,25.4,11,0.9,526,0.8
"30061","5","23","74","0","2025","A","",27,55,3236429,2456873,54061,1130,58755,"",1.80,0.86,1.08,1.12,1.23,1.25,1.25,"",-2,-6.9,-10,-15.4,-43861,-1.3,7875,0.3,6191,12.9,153,15.7,7963,15.7
"30063","2","23","74","0","2025","A","",1,126,6436893,6436893,19320,979,50885,"",0.98,4.08,3.60,17.91,31.00,0.88,0.88,"",0,0.0,0,0.0,274934,4.5,274934,4.5,3916,25.4,38,4.0,1948,4.0
"30063","5","23","74","0","2025","A","",658,4197,319585030,197711155,4810447,1464,76154,"",1.27,1.21,1.35,1.13,1.53,1.12,1.12,"",-14,-2.1,100,2.4,27745485,9.5,15767582,8.7,358687,8.1,94,6.9,4926,6.9
"30065","2","23","74","0","2025","A","",1,6,552605,552605,1659,1771,92101,"",35.55,10.02,16.23,93.22,197.80,1.62,1.62,"",0,0.0,0,0.0,23602,4.5,23602,4.5,336,25.4,75,4.4,3934,4.5
"30065","5","23","74","0","2025","A","N",21,0,0,0,0,0,0,"N",1.46,0,0,0,0,0,0,"N",-1,-4.5,0,0,0,0,0,0,0,0,0,0,0,0
"30067","2","23","74","0","2025","A","",1,11,1109833,1109833,3330,1897,98652,"",5.13,3.16,6.35,28.11,42.37,1.96,1.97,"",0,0.0,0,0.0,47406,4.5,47406,4.5,675,25.4,40,2.2,2068,2.1
"30067","5","23","74","0","2025","A","",168,579,40047129,26810301,434749,1329,69116,"",1.69,1.48,1.73,1.40,1.10,1.17,1.17,"",-6,-3.4,23,4.1,4824623,13.7,2915979,12.2,32273,8.0,112,9.2,5823,9.2
"30069","2","23","74","0","2025","A","",1,2,190513,190513,572,1832,95256,"",263.09,40.90,115.54,508.96,976.69,2.82,2.82,"",0,0.0,0,0.0,8137,4.5,8137,4.5,116,25.4,78,4.4,4068,4.5
"30069","5","23","74","0","2025","A","N",0,0,0,0,0,0,0,"N",0.00,0,0,0,0,0,0,"N",-1,-100.0,0,0,0,0,0,0,0,0,0,0,0,0
"30071","2","23","74","0","2025","A","",1,6,565638,565638,1698,1813,94273,"",36.54,10.39,23.60,125.10,215.83,2.27,2.27,"",0,0.0,0,0.0,24159,4.5,24159,4.5,344,25.4,77,4.4,4027,4.5
"30071","5","23","74","0","2025","A","N",15,0,0,0,0,0,0,"N",1.07,0,0,0,0,0,0,"N",0,0.0,0,0,0,0,0,0,0,0,0,0,0,0
"30073","2","23","74","0","2025","A","",1,25,1583999,1583999,4754,1198,62321,"",29.76,34.92,51.21,239.84,454.79,1.44,1.44,"",0,0.0,-1,-3.8,67657,4.5,67657,4.5,963,25.4,54,4.7,2857,4.8
"30073","5","23","74","0","2025","A","",24,134,7567390,5177907,126716,1090,56685,"",1.40,1.66,1.85,1.61,2.41,1.12,1.12,"",-5,-17.2,0,0.0,310695,4.3,-84231,-1.6,-11000,-8.0,47,4.5,2463,4.5
"30075","2","23","74","0","2025","A","",1,7,569383,569383,1709,1564,81340,"",64.48,24.05,35.49,170.79,370.56,1.47,1.48,"",0,0.0,0,0.0,24320,4.5,24320,4.5,347,25.5,67,4.5,3474,4.5
"30075","5","23","74","0","2025","A","N",13,0,0,0,0,0,0,"N",1.64,0,0,0,0,0,0,"N",1,8.3,0,0,0,0,0,0,0,0,0,0,0,0
"30077","2","23","74","0","2025","A","",1,6,554785,554785,1666,1778,92464,"",26.20,5.19,8.74,33.66,72.24,1.68,1.68,"",0,0.0,0,0.0,23699,4.5,23699,4.5,338,25.5,76,4.5,3950,4.5
"30077","5","23","74","0","2025","A","N",32,0,0,0,0,0,0,"N",1.64,0,0,0,0,0,0,"N",0,0.0,0,0,0,0,0,0,0,0,0,0,0,0
"30079","2","23","74","0","2025","A","",1,4,436845,436845,1311,2100,109211,"",109.62,17.95,45.84,217.69,469.61,2.56,2.56,"",0,0.0,0,0.0,18662,4.5,18662,4.5,266,25.5,90,4.5,4665,4.5
"30079","5","23","74","0","2025","A","",4,5,174542,148875,1934,671,34908,"",0.86,0.20,0.14,0.15,0.14,0.69,0.69,"",-1,-20.0,1,25.0,416,0.2,5627,3.9,5,0.3,-149,-18.2,-7735,-18.1
"30081","2","23","74","0","2025","A","",1,8,619516,619516,1860,1444,75093,"",2.78,1.24,1.88,9.83,14.87,1.47,1.47,"",0,0.0,0,0.0,26459,4.5,26459,4.5,377,25.4,18,1.3,961,1.3
"30081","5","23","74","0","2025","A","",444,1248,70513955,51863277,900410,1086,56498,"",2.42,1.71,1.62,1.69,1.43,0.94,0.94,"",-2,-0.4,21,1.7,4188402,6.3,3765441,7.8,50198,5.9,47,4.5,2458,4.5
"30083","2","23","74","0","2025","A","",1,5,326317,326317,979,1255,65263,"",10.63,2.13,2.38,12.87,25.49,1.12,1.12,"",0,0.0,0,0.0,13938,4.5,13938,4.5,198,25.4,54,4.5,2787,4.5
"30083","5","23","74","0","2025","A","",67,370,29140595,19054700,298394,1514,78705,"",1.40,1.40,1.60,1.55,1.54,1.15,1.15,"",-7,-9.5,-189,-33.8,-11037220,-27.5,-7516717,-28.3,-94597,-24.1,132,9.6,6831,9.5
"30085","2","23","74","0","2025","A","",1,47,2619216,2619216,7862,1076,55926,"",24.63,29.15,34.80,192.44,338.10,1.20,1.20,"",0,0.0,1,2.2,111870,4.5,111870,4.5,1594,25.4,39,3.8,2005,3.7
"30085","5","23","74","0","2025","A","N",20,0,0,0,0,0,0,"N",0.97,0,0,0,0,0,0,"N",-1,-4.8,0,0,0,0,0,0,0,0,0,0,0,0
"30087","2","23","74","0","2025","A","",1,11,1113750,1113750,3343,1904,99000,"",25.40,6.47,10.69,73.44,82.24,1.62,1.62,"",0,0.0,0,0.0,47571,4.5,47571,4.5,677,25.4,40,2.1,2075,2.1
"30087","5","23","74","0","2025","A","N",17,0,0,0,0,0,0,"N",0.85,0,0,0,0,0,0,"N",-2,-10.5,0,0,0,0,0,0,0,0,0,0,0,0
"30089","2","23","74","0","2025","A","",1,16,1122950,1122950,3370,1329,69105,"",11.79,10.11,15.85,77.17,102.77,1.54,1.54,"",0,0.0,1,6.7,47963,4.5,47963,4.5,683,25.4,-42,-3.1,-2165,-3.0
"30089","5","23","74","0","2025","A","",92,233,16161660,11561985,284284,1336,69488,"",2.13,1.31,1.72,1.64,1.72,1.32,1.32,"",4,4.5,30,14.8,3689587,29.6,2430362,26.6,43379,18.0,157,13.3,8175,13.3
"30091","2","23","74","0","2025","A","",1,3,435697,435697,1307,2793,145232,"",30.88,5.00,15.66,89.30,196.30,3.13,3.13,"",0,0.0,0,0.0,18608,4.5,18608,4.5,264,25.3,119,4.5,6202,4.5
"30091","5","23","74","0","2025","A","N",12,0,0,0,0,0,0,"N",0.73,0,0,0,0,0,0,"N",-2,-14.3,0,0,0,0,0,0,0,0,0,0,0,0
"30093","2","23","74","0","2025","A","",1,124,7161954,7161954,21495,1108,57603,"",4.55,15.96,17.32,80.96,153.14,1.08,1.08,"",0,0.0,1,0.8,305907,4.5,305907,4.5,4355,25.4,34,3.2,1749,3.1
"30093","5","23","74","0","2025","A","",124,627,40312457,28942930,808251,1237,64311,"",1.11,0.72,0.74,0.67,1.14,1.03,1.03,"",0,0.0,21,3.5,2310783,6.1,2774607,10.6,53434,7.1,32,2.7,1628,2.6
"30095","2","23","74","0","2025","A","",1,4,569302,569302,1708,2737,142326,"",16.78,2.90,6.49,37.21,73.10,2.24,2.24,"",0,0.0,0,0.0,24314,4.5,24314,4.5,346,25.4,117,4.5,6079,4.5
"30095","5","23","74","0","2025","A","",58,146,8267006,6302253,105199,1090,56688,"",1.91,0.94,0.71,0.85,0.89,0.76,0.76,"N",-4,-6.5,0,0,0,0,0,0,0,0,0,0,0,0
"30097","2","23","74","0","2025","A","",1,6,552234,552234,1658,1770,92039,"",25.01,8.63,13.46,74.61,142.99,1.56,1.56,"",0,0.0,0,0.0,23586,4.5,23586,4.5,336,25.4,76,4.5,3931,4.5
"30097","5","23","74","0","2025","A","",39,105,5174290,3934389,56425,945,49162,"",1.91,1.34,0.95,1.09,0.97,0.71,0.71,"",-3,-7.1,-10,-8.7,-330266,-6.0,-144566,-3.5,-1073,-1.9,25,2.7,1296,2.7
"30099","3","23","74","0","2025","A","",1,13,611429,611429,1846,910,47336,"",8.89,9.98,11.82,109.20,73.17,1.19,1.19,"",0,0.0,1,8.3,18123,3.1,18123,3.1,363,24.5,-34,-3.6,-1765,-3.6
"30099","5","23","74","0","2025","A","",47,126,6719953,5381384,97570,1025,53298,"",1.88,1.30,1.43,1.51,1.78,1.10,1.10,"",2,4.4,17,15.6,1493366,28.6,1018787,23.4,15562,19.0,104,11.3,5421,11.3
"30101","2","23","74","0","2025","A","",1,19,834647,834647,2504,834,43358,"",29.23,22.99,18.26,112.10,231.05,0.78,0.78,"",0,0.0,0,0.0,35650,4.5,35650,4.5,506,25.3,25,3.1,1306,3.1
"30101","5","23","74","0","2025","A","",8,24,2785396,1152672,48004,2232,116058,"",0.46,0.26,0.46,0.32,0.88,1.78,1.78,"N",-5,-38.5,0,0,0,0,0,0,0,0,0,0,0,0
"30103","5","23","74","0","2025","A","N",1,0,0,0,0,0,0,"N",0.43,0,0,0,0,0,0,"N",-1,-50.0,0,0,0,0,0,0,0,0,0,0,0,0
"30105","2","23","74","0","2025","A","",1,20,684238,684238,2054,647,33651,"",19.23,15.03,10.72,61.65,115.95,0.70,0.70,"",0,0.0,0,0.0,29229,4.5,29229,4.5,417,25.5,15,2.4,764,2.3
"30105","5","23","74","0","2025","A","",38,165,13349764,7297093,240008,1554,80785,"",1.43,1.10,1.58,1.35,2.69,1.43,1.43,"",-2,-5.0,67,68.4,8196519,159.1,3260518,80.8,144535,151.4,545,54.0,28335,54.0
"30107","2","23","74","0","2025","A","",1,4,326982,326982,982,1572,81746,"",67.81,15.01,29.35,131.26,337.24,1.95,1.95,"",0,0.0,0,0.0,13966,4.5,13966,4.5,200,25.6,67,4.5,3492,4.5
"30107","5","23","74","0","2025","A","",9,20,1241926,765316,14321,1214,63149,"",1.20,0.67,0.84,0.63,0.98,1.28,1.28,"",0,0.0,3,17.6,169931,15.9,186418,32.2,1989,16.1,-23,-1.9,-1171,-1.8
"30109","2","23","74","0","2025","A","",1,7,489124,489124,1468,1312,68250,"",149.49,55.77,105.79,463.34,1701.86,1.86,1.86,"",0,0.0,0,0.0,20894,4.5,20894,4.5,297,25.4,26,2.0,1360,2.0
"30109","5","23","74","0","2025","A","N",1,0,0,0,0,0,0,"N",0.29,0,0,0,0,0,0,"N",1,100.0,0,0,0,0,0,0,0,0,0,0,0,0
"30111","2","23","74","0","2025","A","",1,176,12791883,12791883,38390,1400,72785,"",0.87,4.28,5.23,29.28,49.09,1.22,1.22,"",0,0.0,1,0.6,546374,4.5,546374,4.5,7777,25.4,54,4.0,2777,4.0
"30111","5","23","74","0","2025","A","",892,5928,463429951,284754130,6773207,1503,78182,"",1.52,1.28,1.43,1.34,1.72,1.12,1.12,"",-54,-5.7,-298,-4.8,841765,0.2,-4413410,-1.5,-173741,-2.5,74,5.2,3883,5.2
"30999","5","23","74","0","2025","A","",192,745,79329392,38419257,978470,2047,106435,"",0.55,1.10,0.96,0.86,0.86,0.88,0.88,"",-65,-25.3,-169,-18.5,-17512457,-18.1,-12690217,-24.8,-261633,-21.1,9,0.4,442,0.4
"31000","3","23","54","0","2025","A","",14,104,6824328,106785,3987,1259,65461,"",0.52,0.14,0.17,0.09,0.82,1.18,1.18,"",0,0.0,-3,-2.8,178336,2.7,-30915,-22.5,-1311,-24.7,64,5.4,3301,5.3
"31000","5","23","54","0","2025","A","",7744,63861,4648739713,1007475279,23026858,1400,72795,"",1.28,1.18,1.27,1.39,2.18,1.07,1.07,"",148,1.9,1680,2.7,280413431,6.4,50748557,5.3,1693226,7.9,49,3.6,2543,3.6
"31001","5","23","74","0","2025","A","",102,1132,83568778,23957737,806567,1420,73851,"",1.28,1.37,1.75,2.18,3.99,1.28,1.28,"",2,2.0,-94,-7.7,-8590138,-9.3,-52513,-0.2,80724,11.1,-26,-1.8,-1350,-1.8
"31003","5","23","74","0","2025","A","",26,193,12541842,3536938,136059,1249,64956,"",1.16,1.66,1.99,2.49,5.28,1.20,1.20,"",-2,-7.1,-18,-8.5,-1391886,-10.0,-200151,-5.4,1345,1.0,-22,-1.7,-1159,-1.8
"31007","5","23","74","0","2025","A","N",1,0,0,0,0,0,0,"N",0.92,0,0,0,0,0,0,"N",0,0.0,0,0,0,0,0,0,0,0,0,0,0,0
"31009","5","23","74","0","2025","A","N",2,0,0,0,0,0,0,"N",0.96,0,0,0,0,0,0,"N",0,0.0,0,0,0,0,0,0,0,0,0,0,0,0
"31011","5","23","74","0","2025","A","N",22,0,0,0,0,0,0,"N",1.11,0,0,0,0,0,0,"N",0,0.0,0,0,0,0,0,0,0,0,0,0,0,0
"31013","5","23","74","0","2025","A","",27,139,8074790,1704133,16848,1118,58127,"",0.96,0.70,0.78,0.77,0.71,1.11,1.11,"",1,3.8,5,3.7,-41885,-0.5,70501,4.3,1370,8.9,-48,-4.1,-2483,-4.1
"31015","5","23","74","0","2025","A","",4,9,327708,102592,1508,734,38180,"",0.57,0.32,0.29,0.37,0.81,0.95,0.95,"",-1,-20.0,1,12.5,21916,7.2,-3544,-3.3,-47,-3.0,42,6.1,2204,6.1
"31017","5","23","74","0","2025","A","",17,85,3803130,1142890,10812,856,44524,"",1.36,1.14,1.00,1.44,1.36,0.87,0.87,"",-1,-5.6,3,3.7,424768,12.6,-68888,-5.7,-18504,-63.1,62,7.8,3241,7.9
"31019","5","23","74","0","2025","A","",236,1458,94013291,20085401,390547,1240,64470,"",1.61,0.98,1.09,1.09,2.17,1.11,1.11,"",7,3.1,9,0.6,4193782,4.7,1055363,5.5,89575,29.8,48,4.0,2476,4.0
"31021","5","23","74","0","2025","A","",28,78,3617003,984222,16304,890,46273,"",1.49,0.85,0.78,0.99,1.33,0.92,0.92,"",1,3.7,-3,-3.7,240970,7.1,-160042,-14.0,-12778,-43.9,88,11.0,4594,11.0
"31023","3","23","74","0","2025","A","",1,1,54864,9000,17,1055,54864,"",10.40,0.53,0.59,3.36,2.59,1.11,1.11,"",0,0.0,0,0.0,-2032,-3.6,0,0.0,-5,-22.7,-39,-3.6,-2032,-3.6
"31023","5","23","74","0","2025","A","N",30,0,0,0,0,0,0,"N",1.40,0,0,0,0,0,0,"N",1,3.4,0,0,0,0,0,0,0,0,0,0,0,0
"31025","5","23","74","0","2025","A","",136,621,34445517,10199412,243062,1067,55475,"",2.46,1.89,1.84,2.42,3.70,0.97,0.97,"",-7,-4.9,11,1.8,1746372,5.3,-31324,-0.3,-15673,-6.1,36,3.5,1848,3.4
"31027","3","23","74","0","2025","A","",3,23,1217783,0,0,1037,53924,"",24.74,11.94,15.55,0.00,0.00,1.33,1.33,"",0,0.0,0,0.0,-34651,-2.8,0,0.0,0,0.0,-6,-0.6,-333,-0.6
"31027","5","23","74","0","2025","A","",45,183,10205836,2059002,19876,1072,55744,"",1.67,1.28,1.43,1.29,1.32,1.12,1.12,"",5,12.5,0,0.0,371948,3.8,-34411,-1.6,-1853,-8.5,38,3.7,1982,3.7
"31029","5","23","74","0","2025","A","N",17,0,0,0,0,0,0,"N",0.98,0,0,0,0,0,0,"N",5,41.7,0,0,0,0,0,0,0,0,0,0,0,0
"31031","5","23","74","0","2025","A","",29,128,6488617,2154032,62475,977,50825,"",1.29,1.07,1.13,1.35,2.81,1.06,1.06,"",1,3.6,4,3.2,240052,3.8,-27508,-1.3,-6608,-9.6,4,0.4,229,0.5
"31033","5","23","74","0","2025","A","",15,68,3439376,820509,12014,979,50891,"",0.57,0.32,0.31,0.33,0.37,0.96,0.96,"",-1,-6.2,-13,-16.0,-563715,-14.1,-567794,-40.9,-34827,-74.4,32,3.4,1622,3.3
"31035","5","23","74","0","2025","A","",23,212,14618610,2563839,14683,1327,68983,"",1.12,1.97,2.34,2.05,1.09,1.19,1.19,"",-3,-11.5,-7,-3.2,724041,5.2,-103713,-3.9,-8939,-37.8,106,8.7,5489,8.6
"31037","5","23","74","0","2025","A","N",28,0,0,0,0,0,0,"N",1.16,0,0,0,0,0,0,"N",0,0.0,0,0,0,0,0,0,0,0,0,0,0,0
"31039","5","23","74","0","2025","A","",39,224,12307722,2732991,30140,1058,55027,"",1.25,1.09,1.03,1.24,1.46,0.95,0.95,"",4,11.4,18,8.7,1560488,14.5,-59844,-2.1,-20175,-40.1,56,5.6,2898,5.6
"31041","3","23","74","0","2025","A","",1,1,16783,9000,11,323,16783,"",6.11,0.31,0.11,1.99,0.91,0.37,0.37,"",0,0.0,0,0.0,-477,-2.8,0,0.0,0,0.0,-9,-2.7,-477,-2.8
"31041","5","23","74","0","2025","A","N",42,0,0,0,0,0,0,"N",1.15,0,0,0,0,0,0,"N",0,0.0,0,0,0,0,0,0,0,0,0,0,0,0
"31043","3","23","74","0","2025","A","",1,3,265914,72000,3888,1705,88638,"",5.61,0.30,0.52,3.82,56.62,1.71,1.71,"",0,0.0,-1,-25.0,-2961,-1.1,-24000,-25.0,-1296,-25.0,262,18.2,13603,18.1
"31043","5","23","74","0","2025","A","N",60,0,0,0,0,0,0,"N",1.51,0,0,0,0,0,0,"N",2,3.4,0,0,0,0,0,0,0,0,0,0,0,0
"31045","5","23","74","0","2025","A","",22,83,3772465,947300,4732,872,45360,"",0.99,0.51,0.50,0.65,0.23,0.97,0.97,"",0,0.0,-5,-5.7,-127427,-3.3,-54356,-5.4,-6241,-56.9,19,2.2,1001,2.3
"31047","5","23","74","0","2025","A","",59,428,26837748,6606051,137469,1207,62742,"",1.00,0.69,0.77,0.81,1.41,1.12,1.12,"",-2,-3.3,24,5.9,3616142,15.6,369744,5.9,15289,12.5,102,9.2,5298,9.2
"31049","5","23","74","0","2025","A","N",1,0,0,0,0,0,0,"N",0.17,0,0,0,0,0,0,"N",-1,-50.0,0,0,0,0,0,0,0,0,0,0,0,0
"31051","5","23","74","0","2025","A","N",20,0,0,0,0,0,0,"N",1.74,0,0,0,0,0,0,"N",-3,-13.0,0,0,0,0,0,0,0,0,0,0,0,0
"31053","5","23","74","0","2025","A","",122,941,64504532,12772271,210091,1318,68543,"",1.42,0.96,1.11,0.99,1.49,1.15,1.15,"",4,3.4,30,3.3,4522608,7.5,135155,1.1,-22425,-9.6,52,4.1,2707,4.1
"31055","3","23","74","0","2025","A","",1,28,3030385,0,0,2045,106329,"",0.15,0.12,0.20,0.00,0.00,1.73,1.73,"",0,0.0,-1,-3.4,187001,6.6,0,0.0,0,0.0,154,8.1,7999,8.1
"31055","5","23","74","0","2025","A","",1932,19455,1515690329,306789025,7253521,1498,77909,"",1.31,1.08,1.11,1.25,1.85,1.03,1.03,"",16,0.8,784,4.2,115029518,8.2,31089333,11.3,1392140,23.8,55,3.8,2892,3.9
"31057","5","23","74","0","2025","A","N",4,0,0,0,0,0,0,"N",0.61,0,0,0,0,0,0,"N",-2,-33.3,0,0,0,0,0,0,0,0,0,0,0,0
"31059","5","23","74","0","2025","A","",22,218,17816621,2395231,12217,1569,81572,"",1.02,1.73,2.37,1.78,0.98,1.37,1.37,"",2,10.0,4,1.9,697689,4.1,-221356,-8.5,-19367,-61.3,34,2.2,1763,2.2
"31061","5","23","74","0","2025","A","N",4,0,0,0,0,0,0,"N",0.40,0,0,0,0,0,0,"N",0,0.0,0,0,0,0,0,0,0,0,0,0,0,0
"31063","5","23","74","0","2025","A","N",8,0,0,0,0,0,0,"N",1.06,0,0,0,0,0,0,"N",1,14.3,0,0,0,0,0,0,0,0,0,0,0,0
"31065","5","23","74","0","2025","A","",8,46,2782568,884191,38367,1159,60272,"",0.49,0.49,0.56,0.87,3.11,1.14,1.14,"",0,0.0,-4,-8.0,-459348,-14.2,-278153,-23.9,-12418,-24.5,-88,-7.1,-4566,-7.0
"31067","5","23","74","0","2025","A","",93,404,21618636,5414369,107579,1028,53478,"",1.64,0.87,0.85,0.94,0.75,0.98,0.98,"",1,1.1,-15,-3.6,655639,3.1,-435542,-7.4,-7945,-6.9,67,7.0,3497,7.0
"31069","5","23","74","0","2025","A","N",5,0,0,0,0,0,0,"N",0.91,0,0,0,0,0,0,"N",0,0.0,0,0,0,0,0,0,0,0,0,0,0,0
"31071","5","23","74","0","2025","A","N",12,0,0,0,0,0,0,"N",1.45,0,0,0,0,0,0,"N",1,9.1,0,0,0,0,0,0,0,0,0,0,0,0
"31073","5","23","74","0","2025","A","N",9,0,0,0,0,0,0,"N",1.53,0,0,0,0,0,0,"N",-1,-10.0,0,0,0,0,0,0,0,0,0,0,0,0
"31075","5","23","74","0","2025","A","",3,11,422083,120644,576,716,37243,"",0.73,0.71,0.62,0.60,0.48,0.84,0.84,"",0,0.0,0,0.0,3076,0.7,1289,1.1,-27,-4.5,-28,-3.8,-1435,-3.7
"31077","5","23","74","0","2025","A","",15,37,1477559,527454,9467,761,39577,"",1.59,1.11,0.95,1.42,2.32,0.85,0.85,"",1,7.1,1,2.8,-106348,-6.7,34439,7.0,-1707,-15.3,-89,-10.5,-4625,-10.5
"31079","5","23","74","0","2025","A","",276,2107,128678031,29498061,454003,1174,61069,"",1.81,1.11,1.12,1.10,1.15,1.01,1.01,"",5,1.8,135,6.8,13802639,12.0,1471525,5.3,-34057,-7.0,54,4.8,2823,4.8
"31081","5","23","74","0","2025","A","N",44,0,0,0,0,0,0,"N",1.51,0,0,0,0,0,0,"N",2,4.8,0,0,0,0,0,0,0,0,0,0,0,0
"31083","5","23","74","0","2025","A","",5,25,874776,317677,5420,668,34759,"",0.53,0.54,0.37,0.74,1.18,0.68,0.68,"",0,0.0,0,0.0,-39545,-4.3,-16920,-5.1,-520,-8.8,-26,-3.7,-1333,-3.7
"31085","5","23","74","0","2025","A","N",2,0,0,0,0,0,0,"N",0.74,0,0,0,0,0,0,"N",0,0.0,0,0,0,0,0,0,0,0,0,0,0,0
"31087","5","23","74","0","2025","A","",9,25,1190701,345510,4362,922,47948,"",1.21,0.72,0.60,1.03,1.79,0.83,0.84,"",-1,-10.0,-3,-10.7,71849,6.4,31798,10.1,2925,203.5,163,21.5,8459,21.4
"31089","5","23","74","0","2025","A","",39,199,11621222,2763448,43354,1124,58472,"",0.96,0.87,0.94,1.04,1.50,1.08,1.09,"",7,21.9,8,4.2,580066,5.3,421884,18.0,24011,124.1,15,1.4,791,1.4
"31091","5","23","74","0","2025","A","N",3,0,0,0,0,0,0,"N",1.14,0,0,0,0,0,0,"N",0,0.0,0,0,0,0,0,0,0,0,0,0,0,0
"31093","5","23","74","0","2025","A","N",22,0,0,0,0,0,0,"N",1.28,0,0,0,0,0,0,"N",3,15.8,0,0,0,0,0,0,0,0,0,0,0,0
"31095","5","23","74","0","2025","A","",33,192,11431853,2735167,42665,1146,59567,"",1.53,1.06,1.18,1.16,2.33,1.11,1.11,"",3,10.0,-19,-9.0,-1363238,-10.7,-325457,-10.6,-28725,-40.2,-19,-1.6,-1001,-1.7
"31097","5","23","74","0","2025","A","",15,46,1765922,668407,16398,736,38251,"",1.51,0.59,0.37,1.09,2.79,0.62,0.62,"",0,0.0,2,4.5,-282440,-13.8,30487,4.8,30,0.2,-156,-17.5,-8127,-17.5
"31099","5","23","74","0","2025","A","",22,117,7802063,2669851,105561,1286,66875,"",1.33,1.07,1.27,2.07,4.94,1.19,1.19,"",2,10.0,37,46.2,4565294,141.0,1685188,171.1,87921,498.4,512,66.1,26625,66.1
"31101","5","23","74","0","2025","A","N",35,0,0,0,0,0,0,"N",1.19,0,0,0,0,0,0,"N",-4,-10.3,0,0,0,0,0,0,0,0,0,0,0,0
"31103","5","23","74","0","2025","A","N",2,0,0,0,0,0,0,"N",0.78,0,0,0,0,0,0,"N",0,0.0,0,0,0,0,0,0,0,0,0,0,0,0
"31105","5","23","74","0","2025","A","",4,10,384602,130732,1483,722,37522,"",0.37,0.12,0.08,0.13,0.15,0.64,0.64,"",0,0.0,-3,-23.1,-46665,-10.8,-22422,-14.6,-1767,-54.4,67,10.2,3475,10.2
"31107","3","23","74","0","2025","A","",1,0,1070,1070,0,62,3210,"",8.67,0.00,0.01,0.42,0.00,0.08,0.08,"",0,0.0,0,0.0,-4630,-81.2,-4630,-81.2,0,0.0,-267,-81.2,-13890,-81.2
"31107","5","23","74","0","2025","A","N",40,0,0,0,0,0,0,"N",1.56,0,0,0,0,0,0,"N",-2,-4.8,0,0,0,0,0,0,0,0,0,0,0,0
"31109","5","23","74","0","2025","A","",1138,10518,743462355,147737289,2609238,1359,70685,"",1.49,1.12,1.20,1.28,2.03,1.07,1.07,"",-1,-0.1,289,2.8,49403704,7.1,6881376,4.9,104818,4.2,54,4.1,2830,4.2
"31111","5","23","74","0","2025","A","",100,888,58031710,12870469,196380,1256,65333,"",1.14,1.10,1.20,1.20,1.69,1.09,1.09,"",2,2.0,63,7.6,5137102,9.7,1180703,10.1,37400,23.5,23,1.9,1205,1.9
"31113","5","23","74","0","2025","A","N",2,0,0,0,0,0,0,"N",0.68,0,0,0,0,0,0,"N",0,0.0,0,0,0,0,0,0,0,0,0,0,0,0
"31119","3","23","74","0","2025","A","",3,28,1417029,0,0,973,50608,"",6.49,1.79,1.82,0.00,0.00,1.01,1.01,"",0,0.0,0,0.0,72622,5.4,0,0.0,0,0.0,41,4.4,2161,4.5
"31119","5","23","74","0","2025","A","",148,1071,68948879,14654462,281335,1238,64358,"",1.44,0.92,0.97,0.98,1.71,1.06,1.05,"",2,1.4,-4,-0.4,1149530,1.7,-229344,-1.5,-12850,-4.4,26,2.1,1313,2.1
"31121","5","23","74","0","2025","A","",32,286,19906651,5662801,205601,1339,69604,"",1.52,2.30,2.94,3.50,5.58,1.28,1.28,"",-4,-11.1,-150,-34.4,-25771217,-56.4,-2825869,-33.3,121908,145.7,-676,-33.5,-35182,-33.6
"31123","3","23","74","0","2025","A","",1,18,748478,0,0,807,41971,"",16.12,16.92,15.88,0.00,0.00,0.95,0.95,"",0,0.0,-1,-5.3,6330,0.9,0,0.0,0,0.0,56,7.5,2911,7.5
"31123","5","23","74","0","2025","A","",14,28,863896,287461,2466,592,30762,"",1.01,0.35,0.20,0.40,0.44,0.57,0.57,"",0,0.0,-3,-9.7,-235553,-21.4,-107672,-27.2,-5316,-68.3,-81,-12.0,-4234,-12.1
"31125","5","23","74","0","2025","A","",9,19,939460,282963,1982,934,48593,"",1.12,0.39,0.38,0.47,0.41,0.96,0.96,"",1,12.5,1,5.6,110170,13.3,26720,10.4,-2197,-52.6,27,3.0,1430,3.0
"31127","5","23","74","0","2025","A","N",20,0,0,0,0,0,0,"N",1.18,0,0,0,0,0,0,"N",1,5.3,0,0,0,0,0,0,0,0,0,0,0,0
"31129","5","23","74","0","2025","A","N",10,0,0,0,0,0,0,"N",0.69,0,0,0,0,0,0,"N",-1,-9.1,0,0,0,0,0,0,0,0,0,0,0,0
"31131","5","23","74","0","2025","A","",62,289,17358820,3740180,46112,1156,60100,"",1.57,0.87,0.88,0.96,1.25,1.02,1.02,"",1,1.6,-3,-1.0,-97516,-0.6,24880,0.7,-4464,-8.8,8,0.7,420,0.7
"31133","5","23","74","0","2025","A","N",9,0,0,0,0,0,0,"N",1.32,0,0,0,0,0,0,"N",1,12.5,0,0,0,0,0,0,0,0,0,0,0,0
"31135","5","23","74","0","2025","A","",18,122,8526909,2719498,92595,1343,69845,"",1.61,2.01,2.29,3.88,6.31,1.14,1.14,"",0,0.0,23,23.2,2601563,43.9,1581085,138.9,83612,930.8,188,16.3,9791,16.3
"31137","5","23","74","0","2025","A","",34,229,14087469,2584933,24309,1183,61517,"",1.04,0.89,0.86,0.88,0.83,0.97,0.97,"",1,3.0,-1,-0.4,625422,4.6,-343528,-11.7,-24090,-49.8,57,5.1,2944,5.0
"31139","5","23","74","0","2025","A","",34,205,11660904,2979856,52316,1096,56975,"",1.83,1.97,2.14,2.26,2.88,1.09,1.09,"",0,0.0,1,0.5,-188062,-1.6,323781,12.2,18327,53.9,-19,-1.7,-1013,-1.7
"31141","3","23","74","0","2025","A","",1,1,13814,0,0,266,13814,"",2.48,0.07,0.02,0.00,0.00,0.27,0.27,"",0,0.0,0,0.0,408,3.0,0,0.0,0,0.0,8,3.1,408,3.0
"31141","5","23","74","0","2025","A","",127,1326,95138823,17204876,248355,1380,71749,"",1.41,1.26,1.46,1.26,1.77,1.16,1.16,"",6,5.0,84,6.8,9416370,11.0,2005969,13.2,133534,116.3,53,4.0,2729,4.0
"31143","5","23","74","0","2025","A","N",14,0,0,0,0,0,0,"N",1.11,0,0,0,0,0,0,"N",-1,-6.7,0,0,0,0,0,0,0,0,0,0,0,0
"31145","5","23","74","0","2025","A","",36,214,11582799,2447488,18184,1041,54125,"",1.06,0.83,0.84,0.91,0.91,1.02,1.02,"",-1,-2.7,-6,-2.7,545636,4.9,-231364,-8.6,-5432,-23.0,75,7.8,3918,7.8
"31147","5","23","74","0","2025","A","",24,76,3578557,1209398,31832,907,47190,"",1.06,0.62,0.60,0.85,1.84,0.97,0.97,"",-3,-11.1,-13,-14.6,-853700,-19.3,-182495,-13.1,-7432,-18.9,-48,-5.0,-2471,-5.0
"31149","5","23","74","0","2025","A","N",5,0,0,0,0,0,0,"N",1.07,0,0,0,0,0,0,"N",2,66.7,0,0,0,0,0,0,0,0,0,0,0,0
"31151","5","23","74","0","2025","A","N",38,0,0,0,0,0,0,"N",1.28,0,0,0,0,0,0,"N",-2,-5.0,0,0,0,0,0,0,0,0,0,0,0,0
"31153","5","23","74","0","2025","A","",722,9471,712845552,135305988,2597274,1447,75265,"",1.93,2.14,2.48,2.07,2.91,1.16,1.16,"",44,6.5,581,6.5,68419384,10.6,6113409,4.7,88463,3.5,53,3.8,2776,3.8
"31155","5","23","74","0","2025","A","",107,724,48147807,9635777,124372,1280,66541,"",2.03,2.26,2.74,2.49,2.42,1.21,1.21,"",7,7.0,-58,-7.4,-2098085,-4.2,-532920,-5.2,12650,11.3,45,3.6,2329,3.6
"31157","5","23","74","0","2025","A","",116,1242,93357693,17173203,221368,1445,75137,"",1.26,1.47,1.91,1.66,1.66,1.30,1.30,"",2,1.8,34,2.8,6685834,7.7,-1229964,-6.7,-146246,-39.8,65,4.7,3359,4.7
"31159","5","23","74","0","2025","A","",81,484,30970465,6975641,122762,1231,64033,"",2.00,1.52,1.70,1.71,1.17,1.12,1.12,"",-2,-2.4,-2,-0.4,2015366,7.0,271582,4.1,7235,6.3,85,7.4,4444,7.5
"31161","5","23","74","0","2025","A","N",7,0,0,0,0,0,0,"N",0.41,0,0,0,0,0,0,"N",0,0.0,0,0,0,0,0,0,0,0,0,0,0,0
"31163","5","23","74","0","2025","A","N",10,0,0,0,0,0,0,"N",1.21,0,0,0,0,0,0,"N",0,0.0,0,0,0,0,0,0,0,0,0,0,0,0
"31167","5","23","74","0","2025","A","N",11,0,0,0,0,0,0,"N",1.45,0,0,0,0,0,0,"N",0,0.0,0,0,0,0,0,0,0,0,0,0,0,0
"31169","5","23","74","0","2025","A","",27,90,4143239,1112687,14977,884,45951,"",1.33,0.77,0.64,0.93,1.43,0.83,0.83,"",2,8.0,-6,-6.2,-285123,-6.4,-122131,-9.9,-3507,-19.0,-3,-0.3,-178,-0.4
"31171","5","23","74","0","2025","A","N",2,0,0,0,0,0,0,"N",0.66,0,0,0,0,0,0,"N",0,0.0,0,0,0,0,0,0,0,0,0,0,0,0
"31173","3","23","74","0","2025","A","",1,1,58208,15715,71,1119,58208,"",18.05,0.42,0.46,4.10,1.65,1.09,1.09,"",0,0.0,0,0.0,-43274,-42.6,-2285,-12.7,-10,-12.3,-442,-28.3,-22978,-28.3
"31173","5","23","74","0","2025","A","N",10,0,0,0,0,0,0,"N",0.81,0,0,0,0,0,0,"N",1,11.1,0,0,0,0,0,0,0,0,0,0,0,0
"31175","5","23","74","0","2025","A","",29,104,5107749,1254879,14879,945,49152,"",1.62,1.11,1.07,1.26,1.30,0.96,0.96,"",-1,-3.3,5,5.1,393596,8.3,176256,16.3,9382,170.7,30,3.3,1574,3.3
"31177","5","23","74","0","2025","A","",148,973,70587113,15236498,282497,1395,72540,"",2.74,2.16,2.30,2.23,2.93,1.06,1.06,"",-4,-2.6,33,3.5,4678000,7.1,-914274,-5.7,-148790,-34.5,47,3.5,2436,3.5
"31179","5","23","74","0","2025","A","",28,108,5150606,1380822,13967,916,47617,"",1.30,0.50,0.48,0.67,0.84,0.96,0.96,"",2,7.7,5,4.9,343555,7.1,151828,12.4,1500,12.0,15,1.7,757,1.6
"31181","5","23","74","0","2025","A","",12,30,1213568,537775,9845,771,40118,"",1.21,0.53,0.46,0.82,1.55,0.85,0.85,"",-1,-7.7,-16,-34.8,-559456,-31.6,-206191,-27.7,-14015,-58.7,26,3.5,1363,3.5
"31183","5","23","74","0","2025","A","N",3,0,0,0,0,0,0,"N",0.97,0,0,0,0,0,0,"N",0,0.0,0,0,0,0,0,0,0,0,0,0,0,0
"31185","5","23","74","0","2025","A","",58,308,18884062,5158036,151619,1180,61378,"",1.16,0.76,0.77,0.99,1.98,1.02,1.02,"",-2,-3.3,-10,-3.1,-70111,-0.4,224137,4.5,32635,27.4,32,2.8,1695,2.8
"31999","5","23","74","0","2025","A","",675,3605,337580731,115036255,4746497,1801,93645,"",0.64,1.70,1.42,2.55,3.86,0.84,0.84,"",47,7.5,13,0.4,22122693,7.0,5746744,5.3,-63960,-1.3,112,6.6,5827,6.6
"32000","3","23","54","0","2025","A","",4,25,1377303,561037,8352,1063,55276,"",0.11,0.02,0.02,0.09,0.15,0.90,0.90,"",0,0.0,-2,-7.4,-32648,-2.3,9196,1.7,823,10.9,62,6.2,3216,6.2
"32000","5","23","54","0","2025","A","",6917,111894,9496763784,5198636723,134777959,1632,84873,"",0.82,1.35,1.52,1.29,1.10,1.13,1.13,"",324,4.9,2257,2.1,809208382,9.3,319890972,6.6,19345434,16.8,108,7.1,5634,7.1
"32001","5","23","74","0","2025","A","",62,938,78977873,45829697,1346957,1618,84161,"",1.22,1.96,2.37,2.39,2.24,1.21,1.21,"",3,5.1,255,37.3,27499773,53.4,14341950,45.5,517534,62.4,169,11.7,8827,11.7
"32003","3","23","74","0","2025","A","",1,7,447445,285098,4134,1275,66288,"",0.04,0.01,0.01,0.06,0.10,1.12,1.12,"",-1,-50.0,-1,-12.5,30807,7.4,29682,11.6,406,10.9,241,23.3,12528,23.3
"32003","5","23","74","0","2025","A","",4200,78519,6634566344,3590451710,91612310,1625,84496,"",0.78,1.30,1.51,1.22,1.03,1.16,1.16,"",200,5.0,655,0.8,447463931,7.2,141767243,4.1,11289708,14.1,97,6.3,5036,6.3
"32005","5","23","74","0","2025","A","N",254,0,0,0,0,0,0,"N",1.52,0,0,0,0,0,0,"N",3,1.2,0,0,0,0,0,0,0,0,0,0,0,0
"32007","5","23","74","0","2025","A","N",135,0,0,0,0,0,0,"N",1.19,0,0,0,0,0,0,"N",8,6.3,0,0,0,0,0,0,0,0,0,0,0,0
"32009","5","23","74","0","2025","A","N",3,0,0,0,0,0,0,"N",1.43,0,0,0,0,0,0,"N",1,50.0,0,0,0,0,0,0,0,0,0,0,0,0
"32013","5","23","74","0","2025","A","",39,325,28944216,19119171,448565,1715,89173,"",1.01,0.77,0.84,0.96,0.85,1.09,1.09,"",5,14.7,99,43.8,13262322,84.6,9288954,94.5,280078,166.2,382,28.7,19835,28.6
"32015","5","23","74","0","2025","A","",9,26,2407204,1608691,34574,1786,92882,"",0.91,0.13,0.11,0.15,0.16,0.83,0.83,"",0,0.0,7,36.8,1259741,109.8,647888,67.4,7025,25.5,650,57.2,33785,57.2
"32017","5","23","74","0","2025","A","",10,64,4400499,2842208,56436,1326,68937,"",1.02,0.88,1.07,1.56,1.17,1.22,1.22,"",0,0.0,4,6.7,271490,6.6,326303,13.0,5234,10.2,-5,-0.4,-264,-0.4
"32019","5","23","74","0","2025","A","",152,1133,82146479,52930371,1269436,1395,72525,"",1.69,1.56,1.76,1.60,1.24,1.13,1.13,"",10,7.0,-63,-5.3,-711988,-0.9,1667739,3.3,58362,4.8,63,4.7,3265,4.7
"32021","3","23","74","0","2025","A","",1,9,532542,0,0,1117,58095,"",33.37,11.72,13.89,0.00,0.00,1.16,1.16,"",0,0.0,-1,-10.0,-42917,-7.5,0,0.0,0,0.0,19,1.7,1025,1.8
"32021","5","23","74","0","2025","A","",4,32,1988805,1325960,38264,1195,62150,"",0.60,0.56,0.57,0.93,0.85,1.02,1.02,"",0,0.0,-1,-3.0,275469,16.1,204617,18.2,17832,87.3,207,21.0,10750,20.9
"32023","5","23","74","0","2025","A","",102,743,43744190,31747267,712156,1132,58868,"",1.31,1.03,0.77,0.93,0.76,0.75,0.75,"",2,2.0,-10,-1.3,4146207,10.5,2713058,9.3,104577,17.2,121,12.0,6298,12.0
"32027","5","23","74","0","2025","A","N",2,0,0,0,0,0,0,"N",0.24,0,0,0,0,0,0,"N",-2,-50.0,0,0,0,0,0,0,0,0,0,0,0,0
"32029","5","23","74","0","2025","A","",50,1259,153061197,76325748,2545176,2338,121590,"",2.31,1.11,1.38,0.93,0.92,1.25,1.25,"",10,25.0,483,62.2,70698348,85.8,35973218,89.1,1295078,103.6,297,14.6,15441,14.5
"32031","3","23","74","0","2025","A","",1,2,158133,101734,1170,1587,82504,"",0.16,0.01,0.01,0.11,0.14,1.28,1.28,"",0,0.0,0,0.0,26992,20.6,18907,22.8,466,66.2,326,25.9,16934,25.8
"32031","5","23","74","0","2025","A","",1607,22185,1863157297,1044074767,27959511,1615,83981,"",1.16,1.73,1.84,1.71,1.53,1.06,1.06,"",85,5.6,363,1.7,149538497,8.7,73154264,7.5,4077457,17.1,105,7.0,5452,6.9
"32033","3","23","74","0","2025","A","",1,7,239183,174205,3048,649,33767,"",10.91,2.22,1.07,11.22,25.44,0.48,0.48,"",0,0.0,0,0.0,-47530,-16.6,-39393,-18.4,-49,-1.6,-112,-14.7,-5780,-14.6
"32033","5","23","74","0","2025","A","N",23,0,0,0,0,0,0,"N",1.13,0,0,0,0,0,0,"N",1,4.5,0,0,0,0,0,0,0,0,0,0,0,0
"32510","5","23","74","0","2025","A","N",195,0,0,0,0,0,0,"N",1.17,0,0,0,0,0,0,"N",2,1.0,0,0,0,0,0,0,0,0,0,0,0,0
"32999","5","23","74","0","2025","A","",70,881,94574026,46018887,1018058,2064,107348,"",0.09,0.64,0.63,0.52,0.31,0.98,0.98,"",-4,-5.4,-109,-11.0,-17905291,-15.9,-9979252,-17.8,-485806,-32.3,-121,-5.5,-6267,-5.5
"33000","2","23","54","0","2025","A","N",173,0,0,0,0,0,0,"N",17.01,0,0,0,0,0,0,"N",0,0.0,0,0,0,0,0,0,0,0,0,0,0,0
"33000","5","23","54","0","2025","A","",5500,32288,2801092348,579810735,6209726,1668,86755,"",1.06,0.89,0.88,0.85,0.99,1.00,1.00,"",-52,-0.9,39,0.1,66132967,2.4,2758491,0.5,-336666,-5.1,37,2.3,1947,2.3
"33001","2","23","74","0","2025","A","",16,56,3764307,0,0,1300,67622,"",47.62,4.60,5.88,0.00,0.00,1.29,1.29,"",0,0.0,1,1.8,117147,3.2,0,0.0,0,0.0,29,2.3,1510,2.3
"33001","5","23","74","0","2025","A","N",299,0,0,0,0,0,0,"N",1.74,0,0,0,0,0,0,"N",1,0.3,0,0,0,0,0,0,0,0,0,0,0,0
"33003","2","23","74","0","2025","A","N",8,0,0,0,0,0,0,"N",25.01,0,0,0,0,0,0,"N",0,0.0,0,0,0,0,0,0,0,0,0,0,0,0
"33003","5","23","74","0","2025","A","N",294,0,0,0,0,0,0,"N",1.80,0,0,0,0,0,0,"N",6,2.1,0,0,0,0,0,0,0,0,0,0,0,0
"33005","2","23","74","0","2025","A","N",16,0,0,0,0,0,0,"N",47.02,0,0,0,0,0,0,"N",0,0.0,0,0,0,0,0,0,0,0,0,0,0,0
"33005","5","23","74","0","2025","A","N",322,0,0,0,0,0,0,"N",1.86,0,0,0,0,0,0,"N",-1,-0.3,0,0,0,0,0,0,0,0,0,0,0,0
"33007","2","23","74","0","2025","A","N",20,0,0,0,0,0,0,"N",126.24,0,0,0,0,0,0,"N",0,0.0,0,0,0,0,0,0,0,0,0,0,0,0
"33007","5","23","74","0","2025","A","N",94,0,0,0,0,0,0,"N",1.16,0,0,0,0,0,0,"N",2,2.2,0,0,0,0,0,0,0,0,0,0,0,0
"33009","2","23","74","0","2025","A","",26,94,7020562,0,0,1440,74886,"",50.87,3.66,3.84,0.00,0.00,1.05,1.05,"",0,0.0,-6,-6.0,-21396,-0.3,0,0.0,0,0.0,81,6.0,4231,6.0
"33009","5","23","74","0","2025","A","",327,1665,117529549,28678180,248991,1357,70574,"",1.25,0.58,0.48,0.73,0.89,0.84,0.84,"",-7,-2.1,4,0.2,3272431,2.9,-857947,-2.9,-20068,-7.5,34,2.6,1782,2.6
"33011","2","23","74","0","2025","A","N",17,0,0,0,0,0,0,"N",8.90,0,0,0,0,0,0,"N",0,0.0,0,0,0,0,0,0,0,0,0,0,0,0
"33011","5","23","74","0","2025","A","",1392,8991,816111696,159113082,1217014,1746,90769,"",1.43,0.85,0.86,0.79,0.76,1.01,1.01,"",-32,-2.2,-131,-1.4,18580178,2.3,-3258756,-2.0,-220094,-15.3,65,3.9,3338,3.8
"33013","2","23","74","0","2025","A","",33,241,19033428,0,0,1518,78922,"",39.81,6.70,8.14,0.00,0.00,1.21,1.21,"",0,0.0,-3,-1.2,631468,3.4,0,0.0,0,0.0,69,4.8,3556,4.7
"33013","5","23","74","0","2025","A","",555,3942,340901815,71044629,1034093,1663,86483,"",1.31,0.97,1.10,1.10,1.89,1.13,1.13,"",-23,-4.0,15,0.4,15629099,4.8,1848131,2.7,-80193,-7.2,70,4.4,3653,4.4
"33015","2","23","74","0","2025","A","",17,74,5213556,0,0,1363,70852,"",9.48,1.00,1.01,0.00,0.00,1.02,1.02,"",0,0.0,7,10.4,437618,9.2,0,0.0,0,0.0,-15,-1.1,-787,-1.1
"33015","5","23","74","0","2025","A","",1250,8601,766233333,150847582,1689140,1713,89085,"",1.37,1.03,1.12,0.88,1.18,1.09,1.09,"",14,1.1,104,1.2,16733951,2.2,3467573,2.4,-8063,-0.5,17,1.0,875,1.0
"33017","2","23","74","0","2025","A","N",15,0,0,0,0,0,0,"N",31.16,0,0,0,0,0,0,"N",0,0.0,0,0,0,0,0,0,0,0,0,0,0,0
"33017","5","23","74","0","2025","A","",339,1759,137213851,32009157,292587,1500,77999,"",1.38,0.71,0.76,0.76,0.92,1.07,1.07,"",-8,-2.3,77,4.6,10722182,8.5,1052969,3.4,-21273,-6.8,54,3.7,2792,3.7
"33019","2","23","74","0","2025","A","N",5,0,0,0,0,0,0,"N",27.54,0,0,0,0,0,0,"N",0,0.0,0,0,0,0,0,0,0,0,0,0,0,0
"33019","5","23","74","0","2025","A","N",152,0,0,0,0,0,0,"N",1.64,0,0,0,0,0,0,"N",4,2.7,0,0,0,0,0,0,0,0,0,0,0,0
"33999","5","23","74","0","2025","A","",476,1405,162198904,30358177,398967,2220,115417,"",0.28,0.51,0.34,0.43,0.33,0.67,0.67,"",-8,-1.7,-20,-1.4,-423939,-0.3,463891,1.6,82560,26.1,26,1.2,1309,1.1
"34000","2","23","54","0","2025","A","",55,2364,194489617,7571477,45428,1582,82266,"",1.09,1.17,1.22,0.35,0.71,1.04,1.04,"",-10,-15.4,31,1.3,9835989,5.3,1100456,17.0,6604,17.0,60,3.9,3126,3.9
"34000","3","23","54","0","2025","A","",12,437,29400860,8338157,50029,1294,67279,"",0.10,0.14,0.13,0.51,0.34,0.89,0.89,"",0,0.0,9,2.1,1449220,5.2,143841,1.8,865,1.8,37,2.9,1908,2.9
"34000","5","23","54","0","2025","A","",21888,164329,15313470218,7620068195,256479916,1792,93188,"",0.85,0.72,0.73,0.73,0.79,1.00,1.00,"",-330,-1.5,313,0.2,599920405,4.1,243872854,3.3,-17250306,-6.3,67,3.9,3480,3.9
"34001","2","23","74","0","2025","A","",7,186,16827069,7571477,45428,1737,90347,"",6.18,3.16,5.08,13.64,27.12,1.60,1.61,"",0,0.0,1,0.5,2769311,19.7,1100456,17.0,6604,17.0,274,18.7,14256,18.7
"34001","3","23","74","0","2025","A","",1,126,7554408,0,0,1153,59956,"",0.38,1.41,1.57,0.00,0.00,1.11,1.11,"",0,0.0,4,3.3,329122,4.6,0,0.0,0,0.0,17,1.5,894,1.5
"34001","5","23","74","0","2025","A","",692,5769,468796792,258742736,11015494,1563,81260,"",1.20,0.87,1.07,0.96,1.31,1.23,1.23,"",5,0.7,315,5.8,27340071,6.2,16409324,6.8,-311820,-2.8,6,0.4,318,0.4
"34003","2","23","74","0","2025","A","",4,76,7177455,0,0,1816,94440,"",0.72,0.37,0.46,0.00,0.00,1.24,1.24,"",0,0.0,1,1.3,187724,2.7,0,0.0,0,0.0,28,1.6,1450,1.6
"34003","3","23","74","0","2025","A","",1,14,1071645,396434,2379,1490,77468,"",0.08,0.05,0.05,0.23,0.16,1.06,1.05,"",0,0.0,2,16.7,91361,9.3,69185,21.1,416,21.2,-149,-9.1,-7774,-9.1
"34003","5","23","74","0","2025","A","",2440,15632,1433372661,719437298,23669666,1763,91692,"",0.86,0.68,0.69,0.66,0.73,1.02,1.02,"",-75,-3.0,-157,-1.0,47100096,3.4,10318891,1.5,-1901095,-7.4,75,4.4,3893,4.4
"34005","2","23","74","0","2025","A","",4,48,4400488,0,0,1782,92642,"",2.07,0.48,0.65,0.00,0.00,1.38,1.38,"",-1,-20.0,0,0.0,57482,1.3,0,0.0,0,0.0,42,2.4,2163,2.4
"34005","3","23","74","0","2025","A","",6,147,10209066,5961879,35771,1336,69449,"",1.35,0.96,1.04,7.33,5.15,1.08,1.08,"",0,0.0,2,1.4,592890,6.2,6056,0.1,38,0.1,63,4.9,3245,4.9
"34005","5","23","74","0","2025","A","",914,7425,698898396,340581481,11511265,1810,94128,"",0.93,0.65,0.78,0.66,0.76,1.19,1.19,"",-32,-3.4,-14,-0.2,36436292,5.5,12505211,3.8,-492714,-4.1,97,5.7,5074,5.7
"34007","2","23","74","0","2025","A","",1,22,2008380,0,0,1789,93052,"",0.46,0.23,0.32,0.00,0.00,1.43,1.43,"",-1,-50.0,-4,-15.4,-442298,-18.0,0,0.0,0,0.0,-59,-3.2,-3053,-3.2
"34007","5","23","74","0","2025","A","",938,8260,750023136,390373330,14258242,1746,90796,"",0.84,0.75,0.90,0.87,1.05,1.19,1.19,"",-32,-3.3,163,2.0,46482168,6.6,20443906,5.5,-359347,-2.5,75,4.5,3907,4.5
"34009","2","23","74","0","2025","A","",2,25,2330331,0,0,1793,93213,"",3.21,1.23,2.49,0.00,0.00,2.03,2.03,"",0,0.0,0,0.0,74683,3.3,0,0.0,0,0.0,28,1.6,1458,1.6
"34009","5","23","74","0","2025","A","",447,2510,164161869,103983077,2688723,1258,65412,"",1.41,1.09,1.32,1.14,0.64,1.21,1.21,"",1,0.2,2,0.1,6309160,4.0,4047010,4.0,-274797,-9.3,47,3.9,2460,3.9
"34011","2","23","74","0","2025","A","",1,1,91695,0,0,1763,91695,"",1.72,0.04,0.06,0.00,0.00,1.70,1.70,"",0,0.0,0,0.0,4415,5.1,0,0.0,0,0.0,85,5.1,4415,5.1
"34011","3","23","74","0","2025","A","",2,105,6427098,1979844,11879,1176,61162,"",1.50,2.45,2.88,9.61,5.60,1.18,1.18,"",0,0.0,4,4.0,230271,3.7,68600,3.6,411,3.6,1,0.1,59,0.1
"34011","5","23","74","0","2025","A","",278,3246,287752106,151257365,5963432,1705,88655,"",0.94,1.02,1.42,1.15,1.29,1.39,1.39,"",5,1.8,186,6.1,12108484,4.4,13745663,10.0,43496,0.7,-27,-1.6,-1434,-1.6
"34013","2","23","74","0","2025","A","",2,9,854147,0,0,1744,90706,"",0.55,0.05,0.06,0.00,0.00,1.09,1.09,"",0,0.0,-2,-18.2,-51438,-5.7,0,0.0,0,0.0,149,9.3,7752,9.3
"34013","5","23","74","0","2025","A","N",1474,0,0,0,0,0,0,"N",0.79,0,0,0,0,0,0,"N",-34,-2.3,0,0,0,0,0,0,0,0,0,0,0,0
"34015","2","23","74","0","2025","A","",3,29,2702664,0,0,1772,92136,"",2.61,0.48,0.82,0.00,0.00,1.67,1.67,"",-1,-25.0,-1,-3.3,22006,0.8,0,0.0,0,0.0,58,3.4,3028,3.4
"34015","5","23","74","0","2025","A","",682,6393,578724620,306156311,11022702,1741,90531,"",1.16,0.94,1.32,1.08,1.19,1.40,1.40,"",-4,-0.6,140,2.2,38398668,7.1,21953355,7.7,-169979,-1.5,79,4.8,4120,4.8
"34017","2","23","74","0","2025","A","",4,429,31908288,0,0,1430,74335,"",1.33,3.35,2.75,0.00,0.00,0.82,0.82,"",0,0.0,387,921.4,28315285,788.1,0,0.0,0,0.0,-225,-13.6,-11725,-13.6
"34017","5","23","74","0","2025","A","N",732,0,0,0,0,0,0,"N",0.48,0,0,0,0,0,0,"N",6,0.8,0,0,0,0,0,0,0,0,0,0,0,0
"34019","5","23","74","0","2025","A","",431,3558,346902554,168945843,6167231,1875,97486,"",1.37,1.42,1.68,1.49,1.85,1.19,1.19,"",-7,-1.6,29,0.8,10614562,3.2,6226699,3.8,-488635,-7.3,42,2.3,2184,2.3
"34021","2","23","74","0","2025","A","",5,1164,91843193,0,0,1517,78897,"",2.78,9.48,8.65,0.00,0.00,0.91,0.91,"",0,0.0,-298,-20.4,-16991962,-15.6,0,0.0,0,0.0,85,5.9,4450,6.0
"34021","5","23","74","0","2025","A","",634,5716,581269719,269816536,9613634,1956,101689,"",0.69,0.41,0.41,0.56,0.69,1.00,1.00,"",-16,-2.5,33,0.6,30023634,5.4,11311001,4.4,-820313,-7.9,91,4.9,4694,4.8
"34023","2","23","74","0","2025","A","",2,27,2483997,0,0,1769,92000,"",0.51,0.13,0.16,0.00,0.00,1.17,1.17,"",-3,-60.0,-6,-18.2,-457736,-15.6,0,0.0,0,0.0,37,2.1,1947,2.2
"34023","5","23","74","0","2025","A","",1432,15160,1557154420,725033717,25875822,1975,102715,"",0.71,0.66,0.74,0.67,0.81,1.11,1.11,"",-16,-1.1,-42,-0.3,76637207,5.2,26909151,3.9,-1596765,-5.8,102,5.4,5324,5.5
"34025","2","23","74","0","2025","A","",4,84,8496970,0,0,1938,100755,"",1.19,0.64,0.95,0.00,0.00,1.48,1.48,"",-1,-20.0,-13,-13.4,-935194,-9.9,0,0.0,0,0.0,66,3.5,3433,3.5
"34025","5","23","74","0","2025","A","",1862,16578,1562963662,756614425,22913464,1813,94278,"",1.08,1.12,1.32,1.20,1.18,1.18,1.18,"",-50,-2.6,243,1.5,91970789,6.3,31846963,4.4,-1386725,-5.7,81,4.7,4225,4.7
"34027","2","23","74","0","2025","A","",2,47,5108185,0,0,2079,108110,"",0.73,0.33,0.38,0.00,0.00,1.13,1.13,"",0,0.0,-9,-16.1,-534075,-9.5,0,0.0,0,0.0,141,7.3,7355,7.3
"34027","5","23","74","0","2025","A","",1460,11804,1147649033,542110329,18291401,1870,97223,"",1.04,0.74,0.64,0.69,0.77,0.87,0.87,"",-19,-1.3,-375,-3.1,-16596357,-1.4,-4023596,-0.7,-2176145,-10.6,32,1.7,1631,1.7
"34029","2","23","74","0","2025","A","",2,66,5314361,0,0,1547,80419,"",0.81,0.73,1.09,0.00,0.00,1.49,1.49,"",-2,-50.0,-5,-7.0,-409308,-7.2,0,0.0,0,0.0,-11,-0.7,-576,-0.7
"34029","3","23","74","0","2025","A","",1,25,2865762,0,0,2242,116573,"",0.18,0.18,0.40,0.00,0.00,2.25,2.25,"",0,0.0,0,0.0,113038,4.1,0,0.0,0,0.0,132,6.3,6830,6.2
"34029","5","23","74","0","2025","A","",1785,10829,809089645,459795245,12230169,1437,74715,"",1.41,1.06,1.25,1.11,0.93,1.18,1.18,"",-25,-1.4,-230,-2.1,9193933,1.1,2463664,0.5,-1349304,-9.9,46,3.3,2386,3.3
"34031","2","23","74","0","2025","A","",2,47,4317713,0,0,1779,92522,"",0.84,0.57,0.89,0.00,0.00,1.56,1.56,"",0,0.0,1,2.2,116251,2.8,0,0.0,0,0.0,29,1.7,1516,1.7
"34031","5","23","74","0","2025","A","",1191,7778,678232709,351710865,10951693,1677,87204,"",0.98,0.84,1.05,0.89,0.91,1.25,1.25,"",-5,-0.4,-73,-0.9,9385663,1.4,3364005,1.0,-1066430,-8.9,39,2.4,2009,2.4
"34033","2","23","74","0","2025","A","",2,10,932543,0,0,1708,88814,"",8.64,0.96,1.41,0.00,0.00,1.39,1.40,"",0,0.0,-2,-16.7,-116301,-11.1,0,0.0,0,0.0,94,5.8,4906,5.8
"34033","3","23","74","0","2025","A","",1,20,1272881,0,0,1194,62092,"",1.88,1.27,1.32,0.00,0.00,1.01,1.01,"",0,0.0,-2,-9.1,92538,7.8,0,0.0,0,0.0,162,15.7,8440,15.7
"34033","5","23","74","0","2025","A","N",114,0,0,0,0,0,0,"N",0.97,0,0,0,0,0,0,"N",0,0.0,0,0,0,0,0,0,0,0,0,0,0,0
"34035","2","23","74","0","2025","A","",1,1,97341,0,0,1872,97341,"",0.59,0.01,0.01,0.00,0.00,0.94,0.94,"",0,0.0,-11,-91.7,-926864,-90.5,0,0.0,0,0.0,231,14.1,11991,14.0
"34035","5","23","74","0","2025","A","",814,7970,787615477,372726921,12184804,1900,98825,"",0.94,0.78,0.63,0.69,0.79,0.81,0.81,"",3,0.4,439,5.8,67786971,9.4,30573696,8.9,-154790,-1.3,62,3.4,3239,3.4
"34037","2","23","74","0","2025","A","",2,3,238407,0,0,1618,84144,"",3.60,0.16,0.24,0.00,0.00,1.52,1.52,"",0,0.0,-2,-40.0,-161482,-40.4,0,0.0,0,0.0,-1,-0.1,-43,-0.1
"34037","5","23","74","0","2025","A","N",425,0,0,0,0,0,0,"N",1.50,0,0,0,0,0,0,"N",5,1.2,0,0,0,0,0,0,0,0,0,0,0,0
"34039","2","23","74","0","2025","A","",2,84,6812238,0,0,1567,81502,"",0.78,0.77,0.80,0.00,0.00,1.04,1.04,"",-1,-33.3,-3,-3.4,-295265,-4.2,0,0.0,0,0.0,-4,-0.3,-193,-0.2
"34039","5","23","74","0","2025","A","",1325,9274,858330686,429474674,14256827,1780,92549,"",1.02,0.76,0.76,0.76,0.86,1.00,1.00,"",-15,-1.1,-415,-4.3,-1624369,-0.2,-10245095,-2.3,-1868203,-11.6,73,4.3,3790,4.3
"34041","2","23","74","0","2025","A","",3,6,544152,0,0,1903,98937,"",6.81,0.38,0.57,0.00,0.00,1.64,1.64,"",0,0.0,-4,-40.0,-317512,-36.8,0,0.0,0,0.0,232,13.9,12047,13.9
"34041","5","23","74","0","2025","A","N",256,0,0,0,0,0,0,"N",1.14,0,0,0,0,0,0,"N",-12,-4.5,0,0,0,0,0,0,0,0,0,0,0,0
"34999","5","23","74","0","2025","A","",1563,6527,755954292,350025194,12828184,2227,115812,"",0.39,0.52,0.38,0.39,0.36,0.73,0.73,"N",-10,-0.6,0,0,0,0,0,0,0,0,0,0,0,0
"35000","2","23","54","0","2025","A","",156,1684,120469178,0,0,1376,71530,"",14.94,4.10,5.07,0.00,0.00,1.24,1.24,"",0,0.0,23,1.4,6366718,5.6,0,0.0,0,0.0,55,4.2,2845,4.1
"35000","3","23","54","0","2025","A","",91,2238,131065760,19817523,269006,1126,58551,"",3.80,3.60,3.79,7.70,23.81,1.05,1.05,"",-2,-2.2,181,8.8,14347068,12.3,5841793,41.8,46812,21.1,35,3.2,1800,3.2
"35000","5","23","54","0","2025","A","",5538,55365,3934914563,2137937797,34290245,1367,71072,"",1.04,1.20,1.25,1.30,1.40,1.05,1.04,"",5,0.1,1471,2.7,252076833,6.8,179477338,9.2,5741429,20.1,53,4.0,2737,4.0
"35001","2","23","74","0","2025","A","",18,205,15814603,0,0,1484,77176,"",5.11,1.26,1.61,0.00,0.00,1.28,1.28,"",0,0.0,9,4.6,1406907,9.8,0,0.0,0,0.0,67,4.7,3479,4.7
"35001","3","23","74","0","2025","A","",3,367,25540942,0,0,1337,69515,"",0.37,1.48,1.78,0.00,0.00,1.20,1.20,"",0,0.0,6,1.7,1637510,6.9,0,0.0,0,0.0,62,4.9,3224,4.9
"35001","5","23","74","0","2025","A","",1779,22297,1604403967,834700925,12590642,1384,71955,"",0.99,1.21,1.23,1.27,1.32,1.02,1.01,"",37,2.1,-12,-0.1,37307151,2.4,39429101,5.0,2122571,20.3,33,2.4,1709,2.4
"35003","2","23","74","0","2025","A","",3,14,812791,0,0,1137,59112,"",138.96,43.22,59.12,0.00,0.00,1.39,1.39,"",0,0.0,0,0.0,-14949,-1.8,0,0.0,0,0.0,7,0.6,338,0.6
"35003","3","23","74","0","2025","A","",1,15,679069,0,0,885,46039,"",20.21,30.59,33.94,0.00,0.00,1.13,1.13,"",0,0.0,2,15.4,80949,13.5,0,0.0,0,0.0,28,3.3,1459,3.3
"35003","5","23","74","0","2025","A","",11,49,4290392,2395860,13696,1692,88008,"",1.00,1.34,2.35,3.35,1.66,1.76,1.76,"",-3,-21.4,-1,-2.0,2020798,89.0,530584,28.4,-3476,-20.2,822,94.5,42767,94.5
"35005","2","23","74","0","2025","A","",8,146,11196126,0,0,1471,76511,"",28.74,14.23,24.23,0.00,0.00,1.70,1.70,"",0,0.0,3,2.1,886861,8.6,0,0.0,0,0.0,86,6.2,4502,6.3
"35005","3","23","74","0","2025","A","",4,70,3649014,25159,84,1002,52129,"",6.27,4.51,5.43,0.42,0.43,1.20,1.20,"",0,0.0,3,4.5,356562,10.8,11181,80.0,39,86.7,52,5.5,2742,5.6
"35005","5","23","74","0","2025","A","",119,698,38662013,22404243,179880,1065,55403,"",0.84,0.60,0.63,0.59,0.42,1.05,1.05,"",-4,-3.3,-7,-1.0,542659,1.4,437993,2.0,-11170,-5.8,25,2.4,1301,2.4
"35006","2","23","74","0","2025","A","",17,150,10412857,0,0,1334,69381,"",234.41,44.03,66.33,0.00,0.00,1.50,1.51,"",0,0.0,-2,-1.3,318248,3.2,0,0.0,0,0.0,55,4.3,2860,4.3
"35006","3","23","74","0","2025","A","",5,36,1524393,0,0,822,42740,"",30.08,6.98,6.67,0.00,0.00,0.96,0.96,"",0,0.0,3,9.1,-77752,-4.9,0,0.0,0,0.0,-102,-11.0,-5324,-11.1
"35006","5","23","74","0","2025","A","N",26,0,0,0,0,0,0,"N",0.70,0,0,0,0,0,0,"N",3,13.0,0,0,0,0,0,0,0,0,0,0,0,0
"35007","2","23","74","0","2025","A","",4,39,2381386,0,0,1179,61323,"",48.10,19.70,29.29,0.00,0.00,1.49,1.49,"",0,0.0,4,11.4,282263,13.4,0,0.0,0,0.0,20,1.7,1061,1.8
"35007","3","23","74","0","2025","A","",6,23,917821,313349,1032,756,39335,"",31.48,7.68,7.76,33.45,23.60,0.99,1.00,"",0,0.0,-5,-17.9,-141136,-13.3,-48533,-13.4,-163,-13.6,37,5.1,1960,5.2
"35007","5","23","74","0","2025","A","N",43,0,0,0,0,0,0,"N",1.01,0,0,0,0,0,0,"N",-1,-2.3,0,0,0,0,0,0,0,0,0,0,0,0
"35009","2","23","74","0","2025","A","",1,15,877371,0,0,1144,59483,"",4.86,1.75,2.30,0.00,0.00,1.33,1.33,"",0,0.0,0,0.0,92995,11.9,0,0.0,0,0.0,121,11.8,6305,11.9
"35009","3","23","74","0","2025","A","",2,43,2008296,0,0,896,46614,"",4.24,3.32,3.61,0.00,0.00,1.09,1.09,"",0,0.0,1,2.4,133675,7.1,0,0.0,0,0.0,27,3.1,1442,3.2
"35009","5","23","74","0","2025","A","",123,1084,59005620,36220744,363212,1047,54425,"",1.17,1.12,1.17,1.18,1.10,1.04,1.04,"",3,2.5,24,2.3,5304626,9.9,2615760,7.8,91144,33.5,72,7.4,3740,7.4
"35011","2","23","74","0","2025","A","",1,7,463225,0,0,1215,63167,"",80.21,33.01,52.44,0.00,0.00,1.52,1.52,"",0,0.0,0,0.0,21164,4.8,0,0.0,0,0.0,15,1.2,758,1.2
"35011","3","23","74","0","2025","A","",2,11,403368,0,0,684,35591,"",70.00,34.27,31.38,0.00,0.00,0.89,0.89,"",0,0.0,-1,-8.3,19267,5.0,0,0.0,0,0.0,51,8.1,2668,8.1
"35011","5","23","74","0","2025","A","N",6,0,0,0,0,0,0,"N",0.94,0,0,0,0,0,0,"N",0,0.0,0,0,0,0,0,0,0,0,0,0,0,0
"35013","2","23","74","0","2025","A","",6,102,7675181,0,0,1449,75370,"",6.63,2.65,4.17,0.00,0.00,1.57,1.57,"",0,0.0,1,1.0,416220,5.7,0,0.0,0,0.0,68,4.9,3558,5.0
"35013","3","23","74","0","2025","A","",3,196,11621554,0,0,1141,59344,"",1.45,3.37,4.34,0.00,0.00,1.29,1.29,"",0,0.0,18,10.1,2014298,21.0,0,0.0,0,0.0,103,9.9,5371,10.0
"35013","5","23","74","0","2025","A","",533,5309,338927044,203454010,5750982,1228,63845,"",1.15,1.23,1.39,1.45,2.18,1.13,1.13,"",-1,-0.2,946,21.7,97341735,40.3,58825916,40.7,2450345,74.2,163,15.3,8469,15.3
"35015","2","23","74","0","2025","A","",2,22,1749985,0,0,1530,79545,"",6.49,1.36,1.49,0.00,0.00,1.09,1.09,"",0,0.0,-1,-4.3,-46383,-2.6,0,0.0,0,0.0,55,3.7,2832,3.7
"35015","3","23","74","0","2025","A","",4,98,6461054,0,0,1262,65650,"",5.66,4.00,3.77,0.00,0.00,0.94,0.94,"",0,0.0,4,4.3,474565,7.9,0,0.0,0,0.0,44,3.6,2301,3.6
"35015","5","23","74","0","2025","A","",195,3499,273117215,150862575,1655279,1501,78054,"",1.24,1.92,1.75,1.76,1.31,0.91,0.91,"",6,3.2,97,2.9,-6370929,-2.3,10547263,7.5,-27177,-1.6,-79,-5.0,-4112,-5.0
"35017","2","23","74","0","2025","A","",2,16,925438,0,0,1142,59386,"",17.08,3.64,4.01,0.00,0.00,1.13,1.13,"",0,0.0,0,0.0,40722,4.6,0,0.0,0,0.0,44,4.0,2308,4.0
"35017","3","23","74","0","2025","A","",3,25,1281231,0,0,973,50575,"",11.18,3.76,3.82,0.00,0.00,1.00,1.00,"",0,0.0,0,0.0,32986,2.6,0,0.0,0,0.0,25,2.6,1302,2.6
"35017","5","23","74","0","2025","A","",64,412,21762826,13693813,150970,1015,52758,"",1.07,0.83,0.71,0.85,0.79,0.85,0.85,"",3,4.9,2,0.5,687121,3.3,677772,5.2,-41134,-21.4,28,2.8,1416,2.8
"35019","2","23","74","0","2025","A","",3,30,2047580,0,0,1309,68064,"",110.85,42.80,73.32,0.00,0.00,1.71,1.71,"",0,0.0,-1,-3.2,32017,1.6,0,0.0,0,0.0,72,5.8,3738,5.8
"35019","3","23","74","0","2025","A","",2,12,600337,118978,428,924,48027,"",32.25,11.31,14.77,35.48,37.40,1.25,1.25,"",0,0.0,-2,-14.3,-210998,-26.0,-97943,-45.2,-657,-60.6,-218,-19.1,-11339,-19.1
"35019","5","23","74","0","2025","A","",12,47,1986211,1604946,13933,817,42486,"",0.87,0.60,0.54,0.75,0.56,0.91,0.91,"",0,0.0,16,51.6,820254,70.4,611719,61.6,1180,9.3,92,12.7,4773,12.7
"35021","2","23","74","0","2025","A","",1,7,413904,0,0,1124,58434,"",205.54,88.63,114.55,0.00,0.00,1.28,1.28,"",0,0.0,-1,-12.5,-34700,-7.7,0,0.0,0,0.0,11,1.0,550,1.0
"35021","5","23","74","0","2025","A","N",3,0,0,0,0,0,0,"N",1.21,0,0,0,0,0,0,"N",0,0.0,0,0,0,0,0,0,0,0,0,0,0,0
"35023","2","23","74","0","2025","A","",2,28,1537629,0,0,1069,55577,"",80.21,46.75,48.10,0.00,0.00,1.04,1.04,"",0,0.0,5,21.7,234851,18.0,0,0.0,0,0.0,-5,-0.5,-256,-0.5
"35023","3","23","74","0","2025","A","",3,21,908363,0,0,835,43428,"",52.50,23.16,19.52,0.00,0.00,0.85,0.85,"",0,0.0,0,0.0,52346,6.1,0,0.0,0,0.0,38,4.8,2008,4.8
"35023","5","23","74","0","2025","A","N",6,0,0,0,0,0,0,"N",0.47,0,0,0,0,0,0,"N",1,20.0,0,0,0,0,0,0,0,0,0,0,0,0
"35025","2","23","74","0","2025","A","",4,28,2157618,0,0,1504,78222,"",11.91,1.75,2.05,0.00,0.00,1.19,1.19,"",0,0.0,1,3.7,123132,6.1,0,0.0,0,0.0,55,3.8,2871,3.8
"35025","3","23","74","0","2025","A","",5,64,4478380,0,0,1354,70433,"",6.50,2.64,2.93,0.00,0.00,1.11,1.11,"",0,0.0,5,8.5,459068,11.4,0,0.0,0,0.0,49,3.8,2597,3.8
"35025","5","23","74","0","2025","A","",184,3039,239829996,125307254,1154289,1518,78926,"",1.07,1.69,1.72,1.58,1.18,1.02,1.02,"",1,0.5,45,1.5,12996466,5.7,8868368,7.6,186942,19.3,61,4.2,3151,4.2
"35027","2","23","74","0","2025","A","",4,31,2104781,0,0,1320,68634,"",29.43,9.85,15.90,0.00,0.00,1.63,1.63,"",0,0.0,-2,-6.1,-59773,-2.8,0,0.0,0,0.0,55,4.3,2875,4.4
"35027","3","23","74","0","2025","A","",3,42,2569943,0,0,1184,61556,"",9.63,8.82,13.34,0.00,0.00,1.52,1.52,"",0,0.0,2,5.0,129183,5.3,0,0.0,0,0.0,1,0.1,24,0.0
"35027","5","23","74","0","2025","A","",106,382,17736423,12822606,93059,894,46491,"",1.53,1.08,1.01,1.19,0.70,0.94,0.94,"",2,1.9,24,6.7,2793476,18.7,1305189,11.3,22117,31.2,92,11.5,4770,11.4
"35028","5","23","74","0","2025","A","",34,208,22301964,8543483,289933,2064,107307,"",0.72,0.17,0.15,0.15,0.66,0.84,0.84,"",2,6.2,7,3.5,-518803,-2.3,491740,6.1,83648,40.5,-117,-5.4,-6088,-5.4
"35029","2","23","74","0","2025","A","",9,145,11189883,0,0,1483,77127,"",102.59,38.09,61.74,0.00,0.00,1.62,1.62,"",0,0.0,2,1.4,684665,6.5,0,0.0,0,0.0,70,5.0,3664,5.0
"35029","3","23","74","0","2025","A","",2,44,2612014,0,0,1139,59252,"",9.95,7.64,9.90,0.00,0.00,1.29,1.29,"",0,0.0,2,4.8,628268,31.7,0,0.0,0,0.0,223,24.3,11642,24.5
"35029","5","23","74","0","2025","A","",44,589,60830886,26957323,242178,1988,103351,"",0.98,1.37,2.53,2.05,0.68,1.85,1.85,"",0,0.0,117,24.8,20840588,52.1,7973772,42.0,33471,16.0,360,22.1,18701,22.1
"35031","2","23","74","0","2025","A","",6,63,3834320,0,0,1166,60622,"",32.48,6.92,9.34,0.00,0.00,1.35,1.34,"",0,0.0,-1,-1.6,41722,1.1,0,0.0,0,0.0,26,2.3,1363,2.3
"35031","3","23","74","0","2025","A","",2,46,2685014,0,0,1120,58264,"",4.72,3.34,4.50,0.00,0.00,1.34,1.34,"",0,0.0,0,0.0,178424,7.1,0,0.0,0,0.0,68,6.5,3575,6.5
"35031","5","23","74","0","2025","A","",73,717,38702113,25295684,415468,1038,53984,"",0.77,0.70,0.71,0.90,1.11,1.02,1.02,"",1,1.4,125,21.1,8750435,29.2,6072611,31.6,153802,58.8,65,6.7,3369,6.7
"35033","2","23","74","0","2025","A","",2,17,1063100,0,0,1191,61928,"",92.64,53.33,68.05,0.00,0.00,1.26,1.26,"",0,0.0,0,0.0,-32812,-3.0,0,0.0,0,0.0,-31,-2.5,-1603,-2.5
"35033","3","23","74","0","2025","A","",1,10,417718,367015,1211,765,39783,"",20.21,20.72,18.37,201.71,143.79,0.85,0.84,"",0,0.0,0,0.0,-75508,-15.3,-57844,-13.6,-191,-13.6,-176,-18.7,-9132,-18.7
"35033","5","23","74","0","2025","A","N",9,0,0,0,0,0,0,"N",0.82,0,0,0,0,0,0,"N",-1,-10.0,0,0,0,0,0,0,0,0,0,0,0,0
"35035","2","23","74","0","2025","A","",3,33,2341933,0,0,1368,71147,"",14.67,4.01,5.98,0.00,0.00,1.50,1.50,"",0,0.0,1,3.1,-14742,-0.6,0,0.0,0,0.0,-34,-2.4,-1740,-2.4
"35035","3","23","74","0","2025","A","",3,57,2797569,1064605,3513,951,49442,"",6.40,4.57,4.91,28.18,21.19,1.08,1.08,"",0,0.0,-1,-1.7,-88998,-3.1,23484,2.3,77,2.2,-6,-0.6,-326,-0.7
"35035","5","23","74","0","2025","A","",116,992,57478704,34090458,363341,1115,57962,"",1.11,1.07,1.11,1.41,1.01,1.04,1.04,"",-2,-1.7,36,3.8,6872412,13.6,3372096,11.0,58104,19.0,97,9.5,5013,9.5
"35037","2","23","74","0","2025","A","",5,56,3344697,0,0,1138,59198,"",97.88,46.84,67.81,0.00,0.00,1.43,1.43,"",0,0.0,1,1.8,338045,11.2,0,0.0,0,0.0,84,8.0,4365,8.0
"35037","3","23","74","0","2025","A","",3,17,701383,0,0,805,41874,"",25.62,9.39,9.77,0.00,0.00,1.06,1.06,"",0,0.0,2,13.3,-10785,-1.5,0,0.0,0,0.0,-124,-13.3,-6409,-13.3
"35037","5","23","74","0","2025","A","",18,97,4402235,2956932,10019,873,45384,"",0.69,0.72,0.67,0.95,0.28,0.94,0.94,"",1,5.9,-5,-4.9,-219410,-4.7,-215370,-6.8,-1072,-9.7,0,0.0,0,0.0
"35039","2","23","74","0","2025","A","",6,41,2955832,0,0,1395,72536,"",45.31,9.15,14.30,0.00,0.00,1.57,1.57,"",0,0.0,-2,-4.7,-246806,-7.7,0,0.0,0,0.0,-43,-3.0,-2234,-3.0
"35039","3","23","74","0","2025","A","",6,108,5590311,3443586,53899,995,51722,"",19.77,15.93,18.58,144.09,498.52,1.17,1.17,"",0,0.0,-2,-1.8,59051,1.1,705271,25.8,-13559,-20.1,24,2.5,1247,2.5
"35039","5","23","74","0","2025","A","",79,230,13428634,8019483,126136,1124,58449,"",1.17,0.46,0.49,0.53,0.54,1.08,1.08,"",1,1.3,-68,-22.8,-6978367,-34.2,-2898047,-26.5,-20743,-14.1,-191,-14.5,-9935,-14.5
"35041","2","23","74","0","2025","A","",2,20,1464223,0,0,1408,73211,"",27.12,7.25,12.27,0.00,0.00,1.69,1.69,"",0,0.0,0,0.0,35956,2.5,0,0.0,0,0.0,52,3.8,2679,3.8
"35041","3","23","74","0","2025","A","",2,20,898033,0,0,863,44902,"",11.83,4.79,5.17,0.00,0.00,1.08,1.08,"",0,0.0,1,5.3,70465,8.5,0,0.0,0,0.0,29,3.5,1536,3.5
"35041","5","23","74","0","2025","A","",43,163,5843913,4673710,42352,689,35816,"",1.14,0.52,0.37,0.54,0.41,0.70,0.70,"",-3,-6.5,-18,-9.9,-566972,-8.8,-435027,-8.5,-11508,-21.4,7,1.0,364,1.0
"35043","2","23","74","0","2025","A","",3,26,1542748,0,0,1130,58771,"",5.82,1.54,1.63,0.00,0.00,1.04,1.04,"",0,0.0,1,4.0,105485,7.3,0,0.0,0,0.0,17,1.5,895,1.5
"35043","3","23","74","0","2025","A","",3,72,3798720,0,0,1013,52699,"",2.54,2.82,2.75,0.00,0.00,0.97,0.97,"",0,0.0,10,16.1,591309,18.4,0,0.0,0,0.0,18,1.8,967,1.9
"35043","5","23","74","0","2025","A","",285,2420,178879524,93153280,1821438,1422,73932,"",1.08,1.27,1.42,1.40,2.01,1.12,1.12,"",-4,-1.4,-231,-8.7,-16338071,-8.4,-5233157,-5.3,331251,22.2,6,0.4,290,0.4
"35045","2","23","74","0","2025","A","",4,33,2440650,0,0,1437,74714,"",8.51,1.47,2.02,0.00,0.00,1.39,1.39,"",0,0.0,2,6.5,195319,8.7,0,0.0,0,0.0,40,2.9,2089,2.9
"35045","3","23","74","0","2025","A","",6,449,23190209,13156678,203275,994,51668,"",5.57,13.21,13.17,92.52,319.46,1.00,1.00,"",0,0.0,138,44.4,7313433,46.1,5495366,71.7,60791,42.7,13,1.3,658,1.3
"35045","5","23","74","0","2025","A","",281,4066,319888152,174146268,2968887,1513,78666,"",1.17,1.61,1.99,1.92,2.15,1.24,1.24,"",0,0.0,275,7.3,46036152,16.8,18278044,11.7,-391791,-11.7,124,8.9,6437,8.9
"35047","2","23","74","0","2025","A","",12,144,10252446,0,0,1368,71156,"",99.53,39.19,67.30,0.00,0.00,1.71,1.72,"",0,0.0,-2,-1.4,268767,2.7,0,0.0,0,0.0,56,4.3,2930,4.3
"35047","3","23","74","0","2025","A","",2,34,1688047,589788,3126,964,50140,"",7.24,6.11,7.61,38.13,48.98,1.26,1.26,"",0,0.0,0,0.0,227664,15.6,30731,5.5,1200,62.3,138,16.7,7188,16.7
"35047","5","23","74","0","2025","A","",48,280,16860650,9384928,123407,1158,60199,"",0.78,0.68,0.84,0.95,0.89,1.23,1.23,"",1,2.1,-32,-10.3,-370534,-2.2,-538538,-5.4,52052,72.9,96,9.0,5000,9.1
"35049","2","23","74","0","2025","A","",9,129,9968271,0,0,1491,77524,"",8.74,4.44,5.81,0.00,0.00,1.31,1.31,"",0,0.0,9,7.5,1075276,12.1,0,0.0,0,0.0,69,4.9,3570,4.8
"35049","3","23","74","0","2025","A","",3,202,16280797,0,0,1549,80532,"",1.27,4.59,6.52,0.00,0.00,1.42,1.42,"",0,0.0,4,2.0,464136,2.9,0,0.0,0,0.0,9,0.6,448,0.6
"35049","5","23","74","0","2025","A","",538,3060,179162294,104056030,1045200,1126,58559,"",1.02,0.93,0.79,1.00,0.80,0.84,0.84,"",14,2.7,176,6.1,19917714,12.5,9105389,9.6,264996,34.0,64,6.0,3336,6.0
"35051","2","23","74","0","2025","A","",2,19,1170549,0,0,1195,62153,"",34.62,11.11,16.35,0.00,0.00,1.48,1.49,"",0,0.0,-1,-5.0,-43113,-3.6,0,0.0,0,0.0,33,2.8,1722,2.8
"35051","3","23","74","0","2025","A","",1,5,262838,0,0,933,48524,"",7.55,1.93,2.52,0.00,0.00,1.21,1.21,"",-2,-66.7,-11,-68.8,-391590,-59.8,-265594,-100.0,-877,-100.0,151,19.3,7834,19.3
"35051","5","23","74","0","2025","A","",25,215,14175606,7799637,145342,1265,65806,"",0.85,1.12,1.49,1.36,1.15,1.34,1.34,"",-2,-7.4,31,16.8,2103134,17.4,1503728,23.9,16257,12.6,5,0.4,284,0.4
"35053","2","23","74","0","2025","A","",3,26,1943647,0,0,1424,74044,"",51.39,11.36,17.24,0.00,0.00,1.50,1.50,"",0,0.0,0,0.0,90590,4.9,0,0.0,0,0.0,66,4.9,3451,4.9
"35053","3","23","74","0","2025","A","",2,15,860833,353209,1166,1080,56141,"",14.95,4.33,5.25,36.86,36.96,1.19,1.19,"",0,0.0,2,15.4,171920,25.0,14185,4.2,47,4.2,74,7.4,3818,7.3
"35053","5","23","74","0","2025","A","",19,51,2379246,1812678,10474,902,46882,"",0.64,0.20,0.16,0.30,0.15,0.81,0.81,"",1,5.6,-13,-20.3,-344106,-12.6,42676,2.4,-11939,-53.3,83,10.1,4274,10.0
"35055","2","23","74","0","2025","A","",4,29,2014881,0,0,1336,69479,"",18.27,5.63,8.97,0.00,0.00,1.59,1.59,"",0,0.0,-2,-6.5,-152904,-7.1,0,0.0,0,0.0,-9,-0.7,-450,-0.6
"35055","3","23","74","0","2025","A","",2,38,2226300,0,0,1117,58077,"",3.99,4.87,6.81,0.00,0.00,1.39,1.39,"",0,0.0,-1,-2.6,68882,3.2,0,0.0,0,0.0,60,5.7,3111,5.7
"35055","5","23","74","0","2025","A","",134,521,31275870,17622299,393607,1155,60040,"",1.20,0.90,1.05,0.90,0.94,1.17,1.17,"",-9,-6.3,-41,-7.3,-1519099,-4.6,-867646,-4.7,25771,7.0,32,2.8,1634,2.8
"35057","2","23","74","0","2025","A","",6,33,2215830,0,0,1282,66642,"",105.52,22.02,28.64,0.00,0.00,1.29,1.29,"",0,0.0,-1,-2.9,125666,6.0,0,0.0,0,0.0,91,7.6,4711,7.6
"35057","3","23","74","0","2025","A","",2,16,886170,0,0,1088,56564,"",15.35,7.05,7.87,0.00,0.00,1.14,1.14,"",0,0.0,1,6.7,120211,15.7,0,0.0,0,0.0,95,9.6,4926,9.5
"35057","5","23","74","0","2025","A","",35,202,12374216,8149784,70629,1176,61132,"",1.21,1.20,1.21,1.63,0.98,1.01,1.01,"",5,16.7,64,46.4,5763655,87.2,3715984,83.8,1948,2.8,253,27.4,13142,27.4
"35059","2","23","74","0","2025","A","",3,24,1690110,0,0,1383,71920,"",110.23,41.81,66.60,0.00,0.00,1.63,1.63,"",0,0.0,1,4.3,123722,7.9,0,0.0,0,0.0,92,7.1,4789,7.1
"35059","3","23","74","0","2025","A","",2,12,461533,0,0,772,40133,"",32.07,13.81,12.50,0.00,0.00,0.94,0.94,"",0,0.0,0,0.0,-20324,-4.2,0,0.0,0,0.0,-17,-2.2,-876,-2.1
"35059","5","23","74","0","2025","A","N",12,0,0,0,0,0,0,"N",0.86,0,0,0,0,0,0,"N",1,9.1,0,0,0,0,0,0,0,0,0,0,0,0
"35061","2","23","74","0","2025","A","",1,8,465583,0,0,1181,61396,"",4.16,0.95,1.18,0.00,0.00,1.30,1.30,"",0,0.0,2,33.3,72307,18.4,0,0.0,0,0.0,17,1.5,892,1.5
"35061","3","23","74","0","2025","A","",3,70,3064506,385156,1272,848,44094,"",5.44,5.51,5.33,7.56,5.19,0.97,0.97,"",0,0.0,-1,-1.4,79987,2.7,31489,8.9,105,9.0,42,5.2,2206,5.3
"35061","5","23","74","0","2025","A","",198,2008,159857027,79229378,1718834,1531,79613,"",1.61,2.12,3.05,2.43,3.23,1.44,1.44,"",-2,-1.0,-12,-0.6,9387810,6.2,5912391,8.1,440270,34.4,98,6.8,5108,6.9
"35999","5","23","74","0","2025","A","",338,2368,197551883,115039133,2353297,1604,83423,"",0.88,1.85,1.70,1.60,1.27,0.92,0.92,"",-44,-11.5,-40,-1.7,6531842,3.4,9721643,9.2,87548,3.9,78,5.1,4085,5.1
"36000","2","23","54","0","2025","A","N",1,0,0,0,0,0,0,"N",0.01,0,0,0,0,0,0,"N",0,0.0,0,0,0,0,0,0,0,0,0,0,0,0
"36000","3","23","54","0","2025","A","N",1,0,0,0,0,0,0,"N",0.00,0,0,0,0,0,0,"N",0,0.0,0,0,0,0,0,0,0,0,0,0,0,0
"36000","5","23","54","0","2025","A","",51184,384869,35775276880,6920545506,332431807,1788,92954,"",0.92,0.74,0.64,0.76,0.72,0.86,0.86,"",-1458,-2.8,-3294,-0.8,1227541980,3.6,190975147,2.8,16708641,5.3,76,4.4,3951,4.4
"36001","2","23","74","0","2025","A","N",1,0,0,0,0,0,0,"N",0.59,0,0,0,0,0,0,"N",0,0.0,0,0,0,0,0,0,0,0,0,0,0,0
"36001","5","23","74","0","2025","A","",748,8623,903972575,154594813,7976325,2016,104835,"",0.86,0.69,0.78,0.95,0.98,1.13,1.13,"",-6,-0.8,427,5.2,63318076,7.5,16112929,11.6,875519,12.3,43,2.2,2263,2.2
"36003","5","23","74","0","2025","A","",64,328,22508895,5886263,370142,1321,68677,"",0.91,0.46,0.54,0.65,0.78,1.18,1.18,"",-5,-7.2,-34,-9.4,-3088156,-12.1,-853139,-12.7,-59538,-13.9,-38,-2.8,-2001,-2.8
"36005","5","23","74","0","2025","A","",1316,10405,1015473683,190506768,8861127,1877,97597,"",0.84,0.55,0.70,0.68,0.60,1.26,1.26,"",-40,-2.9,-561,-5.1,3136756,0.3,-5349005,-2.7,246698,2.9,102,5.7,5282,5.7
"36007","5","23","74","0","2025","A","",375,3745,317006380,68087449,3983711,1628,84654,"",1.10,0.84,1.04,0.98,1.34,1.23,1.23,"",-14,-3.6,97,2.7,16815216,5.6,5566269,8.9,132482,3.4,45,2.8,2359,2.9
"36009","5","23","74","0","2025","A","N",133,0,0,0,0,0,0,"N",0.97,0,0,0,0,0,0,"N",4,3.1,0,0,0,0,0,0,0,0,0,0,0,0
"36011","5","23","74","0","2025","A","",189,1097,95977231,20997031,1179478,1682,87464,"",1.42,0.84,1.05,1.06,1.17,1.24,1.24,"",-6,-3.1,-79,-6.7,-2343419,-2.4,-1095511,-5.0,-112298,-8.7,75,4.7,3888,4.7
"36013","5","23","74","0","2025","A","",264,1718,115559763,30109586,1669494,1293,67261,"",1.07,0.71,0.80,0.82,0.90,1.14,1.14,"",-18,-6.4,-25,-1.4,6849584,6.3,1257812,4.4,118518,7.6,93,7.8,4879,7.8
"36015","5","23","74","0","2025","A","",139,1375,111470722,24058410,1416116,1559,81089,"",0.96,0.78,0.91,0.94,1.13,1.18,1.18,"",-11,-7.3,-103,-7.0,293106,0.3,-346015,-1.4,-20835,-1.4,112,7.7,5850,7.8
"36017","5","23","74","0","2025","A","",82,481,30941514,7978954,487746,1237,64350,"",1.02,0.51,0.46,0.52,0.76,0.89,0.89,"",1,1.2,0,0.0,1497787,5.1,121604,1.5,8907,1.9,61,5.2,3179,5.2
"36019","5","23","74","0","2025","A","",164,1169,83285720,20543247,1251635,1371,71271,"",1.09,0.70,0.74,0.87,1.07,1.05,1.05,"",0,0.0,109,10.3,11869336,16.6,1736960,9.2,136606,12.3,75,5.8,3881,5.8
"36021","5","23","74","0","2025","A","",248,1235,82829847,19826848,783389,1290,67069,"",1.44,1.11,1.18,1.12,0.91,1.06,1.06,"",-5,-2.0,-17,-1.4,3944086,5.0,-7816,0.0,56792,7.8,79,6.5,4078,6.5
"36023","5","23","74","0","2025","A","",89,436,30926241,7481987,443096,1364,70918,"",1.03,0.47,0.54,0.56,0.63,1.14,1.14,"",-1,-1.1,26,6.3,699201,2.3,-791949,-9.6,-30371,-6.4,-55,-3.9,-2866,-3.9
"36025","5","23","74","0","2025","A","",105,576,44619969,9675571,539526,1491,77533,"",1.07,0.76,0.80,0.82,0.88,1.05,1.05,"",-2,-1.9,-7,-1.2,1655797,3.9,164014,1.7,15737,3.0,74,5.2,3870,5.3
"36027","5","23","74","0","2025","A","",974,5956,543795060,104252331,4215943,1756,91294,"",1.40,0.96,1.11,1.15,0.99,1.15,1.15,"",-38,-3.8,255,4.5,70346372,14.9,7199830,7.4,416836,11.0,159,10.0,8253,9.9
"36029","5","23","74","0","2025","A","",2047,18333,1629529178,332970322,18335841,1709,88883,"",1.06,0.74,0.88,0.83,0.91,1.18,1.18,"",-83,-3.9,552,3.1,215642388,15.3,26773602,8.7,1716499,10.3,180,11.8,9368,11.8
"36031","5","23","74","0","2025","A","",152,1046,104607186,18469680,865858,1923,99975,"",1.48,1.30,1.98,1.46,1.32,1.53,1.53,"",0,0.0,16,1.6,-161726,-0.2,146599,0.8,9051,1.1,-33,-1.7,-1751,-1.7
"36033","5","23","74","0","2025","A","",117,588,33795531,9874505,443240,1105,57443,"",1.37,0.63,0.47,1.01,0.95,0.74,0.74,"",5,4.5,26,4.6,799411,2.4,-130492,-1.3,4242,1.0,-23,-2.0,-1225,-2.1
"36035","5","23","74","0","2025","A","",116,624,49891013,12389837,854143,1537,79911,"",1.29,0.73,0.94,0.99,1.44,1.30,1.30,"",3,2.7,143,29.7,18624788,59.6,3957910,46.9,396071,86.5,287,23.0,14897,22.9
"36037","5","23","74","0","2025","A","",135,835,59174712,15568342,878518,1363,70854,"",1.15,0.68,0.75,0.81,0.93,1.10,1.10,"",-5,-3.6,40,5.0,9653277,19.5,2313006,17.4,106320,13.8,165,13.8,8576,13.8
"36039","5","23","74","0","2025","A","N",148,0,0,0,0,0,0,"N",1.38,0,0,0,0,0,0,"N",0,0.0,0,0,0,0,0,0,0,0,0,0,0,0
"36041","5","23","74","0","2025","A","N",21,0,0,0,0,0,0,"N",1.16,0,0,0,0,0,0,"N",-2,-8.7,0,0,0,0,0,0,0,0,0,0,0,0
"36043","5","23","74","0","2025","A","",132,735,63396484,14026500,886544,1658,86234,"",1.32,0.87,1.33,1.16,1.33,1.52,1.52,"",-1,-0.8,11,1.5,3130192,5.2,1119128,8.7,54789,6.6,56,3.5,2936,3.5
"36045","5","23","74","0","2025","A","",268,1736,127074794,28348009,1663340,1408,73221,"",1.19,0.81,0.95,0.98,1.03,1.18,1.18,"",-12,-4.3,28,1.6,9609523,8.2,1542527,5.8,122913,8.0,86,6.5,4457,6.5
"36047","5","23","74","0","2025","A","",4414,29448,2173620949,524066531,20571541,1419,73813,"",0.75,0.60,0.67,0.57,0.47,1.11,1.11,"",-178,-3.9,-2162,-6.8,-124630351,-5.4,-14061789,-2.6,-206638,-1.0,21,1.5,1107,1.5
"36049","5","23","74","0","2025","A","",65,302,20453451,5211342,330359,1304,67820,"",1.39,0.81,0.91,0.93,1.08,1.13,1.13,"",-1,-1.5,4,1.3,1814756,9.7,299008,6.1,29428,9.8,103,8.6,5361,8.6
"36051","5","23","74","0","2025","A","",152,1402,122313053,26228926,1595189,1677,87216,"",1.32,1.33,1.85,1.75,1.88,1.39,1.39,"",1,0.7,-109,-7.2,-5871823,-4.6,-1596994,-5.7,300115,23.2,46,2.8,2400,2.8
"36053","5","23","74","0","2025","A","",160,799,57130867,13683746,804125,1375,71525,"",1.27,0.73,0.83,0.98,1.09,1.14,1.14,"",-1,-0.6,58,7.8,8127405,16.6,948746,7.4,83784,11.6,104,8.2,5431,8.2
"36055","5","23","74","0","2025","A","",1596,16554,1391331875,285422239,14090650,1616,84051,"",1.05,0.81,0.91,0.92,0.91,1.13,1.13,"",-40,-2.4,577,3.6,134475247,10.7,19367594,7.3,1402964,11.1,103,6.8,5385,6.8
"36057","5","23","74","0","2025","A","",133,525,29347155,10122547,514117,1075,55908,"",1.40,0.51,0.47,0.59,0.60,0.93,0.93,"",-8,-5.7,-88,-14.4,-6381311,-17.9,-1943608,-16.1,-158112,-23.5,-46,-4.1,-2361,-4.1
"36059","5","23","74","0","2025","A","",4681,32535,3066416691,580111809,27267207,1812,94249,"",1.07,0.97,1.06,1.01,0.96,1.10,1.10,"",-129,-2.7,343,1.1,8825181,0.3,22057757,4.0,1757382,6.9,-15,-0.8,-732,-0.8
"36061","5","23","74","0","2025","A","",2210,35909,4726208265,633167039,32764738,2531,131615,"",0.22,0.27,0.19,0.24,0.23,0.69,0.69,"",-77,-3.4,-177,-0.5,181841308,4.0,16706794,2.7,2152157,7.0,109,4.5,5683,4.5
"36063","5","23","74","0","2025","A","",514,2912,200904316,51906508,2945303,1327,68980,"",1.35,0.80,0.88,0.89,0.96,1.09,1.09,"",-8,-1.5,-74,-2.5,7764610,4.0,67622,0.1,176573,6.4,83,6.7,4289,6.6
"36065","5","23","74","0","2025","A","",429,2387,171170601,42753435,2490391,1379,71697,"",1.04,0.44,0.46,0.60,0.73,1.05,1.05,"",-5,-1.2,176,8.0,19227488,12.7,5200943,13.8,393292,18.8,57,4.3,2978,4.3
"36067","5","23","74","0","2025","A","",1074,10332,930499725,181346986,9789451,1732,90061,"",1.07,0.78,0.89,0.88,0.98,1.14,1.14,"",-25,-2.3,266,2.6,70701186,8.2,12033827,7.1,868900,9.7,89,5.4,4645,5.4
"36069","5","23","74","0","2025","A","",284,3640,369726430,65601557,3341312,1953,101569,"",1.11,1.28,1.82,1.42,1.40,1.42,1.42,"",-10,-3.4,228,6.7,40848548,12.4,6099229,10.3,340895,11.4,100,5.4,5190,5.4
"36071","5","23","74","0","2025","A","",1351,7593,566726596,134417128,6129854,1435,74636,"",1.46,0.93,1.00,0.99,0.90,1.08,1.08,"",-8,-0.6,87,1.2,23207108,4.3,6175014,4.8,548344,9.8,43,3.1,2226,3.1
"36073","5","23","74","0","2025","A","",88,360,23292589,6298377,401997,1245,64747,"",1.37,0.59,0.59,0.72,0.86,0.99,0.99,"",-2,-2.2,-64,-15.1,-4336058,-15.7,-1633248,-20.6,-40306,-9.1,-8,-0.6,-389,-0.6
"36075","5","23","74","0","2025","A","",294,1454,112801820,31497297,2119868,1492,77598,"",1.64,0.84,0.95,1.30,1.61,1.12,1.12,"",-14,-4.5,-74,-4.8,1683769,1.5,-3499521,-10.0,-376546,-15.1,93,6.6,4857,6.7
"36077","5","23","74","0","2025","A","",102,454,30143118,8274966,423253,1276,66346,"",0.86,0.38,0.38,0.60,0.60,1.00,1.00,"",-5,-4.7,-12,-2.6,1021910,3.5,432973,5.5,-10961,-2.5,75,6.2,3899,6.2
"36079","5","23","74","0","2025","A","",574,2608,210523597,43975140,1687412,1552,80727,"",2.24,1.83,1.98,1.83,1.43,1.08,1.08,"",-23,-3.9,-174,-6.3,-9546419,-4.3,-2152351,-4.7,-189957,-10.1,31,2.0,1615,2.0
"36081","3","23","74","0","2025","A","N",1,0,0,0,0,0,0,"N",0.05,0,0,0,0,0,0,"N",0,0.0,0,0,0,0,0,0,0,0,0,0,0,0
"36081","5","23","74","0","2025","A","",5604,48580,4686124041,910656110,43167904,1855,96462,"",1.25,1.22,1.54,1.27,1.21,1.26,1.26,"",-315,-5.3,-2190,-4.3,37663083,0.8,5930950,0.7,1492489,3.6,94,5.3,4902,5.4
"36083","5","23","74","0","2025","A","",376,3287,328894078,58275492,3371333,1924,100064,"",1.41,1.10,1.37,1.42,1.64,1.25,1.25,"",-20,-5.1,416,14.5,78002234,31.1,8909516,18.0,454707,15.6,243,14.5,12676,14.5
"36085","5","23","74","0","2025","A","",1334,9407,847363553,179091772,8788890,1732,90078,"",1.62,1.31,1.60,1.60,1.49,1.23,1.23,"",-43,-3.1,-465,-4.7,5043286,0.6,-513725,-0.3,112278,1.3,91,5.5,4750,5.6
"36087","5","23","74","0","2025","A","",1342,9477,794844469,166908761,6475539,1613,83872,"",1.36,1.30,1.49,1.36,1.06,1.15,1.15,"",0,0.0,378,4.2,55752207,7.5,8188495,5.2,359323,5.9,51,3.3,2648,3.3
"36089","5","23","74","0","2025","A","",191,1486,114873875,28129954,1653417,1487,77326,"",1.20,0.81,0.90,1.29,1.42,1.11,1.11,"",-6,-3.0,86,6.1,15702664,15.8,2313245,9.0,-51253,-3.0,125,9.2,6494,9.2
"36091","5","23","74","0","2025","A","",645,5424,483781019,97226078,5171902,1715,89194,"",1.28,1.09,1.30,1.13,1.24,1.20,1.20,"",-20,-3.0,-34,-0.6,15706665,3.4,5104107,5.5,304297,6.3,66,4.0,3440,4.0
"36093","5","23","74","0","2025","A","",344,2460,203120180,42259729,1999660,1588,82578,"",1.26,0.77,0.78,0.83,0.83,1.01,1.01,"",-10,-2.8,60,2.5,26623940,15.1,2453362,6.2,101627,5.4,174,12.3,9053,12.3
"36095","5","23","74","0","2025","A","",68,555,49661944,10430617,633217,1722,89535,"",1.25,1.23,1.82,1.66,1.70,1.48,1.48,"",-5,-6.8,84,17.8,10611168,27.2,1857113,21.7,128166,25.4,128,8.0,6625,8.0
"36097","5","23","74","0","2025","A","N",26,0,0,0,0,0,0,"N",0.71,0,0,0,0,0,0,"N",0,0.0,0,0,0,0,0,0,0,0,0,0,0,0
"36099","5","23","74","0","2025","A","N",54,0,0,0,0,0,0,"N",0.92,0,0,0,0,0,0,"N",-8,-12.9,0,0,0,0,0,0,0,0,0,0,0,0
"36101","5","23","74","0","2025","A","",160,613,38096895,11332413,558867,1195,62140,"",0.96,0.34,0.25,0.40,0.40,0.75,0.75,"",-6,-3.6,16,2.7,6275432,19.7,1454775,14.7,109684,24.4,170,16.6,8830,16.6
"36103","5","23","74","0","2025","A","",7399,46897,4317838902,802562767,35726163,1771,92071,"",1.70,1.28,1.35,1.26,1.09,1.05,1.05,"",-183,-2.4,-540,-1.1,104445972,2.5,5260512,0.7,819836,2.3,63,3.7,3250,3.7
"36105","5","23","74","0","2025","A","",255,1346,140332849,22694220,833165,2004,104220,"",1.40,0.83,1.36,0.92,0.73,1.65,1.65,"",-6,-2.3,111,9.0,19671767,16.3,2766830,13.9,99337,13.5,125,6.7,6499,6.7
"36107","5","23","74","0","2025","A","",84,452,29543660,7601804,449962,1256,65326,"",1.20,0.65,0.58,0.73,0.89,0.88,0.88,"",1,1.2,25,5.9,2989425,11.3,748301,10.9,31547,7.5,59,4.9,3102,5.0
"36109","5","23","74","0","2025","A","",187,870,56497881,15156757,677830,1248,64909,"",0.87,0.34,0.29,0.57,0.56,0.84,0.83,"",-9,-4.6,-53,-5.7,-2359419,-4.0,-241139,-1.6,-91114,-11.8,22,1.8,1136,1.8
"36111","5","23","74","0","2025","A","",619,2937,224674140,51317749,2240833,1471,76504,"",1.36,0.92,1.02,1.01,0.90,1.12,1.12,"",-16,-2.5,28,1.0,10707949,5.0,3029158,6.3,146340,7.0,57,4.0,2957,4.0
"36113","5","23","74","0","2025","A","N",185,0,0,0,0,0,0,"N",0.99,0,0,0,0,0,0,"N",-11,-5.6,0,0,0,0,0,0,0,0,0,0,0,0
"36115","5","23","74","0","2025","A","",142,804,64456754,15464986,813097,1542,80178,"",1.41,1.02,1.28,1.27,1.35,1.26,1.26,"",-3,-2.1,-34,-4.1,-949095,-1.5,153886,1.0,-10565,-1.3,41,2.7,2151,2.8
"36117","5","23","74","0","2025","A","",284,1412,96318747,24260463,1144601,1312,68206,"",1.74,0.93,1.00,1.05,0.97,1.08,1.08,"",-5,-1.7,15,1.1,5225589,5.7,342239,1.4,88980,8.4,58,4.6,2992,4.6
"36119","5","23","74","0","2025","A","",3754,27016,2522095736,500780106,22559158,1795,93356,"",1.28,1.18,1.07,1.24,1.11,0.91,0.91,"",-95,-2.5,-891,-3.2,11874811,0.5,10711332,2.2,599311,2.7,65,3.8,3407,3.8
"36121","5","23","74","0","2025","A","",84,349,20884434,6496415,327631,1151,59855,"",1.16,0.53,0.45,0.69,0.71,0.84,0.84,"",0,0.0,1,0.3,1249187,6.4,506716,8.5,20135,6.5,66,6.1,3432,6.1
"36123","5","23","74","0","2025","A","N",79,0,0,0,0,0,0,"N",1.48,0,0,0,0,0,0,"N",-6,-7.1,0,0,0,0,0,0,0,0,0,0,0,0
"36999","5","23","74","0","2025","A","",1822,7539,824114957,166165368,8501904,2102,109312,"",0.33,0.66,0.48,0.56,0.50,0.73,0.73,"",77,4.4,96,1.3,40266002,5.1,7726587,4.9,651937,8.3,77,3.8,3993,3.8
"37000","3","23","54","0","2025","A","",1,1,125256,0,0,2409,125256,"",0.01,0.00,0.00,0.00,0.00,1.99,1.99,"",0,0.0,0,0.0,63031,101.3,0,0.0,0,0.0,358,17.5,18585,17.4
"37000","5","23","54","0","2025","A","N",37282,0,0,0,0,0,0,"N",1.26,0,0,0,0,0,0,"N",1096,3.0,0,0,0,0,0,0,0,0,0,0,0,0
"37001","5","23","74","0","2025","A","N",497,0,0,0,0,0,0,"N",1.44,0,0,0,0,0,0,"N",9,1.8,0,0,0,0,0,0,0,0,0,0,0,0
"37003","5","23","74","0","2025","A","N",99,0,0,0,0,0,0,"N",1.71,0,0,0,0,0,0,"N",17,20.7,0,0,0,0,0,0,0,0,0,0,0,0
"37005","5","23","74","0","2025","A","",57,208,9565956,6882562,47574,884,45972,"",2.11,1.15,1.05,1.14,0.73,0.91,0.91,"",6,11.8,35,20.2,1696105,21.6,1426744,26.2,7655,19.2,8,0.9,438,1.0
"37007","5","23","74","0","2025","A","",46,204,10511400,6816569,37587,991,51526,"",1.17,0.58,0.56,0.66,0.50,0.98,0.98,"",0,0.0,28,15.9,1653724,18.7,1209399,21.6,1977,5.6,23,2.4,1198,2.4
"37009","5","23","74","0","2025","A","",108,815,58822546,27722777,365901,1387,72145,"",1.81,2.05,2.77,2.14,2.58,1.35,1.35,"",-4,-3.6,14,1.7,1490305,2.6,858647,3.2,-28415,-7.2,10,0.7,562,0.8
"37011","5","23","74","0","2025","A","",106,589,32546326,20171287,183949,1063,55296,"",1.94,1.43,1.54,1.43,1.23,1.07,1.07,"",5,5.0,-66,-10.1,-4512968,-12.2,-1836330,-8.3,-11280,-5.8,-26,-2.4,-1312,-2.3
"37013","5","23","74","0","2025","A","",130,1316,98817145,50733909,472082,1444,75084,"",1.24,1.53,2.03,1.74,1.53,1.33,1.33,"",8,6.6,255,24.0,23967881,32.0,11384993,28.9,129787,37.9,87,6.4,4516,6.4
"37015","5","23","74","0","2025","A","N",21,0,0,0,0,0,0,"N",0.76,0,0,0,0,0,0,"N",2,10.5,0,0,0,0,0,0,0,0,0,0,0,0
"37017","5","23","74","0","2025","A","",67,335,19819209,12243616,186673,1137,59132,"",1.23,0.50,0.54,0.48,0.84,1.08,1.08,"",5,8.1,-6,-1.8,1220758,6.6,349686,2.9,62276,50.1,89,8.5,4631,8.5
"37019","5","23","74","0","2025","A","",676,3648,253289740,126630622,1015832,1335,69434,"",1.82,1.59,1.88,1.55,1.16,1.18,1.18,"",45,7.1,498,15.8,51414646,25.5,20067535,18.8,136952,15.6,103,8.4,5355,8.4
"37021","5","23","74","0","2025","A","",1258,7282,517950457,261388264,2277188,1368,71125,"",1.21,1.02,1.09,0.95,0.81,1.07,1.07,"",85,7.2,517,7.6,53823385,11.6,26367148,11.2,327463,16.8,49,3.7,2516,3.7
"37023","5","23","74","0","2025","A","N",189,0,0,0,0,0,0,"N",1.34,0,0,0,0,0,0,"N",11,6.2,0,0,0,0,0,0,0,0,0,0,0,0
"37025","5","23","74","0","2025","A","N",856,0,0,0,0,0,0,"N",1.54,0,0,0,0,0,0,"N",60,7.5,0,0,0,0,0,0,0,0,0,0,0,0
"37027","5","23","74","0","2025","A","",178,1097,64492144,37767575,473286,1131,58812,"",1.40,0.82,0.86,0.82,1.11,1.05,1.05,"",5,2.9,-30,-2.7,962874,1.5,-313092,-0.8,-142797,-23.2,47,4.3,2425,4.3
"37029","5","23","74","0","2025","A","N",27,0,0,0,0,0,0,"N",1.58,0,0,0,0,0,0,"N",2,8.0,0,0,0,0,0,0,0,0,0,0,0,0
"37031","5","23","74","0","2025","A","",376,1642,92089690,55092906,385063,1078,56075,"",1.70,1.21,1.32,1.30,0.90,1.09,1.09,"",16,4.4,15,0.9,7132939,8.4,2475001,4.7,4820,1.3,74,7.4,3845,7.4
"37033","5","23","74","0","2025","A","",46,420,23355706,15126045,109121,1071,55675,"",1.75,2.66,2.69,3.55,2.35,1.01,1.01,"",7,17.9,-50,-10.6,-4886393,-17.3,-1734838,-10.3,9770,9.8,-85,-7.4,-4436,-7.4
"37035","5","23","74","0","2025","A","N",501,0,0,0,0,0,0,"N",1.21,0,0,0,0,0,0,"N",29,6.1,0,0,0,0,0,0,0,0,0,0,0,0
"37037","5","23","74","0","2025","A","",279,1974,128697877,73718978,585057,1254,65213,"",1.38,1.83,1.97,1.88,1.45,1.07,1.07,"",19,7.3,92,4.9,14879392,13.1,6888196,10.3,100641,20.8,91,7.8,4722,7.8
"37039","5","23","74","0","2025","A","N",128,0,0,0,0,0,0,"N",1.73,0,0,0,0,0,0,"N",5,4.1,0,0,0,0,0,0,0,0,0,0,0,0
"37041","5","23","74","0","2025","A","",38,164,9969453,5467259,42531,1173,60975,"",1.11,0.61,0.67,0.65,0.54,1.10,1.10,"",2,5.6,-20,-10.9,344557,3.6,-339088,-5.8,-1250,-2.9,168,16.7,8689,16.6
"37043","5","23","74","0","2025","A","",56,208,15274997,6741326,53127,1413,73496,"",1.88,1.76,2.44,1.82,1.45,1.39,1.39,"",-2,-3.4,-11,-5.0,1352224,9.7,-120510,-1.8,-6656,-11.1,190,15.5,9897,15.6
"37045","5","23","74","0","2025","A","N",237,0,0,0,0,0,0,"N",1.34,0,0,0,0,0,0,"N",2,0.9,0,0,0,0,0,0,0,0,0,0,0,0
"37047","5","23","74","0","2025","A","",114,562,34254080,20816679,198188,1173,60977,"",1.21,0.74,0.86,0.90,0.98,1.15,1.15,"",1,0.9,56,11.1,5981792,21.2,4052931,24.2,55362,38.8,98,9.1,5094,9.1
"37049","5","23","74","0","2025","A","",253,1378,87570190,46462129,283502,1222,63553,"",1.16,0.64,0.66,0.81,0.52,1.03,1.03,"",5,2.0,-41,-2.9,2634678,3.1,-151538,-0.3,4692,1.7,71,6.2,3697,6.2
"37051","5","23","74","0","2025","A","",596,5748,423106303,204451208,1864826,1415,73604,"",1.04,0.89,1.06,1.15,1.01,1.19,1.19,"",9,1.5,244,4.4,31723196,8.1,4874196,2.4,-471946,-20.2,48,3.5,2497,3.5
"37053","5","23","74","0","2025","A","",169,635,36719279,21640134,155176,1112,57848,"",2.05,1.64,1.84,1.64,0.93,1.12,1.12,"",11,7.0,14,2.3,2128032,6.2,1612003,8.0,3232,2.1,41,3.8,2168,3.9
"37055","5","23","74","0","2025","A","",309,1207,71788633,40728971,304007,1144,59465,"",1.69,1.10,1.24,1.08,0.52,1.13,1.13,"",5,1.6,-38,-3.1,1154689,1.6,-133697,-0.3,1313,0.4,53,4.9,2742,4.8
"37057","5","23","74","0","2025","A","",522,2608,161556778,88737549,679311,1191,61951,"",1.82,1.07,1.12,1.03,0.78,1.05,1.05,"",72,16.0,170,7.0,23382034,16.9,9583247,12.1,61052,9.9,101,9.3,5272,9.3
"37059","5","23","74","0","2025","A","",173,870,55823837,29814780,193208,1235,64196,"",1.90,1.13,1.24,1.09,0.67,1.10,1.10,"",3,1.8,10,1.2,4809395,9.4,1436618,5.1,-5183,-2.6,94,8.2,4883,8.2
"37061","5","23","74","0","2025","A","",122,732,44155911,25577541,173806,1159,60288,"",1.34,0.70,0.83,0.69,0.47,1.17,1.17,"",2,1.7,2,0.3,6054835,15.9,2611676,11.4,-7296,-4.0,155,15.4,8059,15.4
"37063","5","23","74","0","2025","A","N",862,0,0,0,0,0,0,"N",0.93,0,0,0,0,0,0,"N",0,0.0,0,0,0,0,0,0,0,0,0,0,0,0
"37065","5","23","74","0","2025","A","",80,405,22195596,13309948,81725,1054,54804,"",1.13,0.52,0.53,0.62,0.38,1.02,1.02,"",-2,-2.4,-51,-11.2,-1710069,-7.2,-1154972,-8.0,-34845,-29.9,45,4.5,2331,4.4
"37067","5","23","74","0","2025","A","N",1095,0,0,0,0,0,0,"N",1.24,0,0,0,0,0,0,"N",1,0.1,0,0,0,0,0,0,0,0,0,0,0,0
"37069","5","23","74","0","2025","A","N",354,0,0,0,0,0,0,"N",2.57,0,0,0,0,0,0,"N",62,21.2,0,0,0,0,0,0,0,0,0,0,0,0
"37071","3","23","74","0","2025","A","",1,1,125256,0,0,2409,125256,"",0.49,0.02,0.04,0.00,0.00,2.50,2.50,"",0,0.0,0,0.0,63031,101.3,0,0.0,0,0.0,358,17.5,18585,17.4
"37071","5","23","74","0","2025","A","N",684,0,0,0,0,0,0,"N",1.52,0,0,0,0,0,0,"N",39,6.0,0,0,0,0,0,0,0,0,0,0,0,0
"37073","5","23","74","0","2025","A","N",20,0,0,0,0,0,0,"N",1.26,0,0,0,0,0,0,"N",0,0.0,0,0,0,0,0,0,0,0,0,0,0,0
"37075","5","23","74","0","2025","A","",48,445,30845866,16342311,165834,1334,69356,"",2.76,4.30,5.44,4.85,3.41,1.26,1.26,"",2,4.3,24,5.7,3026132,10.9,1585284,10.7,13137,8.6,62,4.9,3224,4.9
"37077","5","23","74","0","2025","A","N",171,0,0,0,0,0,0,"N",1.82,0,0,0,0,0,0,"N",5,3.0,0,0,0,0,0,0,0,0,0,0,0,0
"37079","5","23","74","0","2025","A","",56,270,14997447,8953129,56138,1067,55478,"",1.81,1.15,1.20,1.55,1.00,1.04,1.04,"",13,30.2,-41,-13.2,-2737926,-15.4,-1337097,-13.0,4193,8.1,-29,-2.6,-1518,-2.7
"37081","5","23","74","0","2025","A","",1507,13860,1109054682,484108393,3985065,1539,80018,"",1.11,0.90,1.04,0.89,0.72,1.16,1.16,"",5,0.3,-250,-1.8,22862138,2.1,-14691269,-2.9,-320686,-7.4,59,4.0,3039,3.9
"37083","5","23","74","0","2025","A","N",74,0,0,0,0,0,0,"N",0.89,0,0,0,0,0,0,"N",0,0.0,0,0,0,0,0,0,0,0,0,0,0,0
"37085","5","23","74","0","2025","A","",423,2582,168363477,87560964,693169,1254,65217,"",2.05,1.65,2.01,1.69,1.36,1.22,1.22,"",49,13.1,216,9.1,22993762,15.8,8076911,10.2,10842,1.6,73,6.2,3780,6.2
"37087","5","23","74","0","2025","A","",243,1048,63202934,36124037,359459,1160,60308,"",1.53,1.14,1.28,1.12,1.13,1.13,1.13,"",5,2.1,11,1.1,2069033,3.4,-515045,-1.4,-34716,-8.8,26,2.3,1341,2.3
"37089","5","23","74","0","2025","A","",582,2788,184398020,98000101,824774,1272,66134,"",1.76,1.20,1.30,1.14,0.97,1.09,1.09,"",43,8.0,71,2.6,14094978,8.3,6769257,7.4,-18299,-2.2,67,5.6,3457,5.5
"37091","5","23","74","0","2025","A","",30,405,24603613,13585673,129073,1169,60787,"",0.82,0.91,1.03,1.09,1.23,1.13,1.13,"",1,3.4,87,27.4,6503728,35.9,3736876,37.9,32521,33.7,76,7.0,3958,7.0
"37093","5","23","74","0","2025","A","",70,412,21635424,13837556,115045,1009,52450,"",1.19,0.84,0.85,1.04,0.78,1.01,1.01,"",-3,-4.1,18,4.6,105474,0.5,1086192,8.5,27589,31.5,-41,-3.9,-2125,-3.9
"37095","5","23","74","0","2025","A","",22,97,4006215,2985582,18047,792,41195,"",1.36,1.08,0.92,1.12,0.40,0.86,0.86,"",-1,-4.3,2,2.1,307333,8.3,115142,4.0,3383,23.1,40,5.3,2088,5.3
"37097","5","23","74","0","2025","A","N",781,0,0,0,0,0,0,"N",1.35,0,0,0,0,0,0,"N",17,2.2,0,0,0,0,0,0,0,0,0,0,0,0
"37099","5","23","74","0","2025","A","",208,898,54235786,31180398,312339,1162,60407,"",2.04,0.88,0.99,1.24,1.06,1.13,1.13,"",20,10.6,102,12.8,9945923,22.5,5116172,19.6,35714,12.9,91,8.5,4731,8.5
"37101","5","23","74","0","2025","A","N",1017,0,0,0,0,0,0,"N",2.27,0,0,0,0,0,0,"N",118,13.1,0,0,0,0,0,0,0,0,0,0,0,0
"37103","5","23","74","0","2025","A","",22,142,6491296,4253739,24628,878,45633,"",1.45,1.70,1.42,1.91,1.15,0.84,0.84,"",-1,-4.3,6,4.4,775235,13.6,247615,6.2,1769,7.7,70,8.7,3603,8.6
"37105","5","23","74","0","2025","A","N",191,0,0,0,0,0,0,"N",1.36,0,0,0,0,0,0,"N",-20,-9.5,0,0,0,0,0,0,0,0,0,0,0,0
"37107","5","23","74","0","2025","A","N",151,0,0,0,0,0,0,"N",1.39,0,0,0,0,0,0,"N",2,1.3,0,0,0,0,0,0,0,0,0,0,0,0
"37109","5","23","74","0","2025","A","N",410,0,0,0,0,0,0,"N",1.87,0,0,0,0,0,0,"N",38,10.2,0,0,0,0,0,0,0,0,0,0,0,0
"37111","5","23","74","0","2025","A","",125,740,47916245,25422015,297085,1246,64774,"",1.63,0.91,1.12,0.91,1.24,1.24,1.23,"",1,0.8,48,6.9,9032460,23.2,2410898,10.5,30161,11.3,165,15.3,8577,15.3
"37113","5","23","74","0","2025","A","",267,1107,58659697,36331788,318646,1019,53002,"",2.28,1.67,1.70,1.53,1.14,1.02,1.02,"",7,2.7,43,4.0,5459212,10.3,2603848,7.7,24132,8.2,57,5.9,2994,6.0
"37115","5","23","74","0","2025","A","",96,357,20901269,12290474,196223,1127,58615,"",2.05,1.55,1.71,1.74,2.38,1.11,1.11,"",11,12.9,53,17.4,4027483,23.9,2388794,24.1,28799,17.2,60,5.6,3124,5.6
"37117","5","23","74","0","2025","A","",34,251,14966027,8389731,50695,1147,59645,"",0.88,0.77,1.05,0.92,0.69,1.36,1.36,"",1,3.0,32,14.6,2222243,17.4,1484382,21.5,14085,38.5,27,2.4,1388,2.4
"37119","5","23","74","0","2025","A","",4081,42524,3892460419,1550426460,12725608,1760,91535,"",0.98,1.01,0.94,0.94,0.70,0.93,0.93,"",-2,0.0,1563,3.8,327712452,9.2,83736972,5.7,730863,6.1,86,5.1,4507,5.2
"37121","5","23","74","0","2025","A","",46,241,13195932,8682055,88974,1053,54755,"",1.34,0.98,0.98,0.98,1.05,1.00,1.00,"",1,2.2,18,8.1,2377299,22.0,1314015,17.8,3787,4.4,120,12.9,6241,12.9
"37123","5","23","74","0","2025","A","",69,586,38777238,19965925,254468,1272,66135,"",1.40,1.26,1.54,1.26,1.62,1.22,1.22,"",5,7.8,87,17.4,6913085,21.7,2717736,15.8,17144,7.2,45,3.7,2332,3.7
"37125","5","23","74","0","2025","A","",340,2005,140580623,72841494,595065,1348,70115,"",1.22,0.89,1.02,1.00,0.78,1.15,1.15,"",17,5.3,95,5.0,18562371,15.2,6290409,9.5,147752,33.0,119,9.7,6214,9.7
"37127","5","23","74","0","2025","A","",254,2593,187665794,88935370,660532,1392,72369,"",1.32,1.22,1.47,1.30,0.93,1.21,1.21,"",20,8.5,445,20.7,42024302,28.9,13026612,17.2,64366,10.8,88,6.7,4558,6.7
"37129","5","23","74","0","2025","A","",1156,9492,698571759,322214208,2479466,1415,73596,"",1.29,1.36,1.42,1.24,0.85,1.04,1.05,"",-1,-0.1,-394,-4.0,7816651,1.1,-11097184,-3.3,-96139,-3.7,71,5.3,3720,5.3
"37131","5","23","74","0","2025","A","",30,186,15888349,6202196,43959,1643,85421,"",1.08,0.75,1.14,0.69,0.53,1.53,1.53,"",-3,-9.1,-31,-14.3,514061,3.3,-638065,-9.3,-2495,-5.4,282,20.7,14626,20.7
"37133","5","23","74","0","2025","A","",445,3091,188765736,105727185,744185,1174,61065,"",1.28,1.08,1.26,1.36,0.93,1.16,1.16,"",2,0.5,39,1.3,138469,0.1,4064354,4.0,-20673,-2.7,-15,-1.3,-738,-1.2
"37135","5","23","74","0","2025","A","N",388,0,0,0,0,0,0,"N",0.93,0,0,0,0,0,0,"N",19,5.1,0,0,0,0,0,0,0,0,0,0,0,0
"37137","5","23","74","0","2025","A","",34,191,9584882,6056641,47299,966,50226,"",1.25,0.89,1.09,1.12,0.98,1.23,1.23,"",0,0.0,-69,-26.5,-1979412,-17.1,-1194828,-16.5,-18740,-28.4,109,12.7,5662,12.7
"37139","5","23","74","0","2025","A","N",97,0,0,0,0,0,0,"N",1.06,0,0,0,0,0,0,"N",2,2.1,0,0,0,0,0,0,0,0,0,0,0,0
"37141","5","23","74","0","2025","A","",346,1379,84478926,47939914,336954,1178,61246,"",2.06,1.62,1.84,1.68,1.08,1.14,1.14,"",34,10.9,105,8.2,10016275,13.5,6236991,15.0,40237,13.6,54,4.8,2783,4.8
"37143","5","23","74","0","2025","A","",28,104,5969191,3733034,26263,1100,57213,"",1.27,0.87,1.00,1.13,0.77,1.15,1.15,"",-1,-3.4,5,5.1,257029,4.5,369895,11.0,3844,17.1,-6,-0.5,-292,-0.5
"37145","5","23","74","0","2025","A","N",111,0,0,0,0,0,0,"N",1.74,0,0,0,0,0,0,"N",3,2.8,0,0,0,0,0,0,0,0,0,0,0,0
"37147","5","23","74","0","2025","A","N",447,0,0,0,0,0,0,"N",1.27,0,0,0,0,0,0,"N",13,3.0,0,0,0,0,0,0,0,0,0,0,0,0
"37149","5","23","74","0","2025","A","N",88,0,0,0,0,0,0,"N",1.52,0,0,0,0,0,0,"N",9,11.4,0,0,0,0,0,0,0,0,0,0,0,0
"37151","5","23","74","0","2025","A","",446,3241,242322717,125402070,1108392,1438,74764,"",1.78,1.35,1.76,1.39,1.21,1.30,1.30,"",50,12.6,-149,-4.4,-18643689,-7.1,-4665448,-3.6,30515,2.8,-43,-2.9,-2229,-2.9
"37153","5","23","74","0","2025","A","",76,429,27742581,14052078,102638,1243,64643,"",1.08,0.60,0.75,0.68,0.50,1.25,1.25,"",-6,-7.3,-4,-0.9,215837,0.8,-611963,-4.2,-4681,-4.4,21,1.7,1120,1.8
"37155","5","23","74","0","2025","A","N",178,0,0,0,0,0,0,"N",1.09,0,0,0,0,0,0,"N",2,1.1,0,0,0,0,0,0,0,0,0,0,0,0
"37157","5","23","74","0","2025","A","N",243,0,0,0,0,0,0,"N",1.64,0,0,0,0,0,0,"N",7,3.0,0,0,0,0,0,0,0,0,0,0,0,0
"37159","5","23","74","0","2025","A","",494,3210,232838622,114979091,904550,1395,72524,"",1.83,1.19,1.31,1.13,0.69,1.10,1.10,"",44,9.8,68,2.2,23898041,11.4,9120365,8.6,45507,5.3,116,9.1,6018,9.0
"37161","5","23","74","0","2025","A","N",158,0,0,0,0,0,0,"N",1.33,0,0,0,0,0,0,"N",6,3.9,0,0,0,0,0,0,0,0,0,0,0,0
"37163","5","23","74","0","2025","A","",137,686,38269647,22848467,161357,1074,55827,"",1.39,0.74,0.75,0.76,0.72,1.01,1.01,"",13,10.5,61,9.8,5181671,15.7,2385043,11.7,25251,18.6,56,5.5,2893,5.5
"37165","5","23","74","0","2025","A","",34,359,20491585,10419987,109025,1099,57146,"",0.62,0.54,0.55,0.57,0.65,1.02,1.02,"",1,3.0,-3,-0.8,2461458,13.7,-782456,-7.0,-33772,-23.7,142,14.8,7362,14.8
"37167","5","23","74","0","2025","A","N",257,0,0,0,0,0,0,"N",1.90,0,0,0,0,0,0,"N",4,1.6,0,0,0,0,0,0,0,0,0,0,0,0
"37169","5","23","74","0","2025","A","",130,427,24233135,14353958,110486,1091,56752,"",1.91,1.07,1.33,1.29,1.16,1.25,1.25,"",4,3.2,-194,-31.2,-11771646,-32.7,-9611346,-40.1,-101124,-47.8,-23,-2.1,-1188,-2.1
"37171","5","23","74","0","2025","A","N",232,0,0,0,0,0,0,"N",1.46,0,0,0,0,0,0,"N",3,1.3,0,0,0,0,0,0,0,0,0,0,0,0
"37173","5","23","74","0","2025","A","",51,191,10780934,6492855,78948,1084,56371,"",1.28,0.51,0.54,0.82,0.75,1.07,1.07,"",-5,-8.9,-47,-19.7,-1925164,-15.2,-1372020,-17.4,-18740,-19.2,56,5.4,2909,5.4
"37175","5","23","74","0","2025","A","",198,789,46507438,26608554,238550,1134,58963,"",1.98,1.53,1.62,1.47,1.32,1.06,1.06,"",-11,-5.3,13,1.7,5281746,12.8,1905728,7.7,-1536,-0.6,112,11.0,5826,11.0
"37177","5","23","74","0","2025","A","N",12,0,0,0,0,0,0,"N",1.49,0,0,0,0,0,0,"N",2,20.0,0,0,0,0,0,0,0,0,0,0,0,0
"37179","5","23","74","0","2025","A","N",1220,0,0,0,0,0,0,"N",1.85,0,0,0,0,0,0,"N",99,8.8,0,0,0,0,0,0,0,0,0,0,0,0
"37181","5","23","74","0","2025","A","N",88,0,0,0,0,0,0,"N",1.16,0,0,0,0,0,0,"N",1,1.1,0,0,0,0,0,0,0,0,0,0,0,0
"37183","5","23","74","0","2025","A","",4261,45165,4054270419,1645653797,12276934,1726,89765,"",1.05,1.28,1.32,1.23,0.82,1.03,1.03,"",-69,-1.6,-267,-0.6,187622362,4.9,-2042431,-0.1,-489464,-3.8,89,5.4,4656,5.5
"37185","5","23","74","0","2025","A","",43,120,6239329,3754600,28583,1001,52031,"",1.52,0.78,0.85,1.07,0.99,1.09,1.09,"",1,2.4,45,60.0,2845977,83.9,1398769,59.4,15043,111.1,131,15.1,6786,15.0
"37187","5","23","74","0","2025","A","N",13,0,0,0,0,0,0,"N",0.60,0,0,0,0,0,0,"N",3,30.0,0,0,0,0,0,0,0,0,0,0,0,0
"37189","5","23","74","0","2025","A","",257,1131,65151614,37212227,389860,1108,57618,"",1.64,0.87,0.91,1.16,1.21,1.04,1.04,"",0,0.0,49,4.5,8056517,14.1,2807872,8.2,-10692,-2.7,94,9.3,4866,9.2
"37191","5","23","74","0","2025","A","",246,2517,187925339,94979466,807346,1436,74670,"",1.23,1.16,1.60,1.43,1.40,1.38,1.38,"",12,5.1,283,12.7,32403708,20.8,18014086,23.4,343722,74.1,97,7.2,5039,7.2
"37193","5","23","74","0","2025","A","N",149,0,0,0,0,0,0,"N",1.36,0,0,0,0,0,0,"N",-2,-1.3,0,0,0,0,0,0,0,0,0,0,0,0
"37195","5","23","74","0","2025","A","",233,2978,214288487,92140904,533281,1384,71965,"",1.41,1.61,1.96,1.47,0.86,1.21,1.21,"",5,2.2,-178,-5.6,-9139471,-4.1,-16430582,-15.1,-111269,-17.3,23,1.7,1182,1.7
"37197","5","23","74","0","2025","A","N",118,0,0,0,0,0,0,"N",1.88,0,0,0,0,0,0,"N",12,11.3,0,0,0,0,0,0,0,0,0,0,0,0
"37199","5","23","74","0","2025","A","",68,378,21724547,13259896,130685,1104,57422,"",1.69,1.45,1.53,1.48,1.50,1.05,1.05,"",9,15.3,4,1.1,1471695,7.3,565535,4.5,4406,3.5,62,6.0,3222,5.9
"37999","5","23","74","0","2025","A","",2120,9062,849697784,369774147,4233265,1803,93769,"",0.80,0.70,0.52,0.55,0.44,0.75,0.75,"N",-63,-2.9,0,0,0,0,0,0,0,0,0,0,0,0
"38000","2","23","54","0","2025","A","",46,1024,80970610,0,0,1521,79111,"",8.28,5.07,6.48,0.00,0.00,1.28,1.28,"",3,7.0,4,0.4,2704011,3.5,0,0.0,0,0.0,46,3.1,2385,3.1
"38000","3","23","54","0","2025","A","",2,21,1461101,26152,70,1354,70415,"",0.16,0.07,0.08,0.02,0.01,1.18,1.18,"",-1,-33.3,-1,-4.5,-27258,-1.8,-17648,-40.3,35,100.0,63,4.9,3271,4.9
"38000","5","23","54","0","2025","A","",3907,30043,2532316215,1493774067,34873131,1621,84290,"",1.38,1.32,1.53,1.55,3.32,1.16,1.16,"",-29,-0.7,925,3.2,199395252,8.5,98840427,7.1,-354290,-1.0,80,5.2,4171,5.2
"38001","2","23","74","0","2025","A","",1,1,83956,0,0,1615,83956,"",54.81,2.51,4.40,0.00,0.00,1.76,1.75,"",0,0.0,0,0.0,4564,5.7,0,0.0,0,0.0,88,5.8,4564,5.7
"38001","5","23","74","0","2025","A","",9,34,3316670,2002908,11966,1849,96135,"",0.97,0.76,1.31,1.36,1.91,1.71,1.71,"",1,12.5,4,13.3,890869,36.7,462420,30.0,3059,34.3,268,17.0,13904,16.9
"38003","2","23","74","0","2025","A","",1,52,4045879,0,0,1496,77805,"",14.55,24.99,39.74,0.00,0.00,1.59,1.59,"",0,0.0,-6,-10.3,-170948,-4.1,0,0.0,0,0.0,86,6.1,4469,6.1
"38003","5","23","74","0","2025","A","",50,278,19058122,13234600,259726,1318,68554,"",1.43,1.19,1.41,1.61,3.35,1.19,1.19,"",0,0.0,25,9.9,3507494,22.6,2554404,23.9,-145945,-36.0,138,11.7,7190,11.7
"38005","2","23","74","0","2025","A","",0,0,38493,0,0,1480,76986,"",0.00,0.00,0.80,0.00,0.00,1.52,1.52,"N",0,0,0,0,0,0,0,0,0,0,0,0,0,0
"38005","5","23","74","0","2025","A","",14,123,11341890,6109450,294095,1774,92273,"",1.23,1.15,1.79,1.18,5.54,1.55,1.55,"",0,0.0,20,19.4,2195835,24.0,842563,16.0,2667,0.9,66,3.9,3476,3.9
"38007","2","23","74","0","2025","A","",1,1,62423,0,0,1200,62423,"",88.88,2.86,3.46,0.00,0.00,1.21,1.21,"",0,0.0,0,0.0,3127,5.3,0,0.0,0,0.0,60,5.3,3127,5.3
"38007","5","23","74","0","2025","A","",26,144,10618014,6080094,173818,1417,73694,"",4.53,3.65,4.44,3.73,4.06,1.22,1.22,"",14,116.7,71,97.3,5141403,93.9,3952649,185.8,146368,533.2,-32,-2.2,-1672,-2.2
"38009","2","23","74","0","2025","A","",1,3,245864,0,0,1418,73759,"",19.52,2.51,4.18,0.00,0.00,1.50,1.50,"",0,0.0,1,50.0,129176,110.7,0,0.0,0,0.0,136,10.6,7080,10.6
"38009","5","23","74","0","2025","A","",26,81,4717609,3629252,150392,1124,58422,"",1.00,0.60,0.61,0.76,1.57,1.01,1.01,"",-4,-13.3,-15,-15.6,-616411,-11.6,-398766,-9.9,3476,2.4,60,5.6,3099,5.6
"38011","2","23","74","0","2025","A","",1,1,61700,0,0,1187,61700,"",32.40,1.44,1.57,0.00,0.00,1.09,1.09,"",1,100.0,1,100.0,54786,792.4,0,0.0,0,0.0,389,48.7,20216,48.7
"38011","5","23","74","0","2025","A","N",26,0,0,0,0,0,0,"N",1.65,0,0,0,0,0,0,"N",6,30.0,0,0,0,0,0,0,0,0,0,0,0,0
"38013","2","23","74","0","2025","A","",1,2,160669,0,0,1483,77121,"",53.91,6.51,7.94,0.00,0.00,1.17,1.17,"",0,0.0,0,0.0,41689,35.0,0,0.0,0,0.0,176,13.5,9132,13.4
"38013","5","23","74","0","2025","A","N",5,0,0,0,0,0,0,"N",0.53,0,0,0,0,0,0,"N",-2,-28.6,0,0,0,0,0,0,0,0,0,0,0,0
"38015","2","23","74","0","2025","A","",1,474,39418752,0,0,1600,83177,"",1.49,17.27,23.82,0.00,0.00,1.38,1.38,"",0,0.0,-9,-1.9,275090,0.7,0,0.0,0,0.0,43,2.8,2190,2.7
"38015","5","23","74","0","2025","A","",465,3252,246581536,150579235,3427402,1458,75834,"",1.36,1.05,1.12,1.34,2.96,1.07,1.07,"",-8,-1.7,114,3.6,19030186,8.4,11251707,8.1,49967,1.5,64,4.6,3331,4.6
"38017","2","23","74","0","2025","A","",1,92,6979252,0,0,1467,76276,"",0.69,1.52,1.83,0.00,0.00,1.21,1.21,"",0,0.0,2,2.2,481063,7.4,0,0.0,0,0.0,75,5.4,3873,5.3
"38017","5","23","74","0","2025","A","",960,9413,764901851,449522312,9923221,1563,81260,"",1.30,1.38,1.51,1.53,3.63,1.10,1.10,"",-24,-2.4,19,0.2,30660587,4.2,13350379,3.1,-1745872,-15.0,60,4.0,3101,4.0
"38019","2","23","74","0","2025","A","",1,2,122319,0,0,1283,66719,"",37.37,3.37,3.93,0.00,0.00,1.27,1.27,"",1,100.0,2,100.0,94891,346.0,0,0.0,0,0.0,17,1.3,892,1.4
"38019","5","23","74","0","2025","A","N",16,0,0,0,0,0,0,"N",1.17,0,0,0,0,0,0,"N",1,6.7,0,0,0,0,0,0,0,0,0,0,0,0
"38021","2","23","74","0","2025","A","",1,3,211917,0,0,1322,68730,"",21.92,2.56,2.91,0.00,0.00,1.11,1.11,"",0,0.0,1,50.0,91388,75.8,0,0.0,0,0.0,163,14.1,8466,14.0
"38021","5","23","74","0","2025","A","",52,743,82432624,52445700,809372,2134,110983,"",2.24,5.62,8.54,7.36,6.41,1.52,1.52,"",21,67.7,456,158.9,57216994,226.9,35399964,207.7,557238,221.0,443,26.2,23073,26.2
"38023","2","23","74","0","2025","A","",1,2,187403,0,0,1663,86494,"",53.04,6.26,10.68,0.00,0.00,1.58,1.58,"",0,0.0,0,0.0,41833,28.7,0,0.0,0,0.0,136,8.9,7092,8.9
"38023","5","23","74","0","2025","A","N",8,0,0,0,0,0,0,"N",0.83,0,0,0,0,0,0,"N",-2,-20.0,0,0,0,0,0,0,0,0,0,0,0,0
"38025","2","23","74","0","2025","A","",1,2,126860,0,0,1331,69196,"",29.76,2.13,1.70,0.00,0.00,0.87,0.87,"",0,0.0,1,100.0,30920,32.2,0,0.0,0,0.0,29,2.2,1474,2.2
"38025","5","23","74","0","2025","A","N",22,0,0,0,0,0,0,"N",1.28,0,0,0,0,0,0,"N",0,0.0,0,0,0,0,0,0,0,0,0,0,0,0
"38027","5","23","74","0","2025","A","",9,30,1374750,1173018,39015,889,46210,"",1.17,0.80,0.78,1.05,3.40,1.00,1.00,"",-2,-18.2,-1,-3.2,38598,2.9,-8644,-0.7,-4614,-10.6,65,7.9,3339,7.8
"38029","2","23","74","0","2025","A","",1,2,174793,0,0,1494,77686,"",38.69,4.56,7.85,0.00,0.00,1.53,1.53,"N",1,100.0,0,0,0,0,0,0,0,0,0,0,0,0
"38029","5","23","74","0","2025","A","N",14,0,0,0,0,0,0,"N",1.06,0,0,0,0,0,0,"N",2,16.7,0,0,0,0,0,0,0,0,0,0,0,0
"38031","2","23","74","0","2025","A","",1,4,238291,0,0,1146,59573,"",37.80,5.72,6.47,0.00,0.00,1.13,1.13,"",0,0.0,0,0.0,12805,5.7,0,0.0,0,0.0,39,3.5,2002,3.5
"38031","5","23","74","0","2025","A","",18,61,3465814,2454258,27176,1097,57050,"",1.33,0.77,0.71,0.72,1.41,0.92,0.92,"",1,5.9,-11,-15.3,-1019144,-22.7,-457530,-15.7,-1018,-3.6,-94,-7.9,-4883,-7.9
"38033","2","23","74","0","2025","A","",1,1,65129,0,0,1156,60119,"",72.28,3.39,4.68,0.00,0.00,1.27,1.27,"",0,0.0,0,0.0,18493,39.7,0,0.0,0,0.0,-40,-3.3,-2062,-3.3
"38033","5","23","74","0","2025","A","N",11,0,0,0,0,0,0,"N",1.56,0,0,0,0,0,0,"N",-2,-15.4,0,0,0,0,0,0,0,0,0,0,0,0
"38035","2","23","74","0","2025","A","",1,71,5480052,0,0,1476,76734,"",2.35,3.68,5.04,0.00,0.00,1.36,1.36,"",0,0.0,-1,-1.4,118275,2.2,0,0.0,0,0.0,44,3.1,2265,3.0
"38035","5","23","74","0","2025","A","",309,2564,197066712,120607034,2698296,1478,76844,"",1.42,1.18,1.37,1.55,2.94,1.16,1.16,"",6,2.0,82,3.3,16694258,9.3,9269906,8.3,327489,13.8,80,5.7,4172,5.7
"38037","5","23","74","0","2025","A","",8,19,1077067,805769,18150,1090,56688,"",0.94,0.56,0.60,0.80,2.15,1.07,1.07,"",1,14.3,4,26.7,30696,2.9,40636,5.3,8804,94.2,-252,-18.8,-13070,-18.7
"38039","2","23","74","0","2025","A","",1,2,116697,0,0,1417,73703,"",58.73,5.62,7.43,0.00,0.00,1.67,1.67,"",0,0.0,0,0.0,-28491,-19.6,0,0.0,0,0.0,21,1.5,1109,1.5
"38039","5","23","74","0","2025","A","",8,24,759836,596645,5354,596,31014,"",0.92,0.60,0.37,0.50,0.97,0.60,0.60,"N",1,14.3,0,0,0,0,0,0,0,0,0,0,0,0
"38041","2","23","74","0","2025","A","",0,0,12609,0,0,1455,75654,"",0.00,0.00,0.82,0.00,0.00,1.64,1.64,"N",0,0,0,0,0,0,0,0,0,0,0,0,0,0
"38041","5","23","74","0","2025","A","N",6,0,0,0,0,0,0,"N",0.52,0,0,0,0,0,0,"N",2,50.0,0,0,0,0,0,0,0,0,0,0,0,0
"38043","2","23","74","0","2025","A","",1,2,95616,0,0,1161,60389,"",51.39,6.09,6.48,0.00,0.00,1.34,1.34,"",0,0.0,1,100.0,27607,40.6,0,0.0,0,0.0,-408,-26.0,-21222,-26.0
"38043","5","23","74","0","2025","A","N",6,0,0,0,0,0,0,"N",0.60,0,0,0,0,0,0,"N",1,20.0,0,0,0,0,0,0,0,0,0,0,0,0
"38045","2","23","74","0","2025","A","",1,2,150922,0,0,1244,64681,"",27.29,3.03,4.81,0.00,0.00,1.36,1.36,"",1,100.0,1,100.0,99527,193.7,0,0.0,0,0.0,58,4.9,3007,4.9
"38045","5","23","74","0","2025","A","",13,27,1333523,1056633,10071,965,50164,"",0.70,0.36,0.32,0.41,0.70,0.90,0.90,"",-2,-13.3,-1,-3.6,41389,3.2,13342,1.3,-5890,-36.9,64,7.1,3319,7.1
"38047","2","23","74","0","2025","A","",1,1,87769,0,0,1350,70215,"",56.70,3.39,7.69,0.00,0.00,1.81,1.82,"",0,0.0,0,0.0,26406,43.0,0,0.0,0,0.0,170,14.4,8852,14.4
"38047","5","23","74","0","2025","A","N",12,0,0,0,0,0,0,"N",1.33,0,0,0,0,0,0,"N",0,0.0,0,0,0,0,0,0,0,0,0,0,0,0
"38049","2","23","74","0","2025","A","",1,4,240639,0,0,1207,62775,"",27.18,6.49,7.71,0.00,0.00,1.24,1.24,"",0,0.0,0,0.0,-8481,-3.4,0,0.0,0,0.0,34,2.9,1766,2.9
"38049","5","23","74","0","2025","A","N",19,0,0,0,0,0,0,"N",1.01,0,0,0,0,0,0,"N",-3,-13.6,0,0,0,0,0,0,0,0,0,0,0,0
"38051","2","23","74","0","2025","A","",0,0,28413,0,0,1093,56826,"",0.00,0.00,1.31,0.00,0.00,1.22,1.22,"N",0,0,0,0,0,0,0,0,0,0,0,0,0,0
"38051","5","23","74","0","2025","A","N",9,0,0,0,0,0,0,"N",0.85,0,0,0,0,0,0,"N",-1,-10.0,0,0,0,0,0,0,0,0,0,0,0,0
"38053","2","23","74","0","2025","A","",1,2,157091,0,0,1510,78546,"",7.85,0.36,0.34,0.00,0.00,0.93,0.93,"",0,0.0,0,0.0,9679,6.6,0,0.0,0,0.0,93,6.6,4840,6.6
"38053","5","23","74","0","2025","A","N",135,0,0,0,0,0,0,"N",2.08,0,0,0,0,0,0,"N",5,3.8,0,0,0,0,0,0,0,0,0,0,0,0
"38055","2","23","74","0","2025","A","",1,4,261444,0,0,1403,72961,"",15.81,2.41,2.38,0.00,0.00,1.10,1.10,"",0,0.0,1,33.3,43829,20.1,0,0.0,0,0.0,178,14.5,9269,14.6
"38055","3","23","74","0","2025","A","",1,20,1434949,0,0,1346,69998,"",6.90,7.96,8.97,0.00,0.00,1.10,1.10,"",0,0.0,0,0.0,81903,6.1,0,0.0,0,0.0,56,4.3,2905,4.3
"38055","5","23","74","0","2025","A","",55,222,14247285,9176531,516261,1234,64177,"",1.71,1.19,0.98,1.28,5.45,0.82,0.82,"",10,22.2,93,72.1,5806376,68.8,3592818,64.3,262455,103.4,-23,-1.8,-1172,-1.8
"38057","2","23","74","0","2025","A","",1,4,257383,0,0,1291,67143,"",19.81,1.96,1.66,0.00,0.00,0.88,0.88,"",0,0.0,0,0.0,13352,5.5,0,0.0,0,0.0,40,3.2,2068,3.2
"38057","5","23","74","0","2025","A","",43,326,30738902,20062593,878004,1815,94363,"",1.67,1.42,1.50,1.81,6.15,1.06,1.06,"",-3,-6.5,-198,-37.8,-26969131,-46.7,-16649725,-45.4,-184065,-17.3,-304,-14.3,-15819,-14.4
"38059","2","23","74","0","2025","A","",1,11,711012,0,0,1272,66141,"",5.30,1.90,2.22,0.00,0.00,1.20,1.20,"",0,0.0,1,10.0,74209,11.7,0,0.0,0,0.0,67,5.6,3505,5.6
"38059","5","23","74","0","2025","A","",174,924,69121901,44068305,903627,1439,74848,"",1.81,1.42,1.63,1.67,3.18,1.15,1.15,"",-14,-7.4,-150,-14.0,-5580817,-7.5,-7219228,-14.1,-660878,-42.2,102,7.6,5319,7.7
"38061","2","23","74","0","2025","A","",1,7,505653,0,0,1373,71386,"",12.85,2.76,2.77,0.00,0.00,0.99,0.99,"",0,0.0,1,16.7,121125,31.5,0,0.0,0,0.0,28,2.1,1472,2.1
"38061","3","23","74","0","2025","A","",1,0,26152,26152,70,2012,104608,"",5.61,0.00,0.10,1.09,0.72,1.51,1.51,"",0,0.0,-1,-100.0,-73844,-73.8,-17648,-40.3,35,100.0,89,4.6,4612,4.6
"38061","5","23","74","0","2025","A","N",78,0,0,0,0,0,0,"N",1.96,0,0,0,0,0,0,"N",-5,-6.0,0,0,0,0,0,0,0,0,0,0,0,0
"38063","2","23","74","0","2025","A","",1,2,132000,0,0,1269,66000,"",36.95,4.17,6.04,0.00,0.00,1.45,1.45,"",0,0.0,0,0.0,46067,53.6,0,0.0,0,0.0,167,15.2,8711,15.2
"38063","5","23","74","0","2025","A","",14,66,4274350,2936097,28075,1249,64927,"",1.01,1.22,1.48,2.05,2.52,1.21,1.21,"",-2,-12.5,2,3.1,452168,11.8,286140,10.8,-7943,-22.1,105,9.2,5438,9.1
"38065","2","23","74","0","2025","A","",1,1,64677,0,0,1244,64677,"",90.10,3.03,2.21,0.00,0.00,0.73,0.73,"",0,0.0,1,100.0,52209,418.7,0,0.0,0,0.0,-195,-13.6,-10131,-13.5
"38065","5","23","74","0","2025","A","N",11,0,0,0,0,0,0,"N",1.94,0,0,0,0,0,0,"N",-1,-8.3,0,0,0,0,0,0,0,0,0,0,0,0
"38067","2","23","74","0","2025","A","",1,3,198062,0,0,1344,69904,"",16.57,1.91,2.26,0.00,0.00,1.25,1.25,"",0,0.0,1,50.0,62720,46.3,0,0.0,0,0.0,43,3.3,2233,3.3
"38067","5","23","74","0","2025","A","",27,205,16828396,11630894,544890,1579,82090,"",0.88,1.16,1.45,1.49,2.89,1.25,1.25,"",1,3.8,49,31.4,4235148,33.6,3033074,35.3,6587,1.2,31,2.0,1579,2.0
"38069","2","23","74","0","2025","A","",1,2,148192,0,0,1267,65863,"",33.22,2.63,4.13,0.00,0.00,1.40,1.40,"",0,0.0,0,0.0,27020,22.3,0,0.0,0,0.0,102,8.8,5277,8.7
"38069","5","23","74","0","2025","A","",22,71,4324704,3315058,87621,1178,61271,"",1.43,0.83,0.91,1.16,4.28,1.11,1.11,"",0,0.0,-2,-2.7,-453073,-9.5,69090,2.1,-24752,-22.0,-75,-6.0,-3881,-6.0
"38071","2","23","74","0","2025","A","",1,58,4557256,0,0,1507,78348,"",12.55,22.33,36.72,0.00,0.00,1.64,1.64,"",0,0.0,-2,-3.3,65870,1.5,0,0.0,0,0.0,69,4.8,3595,4.8
"38071","5","23","74","0","2025","A","",56,194,11941482,8420820,204619,1181,61396,"",1.38,0.66,0.73,0.87,1.85,1.09,1.09,"",2,3.7,7,3.7,1193184,11.1,1064259,14.5,36940,22.0,76,6.9,3918,6.8
"38073","2","23","74","0","2025","A","",1,1,64615,0,0,1243,64615,"",24.91,1.07,1.46,0.00,0.00,1.36,1.36,"",0,0.0,0,0.0,-11081,-14.6,0,0.0,0,0.0,-5,-0.4,-267,-0.4
"38073","5","23","74","0","2025","A","",17,42,2847921,1920191,48307,1312,68214,"",0.83,0.40,0.49,0.56,1.90,1.22,1.22,"",1,6.2,-5,-10.6,-149387,-5.0,-228276,-10.6,-42159,-46.6,92,7.5,4779,7.5
"38075","2","23","74","0","2025","A","",1,2,112840,0,0,1371,71267,"",46.00,6.29,7.29,0.00,0.00,1.46,1.46,"",0,0.0,1,100.0,50309,80.5,0,0.0,0,0.0,168,14.0,8736,14.0
"38075","5","23","74","0","2025","A","N",10,0,0,0,0,0,0,"N",0.90,0,0,0,0,0,0,"N",3,42.9,0,0,0,0,0,0,0,0,0,0,0,0
"38077","2","23","74","0","2025","A","",1,3,195564,0,0,1188,61757,"",9.36,0.81,1.02,0.00,0.00,1.19,1.19,"",0,0.0,1,50.0,86457,79.2,0,0.0,0,0.0,93,8.5,4832,8.5
"38077","5","23","74","0","2025","A","",80,396,27858507,18863573,356827,1354,70409,"",1.47,0.95,1.09,1.07,2.29,1.15,1.15,"",6,8.1,3,0.8,3282257,13.4,2013229,11.9,159495,80.8,151,12.6,7834,12.5
"38079","2","23","74","0","2025","A","",1,4,247317,0,0,1189,61829,"",23.00,1.82,2.30,0.00,0.00,1.26,1.26,"",0,0.0,1,33.3,95211,62.6,0,0.0,0,0.0,92,8.4,4789,8.4
"38079","5","23","74","0","2025","A","",47,157,9056828,6268736,338367,1108,57595,"",2.12,0.64,0.63,0.87,3.61,1.00,1.00,"",0,0.0,5,3.3,2006523,28.5,348832,5.9,-26048,-7.1,214,23.9,11084,23.8
"38081","2","23","74","0","2025","A","",1,1,66603,0,0,1281,66603,"",35.94,0.82,0.91,0.00,0.00,1.12,1.12,"",0,0.0,0,0.0,3677,5.8,0,0.0,0,0.0,71,5.9,3677,5.8
"38081","5","23","74","0","2025","A","",10,105,7460247,4676665,25556,1364,70937,"",0.70,0.76,0.77,0.67,0.25,1.01,1.01,"",-2,-16.7,-13,-11.0,-473404,-6.0,-460215,-9.0,-1286,-4.8,76,5.9,3986,6.0
"38083","5","23","74","0","2025","A","N",5,0,0,0,0,0,0,"N",1.32,0,0,0,0,0,0,"N",-1,-16.7,0,0,0,0,0,0,0,0,0,0,0,0
"38085","2","23","74","0","2025","A","",1,1,84277,0,0,1621,84277,"",81.20,1.40,2.23,0.00,0.00,1.59,1.59,"",0,0.0,0,0.0,11160,15.3,0,0.0,0,0.0,215,15.3,11160,15.3
"38085","5","23","74","0","2025","A","N",6,0,0,0,0,0,0,"N",0.96,0,0,0,0,0,0,"N",-1,-14.3,0,0,0,0,0,0,0,0,0,0,0,0
"38089","2","23","74","0","2025","A","",1,53,4061341,0,0,1483,77114,"",4.18,5.76,6.52,0.00,0.00,1.14,1.14,"",0,0.0,1,1.9,52131,1.3,0,0.0,0,0.0,-2,-0.1,-110,-0.1
"38089","5","23","74","0","2025","A","",184,1926,177053367,98171899,2007678,1768,91952,"",1.51,1.86,2.15,1.88,3.85,1.15,1.15,"",9,5.1,207,12.0,24767297,16.3,14257621,17.0,-229797,-10.3,65,3.8,3384,3.8
"38091","2","23","74","0","2025","A","",0,0,5053,0,0,1166,60636,"",0.00,0.00,0.34,0.00,0.00,1.03,1.03,"N",0,0,0,0,0,0,0,0,0,0,0,0,0,0
"38091","5","23","74","0","2025","A","",6,84,7172058,3979934,168469,1639,85213,"",0.90,2.99,3.68,2.91,6.53,1.23,1.23,"",1,20.0,-3,-3.4,301341,4.4,48957,1.2,140729,507.3,113,7.4,5859,7.4
"38093","2","23","74","0","2025","A","",1,15,892890,0,0,1164,60535,"",7.55,2.87,3.15,0.00,0.00,1.12,1.12,"",0,0.0,3,25.0,211350,31.0,0,0.0,0,0.0,56,5.1,2940,5.1
"38093","5","23","74","0","2025","A","",90,627,46766038,28624848,969828,1435,74637,"",1.33,1.06,1.25,1.37,5.02,1.17,1.17,"",-17,-15.9,43,7.4,4576720,10.8,1295719,4.7,340828,54.2,45,3.2,2343,3.2
"38095","2","23","74","0","2025","A","",1,1,70197,0,0,1080,56158,"",67.12,3.30,4.58,0.00,0.00,1.11,1.11,"",0,0.0,-1,-50.0,-19703,-21.9,0,0.0,0,0.0,137,14.5,7122,14.5
"38095","5","23","74","0","2025","A","N",4,0,0,0,0,0,0,"N",0.53,0,0,0,0,0,0,"N",-1,-20.0,0,0,0,0,0,0,0,0,0,0,0,0
"38097","2","23","74","0","2025","A","",1,2,129364,0,0,1244,64682,"",16.36,1.20,1.35,0.00,0.00,1.13,1.13,"",0,0.0,0,0.0,2364,1.9,0,0.0,0,0.0,23,1.9,1182,1.9
"38097","5","23","74","0","2025","A","",38,226,19478333,13273330,666827,1658,86219,"",1.22,1.20,1.53,1.68,5.33,1.28,1.28,"",0,0.0,-3,-1.3,2468404,14.5,1858196,16.3,251344,60.5,229,16.0,11886,16.0
"38099","2","23","74","0","2025","A","",1,1,52998,0,0,1112,57816,"",12.48,0.45,0.46,0.00,0.00,1.11,1.11,"",0,0.0,0,0.0,-7353,-12.2,0,0.0,0,0.0,-49,-4.2,-2535,-4.2
"38099","5","23","74","0","2025","A","",40,153,9979652,6585612,147709,1252,65120,"",0.98,0.61,0.65,0.70,1.23,1.07,1.07,"",-2,-4.8,1,0.7,566044,6.0,419772,6.8,26583,21.9,58,4.9,3052,4.9
"38101","2","23","74","0","2025","A","",1,62,4625584,0,0,1441,74908,"",2.45,4.23,5.52,0.00,0.00,1.31,1.31,"",0,0.0,-3,-4.6,-82036,-1.7,0,0.0,0,0.0,57,4.1,2944,4.1
"38101","5","23","74","0","2025","A","",297,1900,142323350,85149498,2109982,1440,74894,"",1.43,1.15,1.28,1.34,3.24,1.11,1.11,"",-15,-4.8,-131,-6.5,-159939,-0.1,-2722453,-3.1,-253383,-10.7,91,6.7,4731,6.7
"38103","2","23","74","0","2025","A","",1,2,115574,0,0,1334,69344,"",31.77,2.94,3.75,0.00,0.00,1.53,1.53,"N",1,100.0,0,0,0,0,0,0,0,0,0,0,0,0
"38103","5","23","74","0","2025","A","",19,40,1823567,1570314,105499,888,46166,"",1.18,0.52,0.45,0.66,3.83,0.86,0.86,"",-1,-5.0,1,2.6,17726,1.0,60915,4.0,11607,12.4,5,0.6,255,0.6
"38105","2","23","74","0","2025","A","",1,58,4817206,0,0,1600,83175,"",3.01,4.63,4.56,0.00,0.00,0.99,0.99,"",0,0.0,-1,-1.7,116071,2.5,0,0.0,0,0.0,61,4.0,3156,3.9
"38105","5","23","74","0","2025","A","",216,2313,251507414,124358626,1198530,2091,108752,"",1.28,1.64,1.80,1.48,1.34,1.10,1.10,"",-20,-8.5,-164,-6.6,-9486656,-3.6,-12434210,-9.1,-852604,-41.6,65,3.2,3385,3.2
"38999","5","23","74","0","2025","A","",102,516,66116416,40083150,2308990,2464,128153,"",1.78,3.53,4.03,3.43,6.15,1.14,1.14,"",8,8.5,216,72.0,29568481,80.9,16147520,67.5,1086842,88.9,122,5.2,6360,5.2
"39000","3","23","54","0","2025","A","",326,6844,454376966,78852,473,1277,66395,"",2.70,1.74,1.92,0.01,0.01,1.10,1.10,"",-2,-0.6,47,0.7,28843235,6.8,-6360,-7.5,-293,-38.3,73,6.1,3789,6.1
"39000","5","23","54","0","2025","A","",26270,259489,22051527095,3352343260,176031789,1634,84981,"",0.98,0.89,1.02,0.87,1.36,1.16,1.15,"",220,0.8,10444,4.2,2197613784,11.1,184232073,5.8,-5812702,-3.2,101,6.6,5261,6.6
"39001","3","23","74","0","2025","A","",1,22,774571,0,0,693,36027,"",4.21,4.46,3.27,0.00,0.00,0.75,0.75,"",0,0.0,2,10.0,142227,22.5,0,0.0,0,0.0,80,13.1,4144,13.0
"39001","5","23","74","0","2025","A","",78,427,24963038,5943187,456627,1125,58496,"",1.48,1.16,1.16,1.27,2.33,0.99,0.99,"",0,0.0,-22,-4.9,-1454953,-5.5,-584700,-9.0,20749,4.8,-7,-0.6,-385,-0.7
"39003","3","23","74","0","2025","A","",2,74,4541082,0,0,1177,61228,"",2.22,2.08,2.40,0.00,0.00,1.15,1.15,"",0,0.0,0,0.0,159478,3.6,0,0.0,0,0.0,34,3.0,1816,3.1
"39003","5","23","74","0","2025","A","N",213,0,0,0,0,0,0,"N",1.06,0,0,0,0,0,0,"N",1,0.5,0,0,0,0,0,0,0,0,0,0,0,0
"39005","3","23","74","0","2025","A","",2,36,1754571,0,0,942,48965,"",4.71,2.72,2.98,0.00,0.00,1.10,1.10,"",0,0.0,1,2.9,-14295,-0.8,0,0.0,0,0.0,-23,-2.4,-1216,-2.4
"39005","5","23","74","0","2025","A","",103,856,68184706,10827586,463510,1531,79609,"",1.09,0.87,1.27,0.94,1.49,1.47,1.47,"",-2,-1.9,29,3.5,6907464,11.3,1403830,14.9,50030,12.1,106,7.4,5521,7.5
"39007","3","23","74","0","2025","A","",4,66,3609333,0,0,1049,54549,"",5.10,3.19,3.99,0.00,0.00,1.25,1.25,"",0,0.0,-1,-1.5,62757,1.8,0,0.0,0,0.0,37,3.7,1942,3.7
"39007","5","23","74","0","2025","A","",208,1087,72014372,12439043,610242,1274,66230,"",1.19,0.71,0.87,0.65,1.08,1.24,1.24,"",12,6.1,-4,-0.4,4428937,6.6,-32332,-0.3,-46470,-7.1,83,7.0,4287,6.9
"39009","3","23","74","0","2025","A","",5,49,3198893,0,0,1260,65506,"",10.44,3.21,4.67,0.00,0.00,1.46,1.46,"",0,0.0,-4,-7.5,70512,2.3,0,0.0,0,0.0,120,10.5,6200,10.5
"39009","5","23","74","0","2025","A","",94,625,39758291,7116248,350743,1223,63605,"",0.88,0.55,0.64,0.74,1.35,1.16,1.16,"",-1,-1.1,95,17.9,8656079,27.8,1141742,19.1,16935,5.1,94,8.3,4922,8.4
"39011","3","23","74","0","2025","A","",3,42,2565626,0,0,1189,61822,"",7.76,2.66,3.12,0.00,0.00,1.19,1.19,"",0,0.0,-6,-12.5,-160644,-5.9,0,0.0,0,0.0,97,8.9,5025,8.8
"39011","5","23","74","0","2025","A","N",102,0,0,0,0,0,0,"N",1.19,0,0,0,0,0,0,"N",0,0.0,0,0,0,0,0,0,0,0,0,0,0,0
"39013","3","23","74","0","2025","A","",3,47,3062383,78852,473,1242,64585,"",5.24,3.22,4.57,3.50,1.94,1.41,1.41,"",0,0.0,1,2.2,218692,7.7,-6360,-7.5,-293,-38.3,66,5.6,3430,5.6
"39013","5","23","74","0","2025","A","",130,1003,71180623,13389733,872635,1364,70950,"",1.02,0.92,1.17,0.93,1.65,1.26,1.26,"",-2,-1.5,8,0.8,4712360,7.1,300225,2.3,-81246,-8.5,80,6.2,4170,6.2
"39015","3","23","74","0","2025","A","",1,24,1185564,0,0,937,48722,"",3.66,4.20,5.17,0.00,0.00,1.21,1.21,"",0,0.0,1,4.3,123308,11.6,0,0.0,0,0.0,65,7.5,3359,7.4
"39015","5","23","74","0","2025","A","",85,284,18480963,3396719,172837,1251,65055,"",1.40,0.67,0.89,0.70,1.05,1.33,1.33,"",3,3.7,-13,-4.4,229823,1.3,-437116,-11.4,-40783,-19.1,68,5.7,3517,5.7
"39017","3","23","74","0","2025","A","",8,146,9846313,0,0,1297,67440,"",2.47,1.25,1.43,0.00,0.00,1.14,1.14,"",0,0.0,10,7.4,1121525,12.9,0,0.0,0,0.0,64,5.2,3326,5.2
"39017","5","23","74","0","2025","A","",708,9262,843603930,122762052,5880430,1751,91077,"",0.98,1.07,1.34,1.00,1.44,1.26,1.26,"",20,2.9,222,2.5,109414695,14.9,4563212,3.9,-617235,-9.5,189,12.1,9861,12.1
"39019","3","23","74","0","2025","A","",1,31,1650982,0,0,1013,52691,"",5.16,7.12,8.38,0.00,0.00,1.16,1.16,"",0,0.0,2,6.9,193184,13.3,0,0.0,0,0.0,41,4.2,2132,4.2
"39019","5","23","74","0","2025","A","",76,629,45110829,7904384,245849,1379,71709,"",1.76,1.94,2.51,1.93,2.00,1.29,1.29,"",0,0.0,40,6.8,7106885,18.7,378988,5.0,10755,4.6,138,11.1,7168,11.1
"39021","3","23","74","0","2025","A","",1,7,469738,0,0,1260,65545,"",3.84,0.87,1.21,0.00,0.00,1.36,1.36,"",0,0.0,1,16.7,105433,28.9,0,0.0,0,0.0,154,13.9,8023,13.9
"39021","5","23","74","0","2025","A","",63,274,18773738,3299507,110557,1318,68517,"",1.09,0.46,0.53,0.42,0.52,1.17,1.17,"",3,5.0,19,7.5,2821213,17.7,395098,13.6,-3077,-2.7,115,9.6,5979,9.6
"39023","3","23","74","0","2025","A","",3,73,4933142,0,0,1304,67810,"",3.35,2.25,3.24,0.00,0.00,1.45,1.45,"",0,0.0,3,4.3,457007,10.2,0,0.0,0,0.0,83,6.8,4319,6.8
"39023","5","23","74","0","2025","A","N",204,0,0,0,0,0,0,"N",1.02,0,0,0,0,0,0,"N",-2,-1.0,0,0,0,0,0,0,0,0,0,0,0,0
"39025","3","23","74","0","2025","A","",4,65,4025533,0,0,1193,62011,"",2.25,1.45,1.70,0.00,0.00,1.18,1.17,"",0,0.0,2,3.2,233151,6.1,0,0.0,0,0.0,41,3.6,2131,3.6
"39025","5","23","74","0","2025","A","N",562,0,0,0,0,0,0,"N",1.42,0,0,0,0,0,0,"N",23,4.3,0,0,0,0,0,0,0,0,0,0,0,0
"39027","3","23","74","0","2025","A","",2,45,1945422,0,0,834,43392,"",5.97,3.32,2.46,0.00,0.00,0.74,0.74,"",0,0.0,1,2.3,126823,7.0,0,0.0,0,0.0,45,5.7,2371,5.8
"39027","5","23","74","0","2025","A","N",80,0,0,0,0,0,0,"N",1.07,0,0,0,0,0,0,"N",-1,-1.2,0,0,0,0,0,0,0,0,0,0,0,0
"39029","3","23","74","0","2025","A","",5,55,3266776,0,0,1142,59396,"",6.42,2.72,3.59,0.00,0.00,1.32,1.32,"",-1,-16.7,0,0.0,373281,12.9,0,0.0,0,0.0,135,13.4,7025,13.4
"39029","5","23","74","0","2025","A","N",208,0,0,0,0,0,0,"N",1.20,0,0,0,0,0,0,"N",6,3.0,0,0,0,0,0,0,0,0,0,0,0,0
"39031","3","23","74","0","2025","A","",3,39,1791408,0,0,883,45934,"",11.45,5.62,5.50,0.00,0.00,0.98,0.98,"",0,0.0,-1,-2.5,34389,2.0,0,0.0,0,0.0,31,3.6,1639,3.7
"39031","5","23","74","0","2025","A","",63,340,20902650,3855670,180625,1184,61569,"",1.08,0.66,0.71,0.59,0.89,1.07,1.07,"",4,6.8,58,20.6,3777218,22.1,759164,24.5,39931,28.4,16,1.4,823,1.4
"39033","3","23","74","0","2025","A","",4,42,2510692,0,0,1147,59660,"",12.29,4.69,6.10,0.00,0.00,1.30,1.30,"",0,0.0,-3,-6.7,98886,4.1,0,0.0,0,0.0,114,11.0,5965,11.1
"39033","5","23","74","0","2025","A","",93,563,38398640,7603004,416918,1312,68204,"",1.28,0.85,1.02,1.01,1.85,1.21,1.21,"",-1,-1.1,43,8.3,5085319,15.3,1774782,30.5,138053,49.5,80,6.5,4150,6.5
"39035","3","23","74","0","2025","A","",32,948,69018832,0,0,1400,72817,"",2.36,1.92,2.06,0.00,0.00,1.07,1.07,"",0,0.0,39,4.3,5469117,8.6,0,0.0,0,0.0,55,4.1,2880,4.1
"39035","5","23","74","0","2025","A","",2253,23587,2042426683,297323914,18564039,1665,86593,"",0.75,0.64,0.67,0.66,1.20,1.04,1.04,"",-7,-0.3,540,2.3,158933120,8.4,9357476,3.2,-841150,-4.3,93,5.9,4867,6.0
"39037","3","23","74","0","2025","A","",2,48,2458078,0,0,987,51299,"",4.34,3.68,4.01,0.00,0.00,1.09,1.09,"",0,0.0,-3,-5.9,-43595,-1.7,0,0.0,0,0.0,39,4.1,2005,4.1
"39037","5","23","74","0","2025","A","",165,922,62944787,10872846,390568,1312,68239,"",1.61,0.95,1.13,0.87,1.19,1.19,1.19,"",-1,-0.6,37,4.2,4551303,7.8,357318,3.4,-52328,-11.8,43,3.4,2258,3.4
"39039","3","23","74","0","2025","A","",2,27,1703266,0,0,1198,62315,"",6.11,2.46,3.20,0.00,0.00,1.28,1.28,"",0,0.0,-1,-3.6,94069,5.8,0,0.0,0,0.0,83,7.4,4326,7.5
"39039","5","23","74","0","2025","A","N",69,0,0,0,0,0,0,"N",0.95,0,0,0,0,0,0,"N",1,1.5,0,0,0,0,0,0,0,0,0,0,0,0
"39041","3","23","74","0","2025","A","",2,88,7143179,0,0,1555,80866,"",0.77,1.23,1.49,0.00,0.00,1.21,1.21,"",0,0.0,3,3.5,629429,9.7,0,0.0,0,0.0,75,5.1,3932,5.1
"39041","5","23","74","0","2025","A","N",521,0,0,0,0,0,0,"N",0.90,0,0,0,0,0,0,"N",2,0.4,0,0,0,0,0,0,0,0,0,0,0,0
"39043","3","23","74","0","2025","A","",4,44,2902589,0,0,1281,66599,"",5.53,1.70,2.44,0.00,0.00,1.45,1.45,"",0,0.0,-2,-4.3,96108,3.4,0,0.0,0,0.0,99,8.4,5143,8.4
"39043","5","23","74","0","2025","A","N",148,0,0,0,0,0,0,"N",0.92,0,0,0,0,0,0,"N",-4,-2.6,0,0,0,0,0,0,0,0,0,0,0,0
"39045","3","23","74","0","2025","A","",4,111,7448906,0,0,1292,67208,"",3.25,3.25,4.44,0.00,0.00,1.37,1.37,"",0,0.0,3,2.8,771952,11.6,0,0.0,0,0.0,101,8.5,5289,8.5
"39045","5","23","74","0","2025","A","",393,3630,311733202,43720769,1468205,1651,85877,"",1.44,1.43,2.04,1.37,1.54,1.43,1.43,"",4,1.0,322,9.7,66649871,27.2,4782031,12.3,-1354,-0.1,226,15.9,11793,15.9
"39047","3","23","74","0","2025","A","",2,32,1760318,0,0,1069,55589,"",8.15,3.76,4.38,0.00,0.00,1.17,1.17,"",0,0.0,0,0.0,181736,11.5,0,0.0,0,0.0,128,13.6,6641,13.6
"39047","5","23","74","0","2025","A","",61,493,45102884,7955255,326235,1759,91471,"",1.12,0.78,1.23,0.83,1.27,1.58,1.58,"",0,0.0,55,12.6,5912811,15.1,1216361,18.0,-31154,-8.7,39,2.3,2030,2.3
"39049","3","23","74","0","2025","A","",10,405,30183724,0,0,1435,74604,"",0.72,0.72,0.80,0.00,0.00,1.12,1.12,"",0,0.0,13,3.3,1762865,6.2,0,0.0,0,0.0,39,2.8,2025,2.8
"39049","5","23","74","0","2025","A","",2356,38734,3820674955,500979183,26533412,1897,98639,"",0.76,0.92,1.11,0.93,1.48,1.21,1.21,"",4,0.2,2999,8.4,545825247,16.7,47446369,10.5,1377205,5.5,135,7.7,6996,7.6
"39051","3","23","74","0","2025","A","",2,30,1739183,0,0,1121,58297,"",5.12,2.36,2.65,0.00,0.00,1.13,1.13,"",0,0.0,0,0.0,185961,12.0,0,0.0,0,0.0,111,11.0,5794,11.0
"39051","5","23","74","0","2025","A","",137,879,89780787,13060113,1014018,1964,102120,"",1.57,0.93,1.50,1.09,2.38,1.62,1.62,"",-1,-0.7,68,8.4,6454890,7.7,614770,4.9,13208,1.3,-12,-0.6,-656,-0.6
"39053","3","23","74","0","2025","A","",2,14,809543,0,0,1074,55831,"",7.43,1.73,2.22,0.00,0.00,1.24,1.24,"",0,0.0,-2,-12.5,-64425,-7.4,0,0.0,0,0.0,24,2.3,1208,2.2
"39053","5","23","74","0","2025","A","",64,591,32527732,7387102,299159,1059,55070,"",1.07,0.98,0.98,1.23,1.50,1.00,1.00,"",1,1.6,38,6.9,4399318,15.6,604783,8.9,28679,10.6,82,8.4,4243,8.3
"39055","3","23","74","0","2025","A","",1,31,2311078,0,0,1438,74752,"",0.90,1.19,1.72,0.00,0.00,1.45,1.45,"",-1,-50.0,-24,-43.6,-919222,-28.5,0,0.0,0,0.0,310,27.5,16108,27.5
"39055","5","23","74","0","2025","A","N",455,0,0,0,0,0,0,"N",1.84,0,0,0,0,0,0,"N",-1,-0.2,0,0,0,0,0,0,0,0,0,0,0,0
"39057","3","23","74","0","2025","A","",5,110,6366623,0,0,1115,57966,"",3.42,1.92,1.72,0.00,0.00,0.90,0.90,"",0,0.0,2,1.9,295306,4.9,0,0.0,0,0.0,31,2.9,1576,2.8
"39057","5","23","74","0","2025","A","N",254,0,0,0,0,0,0,"N",0.78,0,0,0,0,0,0,"N",-7,-2.7,0,0,0,0,0,0,0,0,0,0,0,0
"39059","3","23","74","0","2025","A","",2,38,1917369,0,0,975,50679,"",5.85,3.62,3.81,0.00,0.00,1.06,1.06,"",0,0.0,2,5.6,227240,13.4,0,0.0,0,0.0,68,7.5,3513,7.4
"39059","5","23","74","0","2025","A","",73,500,40890751,5893533,323039,1572,81727,"",0.96,0.64,0.89,0.58,0.89,1.39,1.39,"",1,1.4,37,8.0,5156672,14.4,857375,17.0,17328,5.7,88,5.9,4548,5.9
"39061","3","23","74","0","2025","A","",21,520,39783423,0,0,1470,76458,"",2.22,1.42,1.56,0.00,0.00,1.10,1.10,"",0,0.0,7,1.4,2735912,7.4,0,0.0,0,0.0,81,5.8,4205,5.8
"39061","5","23","74","0","2025","A","",1661,24059,2063751239,296438161,14602378,1650,85780,"",0.79,0.88,0.89,0.82,1.23,1.01,1.01,"",-32,-1.9,-77,-0.3,80995588,4.1,1525586,0.5,-1014340,-6.5,70,4.4,3632,4.4
"39063","3","23","74","0","2025","A","",2,49,3385781,0,0,1318,68515,"",2.94,1.57,1.90,0.00,0.00,1.20,1.20,"",0,0.0,1,2.1,509663,17.7,0,0.0,0,0.0,178,15.6,9214,15.5
"39063","5","23","74","0","2025","A","N",137,0,0,0,0,0,0,"N",0.90,0,0,0,0,0,0,"N",-5,-3.5,0,0,0,0,0,0,0,0,0,0,0,0
"39065","3","23","74","0","2025","A","",2,40,1877143,0,0,893,46445,"",10.11,7.37,7.54,0.00,0.00,1.01,1.01,"",0,0.0,0,0.0,-44186,-2.3,0,0.0,0,0.0,-33,-3.6,-1689,-3.5
"39065","5","23","74","0","2025","A","",43,140,6813359,1525844,40237,934,48580,"",0.98,0.35,0.30,0.35,0.33,0.87,0.87,"",-1,-2.3,-1,-0.7,75496,1.1,-84735,-5.3,-19162,-32.3,17,1.9,906,1.9
"39067","3","23","74","0","2025","A","",1,25,1335214,0,0,1041,54130,"",8.20,8.95,8.50,0.00,0.00,0.96,0.96,"",0,0.0,0,0.0,58014,4.5,0,0.0,0,0.0,49,4.9,2526,4.9
"39067","5","23","74","0","2025","A","",37,215,18182870,2837294,179058,1628,84637,"",1.36,1.03,1.27,1.15,1.62,1.23,1.23,"",1,2.8,-2,-0.9,2075100,12.9,-281073,-9.0,-72381,-28.8,199,13.9,10351,13.9
"39069","3","23","74","0","2025","A","",2,23,1450551,0,0,1222,63528,"",8.43,3.02,3.80,0.00,0.00,1.27,1.27,"",0,0.0,-1,-4.2,96570,7.1,0,0.0,0,0.0,114,10.3,5912,10.3
"39069","5","23","74","0","2025","A","",62,897,71251213,10878472,528938,1527,79425,"",1.17,1.58,2.05,1.63,1.71,1.29,1.29,"",-3,-4.6,101,12.7,7496493,11.8,916124,9.2,-29825,-5.3,-12,-0.8,-627,-0.8
"39071","3","23","74","0","2025","A","",3,48,2386386,0,0,953,49544,"",10.01,6.27,7.59,0.00,0.00,1.21,1.21,"",0,0.0,5,11.6,364759,18.0,0,0.0,0,0.0,47,5.2,2438,5.2
"39071","5","23","74","0","2025","A","",93,531,34881481,7040062,367701,1264,65721,"",1.39,0.93,1.22,1.06,1.54,1.31,1.31,"",3,3.3,-192,-26.6,-14380260,-29.2,-3026239,-30.1,-349108,-48.7,-46,-3.5,-2398,-3.5
"39073","3","23","74","0","2025","A","",2,25,1474612,0,0,1138,59182,"",9.70,4.67,7.81,0.00,0.00,1.68,1.68,"",0,0.0,-1,-3.8,-16313,-1.1,0,0.0,0,0.0,32,2.9,1654,2.9
"39073","5","23","74","0","2025","A","N",73,0,0,0,0,0,0,"N",1.59,0,0,0,0,0,0,"N",0,0.0,0,0,0,0,0,0,0,0,0,0,0,0
"39075","3","23","74","0","2025","A","",1,32,1751099,0,0,1061,55153,"",1.85,2.05,2.25,0.00,0.00,1.11,1.11,"",0,0.0,2,6.7,116416,7.1,0,0.0,0,0.0,25,2.4,1262,2.3
"39075","5","23","74","0","2025","A","N",324,0,0,0,0,0,0,"N",2.70,0,0,0,0,0,0,"N",1,0.3,0,0,0,0,0,0,0,0,0,0,0,0
"39077","3","23","74","0","2025","A","",3,48,2773031,0,0,1111,57771,"",6.11,3.16,3.74,0.00,0.00,1.18,1.18,"",0,0.0,-2,-4.0,238582,9.4,0,0.0,0,0.0,126,12.8,6570,12.8
"39077","5","23","74","0","2025","A","N",152,0,0,0,0,0,0,"N",1.39,0,0,0,0,0,0,"N",1,0.7,0,0,0,0,0,0,0,0,0,0,0,0
"39079","3","23","74","0","2025","A","",4,50,1985814,0,0,761,39584,"",15.09,6.87,6.47,0.00,0.00,0.94,0.94,"",0,0.0,13,35.1,9727,0.5,0,0.0,0,0.0,-259,-25.4,-13465,-25.4
"39079","5","23","74","0","2025","A","N",68,0,0,0,0,0,0,"N",1.15,0,0,0,0,0,0,"N",3,4.6,0,0,0,0,0,0,0,0,0,0,0,0
"39081","3","23","74","0","2025","A","",4,61,3411812,0,0,1077,56008,"",8.07,4.38,5.14,0.00,0.00,1.17,1.17,"",0,0.0,-1,-1.6,209951,6.6,0,0.0,0,0.0,92,9.3,4778,9.3
"39081","5","23","74","0","2025","A","N",134,0,0,0,0,0,0,"N",1.22,0,0,0,0,0,0,"N",2,1.5,0,0,0,0,0,0,0,0,0,0,0,0
"39083","3","23","74","0","2025","A","",2,38,2308342,0,0,1173,61013,"",4.20,2.62,3.13,0.00,0.00,1.20,1.20,"",0,0.0,2,5.6,298889,14.9,0,0.0,0,0.0,97,9.0,5065,9.1
"39083","5","23","74","0","2025","A","",147,1327,111327740,16557028,874366,1613,83873,"",1.39,1.23,1.66,1.36,2.22,1.35,1.35,"",9,6.5,161,13.8,16829487,17.8,1855503,12.6,70186,8.7,54,3.5,2828,3.5
"39085","3","23","74","0","2025","A","",11,206,14937302,0,0,1396,72570,"",4.63,2.90,3.88,0.00,0.00,1.34,1.34,"",0,0.0,0,0.0,430816,3.0,0,0.0,0,0.0,41,3.0,2122,3.0
"39085","5","23","74","0","2025","A","N",650,0,0,0,0,0,0,"N",1.23,0,0,0,0,0,0,"N",-10,-1.5,0,0,0,0,0,0,0,0,0,0,0,0
"39087","3","23","74","0","2025","A","",2,32,1626689,0,0,970,50440,"",5.52,3.21,3.72,0.00,0.00,1.15,1.15,"",0,0.0,-1,-3.0,23367,1.5,0,0.0,0,0.0,29,3.1,1484,3.0
"39087","5","23","74","0","2025","A","N",96,0,0,0,0,0,0,"N",1.19,0,0,0,0,0,0,"N",4,4.3,0,0,0,0,0,0,0,0,0,0,0,0
"39089","3","23","74","0","2025","A","",3,71,4216792,0,0,1142,59391,"",2.13,1.32,1.45,0.00,0.00,1.10,1.10,"",0,0.0,-5,-6.6,-108031,-2.5,0,0.0,0,0.0,51,4.7,2672,4.7
"39089","5","23","74","0","2025","A","",460,5764,518159303,80174992,2466797,1729,89897,"",1.47,1.44,1.96,1.43,1.35,1.36,1.36,"",12,2.7,561,10.8,71242398,15.9,7539430,10.4,-802224,-24.5,77,4.7,4004,4.7
"39091","3","23","74","0","2025","A","",2,34,1792235,0,0,1019,52972,"",5.50,2.45,2.50,0.00,0.00,1.02,1.02,"",0,0.0,-3,-8.1,-66804,-3.6,0,0.0,0,0.0,42,4.3,2155,4.2
"39091","5","23","74","0","2025","A","",88,695,48692043,7936821,204348,1347,70069,"",1.09,0.67,0.74,0.61,0.69,1.11,1.11,"",5,6.0,-1,-0.1,765810,1.6,283641,3.7,-48581,-19.2,22,1.7,1185,1.7
"39093","3","23","74","0","2025","A","",10,206,14468630,0,0,1350,70179,"",4.14,2.90,3.99,0.00,0.00,1.37,1.37,"",0,0.0,2,1.0,1082746,8.1,0,0.0,0,0.0,88,7.0,4535,6.9
"39093","5","23","74","0","2025","A","N",676,0,0,0,0,0,0,"N",1.26,0,0,0,0,0,0,"N",-1,-0.1,0,0,0,0,0,0,0,0,0,0,0,0
"39095","3","23","74","0","2025","A","",3,199,15920804,0,0,1538,79971,"",0.78,1.43,2.02,0.00,0.00,1.41,1.41,"",0,0.0,-17,-7.9,176194,1.1,0,0.0,0,0.0,138,9.9,7164,9.8
"39095","5","23","74","0","2025","A","",742,8791,788301101,119719242,7828484,1724,89670,"",0.87,0.85,1.10,0.90,1.42,1.29,1.29,"",-4,-0.5,248,2.9,76804397,10.8,5284947,4.6,45643,0.6,122,7.6,6382,7.7
"39097","3","23","74","0","2025","A","",2,40,2321653,0,0,1123,58406,"",5.36,2.32,2.69,0.00,0.00,1.17,1.17,"",0,0.0,0,0.0,134518,6.2,0,0.0,0,0.0,67,6.3,3499,6.4
"39097","5","23","74","0","2025","A","N",149,0,0,0,0,0,0,"N",1.80,0,0,0,0,0,0,"N",-3,-2.0,0,0,0,0,0,0,0,0,0,0,0,0
"39099","3","23","74","0","2025","A","",6,123,7913522,0,0,1239,64425,"",2.75,1.85,2.51,0.00,0.00,1.36,1.36,"",0,0.0,0,0.0,488567,6.6,0,0.0,0,0.0,80,6.9,4182,6.9
"39099","5","23","74","0","2025","A","",511,4827,386382906,62299898,4233093,1539,80039,"",1.05,0.98,1.35,0.93,1.70,1.38,1.38,"",1,0.2,57,1.2,22829013,6.3,2290747,3.8,-116479,-2.7,73,5.0,3829,5.0
"39101","3","23","74","0","2025","A","",2,40,2446278,0,0,1171,60903,"",4.60,2.40,2.96,0.00,0.00,1.23,1.23,"",0,0.0,5,14.3,379615,18.4,0,0.0,0,0.0,27,2.4,1431,2.4
"39101","5","23","74","0","2025","A","N",101,0,0,0,0,0,0,"N",1.04,0,0,0,0,0,0,"N",11,12.2,0,0,0,0,0,0,0,0,0,0,0,0
"39103","3","23","74","0","2025","A","",4,77,5505695,0,0,1371,71271,"",2.17,1.71,2.30,0.00,0.00,1.34,1.34,"",0,0.0,4,5.5,698516,14.5,0,0.0,0,0.0,106,8.4,5494,8.4
"39103","5","23","74","0","2025","A","N",570,0,0,0,0,0,0,"N",1.39,0,0,0,0,0,0,"N",-11,-1.9,0,0,0,0,0,0,0,0,0,0,0,0
"39105","3","23","74","0","2025","A","",1,23,1368705,0,0,1161,60384,"",8.04,9.25,14.32,0.00,0.00,1.57,1.57,"",0,0.0,0,0.0,149462,12.3,0,0.0,0,0.0,123,11.8,6395,11.8
"39105","5","23","74","0","2025","A","",36,252,14625074,2660480,160231,1115,57978,"",1.30,1.36,1.68,1.32,2.59,1.23,1.23,"",-4,-10.0,24,10.5,2806515,23.7,165016,6.6,9052,6.0,118,11.8,6142,11.8
"39107","3","23","74","0","2025","A","",2,33,1946862,0,0,1149,59750,"",4.72,2.29,2.89,0.00,0.00,1.27,1.27,"",0,0.0,1,3.1,102863,5.6,0,0.0,0,0.0,32,2.9,1671,2.9
"39107","5","23","74","0","2025","A","",130,1148,73864243,12430800,296003,1238,64356,"",1.38,1.07,1.20,0.92,1.04,1.12,1.12,"",-2,-1.5,-6,-0.5,2063775,2.9,-216027,-1.7,-43631,-12.8,41,3.4,2124,3.4
"39109","3","23","74","0","2025","A","",5,53,3966419,0,0,1430,74370,"",5.46,1.78,2.64,0.00,0.00,1.47,1.47,"",0,0.0,2,3.9,484824,13.9,0,0.0,0,0.0,121,9.2,6326,9.3
"39109","5","23","74","0","2025","A","N",264,0,0,0,0,0,0,"N",1.29,0,0,0,0,0,0,"N",0,0.0,0,0,0,0,0,0,0,0,0,0,0,0
"39111","3","23","74","0","2025","A","",1,24,1165846,0,0,921,47911,"",8.06,12.34,13.90,0.00,0.00,1.11,1.11,"",0,0.0,-4,-14.3,-78704,-6.3,0,0.0,0,0.0,81,9.6,4243,9.7
"39111","5","23","74","0","2025","A","",40,142,8767662,1852469,75316,1190,61889,"",1.45,0.98,1.15,1.18,1.19,1.17,1.17,"N",0,0.0,0,0,0,0,0,0,0,0,0,0,0,0
"39113","3","23","74","0","2025","A","",13,211,15770800,0,0,1436,74655,"",2.81,1.18,1.57,0.00,0.00,1.33,1.33,"",0,0.0,1,0.5,1143157,7.8,0,0.0,0,0.0,96,7.2,5000,7.2
"39113","5","23","74","0","2025","A","",860,10842,915138715,130319277,5817753,1623,84405,"",0.84,0.81,1.00,0.79,1.17,1.23,1.23,"",9,1.1,249,2.4,73600652,8.7,1146225,0.9,-736014,-11.2,95,6.2,4960,6.2
"39115","3","23","74","0","2025","A","",1,22,1145853,0,0,1013,52683,"",11.96,10.97,13.01,0.00,0.00,1.20,1.20,"",0,0.0,3,15.8,92156,8.7,0,0.0,0,0.0,-53,-5.0,-2775,-5.0
"39115","5","23","74","0","2025","A","N",28,0,0,0,0,0,0,"N",1.50,0,0,0,0,0,0,"N",1,3.7,0,0,0,0,0,0,0,0,0,0,0,0
"39117","3","23","74","0","2025","A","",1,28,1454611,0,0,1011,52576,"",5.09,7.41,9.23,0.00,0.00,1.26,1.26,"",0,0.0,1,3.7,116453,8.7,0,0.0,0,0.0,70,7.4,3619,7.4
"39117","5","23","74","0","2025","A","",89,425,25157462,5588845,265563,1138,59194,"",2.04,1.51,1.75,1.78,2.42,1.16,1.16,"",-7,-7.3,20,4.9,2350368,10.3,681035,13.9,57054,27.4,54,5.0,2845,5.0
"39119","3","23","74","0","2025","A","",2,56,2866548,0,0,992,51572,"",2.86,2.20,2.35,0.00,0.00,1.08,1.08,"",0,0.0,0,0.0,-18663,-0.6,0,0.0,0,0.0,-2,-0.2,-103,-0.2
"39119","5","23","74","0","2025","A","",197,1422,93298038,17979041,929592,1262,65610,"",1.27,0.75,0.84,0.79,1.28,1.12,1.12,"",3,1.5,-44,-3.0,1491126,1.6,-1235229,-6.4,-192864,-17.2,58,4.8,3007,4.8
"39121","3","23","74","0","2025","A","",1,27,1286667,0,0,928,48250,"",10.71,12.54,12.85,0.00,0.00,1.04,1.04,"",0,0.0,-1,-3.6,6249,0.5,0,0.0,0,0.0,46,5.2,2384,5.2
"39121","5","23","74","0","2025","A","N",29,0,0,0,0,0,0,"N",1.40,0,0,0,0,0,0,"N",-1,-3.3,0,0,0,0,0,0,0,0,0,0,0,0
"39123","3","23","74","0","2025","A","",2,22,1517413,0,0,1347,70034,"",4.73,2.18,3.08,0.00,0.00,1.43,1.43,"",0,0.0,-2,-8.3,42509,2.9,0,0.0,0,0.0,140,11.6,7272,11.6
"39123","5","23","74","0","2025","A","N",98,0,0,0,0,0,0,"N",1.04,0,0,0,0,0,0,"N",0,0.0,0,0,0,0,0,0,0,0,0,0,0,0
"39125","3","23","74","0","2025","A","",1,17,797192,0,0,915,47594,"",6.80,4.63,4.47,0.00,0.00,0.98,0.98,"",0,0.0,1,6.2,21927,2.8,0,0.0,0,0.0,-22,-2.3,-1114,-2.3
"39125","5","23","74","0","2025","A","N",26,0,0,0,0,0,0,"N",0.79,0,0,0,0,0,0,"N",-4,-13.3,0,0,0,0,0,0,0,0,0,0,0,0
"39127","3","23","74","0","2025","A","",1,6,332871,0,0,1067,55478,"",4.84,1.34,1.59,0.00,0.00,1.19,1.19,"",0,0.0,0,0.0,40401,13.8,0,0.0,0,0.0,130,13.9,6733,13.8
"39127","5","23","74","0","2025","A","",61,404,52156266,7582211,661999,2481,128993,"",1.33,1.21,2.74,1.94,3.54,2.26,2.26,"",6,10.9,-12,-2.9,1164827,2.3,-485378,-6.0,-58425,-8.1,121,5.1,6295,5.1
"39129","3","23","74","0","2025","A","",2,37,2063533,0,0,1061,55150,"",5.19,3.15,3.43,0.00,0.00,1.07,1.07,"",0,0.0,1,2.8,118526,6.1,0,0.0,0,0.0,24,2.3,1247,2.3
"39129","5","23","74","0","2025","A","",121,901,63561190,12685400,481503,1357,70558,"",1.41,1.03,1.16,1.19,1.42,1.12,1.12,"",5,4.3,88,10.8,10097510,18.9,2488033,24.4,40626,9.2,93,7.4,4831,7.4
"39131","3","23","74","0","2025","A","",3,26,1338287,0,0,999,51972,"",13.89,3.43,3.19,0.00,0.00,0.94,0.94,"",0,0.0,0,0.0,35766,2.7,0,0.0,0,0.0,45,4.7,2352,4.7
"39131","5","23","74","0","2025","A","",48,453,37226072,7237363,632739,1582,82252,"",1.00,0.80,0.97,0.92,1.51,1.21,1.21,"",6,14.3,-84,-15.6,-3902187,-9.5,117406,1.6,17769,2.9,108,7.3,5615,7.3
"39133","3","23","74","0","2025","A","",5,141,9897677,0,0,1347,70031,"",3.81,3.49,4.57,0.00,0.00,1.31,1.31,"",0,0.0,1,0.7,864336,9.6,0,0.0,0,0.0,105,8.5,5430,8.4
"39133","5","23","74","0","2025","A","N",390,0,0,0,0,0,0,"N",1.34,0,0,0,0,0,0,"N",10,2.6,0,0,0,0,0,0,0,0,0,0,0,0
"39135","3","23","74","0","2025","A","",2,36,1971297,0,0,1048,54506,"",7.12,4.39,4.99,0.00,0.00,1.13,1.13,"",0,0.0,-1,-2.7,58771,3.1,0,0.0,0,0.0,47,4.7,2464,4.7
"39135","5","23","74","0","2025","A","",94,438,25543115,5226727,182384,1123,58384,"",1.50,0.72,0.71,0.70,0.84,0.99,0.99,"",-4,-4.1,4,0.9,1509847,6.3,-72952,-1.4,-11843,-6.1,57,5.3,2955,5.3
"39137","3","23","74","0","2025","A","",1,20,1282945,0,0,1218,63355,"",3.32,2.26,3.11,0.00,0.00,1.36,1.36,"",0,0.0,-2,-9.1,4390,0.3,0,0.0,0,0.0,74,6.5,3887,6.5
"39137","5","23","74","0","2025","A","",126,1113,76365539,13101384,447043,1319,68612,"",1.88,1.69,2.03,1.56,1.75,1.20,1.20,"",-2,-1.6,16,1.5,7220249,10.4,568120,4.5,-32930,-6.9,107,8.8,5581,8.9
"39139","3","23","74","0","2025","A","",3,47,2851828,0,0,1163,60463,"",2.96,1.36,1.77,0.00,0.00,1.30,1.30,"",0,0.0,-1,-2.1,82491,3.0,0,0.0,0,0.0,57,5.2,2968,5.2
"39139","5","23","74","0","2025","A","N",282,0,0,0,0,0,0,"N",1.25,0,0,0,0,0,0,"N",-1,-0.4,0,0,0,0,0,0,0,0,0,0,0,0
"39141","3","23","74","0","2025","A","",1,12,708413,0,0,1159,60290,"",1.85,0.59,0.66,0.00,0.00,1.16,1.16,"",0,0.0,1,9.1,53106,8.1,0,0.0,0,0.0,-4,-0.3,-200,-0.3
"39141","5","23","74","0","2025","A","",114,867,65140586,12187748,481490,1444,75104,"",0.95,0.57,0.67,0.75,0.94,1.18,1.18,"",-4,-3.4,99,12.9,16253400,33.2,2372445,24.2,90925,23.3,221,18.1,11490,18.1
"39143","3","23","74","0","2025","A","",4,40,2432967,0,0,1180,61335,"",7.79,2.30,2.90,0.00,0.00,1.27,1.27,"",0,0.0,0,0.0,124564,5.4,0,0.0,0,0.0,70,6.3,3625,6.3
"39143","5","23","74","0","2025","A","",154,1079,83456106,13385511,691223,1488,77352,"",1.35,0.83,1.09,0.76,1.19,1.31,1.31,"",4,2.7,73,7.3,12553580,17.7,1017449,8.2,-29624,-4.1,133,9.8,6878,9.8
"39145","3","23","74","0","2025","A","",2,33,1585758,0,0,936,48668,"",3.81,1.85,1.93,0.00,0.00,1.06,1.06,"",0,0.0,1,3.1,141375,9.8,0,0.0,0,0.0,77,9.0,3996,8.9
"39145","5","23","74","0","2025","A","N",120,0,0,0,0,0,0,"N",1.03,0,0,0,0,0,0,"N",-6,-4.8,0,0,0,0,0,0,0,0,0,0,0,0
"39147","3","23","74","0","2025","A","",3,36,2192166,0,0,1163,60474,"",6.86,2.71,3.67,0.00,0.00,1.35,1.35,"",0,0.0,0,0.0,153793,7.5,0,0.0,0,0.0,89,8.3,4628,8.3
"39147","5","23","74","0","2025","A","N",109,0,0,0,0,0,0,"N",1.12,0,0,0,0,0,0,"N",3,2.8,0,0,0,0,0,0,0,0,0,0,0,0
"39149","3","23","74","0","2025","A","",2,31,1785733,0,0,1123,58389,"",4.95,1.65,1.70,0.00,0.00,1.04,1.04,"",0,0.0,1,3.3,131635,8.0,0,0.0,0,0.0,57,5.3,2944,5.3
"39149","5","23","74","0","2025","A","N",132,0,0,0,0,0,0,"N",1.47,0,0,0,0,0,0,"N",14,11.9,0,0,0,0,0,0,0,0,0,0,0,0
"39151","3","23","74","0","2025","A","",5,108,6749440,0,0,1206,62737,"",1.50,0.96,1.19,0.00,0.00,1.24,1.24,"",0,0.0,0,0.0,493559,7.9,0,0.0,0,0.0,90,8.1,4723,8.1
"39151","5","23","74","0","2025","A","",875,8641,748910839,117159692,7135855,1667,86671,"",1.18,1.04,1.45,1.06,1.97,1.40,1.40,"",6,0.7,610,7.6,115735540,18.3,14644801,14.3,237351,3.4,151,10.0,7830,9.9
"39153","3","23","74","0","2025","A","",12,364,26725039,0,0,1413,73471,"",2.18,1.97,2.51,0.00,0.00,1.28,1.28,"",0,0.0,-2,-0.5,2301253,9.4,0,0.0,0,0.0,130,10.1,6755,10.1
"39153","5","23","74","0","2025","A","",1115,12857,1078378928,162004157,9292095,1613,83874,"",0.91,0.93,1.11,0.88,1.52,1.19,1.19,"",-17,-1.5,501,4.1,105622026,10.9,8971336,5.9,-140787,-1.5,99,6.5,5149,6.5
"39155","3","23","74","0","2025","A","",7,112,6312588,0,0,1086,56488,"",4.57,2.42,2.89,0.00,0.00,1.20,1.20,"",0,0.0,-3,-2.6,202805,3.3,0,0.0,0,0.0,64,6.3,3359,6.3
"39155","5","23","74","0","2025","A","N",414,0,0,0,0,0,0,"N",1.21,0,0,0,0,0,0,"N",-12,-2.8,0,0,0,0,0,0,0,0,0,0,0,0
"39157","3","23","74","0","2025","A","",4,67,3732058,0,0,1077,55981,"",4.71,2.53,2.99,0.00,0.00,1.19,1.19,"",0,0.0,-3,-4.3,179159,5.0,0,0.0,0,0.0,106,10.9,5466,10.8
"39157","5","23","74","0","2025","A","",282,1718,116098850,20566095,832572,1300,67588,"",1.49,0.87,1.02,0.81,1.19,1.18,1.17,"",4,1.4,16,0.9,7564420,7.0,1505716,7.9,-38279,-4.4,74,6.0,3829,6.0
"39159","3","23","74","0","2025","A","",2,44,2622652,0,0,1142,59381,"",3.52,1.68,1.51,0.00,0.00,0.90,0.90,"",0,0.0,-2,-4.3,167194,6.8,0,0.0,0,0.0,112,10.9,5807,10.8
"39159","5","23","74","0","2025","A","",164,2489,234236198,38766356,1430989,1810,94105,"",1.30,1.28,1.49,1.28,1.82,1.16,1.16,"",9,5.8,739,42.2,71363791,43.8,8768854,29.2,-35197,-2.4,20,1.1,1022,1.1
"39161","3","23","74","0","2025","A","",3,41,2118048,0,0,985,51243,"",12.76,5.21,5.86,0.00,0.00,1.12,1.12,"",0,0.0,1,2.5,193561,10.1,0,0.0,0,0.0,52,5.6,2727,5.6
"39161","5","23","74","0","2025","A","N",46,0,0,0,0,0,0,"N",0.88,0,0,0,0,0,0,"N",8,21.1,0,0,0,0,0,0,0,0,0,0,0,0
"39163","3","23","74","0","2025","A","",1,18,1010180,0,0,1089,56646,"",13.35,11.20,15.67,0.00,0.00,1.41,1.41,"",0,0.0,0,0.0,28567,2.9,0,0.0,0,0.0,69,6.8,3586,6.8
"39163","5","23","74","0","2025","A","N",28,0,0,0,0,0,0,"N",1.68,0,0,0,0,0,0,"N",3,12.0,0,0,0,0,0,0,0,0,0,0,0,0
"39165","3","23","74","0","2025","A","",4,90,6330588,0,0,1354,70405,"",1.73,1.24,1.42,0.00,0.00,1.15,1.15,"",0,0.0,4,4.7,537494,9.3,0,0.0,0,0.0,64,5.0,3304,4.9
"39165","5","23","74","0","2025","A","",454,4454,369057578,56731509,2706709,1593,82854,"",0.88,0.82,0.91,0.75,1.17,1.10,1.10,"",5,1.1,-10,-0.2,4385084,1.2,530793,0.9,-362983,-11.8,22,1.4,1161,1.4
"39167","3","23","74","0","2025","A","",3,53,2787510,0,0,1008,52430,"",5.33,2.93,2.85,0.00,0.00,0.97,0.97,"",0,0.0,-1,-1.9,21493,0.8,0,0.0,0,0.0,30,3.1,1600,3.1
"39167","5","23","74","0","2025","A","",144,1565,115326812,20647894,1386740,1417,73707,"",1.15,1.16,1.29,1.30,2.46,1.11,1.11,"",-6,-4.0,95,6.5,17388482,17.8,1437847,7.5,91151,7.0,135,10.5,7067,10.6
"39169","3","23","74","0","2025","A","",4,78,5201593,0,0,1281,66616,"",3.81,2.28,2.89,0.00,0.00,1.27,1.27,"",0,0.0,2,2.6,686254,15.2,0,0.0,0,0.0,140,12.3,7269,12.2
"39169","5","23","74","0","2025","A","",390,2648,182596608,29881477,891297,1326,68963,"",1.67,1.04,1.12,0.90,1.04,1.07,1.07,"",5,1.3,108,4.3,15706368,9.4,1237619,4.3,-173005,-16.3,62,4.9,3250,4.9
"39171","3","23","74","0","2025","A","",2,37,2037456,0,0,1047,54453,"",6.16,3.25,3.75,0.00,0.00,1.14,1.14,"",0,0.0,1,2.8,154158,8.2,0,0.0,0,0.0,36,3.6,1896,3.6
"39171","5","23","74","0","2025","A","",78,549,43142584,6368738,185166,1512,78608,"",1.08,0.65,0.87,0.56,0.64,1.35,1.35,"",4,5.4,54,10.9,7608413,21.4,872726,15.9,-10746,-5.5,132,9.6,6870,9.6
"39173","3","23","74","0","2025","A","",4,54,3802968,0,0,1359,70643,"",3.27,1.01,1.38,0.00,0.00,1.37,1.37,"",0,0.0,0,0.0,187950,5.2,0,0.0,0,0.0,68,5.3,3491,5.2
"39173","5","23","74","0","2025","A","",256,4748,466335341,66496412,5539816,1889,98214,"",0.94,1.20,1.86,1.23,2.57,1.56,1.56,"",-2,-0.8,137,3.0,34537292,8.0,4007443,6.4,411,0.0,88,4.9,4569,4.9
"39175","3","23","74","0","2025","A","",2,24,1248930,0,0,1022,53146,"",9.61,3.36,3.46,0.00,0.00,1.05,1.05,"",0,0.0,0,0.0,-31342,-2.4,0,0.0,0,0.0,-11,-1.1,-572,-1.1
"39175","5","23","74","0","2025","A","",56,959,84010651,10054537,136604,1684,87564,"",1.21,1.80,2.55,1.38,0.72,1.41,1.41,"",-3,-5.1,45,4.9,5210371,6.6,405878,4.2,-42241,-23.6,25,1.5,1302,1.5
"39999","5","23","74","0","2025","A","",1428,8739,899854187,160331283,10198153,1980,102970,"",0.57,0.81,0.70,0.85,1.21,0.87,0.87,"N",156,12.3,0,0,0,0,0,0,0,0,0,0,0,0
"40000","3","23","54","0","2025","A","",150,4348,210159310,74633466,536786,929,48334,"",3.33,3.59,3.23,15.35,22.91,0.90,0.90,"",0,0.0,21,0.5,6850252,3.4,2435764,3.4,-78826,-12.8,25,2.8,1345,2.9
"40000","5","23","54","0","2025","A","",11278,90041,6335743401,2953286696,42262192,1353,70365,"",1.13,1.00,1.07,0.95,0.83,1.07,1.07,"",104,0.9,3973,4.6,621720626,10.9,283278546,10.6,12266079,40.9,76,6.0,3975,6.0
"40001","3","23","74","0","2025","A","N",2,0,0,0,0,0,0,"N",15.99,0,0,0,0,0,0,"N",0,0.0,0,0,0,0,0,0,0,0,0,0,0,0
"40001","5","23","74","0","2025","A","",34,90,4112792,2686983,15116,878,45655,"",1.22,0.39,0.38,0.36,0.14,0.97,0.97,"",2,6.2,-1,-1.1,33980,0.8,109815,4.3,-1512,-9.1,14,1.6,751,1.7
"40003","3","23","74","0","2025","A","N",1,0,0,0,0,0,0,"N",20.07,0,0,0,0,0,0,"N",0,0.0,0,0,0,0,0,0,0,0,0,0,0,0
"40003","5","23","74","0","2025","A","",11,54,5307120,1811260,17160,1896,98584,"",0.99,0.89,1.51,1.12,0.97,1.71,1.71,"",1,10.0,-8,-12.9,406698,8.3,-67775,-3.6,-1794,-9.5,382,25.2,19862,25.2
"40005","5","23","74","0","2025","A","",24,75,3968082,2623267,33456,1017,52908,"",0.90,0.41,0.48,0.50,0.61,1.17,1.17,"",2,9.1,-1,-1.3,812701,25.8,388302,17.4,16844,101.4,213,26.5,11115,26.6
"40007","3","23","74","0","2025","A","N",1,0,0,0,0,0,0,"N",16.49,0,0,0,0,0,0,"N",0,0.0,0,0,0,0,0,0,0,0,0,0,0,0
"40007","5","23","74","0","2025","A","N",14,0,0,0,0,0,0,"N",1.04,0,0,0,0,0,0,"N",0,0.0,0,0,0,0,0,0,0,0,0,0,0,0
"40009","3","23","74","0","2025","A","N",2,0,0,0,0,0,0,"N",7.46,0,0,0,0,0,0,"N",0,0.0,0,0,0,0,0,0,0,0,0,0,0,0
"40009","5","23","74","0","2025","A","",40,1630,123871171,62176232,3737801,1462,75998,"",0.67,3.20,3.86,3.23,5.36,1.21,1.21,"",1,2.6,910,126.4,74646188,151.6,37805592,155.1,2885371,338.5,147,11.2,7614,11.1
"40011","3","23","74","0","2025","A","N",2,0,0,0,0,0,0,"N",20.00,0,0,0,0,0,0,"N",0,0.0,0,0,0,0,0,0,0,0,0,0,0,0
"40011","5","23","74","0","2025","A","",24,85,3872762,2717680,28983,879,45696,"",1.08,0.53,0.42,0.52,0.43,0.81,0.81,"",2,9.1,19,28.8,520163,15.5,609057,28.9,4744,19.6,-91,-9.4,-4719,-9.4
"40013","3","23","74","0","2025","A","N",1,0,0,0,0,0,0,"N",2.28,0,0,0,0,0,0,"N",0,0.0,0,0,0,0,0,0,0,0,0,0,0,0
"40013","5","23","74","0","2025","A","",94,630,39592583,19713641,171604,1208,62837,"",0.96,0.54,0.58,0.44,0.41,1.08,1.08,"",-7,-6.9,5,0.8,3111343,8.5,573610,3.0,38687,29.1,85,7.6,4459,7.6
"40015","3","23","74","0","2025","A","N",2,0,0,0,0,0,0,"N",9.80,0,0,0,0,0,0,"N",0,0.0,0,0,0,0,0,0,0,0,0,0,0,0
"40015","5","23","74","0","2025","A","",47,661,59169974,31425784,1239757,1721,89493,"",1.03,1.68,2.55,2.41,3.95,1.52,1.52,"",-6,-11.3,334,102.1,36046427,155.9,18077845,135.4,824198,198.3,361,26.5,18779,26.6
"40017","3","23","74","0","2025","A","",3,64,3539426,1767560,15028,1058,55017,"",2.04,2.30,2.79,16.55,30.24,1.21,1.21,"",0,0.0,0,0.0,115495,3.4,74267,4.4,985,7.0,37,3.6,1933,3.6
"40017","5","23","74","0","2025","A","",511,2111,124607972,63919268,655566,1135,59028,"",1.56,1.02,1.08,0.94,0.61,1.06,1.06,"",20,4.1,80,3.9,8821855,7.6,4251256,7.1,97965,17.6,39,3.6,2014,3.5
"40019","3","23","74","0","2025","A","N",2,0,0,0,0,0,0,"N",3.35,0,0,0,0,0,0,"N",0,0.0,0,0,0,0,0,0,0,0,0,0,0,0
"40019","5","23","74","0","2025","A","",120,908,54439889,27556064,436708,1152,59928,"",0.90,0.73,0.75,0.61,0.66,1.02,1.02,"",-2,-1.6,54,6.3,4764992,9.6,1149779,4.4,151570,53.2,33,2.9,1738,3.0
"40021","3","23","74","0","2025","A","N",2,0,0,0,0,0,0,"N",6.13,0,0,0,0,0,0,"N",0,0.0,0,0,0,0,0,0,0,0,0,0,0,0
"40021","5","23","74","0","2025","A","",77,526,34937093,18083554,135796,1278,66441,"",1.06,0.53,0.63,0.53,0.46,1.19,1.19,"",-6,-7.2,166,46.1,17602456,101.5,7565698,71.9,74470,121.4,351,37.9,18245,37.9
"40023","3","23","74","0","2025","A","N",2,0,0,0,0,0,0,"N",14.79,0,0,0,0,0,0,"N",0,0.0,0,0,0,0,0,0,0,0,0,0,0,0
"40023","5","23","74","0","2025","A","",28,194,14467835,7315831,135009,1430,74385,"",0.93,0.68,1.04,0.77,1.42,1.52,1.52,"",1,3.7,-8,-4.0,1269302,9.6,-161366,-2.2,24442,22.1,174,13.9,9073,13.9
"40025","3","23","74","0","2025","A","N",1,0,0,0,0,0,0,"N",30.86,0,0,0,0,0,0,"N",0,0.0,0,0,0,0,0,0,0,0,0,0,0,0
"40025","5","23","74","0","2025","A","N",7,0,0,0,0,0,0,"N",0.97,0,0,0,0,0,0,"N",1,16.7,0,0,0,0,0,0,0,0,0,0,0,0
"40027","3","23","74","0","2025","A","",3,153,10275824,1767262,0,1290,67089,"",1.15,2.34,3.38,7.30,0.00,1.44,1.44,"N",0,0.0,0,0,0,0,0,0,0,0,0,0,0,0
"40027","5","23","74","0","2025","A","",745,4878,317649871,153619567,1777288,1252,65119,"",1.28,1.00,1.15,0.99,0.77,1.15,1.15,"",17,2.3,-188,-3.7,-2841736,-0.9,1902901,1.3,386938,27.8,35,2.9,1855,2.9
"40029","3","23","74","0","2025","A","N",1,0,0,0,0,0,0,"N",21.91,0,0,0,0,0,0,"N",0,0.0,0,0,0,0,0,0,0,0,0,0,0,0
"40029","5","23","74","0","2025","A","",15,104,10452751,4523262,46703,1931,100427,"",1.48,1.59,2.80,2.00,1.38,1.76,1.76,"",2,15.4,15,16.9,3717072,55.2,1145036,33.9,-4231,-8.3,473,32.4,24603,32.4
"40031","3","23","74","0","2025","A","N",2,0,0,0,0,0,0,"N",2.15,0,0,0,0,0,0,"N",0,0.0,0,0,0,0,0,0,0,0,0,0,0,0
"40031","5","23","74","0","2025","A","",228,1399,80493419,44123510,663694,1106,57530,"",1.10,0.64,0.65,0.72,0.62,1.01,1.01,"",2,0.9,-228,-14.0,-11180214,-12.2,-5813604,-11.6,-114471,-14.7,23,2.1,1193,2.1
"40033","5","23","74","0","2025","A","",8,215,16019077,10060231,201558,1432,74450,"",0.81,2.07,2.88,2.48,2.19,1.39,1.39,"",-1,-11.1,78,56.9,9503321,145.9,4693660,87.5,71516,55.0,518,56.7,26919,56.6
"40035","3","23","74","0","2025","A","N",2,0,0,0,0,0,0,"N",13.44,0,0,0,0,0,0,"N",0,0.0,0,0,0,0,0,0,0,0,0,0,0,0
"40035","5","23","74","0","2025","A","",27,94,5331509,3278444,30871,1095,56920,"",0.82,0.36,0.40,0.40,0.36,1.14,1.14,"",-1,-3.6,4,4.4,651550,13.9,667734,25.6,15930,106.6,99,9.9,5112,9.9
"40037","3","23","74","0","2025","A","",3,70,3237898,2086446,20865,891,46311,"",5.09,4.62,4.16,34.43,59.93,0.90,0.90,"",0,0.0,-3,-4.1,162819,5.3,71812,3.6,718,3.6,78,9.6,4042,9.6
"40037","5","23","74","0","2025","A","",235,2425,170116076,79286826,1414221,1349,70149,"",1.79,2.15,2.40,2.05,1.87,1.12,1.12,"",13,5.9,181,8.1,22938544,15.6,10511586,15.3,486339,52.4,88,7.0,4552,6.9
"40039","3","23","74","0","2025","A","N",3,0,0,0,0,0,0,"N",8.58,0,0,0,0,0,0,"N",0,0.0,0,0,0,0,0,0,0,0,0,0,0,0
"40039","5","23","74","0","2025","A","",86,631,38712310,19458368,164111,1179,61326,"",1.10,0.93,1.03,0.88,0.53,1.11,1.11,"",0,0.0,-63,-9.1,-1260152,-3.2,-1807309,-8.5,-66461,-28.8,72,6.5,3743,6.5
"40041","3","23","74","0","2025","A","N",1,0,0,0,0,0,0,"N",3.01,0,0,0,0,0,0,"N",0,0.0,0,0,0,0,0,0,0,0,0,0,0,0
"40041","5","23","74","0","2025","A","",118,751,47719010,26283056,215342,1222,63541,"",1.60,1.46,1.94,1.59,0.95,1.33,1.33,"",12,11.3,89,13.4,5819015,13.9,3132201,13.5,72491,50.7,5,0.4,232,0.4
"40043","3","23","74","0","2025","A","N",1,0,0,0,0,0,0,"N",15.43,0,0,0,0,0,0,"N",0,0.0,0,0,0,0,0,0,0,0,0,0,0,0
"40043","5","23","74","0","2025","A","",16,80,4264241,2349875,18128,1029,53526,"",1.11,0.67,0.43,0.50,0.22,0.64,0.65,"",0,0.0,-6,-7.0,9971,0.2,-95828,-3.9,-6127,-25.3,79,8.3,4106,8.3
"40045","3","23","74","0","2025","A","N",1,0,0,0,0,0,0,"N",20.65,0,0,0,0,0,0,"N",0,0.0,0,0,0,0,0,0,0,0,0,0,0,0
"40045","5","23","74","0","2025","A","N",9,0,0,0,0,0,0,"N",0.84,0,0,0,0,0,0,"N",1,12.5,0,0,0,0,0,0,0,0,0,0,0,0
"40047","3","23","74","0","2025","A","N",2,0,0,0,0,0,0,"N",3.30,0,0,0,0,0,0,"N",0,0.0,0,0,0,0,0,0,0,0,0,0,0,0
"40047","5","23","74","0","2025","A","",161,1138,73037672,37309109,561959,1234,64171,"",1.19,0.92,1.06,0.92,0.88,1.15,1.15,"",5,3.2,100,9.6,12430813,20.5,6645165,21.7,158402,39.3,111,9.9,5774,9.9
"40049","3","23","74","0","2025","A","N",1,0,0,0,0,0,0,"N",3.49,0,0,0,0,0,0,"N",0,0.0,0,0,0,0,0,0,0,0,0,0,0,0
"40049","5","23","74","0","2025","A","",92,619,49084332,20113537,332277,1525,79307,"",1.44,1.24,1.56,1.07,1.14,1.26,1.26,"",-10,-9.8,5,0.8,5683932,13.1,753637,3.9,148537,80.8,165,12.1,8613,12.2
"40051","3","23","74","0","2025","A","N",3,0,0,0,0,0,0,"N",6.77,0,0,0,0,0,0,"N",0,0.0,0,0,0,0,0,0,0,0,0,0,0,0
"40051","5","23","74","0","2025","A","",178,1306,86702571,43888532,522250,1276,66375,"",1.80,1.79,2.17,1.80,1.36,1.21,1.22,"",-1,-0.6,93,7.7,10015395,13.1,5943938,15.7,97358,22.9,60,4.9,3141,5.0
"40053","3","23","74","0","2025","A","N",1,0,0,0,0,0,0,"N",19.39,0,0,0,0,0,0,"N",0,0.0,0,0,0,0,0,0,0,0,0,0,0,0
"40053","5","23","74","0","2025","A","N",11,0,0,0,0,0,0,"N",0.96,0,0,0,0,0,0,"N",0,0.0,0,0,0,0,0,0,0,0,0,0,0,0
"40055","3","23","74","0","2025","A","N",2,0,0,0,0,0,0,"N",57.40,0,0,0,0,0,0,"N",0,0.0,0,0,0,0,0,0,0,0,0,0,0,0
"40055","5","23","74","0","2025","A","N",6,0,0,0,0,0,0,"N",0.77,0,0,0,0,0,0,"N",0,0.0,0,0,0,0,0,0,0,0,0,0,0,0
"40057","3","23","74","0","2025","A","N",1,0,0,0,0,0,0,"N",37.76,0,0,0,0,0,0,"N",0,0.0,0,0,0,0,0,0,0,0,0,0,0,0
"40057","5","23","74","0","2025","A","N",5,0,0,0,0,0,0,"N",0.85,0,0,0,0,0,0,"N",1,25.0,0,0,0,0,0,0,0,0,0,0,0,0
"40059","3","23","74","0","2025","A","N",1,0,0,0,0,0,0,"N",19.93,0,0,0,0,0,0,"N",0,0.0,0,0,0,0,0,0,0,0,0,0,0,0
"40059","5","23","74","0","2025","A","N",4,0,0,0,0,0,0,"N",0.36,0,0,0,0,0,0,"N",0,0.0,0,0,0,0,0,0,0,0,0,0,0,0
"40061","5","23","74","0","2025","A","",34,177,10217930,5379262,43802,1108,57593,"",1.51,1.05,1.30,0.98,0.53,1.23,1.23,"",0,0.0,30,20.4,2056418,25.2,799352,17.5,5853,15.4,38,3.6,1946,3.5
"40063","3","23","74","0","2025","A","N",2,0,0,0,0,0,0,"N",20.35,0,0,0,0,0,0,"N",0,0.0,0,0,0,0,0,0,0,0,0,0,0,0
"40063","5","23","74","0","2025","A","",15,28,1185086,882437,9996,802,41704,"",0.69,0.19,0.17,0.21,0.19,0.92,0.92,"",0,0.0,-10,-26.3,-853018,-41.9,-537497,-37.9,1926,23.9,-243,-23.3,-12645,-23.3
"40065","3","23","74","0","2025","A","N",2,0,0,0,0,0,0,"N",8.48,0,0,0,0,0,0,"N",0,0.0,0,0,0,0,0,0,0,0,0,0,0,0
"40065","5","23","74","0","2025","A","N",44,0,0,0,0,0,0,"N",0.84,0,0,0,0,0,0,"N",0,0.0,0,0,0,0,0,0,0,0,0,0,0,0
"40067","3","23","74","0","2025","A","N",1,0,0,0,0,0,0,"N",20.21,0,0,0,0,0,0,"N",0,0.0,0,0,0,0,0,0,0,0,0,0,0,0
"40067","5","23","74","0","2025","A","N",2,0,0,0,0,0,0,"N",0.18,0,0,0,0,0,0,"N",-2,-50.0,0,0,0,0,0,0,0,0,0,0,0,0
"40069","3","23","74","0","2025","A","N",1,0,0,0,0,0,0,"N",10.79,0,0,0,0,0,0,"N",0,0.0,0,0,0,0,0,0,0,0,0,0,0,0
"40069","5","23","74","0","2025","A","",28,102,7957628,3144394,72380,1494,77699,"",1.36,0.63,0.92,0.60,1.12,1.44,1.44,"",0,0.0,-7,-6.4,1650288,26.2,81895,2.7,8224,12.8,383,34.5,19922,34.5
"40071","3","23","74","0","2025","A","",5,81,3754035,312009,2273,894,46490,"",11.93,6.48,6.63,6.49,8.51,1.03,1.03,"",0,0.0,0,0.0,196552,5.5,21060,7.2,-635,-21.8,48,5.7,2480,5.6
"40071","5","23","74","0","2025","A","",107,1056,70954962,37478531,934719,1292,67187,"",1.15,1.14,1.38,1.22,1.61,1.21,1.21,"",-6,-5.3,164,18.4,13506517,23.5,8452382,29.1,378863,68.2,54,4.4,2789,4.3
"40073","3","23","74","0","2025","A","N",2,0,0,0,0,0,0,"N",9.47,0,0,0,0,0,0,"N",0,0.0,0,0,0,0,0,0,0,0,0,0,0,0
"40073","5","23","74","0","2025","A","",58,450,31004027,15434577,156799,1325,68911,"",1.23,1.23,1.35,1.16,0.87,1.10,1.10,"",-6,-9.4,-63,-12.3,-4627890,-13.0,-2289452,-12.9,-20878,-11.8,-11,-0.8,-581,-0.8
"40075","3","23","74","0","2025","A","N",2,0,0,0,0,0,0,"N",24.96,0,0,0,0,0,0,"N",0,0.0,0,0,0,0,0,0,0,0,0,0,0,0
"40075","5","23","74","0","2025","A","N",16,0,0,0,0,0,0,"N",0.90,0,0,0,0,0,0,"N",0,0.0,0,0,0,0,0,0,0,0,0,0,0,0
"40077","3","23","74","0","2025","A","N",1,0,0,0,0,0,0,"N",13.54,0,0,0,0,0,0,"N",0,0.0,0,0,0,0,0,0,0,0,0,0,0,0
"40077","5","23","74","0","2025","A","",24,188,11759607,5689661,92939,1203,62579,"",1.46,1.14,1.15,0.83,1.40,1.01,1.01,"",0,0.0,6,3.3,1064101,9.9,317733,5.9,35317,61.3,70,6.2,3651,6.2
"40079","3","23","74","0","2025","A","N",2,0,0,0,0,0,0,"N",5.60,0,0,0,0,0,0,"N",0,0.0,0,0,0,0,0,0,0,0,0,0,0,0
"40079","5","23","74","0","2025","A","",82,570,29160020,17705691,164619,984,51165,"",1.03,0.90,0.98,0.85,0.53,1.09,1.09,"",-7,-7.9,50,9.6,4503985,18.3,2608751,17.3,36030,28.0,71,7.8,3712,7.8
"40081","3","23","74","0","2025","A","N",1,0,0,0,0,0,0,"N",3.96,0,0,0,0,0,0,"N",0,0.0,0,0,0,0,0,0,0,0,0,0,0,0
"40081","5","23","74","0","2025","A","",97,866,68194686,27241309,270762,1515,78792,"",1.73,2.19,2.98,1.93,1.22,1.36,1.36,"",-1,-1.0,3,0.3,4346296,6.8,1125743,4.3,41248,18.0,92,6.5,4772,6.4
"40083","3","23","74","0","2025","A","N",2,0,0,0,0,0,0,"N",6.00,0,0,0,0,0,0,"N",0,0.0,0,0,0,0,0,0,0,0,0,0,0,0
"40083","5","23","74","0","2025","A","",155,909,57535524,29574161,268384,1217,63295,"",2.09,1.88,2.34,1.79,1.26,1.25,1.25,"",11,7.6,59,6.9,7843337,15.8,3313599,12.6,83672,45.3,92,8.2,4816,8.2
"40085","5","23","74","0","2025","A","",20,75,3932025,2148143,13847,1005,52253,"",1.03,0.27,0.26,0.20,0.23,0.94,0.94,"",-3,-13.0,-7,-8.5,-1383891,-26.0,-187997,-8.0,-1402,-9.2,-243,-19.5,-12641,-19.5
"40087","3","23","74","0","2025","A","",3,53,2391563,492083,1611,869,45195,"",6.54,5.92,6.04,14.02,14.13,1.02,1.02,"",0,0.0,0,0.0,45151,1.9,22524,4.8,-1161,-41.9,22,2.6,1131,2.6
"40087","5","23","74","0","2025","A","",208,1616,99244224,49931343,338686,1181,61401,"",2.04,2.42,2.75,2.23,1.37,1.14,1.14,"",0,0.0,26,1.6,5106114,5.4,2510799,5.3,25749,8.2,42,3.7,2192,3.7
"40089","3","23","74","0","2025","A","N",3,0,0,0,0,0,0,"N",9.66,0,0,0,0,0,0,"N",0,0.0,0,0,0,0,0,0,0,0,0,0,0,0
"40089","5","23","74","0","2025","A","",69,710,59980589,29070123,697414,1625,84490,"",1.00,1.08,1.73,1.26,1.55,1.61,1.61,"",-7,-9.2,69,10.8,13621718,29.4,6995785,31.7,286741,69.8,234,16.8,12158,16.8
"40091","3","23","74","0","2025","A","N",1,0,0,0,0,0,0,"N",6.63,0,0,0,0,0,0,"N",0,0.0,0,0,0,0,0,0,0,0,0,0,0,0
"40091","5","23","74","0","2025","A","",34,89,3936471,2576141,37454,853,44355,"",1.01,0.36,0.37,0.34,0.39,1.03,1.03,"",0,0.0,1,1.1,178430,4.7,-55079,-2.1,3865,11.5,35,4.3,1811,4.3
"40093","3","23","74","0","2025","A","N",1,0,0,0,0,0,0,"N",11.53,0,0,0,0,0,0,"N",0,0.0,0,0,0,0,0,0,0,0,0,0,0,0
"40093","5","23","74","0","2025","A","",26,100,5429386,3001817,36028,1048,54521,"",1.35,0.93,0.91,0.82,1.05,0.99,0.99,"",1,4.0,-11,-9.9,-605668,-10.0,157685,5.5,26379,273.4,-2,-0.2,-54,-0.1
"40095","3","23","74","0","2025","A","N",1,0,0,0,0,0,0,"N",7.82,0,0,0,0,0,0,"N",0,0.0,0,0,0,0,0,0,0,0,0,0,0,0
"40095","5","23","74","0","2025","A","N",29,0,0,0,0,0,0,"N",1.02,0,0,0,0,0,0,"N",1,3.6,0,0,0,0,0,0,0,0,0,0,0,0
"40097","3","23","74","0","2025","A","N",2,0,0,0,0,0,0,"N",5.55,0,0,0,0,0,0,"N",0,0.0,0,0,0,0,0,0,0,0,0,0,0,0
"40097","5","23","74","0","2025","A","",124,1304,113173090,52653617,655345,1669,86773,"",1.55,1.71,2.29,1.89,1.38,1.34,1.34,"",2,1.6,194,17.5,28919820,34.3,14442557,37.8,204794,45.5,210,14.4,10881,14.3
"40099","3","23","74","0","2025","A","N",1,0,0,0,0,0,0,"N",7.80,0,0,0,0,0,0,"N",0,0.0,0,0,0,0,0,0,0,0,0,0,0,0
"40099","5","23","74","0","2025","A","",36,335,20142177,9681398,52600,1158,60201,"",1.26,1.29,1.41,1.14,0.54,1.09,1.09,"",-1,-2.7,16,5.0,1288241,6.8,829487,9.4,639,1.2,21,1.8,1082,1.8
"40101","3","23","74","0","2025","A","N",2,0,0,0,0,0,0,"N",3.61,0,0,0,0,0,0,"N",0,0.0,0,0,0,0,0,0,0,0,0,0,0,0
"40101","5","23","74","0","2025","A","",149,1091,66101037,34427451,606761,1165,60583,"",1.21,0.78,0.79,0.84,0.88,1.02,1.02,"",4,2.8,-2,-0.2,968479,1.5,1681358,5.1,132137,27.8,19,1.7,1001,1.7
"40103","3","23","74","0","2025","A","N",2,0,0,0,0,0,0,"N",21.74,0,0,0,0,0,0,"N",0,0.0,0,0,0,0,0,0,0,0,0,0,0,0
"40103","5","23","74","0","2025","A","",22,163,10003807,5057296,44302,1179,61310,"",1.07,0.66,0.65,0.57,0.37,0.98,0.98,"",0,0.0,-4,-2.4,-360514,-3.5,-105187,-2.0,7456,20.2,-16,-1.3,-845,-1.4
"40105","3","23","74","0","2025","A","N",1,0,0,0,0,0,0,"N",14.00,0,0,0,0,0,0,"N",0,0.0,0,0,0,0,0,0,0,0,0,0,0,0
"40105","5","23","74","0","2025","A","N",17,0,0,0,0,0,0,"N",1.07,0,0,0,0,0,0,"N",-1,-5.6,0,0,0,0,0,0,0,0,0,0,0,0
"40107","3","23","74","0","2025","A","N",1,0,0,0,0,0,0,"N",13.35,0,0,0,0,0,0,"N",0,0.0,0,0,0,0,0,0,0,0,0,0,0,0
"40107","5","23","74","0","2025","A","",15,94,5686877,3210072,74093,1161,60392,"",0.90,0.69,0.90,0.75,1.51,1.31,1.31,"",3,25.0,29,44.6,2035887,55.8,1267484,65.2,28772,63.5,78,7.2,4079,7.2
"40109","3","23","74","0","2025","A","",11,543,38759781,298720,2987,1372,71326,"",0.94,1.54,1.82,0.21,0.45,1.19,1.19,"",0,0.0,-4,-0.7,688987,1.8,-60702,-16.9,-274,-8.4,33,2.5,1684,2.4
"40109","5","23","74","0","2025","A","N",2700,0,0,0,0,0,0,"N",1.03,0,0,0,0,0,0,"N",42,1.6,0,0,0,0,0,0,0,0,0,0,0,0
"40111","3","23","74","0","2025","A","",3,54,1987813,1383599,13672,702,36529,"",10.58,7.27,6.12,46.36,129.39,0.84,0.84,"",0,0.0,2,3.8,100055,5.3,180928,15.0,1645,13.7,7,1.0,400,1.1
"40111","5","23","74","0","2025","A","",67,284,17390254,9473158,175524,1176,61144,"",1.06,0.51,0.59,0.50,0.77,1.14,1.14,"",-2,-2.9,6,2.2,1130895,7.0,1158182,13.9,80377,84.5,51,4.5,2640,4.5
"40113","3","23","74","0","2025","A","N",3,0,0,0,0,0,0,"N",15.43,0,0,0,0,0,0,"N",0,0.0,0,0,0,0,0,0,0,0,0,0,0,0
"40113","5","23","74","0","2025","A","",55,392,23864133,11864153,133633,1170,60826,"",1.27,0.92,0.95,0.79,0.53,1.03,1.03,"",3,5.8,22,5.9,3013544,14.5,1222088,11.5,34319,34.6,85,7.8,4397,7.8
"40115","3","23","74","0","2025","A","N",2,0,0,0,0,0,0,"N",7.11,0,0,0,0,0,0,"N",0,0.0,0,0,0,0,0,0,0,0,0,0,0,0
"40115","5","23","74","0","2025","A","",74,400,19419520,11024307,102721,934,48549,"",1.18,0.59,0.57,0.48,0.27,0.97,0.97,"",2,2.8,82,25.8,3825087,24.5,1803807,19.6,39222,61.8,-9,-1.0,-477,-1.0
"40117","3","23","74","0","2025","A","N",1,0,0,0,0,0,0,"N",8.13,0,0,0,0,0,0,"N",0,0.0,0,0,0,0,0,0,0,0,0,0,0,0
"40117","5","23","74","0","2025","A","N",35,0,0,0,0,0,0,"N",1.28,0,0,0,0,0,0,"N",-1,-2.8,0,0,0,0,0,0,0,0,0,0,0,0
"40119","3","23","74","0","2025","A","N",2,0,0,0,0,0,0,"N",2.49,0,0,0,0,0,0,"N",0,0.0,0,0,0,0,0,0,0,0,0,0,0,0
"40119","5","23","74","0","2025","A","",231,1651,114521922,52085287,690253,1334,69362,"",1.29,0.88,1.06,0.84,1.00,1.20,1.20,"",1,0.4,5,0.3,2450022,2.2,2620033,5.3,273990,65.8,24,1.8,1254,1.8
"40121","3","23","74","0","2025","A","N",2,0,0,0,0,0,0,"N",5.47,0,0,0,0,0,0,"N",0,0.0,0,0,0,0,0,0,0,0,0,0,0,0
"40121","5","23","74","0","2025","A","",62,467,29795195,15991798,188756,1227,63790,"",0.76,0.60,0.68,0.71,0.57,1.14,1.14,"",4,6.9,31,7.1,1685469,6.0,1862762,13.2,13301,7.6,-13,-1.0,-694,-1.1
"40123","3","23","74","0","2025","A","N",2,0,0,0,0,0,0,"N",4.82,0,0,0,0,0,0,"N",0,0.0,0,0,0,0,0,0,0,0,0,0,0,0
"40123","5","23","74","0","2025","A","",85,687,42687800,21534539,283386,1195,62121,"",0.92,0.63,0.60,0.52,0.60,0.95,0.95,"",6,7.6,47,7.3,5502983,14.8,2105461,10.8,92984,48.8,77,6.9,3982,6.8
"40125","3","23","74","0","2025","A","N",2,0,0,0,0,0,0,"N",3.92,0,0,0,0,0,0,"N",0,0.0,0,0,0,0,0,0,0,0,0,0,0,0
"40125","5","23","74","0","2025","A","",146,641,35805452,19514372,217149,1074,55822,"",1.28,0.53,0.57,0.49,0.31,1.08,1.08,"",8,5.8,-27,-4.0,761028,2.2,-71155,-0.4,7126,3.4,66,6.5,3393,6.5
"40127","3","23","74","0","2025","A","N",1,0,0,0,0,0,0,"N",9.73,0,0,0,0,0,0,"N",0,0.0,0,0,0,0,0,0,0,0,0,0,0,0
"40127","5","23","74","0","2025","A","",16,102,5484949,2964582,50226,1031,53599,"",0.70,0.78,0.92,0.77,0.95,1.18,1.18,"",1,6.7,11,12.1,964162,21.3,233299,8.5,10662,26.9,77,8.1,3965,8.0
"40129","3","23","74","0","2025","A","N",1,0,0,0,0,0,0,"N",26.33,0,0,0,0,0,0,"N",0,0.0,0,0,0,0,0,0,0,0,0,0,0,0
"40129","5","23","74","0","2025","A","N",7,0,0,0,0,0,0,"N",0.83,0,0,0,0,0,0,"N",0,0.0,0,0,0,0,0,0,0,0,0,0,0,0
"40131","3","23","74","0","2025","A","N",2,0,0,0,0,0,0,"N",2.58,0,0,0,0,0,0,"N",0,0.0,0,0,0,0,0,0,0,0,0,0,0,0
"40131","5","23","74","0","2025","A","",318,2411,166275305,83988401,1070549,1326,68956,"",1.84,1.46,1.54,1.32,1.12,1.05,1.05,"",13,4.3,335,16.1,38285691,29.9,19994757,31.2,353765,49.4,140,11.8,7294,11.8
"40133","3","23","74","0","2025","A","",3,63,1816994,1524221,12385,551,28652,"",17.22,12.57,8.33,75.75,103.52,0.66,0.66,"N",0,0.0,0,0,0,0,0,0,0,0,0,0,0,0
"40133","5","23","74","0","2025","A","",43,201,11623114,5910277,99718,1114,57947,"",1.11,0.54,0.59,0.46,0.38,1.09,1.09,"",1,2.4,-13,-6.1,-310107,-2.6,-132732,-2.2,20557,26.0,41,3.8,2163,3.9
"40135","3","23","74","0","2025","A","N",2,0,0,0,0,0,0,"N",7.25,0,0,0,0,0,0,"N",0,0.0,0,0,0,0,0,0,0,0,0,0,0,0
"40135","5","23","74","0","2025","A","",66,306,16183572,9652104,135199,1019,52974,"",1.07,0.61,0.74,0.67,0.68,1.22,1.22,"",3,4.8,34,12.5,3572175,28.3,1925080,24.9,55230,69.1,128,14.4,6651,14.4
"40137","3","23","74","0","2025","A","N",3,0,0,0,0,0,0,"N",7.17,0,0,0,0,0,0,"N",0,0.0,0,0,0,0,0,0,0,0,0,0,0,0
"40137","5","23","74","0","2025","A","",82,615,41391509,18519084,218191,1294,67303,"",0.88,0.79,0.90,0.70,0.51,1.14,1.14,"",-4,-4.7,-11,-1.8,2098899,5.3,494393,2.7,61685,39.4,88,7.3,4585,7.3
"40139","3","23","74","0","2025","A","N",1,0,0,0,0,0,0,"N",4.97,0,0,0,0,0,0,"N",0,0.0,0,0,0,0,0,0,0,0,0,0,0,0
"40139","5","23","74","0","2025","A","N",72,0,0,0,0,0,0,"N",1.61,0,0,0,0,0,0,"N",0,0.0,0,0,0,0,0,0,0,0,0,0,0,0
"40141","3","23","74","0","2025","A","N",1,0,0,0,0,0,0,"N",16.49,0,0,0,0,0,0,"N",0,0.0,0,0,0,0,0,0,0,0,0,0,0,0
"40141","5","23","74","0","2025","A","N",10,0,0,0,0,0,0,"N",0.74,0,0,0,0,0,0,"N",0,0.0,0,0,0,0,0,0,0,0,0,0,0,0
"40143","3","23","74","0","2025","A","",10,443,26161419,144428,1443,1135,59000,"",1.08,1.67,1.69,0.13,0.24,1.01,1.01,"",0,0.0,3,0.7,565848,2.2,70156,94.5,700,94.2,17,1.5,839,1.4
"40143","5","23","74","0","2025","A","",2164,21113,1550191550,687486479,9159781,1412,73422,"",1.05,1.07,1.10,0.96,0.71,1.03,1.03,"",-6,-0.3,627,3.1,135586170,9.6,45198848,7.0,1863064,25.5,84,6.3,4369,6.3
"40145","3","23","74","0","2025","A","N",1,0,0,0,0,0,0,"N",2.24,0,0,0,0,0,0,"N",0,0.0,0,0,0,0,0,0,0,0,0,0,0,0
"40145","5","23","74","0","2025","A","",208,2005,154074198,68392151,778693,1478,76858,"",2.09,3.26,4.08,2.98,2.15,1.25,1.25,"",25,13.7,172,9.4,20140201,15.0,12910828,23.3,115853,17.5,73,5.2,3806,5.2
"40147","3","23","74","0","2025","A","N",2,0,0,0,0,0,0,"N",4.05,0,0,0,0,0,0,"N",0,0.0,0,0,0,0,0,0,0,0,0,0,0,0
"40147","5","23","74","0","2025","A","",116,859,52290066,27112286,367717,1171,60891,"",1.05,0.85,0.75,0.79,0.61,0.88,0.88,"",-1,-0.9,23,2.8,3715140,7.6,445786,1.7,57997,18.7,54,4.8,2822,4.9
"40149","3","23","74","0","2025","A","N",2,0,0,0,0,0,0,"N",20.35,0,0,0,0,0,0,"N",0,0.0,0,0,0,0,0,0,0,0,0,0,0,0
"40149","5","23","74","0","2025","A","",23,83,5016873,2384997,13509,1168,60749,"",1.05,0.81,0.98,0.77,0.25,1.22,1.22,"",-3,-11.5,-28,-25.2,-1838088,-26.8,-822277,-25.6,-11796,-46.6,-22,-1.8,-1147,-1.9
"40151","3","23","74","0","2025","A","N",1,0,0,0,0,0,0,"N",9.50,0,0,0,0,0,0,"N",0,0.0,0,0,0,0,0,0,0,0,0,0,0,0
"40151","5","23","74","0","2025","A","N",21,0,0,0,0,0,0,"N",0.90,0,0,0,0,0,0,"N",-2,-8.7,0,0,0,0,0,0,0,0,0,0,0,0
"40153","3","23","74","0","2025","A","N",3,0,0,0,0,0,0,"N",10.64,0,0,0,0,0,0,"N",0,0.0,0,0,0,0,0,0,0,0,0,0,0,0
"40153","5","23","74","0","2025","A","",69,707,53108456,25743425,395489,1444,75091,"",1.10,1.68,2.06,1.79,1.69,1.23,1.23,"",-1,-1.4,140,24.7,15895254,42.7,6650851,34.8,203030,105.5,183,14.5,9507,14.5
"40999","5","23","74","0","2025","A","",218,1643,149563665,68141286,1204967,1751,91035,"",0.46,1.05,0.98,0.89,0.63,0.93,0.93,"",-22,-9.2,103,6.7,10892200,7.9,14117108,26.1,480815,66.4,20,1.2,998,1.1
"41000","2","23","54","0","2025","A","",118,2525,244467278,0,0,1862,96835,"",4.33,2.71,3.88,0.00,0.00,1.43,1.43,"",0,0.0,-23,-0.9,8116682,3.4,0,0.0,0,0.0,78,4.4,4064,4.4
"41000","3","23","54","0","2025","A","",103,3943,320075465,9261444,71368,1561,81167,"",1.65,2.79,3.49,1.13,0.94,1.25,1.25,"",1,1.0,231,6.2,32516271,11.3,429775,4.9,4758,7.1,71,4.8,3694,4.8
"41000","5","23","54","0","2025","A","",17367,112187,9627497742,6043464327,144510161,1650,85817,"",1.25,1.07,1.15,1.15,0.88,1.08,1.08,"",-642,-3.6,-3893,-3.4,65794819,0.7,-8042914,-0.1,2941875,2.1,66,4.2,3446,4.2
"41001","2","23","74","0","2025","A","",2,26,1994789,0,0,1452,75513,"",18.69,9.83,15.28,0.00,0.00,1.53,1.53,"",0,0.0,4,18.2,324215,19.4,0,0.0,0,0.0,-8,-0.5,-422,-0.6
"41001","3","23","74","0","2025","A","N",1,0,0,0,0,0,0,"N",4.08,0,0,0,0,0,0,"N",0,0.0,0,0,0,0,0,0,0,0,0,0,0,0
"41001","5","23","74","0","2025","A","",78,256,13885068,11999496,259231,1044,54292,"",1.43,0.86,0.80,1.03,0.79,0.94,0.94,"",-4,-4.9,6,2.4,2771165,24.9,2191441,22.3,52499,25.4,189,22.1,9851,22.2
"41003","2","23","74","0","2025","A","",1,44,4881891,0,0,2122,110325,"",2.19,2.43,4.21,0.00,0.00,1.72,1.72,"",0,0.0,0,0.0,319391,7.0,0,0.0,0,0.0,139,7.0,7218,7.0
"41003","3","23","74","0","2025","A","N",1,0,0,0,0,0,0,"N",0.96,0,0,0,0,0,0,"N",0,0.0,0,0,0,0,0,0,0,0,0,0,0,0
"41003","5","23","74","0","2025","A","",223,1271,88420934,61972930,1331181,1338,69559,"",0.96,0.62,0.58,0.86,0.64,0.92,0.92,"",-16,-6.7,0,0.0,-357232,-0.4,-104765,-0.2,-43999,-3.2,-5,-0.4,-299,-0.4
"41005","2","23","74","0","2025","A","",4,75,6481922,0,0,1658,86234,"",1.57,0.92,1.18,0.00,0.00,1.28,1.29,"",0,0.0,4,5.6,427659,7.1,0,0.0,0,0.0,8,0.5,459,0.5
"41005","3","23","74","0","2025","A","",5,177,13247636,1282250,15387,1438,74775,"",0.86,1.43,1.66,1.60,2.14,1.16,1.16,"",0,0.0,4,2.3,347173,2.7,-40299,-3.0,-7097,-31.6,5,0.3,242,0.3
"41005","5","23","74","0","2025","A","",2065,14430,1253559914,786790304,18347471,1671,86870,"",1.59,1.56,1.72,1.54,1.18,1.10,1.10,"",-87,-4.0,-123,-0.8,68953713,5.8,23873902,3.1,2006652,12.3,106,6.8,5472,6.7
"41007","2","23","74","0","2025","A","",3,47,4463679,0,0,1843,95821,"",10.52,5.18,9.94,0.00,0.00,1.93,1.93,"",0,0.0,-3,-6.0,-220997,-4.7,0,0.0,0,0.0,50,2.8,2594,2.8
"41007","3","23","74","0","2025","A","N",1,0,0,0,0,0,0,"N",1.53,0,0,0,0,0,0,"N",0,0.0,0,0,0,0,0,0,0,0,0,0,0,0
"41007","5","23","74","0","2025","A","N",208,0,0,0,0,0,0,"N",1.43,0,0,0,0,0,0,"N",-12,-5.5,0,0,0,0,0,0,0,0,0,0,0,0
"41009","2","23","74","0","2025","A","",1,13,1113590,0,0,1647,85661,"",4.70,2.26,3.73,0.00,0.00,1.65,1.65,"",0,0.0,0,0.0,123351,12.5,0,0.0,0,0.0,191,13.1,9974,13.2
"41009","3","23","74","0","2025","A","N",1,0,0,0,0,0,0,"N",2.05,0,0,0,0,0,0,"N",0,0.0,0,0,0,0,0,0,0,0,0,0,0,0
"41009","5","23","74","0","2025","A","",177,722,54011845,35722920,769072,1440,74860,"",1.63,1.11,1.37,1.16,0.83,1.23,1.23,"",6,3.5,39,5.7,7011275,14.9,3998757,12.6,75754,10.9,116,8.8,6037,8.8
"41011","2","23","74","0","2025","A","",2,20,2156784,0,0,2100,109204,"",6.56,1.84,3.94,0.00,0.00,2.17,2.17,"",0,0.0,-1,-4.8,147736,7.4,0,0.0,0,0.0,245,13.2,12770,13.2
"41011","3","23","74","0","2025","A","N",2,0,0,0,0,0,0,"N",2.86,0,0,0,0,0,0,"N",0,0.0,0,0,0,0,0,0,0,0,0,0,0,0
"41011","5","23","74","0","2025","A","",218,1123,78686180,56423282,1399292,1348,70094,"",1.40,0.92,1.09,1.09,0.83,1.18,1.18,"",-6,-2.7,12,1.1,6209508,8.6,3845376,7.3,22092,1.6,93,7.4,4854,7.4
"41013","2","23","74","0","2025","A","",1,11,875362,0,0,1519,78980,"",7.61,3.16,4.07,0.00,0.00,1.28,1.28,"",0,0.0,1,10.0,22071,2.6,0,0.0,0,0.0,-44,-2.8,-2286,-2.8
"41013","3","23","74","0","2025","A","N",1,0,0,0,0,0,0,"N",3.32,0,0,0,0,0,0,"N",0,0.0,0,0,0,0,0,0,0,0,0,0,0,0
"41013","5","23","74","0","2025","A","",143,893,83128257,56912915,1461276,1791,93132,"",2.13,2.28,2.92,2.96,2.32,1.28,1.28,"",8,5.9,77,9.4,12814604,18.2,11903829,26.4,342459,30.6,134,8.1,6981,8.1
"41015","2","23","74","0","2025","A","",1,5,375952,0,0,1549,80561,"",7.28,1.62,2.56,0.00,0.00,1.69,1.69,"",0,0.0,0,0.0,29408,8.5,0,0.0,0,0.0,95,6.5,4951,6.5
"41015","3","23","74","0","2025","A","N",1,0,0,0,0,0,0,"N",3.17,0,0,0,0,0,0,"N",0,0.0,0,0,0,0,0,0,0,0,0,0,0,0
"41015","5","23","74","0","2025","A","",107,369,22877035,17851346,416267,1193,62011,"",1.53,1.06,1.17,1.19,0.89,1.11,1.11,"",-9,-7.8,3,0.8,2582656,12.7,2250177,14.4,40817,10.9,128,12.0,6612,11.9
"41017","2","23","74","0","2025","A","",10,184,18415283,0,0,1920,99857,"",5.85,4.17,6.58,0.00,0.00,1.57,1.57,"",0,0.0,4,2.2,725376,4.1,0,0.0,0,0.0,35,1.9,1852,1.9
"41017","3","23","74","0","2025","A","",6,363,32729990,108601,977,1734,90145,"",1.53,5.44,8.03,0.27,0.27,1.48,1.48,"",0,0.0,16,4.6,3158152,10.7,3001,2.8,27,2.8,97,5.9,5005,5.9
"41017","5","23","74","0","2025","A","",1474,7600,593893624,398638626,8601508,1503,78140,"",1.69,1.53,1.60,1.54,1.10,1.05,1.05,"",-41,-2.7,-179,-2.3,9482148,1.6,4946597,1.3,-33467,-0.4,58,4.0,3014,4.0
"41019","2","23","74","0","2025","A","",5,145,15155151,0,0,2013,104699,"",9.68,8.05,16.29,0.00,0.00,2.03,2.03,"",0,0.0,-5,-3.3,400083,2.7,0,0.0,0,0.0,123,6.5,6441,6.6
"41019","3","23","74","0","2025","A","N",2,0,0,0,0,0,0,"N",1.69,0,0,0,0,0,0,"N",0,0.0,0,0,0,0,0,0,0,0,0,0,0,0
"41019","5","23","74","0","2025","A","",370,1715,109418894,81537259,1978515,1227,63810,"",1.40,0.84,0.89,0.97,0.73,1.05,1.05,"",-20,-5.1,-23,-1.3,6119655,5.9,3587205,4.6,43644,2.3,84,7.3,4357,7.3
"41021","2","23","74","0","2025","A","",2,12,788101,0,0,1237,64335,"",90.10,26.45,28.29,0.00,0.00,1.05,1.05,"",0,0.0,-1,-7.7,-23584,-2.9,0,0.0,0,0.0,5,0.4,255,0.4
"41021","5","23","74","0","2025","A","N",14,0,0,0,0,0,0,"N",1.24,0,0,0,0,0,0,"N",0,0.0,0,0,0,0,0,0,0,0,0,0,0,0
"41023","2","23","74","0","2025","A","",2,23,1509566,0,0,1281,66598,"",40.23,20.32,25.98,0.00,0.00,1.30,1.30,"",0,0.0,2,9.5,100299,7.1,0,0.0,0,0.0,6,0.5,280,0.4
"41023","3","23","74","0","2025","A","N",1,0,0,0,0,0,0,"N",8.78,0,0,0,0,0,0,"N",0,0.0,0,0,0,0,0,0,0,0,0,0,0,0
"41023","5","23","74","0","2025","A","N",42,0,0,0,0,0,0,"N",1.66,0,0,0,0,0,0,"N",0,0.0,0,0,0,0,0,0,0,0,0,0,0,0
"41025","2","23","74","0","2025","A","",1,11,885562,0,0,1572,81744,"",20.30,8.94,14.72,0.00,0.00,1.67,1.67,"",0,0.0,5,83.3,462774,109.5,0,0.0,0,0.0,254,19.3,13184,19.2
"41025","3","23","74","0","2025","A","N",1,0,0,0,0,0,0,"N",8.86,0,0,0,0,0,0,"N",0,0.0,0,0,0,0,0,0,0,0,0,0,0,0
"41025","5","23","74","0","2025","A","N",34,0,0,0,0,0,0,"N",1.35,0,0,0,0,0,0,"N",-6,-15.0,0,0,0,0,0,0,0,0,0,0,0,0
"41027","2","23","74","0","2025","A","",3,48,3317728,0,0,1322,68761,"",13.93,7.39,10.17,0.00,0.00,1.37,1.37,"",0,0.0,5,11.6,98417,3.1,0,0.0,0,0.0,-107,-7.5,-5531,-7.4
"41027","5","23","74","0","2025","A","",120,497,31388852,24316568,432805,1215,63188,"",1.09,0.68,0.73,0.71,0.41,1.07,1.07,"",-8,-6.2,-20,-3.9,-1308883,-4.0,-1062414,-4.2,-23108,-5.1,-2,-0.2,-108,-0.2
"41029","2","23","74","0","2025","A","",5,141,13449566,0,0,1837,95500,"",4.09,3.27,5.66,0.00,0.00,1.73,1.74,"",0,0.0,0,0.0,730893,5.7,0,0.0,0,0.0,103,5.9,5350,5.9
"41029","3","23","74","0","2025","A","",5,352,23314725,6022341,6022,1275,66298,"",1.78,5.38,6.74,17.01,1.84,1.25,1.25,"",0,0.0,12,3.5,1355457,6.2,99239,1.7,98,1.7,34,2.7,1791,2.8
"41029","5","23","74","0","2025","A","",946,5205,361811638,262931488,6332277,1337,69518,"",1.52,1.07,1.15,1.16,0.89,1.07,1.07,"",-39,-4.0,-36,-0.7,14178746,4.1,7578262,3.0,434908,7.4,61,4.8,3189,4.8
"41031","2","23","74","0","2025","A","",1,11,698681,0,0,1240,64494,"",10.03,3.31,3.91,0.00,0.00,1.20,1.20,"",0,0.0,1,10.0,47440,7.3,0,0.0,0,0.0,-78,-5.9,-4058,-5.9
"41031","3","23","74","0","2025","A","N",1,0,0,0,0,0,0,"N",4.37,0,0,0,0,0,0,"N",0,0.0,0,0,0,0,0,0,0,0,0,0,0,0
"41031","5","23","74","0","2025","A","",68,190,13420519,9944464,192916,1360,70696,"",1.34,0.51,0.57,0.65,0.42,1.12,1.12,"",-5,-6.8,38,25.0,3686240,37.9,2755171,38.3,41415,27.3,132,10.7,6865,10.8
"41033","2","23","74","0","2025","A","",1,25,2172205,0,0,1671,86888,"",2.48,1.73,3.18,0.00,0.00,1.84,1.84,"",0,0.0,1,4.2,153605,7.6,0,0.0,0,0.0,48,3.0,2487,2.9
"41033","3","23","74","0","2025","A","",4,50,3489643,0,0,1349,70144,"",4.33,2.28,3.51,0.00,0.00,1.55,1.55,"",0,0.0,1,2.0,551771,18.8,0,0.0,0,0.0,194,16.8,10085,16.8
"41033","5","23","74","0","2025","A","N",320,0,0,0,0,0,0,"N",1.56,0,0,0,0,0,0,"N",-14,-4.2,0,0,0,0,0,0,0,0,0,0,0,0
"41035","2","23","74","0","2025","A","",4,55,4867120,0,0,1697,88226,"",11.58,4.90,8.61,0.00,0.00,1.75,1.75,"",0,0.0,1,1.9,128639,2.7,0,0.0,0,0.0,4,0.2,205,0.2
"41035","3","23","74","0","2025","A","",6,100,7536740,0,0,1442,74992,"",7.58,5.88,9.17,0.00,0.00,1.55,1.55,"",0,0.0,-2,-2.0,300827,4.2,0,0.0,0,0.0,72,5.3,3761,5.3
"41035","5","23","74","0","2025","A","",238,1207,73049666,57407274,1484605,1164,60534,"",1.35,0.95,0.98,1.13,0.85,1.02,1.02,"",-19,-7.4,14,1.2,2628850,3.7,2920166,5.4,45407,3.2,29,2.6,1522,2.6
"41037","2","23","74","0","2025","A","",3,22,1629980,0,0,1409,73258,"",55.27,18.83,28.14,0.00,0.00,1.48,1.48,"",0,0.0,1,4.8,118162,7.8,0,0.0,0,0.0,8,0.6,399,0.5
"41037","5","23","74","0","2025","A","N",24,0,0,0,0,0,0,"N",0.87,0,0,0,0,0,0,"N",-2,-7.7,0,0,0,0,0,0,0,0,0,0,0,0
"41039","2","23","74","0","2025","A","",7,108,10101803,0,0,1799,93535,"",3.54,1.46,2.42,0.00,0.00,1.65,1.65,"",0,0.0,2,1.9,376955,3.9,0,0.0,0,0.0,35,2.0,1791,2.0
"41039","3","23","74","0","2025","A","",12,463,34813368,0,0,1447,75245,"",2.65,4.15,5.74,0.00,0.00,1.38,1.38,"",0,0.0,14,3.1,2341406,7.2,0,0.0,0,0.0,57,4.1,2951,4.1
"41039","5","23","74","0","2025","A","",1213,7216,522407138,364038669,8516482,1392,72401,"",1.20,0.87,0.95,0.98,0.74,1.09,1.09,"",-68,-5.3,-276,-3.7,945774,0.2,642,0.0,-185407,-2.1,53,4.0,2795,4.0
"41041","2","23","74","0","2025","A","",2,26,1870030,0,0,1401,72858,"",6.48,2.98,4.41,0.00,0.00,1.50,1.50,"",0,0.0,1,4.0,174178,10.3,0,0.0,0,0.0,74,5.6,3874,5.6
"41041","3","23","74","0","2025","A","N",2,0,0,0,0,0,0,"N",2.83,0,0,0,0,0,0,"N",0,0.0,0,0,0,0,0,0,0,0,0,0,0,0
"41041","5","23","74","0","2025","A","",209,796,46979527,36594337,682579,1135,59020,"",1.33,0.81,0.84,0.96,0.58,1.03,1.03,"",-13,-5.9,-35,-4.2,1094856,2.4,131511,0.4,-41665,-5.8,73,6.9,3787,6.9
"41043","2","23","74","0","2025","A","",2,29,2373564,0,0,1583,82320,"",3.49,1.27,1.91,0.00,0.00,1.51,1.51,"",0,0.0,-2,-6.5,7450,0.3,0,0.0,0,0.0,103,7.0,5373,7.0
"41043","3","23","74","0","2025","A","N",2,0,0,0,0,0,0,"N",1.52,0,0,0,0,0,0,"N",0,0.0,0,0,0,0,0,0,0,0,0,0,0,0
"41043","5","23","74","0","2025","A","",448,3218,246484297,164863927,3982764,1473,76605,"",1.53,1.26,1.50,1.32,0.98,1.19,1.19,"",-26,-5.5,27,0.8,14845820,6.4,8091894,5.2,323095,8.8,77,5.5,4006,5.5
"41045","2","23","74","0","2025","A","",7,74,6463462,0,0,1680,87344,"",42.05,11.69,21.54,0.00,0.00,1.84,1.84,"",0,0.0,0,0.0,165001,2.6,0,0.0,0,0.0,38,2.3,1941,2.3
"41045","3","23","74","0","2025","A","",5,26,1527828,433579,3903,1145,59526,"",13.10,2.71,3.50,10.53,11.32,1.31,1.31,"",0,0.0,-1,-3.7,35216,2.4,9457,2.2,86,2.3,69,6.4,3553,6.3
"41045","5","23","74","0","2025","A","",86,272,13908809,11556350,218918,985,51214,"",1.01,0.38,0.35,0.44,0.29,0.92,0.92,"",-4,-4.4,-31,-10.2,-347975,-2.4,-344376,-2.9,-50849,-18.8,79,8.7,4110,8.7
"41047","2","23","74","0","2025","A","",22,678,69473099,0,0,1972,102518,"",11.83,8.22,14.01,0.00,0.00,1.71,1.71,"",0,0.0,-33,-4.6,1091581,1.6,0,0.0,0,0.0,122,6.6,6308,6.6
"41047","3","23","74","0","2025","A","",10,623,48137199,0,0,1486,77267,"",2.35,4.99,6.67,0.00,0.00,1.34,1.34,"",0,0.0,40,6.9,4293408,9.8,0,0.0,0,0.0,39,2.7,2042,2.7
"41047","5","23","74","0","2025","A","",1761,11304,877082032,595603421,13648834,1492,77594,"",1.86,1.22,1.33,1.54,1.15,1.10,1.10,"",-25,-1.4,-539,-4.6,10154390,1.2,-1826644,-0.3,301880,2.3,84,6.0,4392,6.0
"41049","2","23","74","0","2025","A","",1,7,668232,0,0,1733,90099,"",15.85,2.22,3.14,0.00,0.00,1.33,1.33,"",0,0.0,-2,-22.2,-100380,-13.1,0,0.0,0,0.0,163,10.4,8476,10.4
"41049","5","23","74","0","2025","A","",48,365,40594938,21221323,415673,2137,111118,"",1.49,1.03,1.44,0.94,0.56,1.40,1.40,"",0,0.0,41,12.7,4557579,12.6,2242064,11.8,18502,4.7,-3,-0.1,-137,-0.1
"41051","2","23","74","0","2025","A","",5,375,40644719,0,0,2085,108410,"",0.85,1.62,2.27,0.00,0.00,1.41,1.41,"",0,0.0,-8,-2.1,755197,1.9,0,0.0,0,0.0,83,4.1,4282,4.1
"41051","3","23","74","0","2025","A","N",9,0,0,0,0,0,0,"N",0.67,0,0,0,0,0,0,"N",2,28.6,0,0,0,0,0,0,0,0,0,0,0,0
"41051","5","23","74","0","2025","A","",2233,23595,2570348353,1367906431,36358717,2095,108937,"",0.74,0.90,1.08,1.03,0.85,1.20,1.20,"",-116,-4.9,-2256,-8.7,-129048756,-4.8,-103463427,-7.0,-1272168,-3.4,87,4.3,4517,4.3
"41053","3","23","74","0","2025","A","N",1,0,0,0,0,0,0,"N",1.28,0,0,0,0,0,0,"N",0,0.0,0,0,0,0,0,0,0,0,0,0,0,0
"41053","5","23","74","0","2025","A","",280,1194,79908371,57720601,1093872,1287,66934,"",1.61,1.07,1.22,1.28,0.78,1.14,1.14,"",-8,-2.8,-79,-6.2,39220,0.0,217007,0.4,22835,2.1,80,6.6,4173,6.6
"41055","2","23","74","0","2025","A","",1,10,889629,0,0,1642,85404,"",57.70,23.43,33.81,0.00,0.00,1.39,1.39,"",0,0.0,-1,-9.1,32725,3.8,0,0.0,0,0.0,144,9.6,7504,9.6
"41055","3","23","74","0","2025","A","N",1,0,0,0,0,0,0,"N",25.18,0,0,0,0,0,0,"N",0,0.0,0,0,0,0,0,0,0,0,0,0,0,0
"41055","5","23","74","0","2025","A","N",15,0,0,0,0,0,0,"N",1.70,0,0,0,0,0,0,"N",1,7.1,0,0,0,0,0,0,0,0,0,0,0,0
"41057","3","23","74","0","2025","A","N",2,0,0,0,0,0,0,"N",5.45,0,0,0,0,0,0,"N",0,0.0,0,0,0,0,0,0,0,0,0,0,0,0
"41057","5","23","74","0","2025","A","",113,383,22450777,17133280,282072,1128,58631,"",1.38,0.73,0.72,0.81,0.45,0.99,0.99,"",-5,-4.2,-53,-12.2,-4083325,-15.4,-2786299,-14.0,-106007,-27.3,-41,-3.5,-2157,-3.5
"41059","2","23","74","0","2025","A","",5,86,7044924,0,0,1568,81523,"",13.54,5.55,8.32,0.00,0.00,1.49,1.49,"",0,0.0,5,6.2,550755,8.5,0,0.0,0,0.0,28,1.8,1430,1.8
"41059","3","23","74","0","2025","A","",4,85,5919786,0,0,1339,69645,"",4.73,3.62,4.81,0.00,0.00,1.33,1.33,"",0,0.0,1,1.2,301744,5.4,0,0.0,0,0.0,49,3.8,2564,3.8
"41059","5","23","74","0","2025","A","",252,1582,121382401,84652667,1720494,1476,76751,"",1.34,0.91,1.08,1.08,0.72,1.19,1.19,"",-18,-6.7,88,5.9,16899677,16.2,9185163,12.2,5954,0.3,131,9.7,6828,9.8
"41061","2","23","74","0","2025","A","",4,120,12488811,0,0,2004,104218,"",25.92,24.44,51.47,0.00,0.00,2.11,2.11,"",0,0.0,-8,-6.2,474962,4.0,0,0.0,0,0.0,192,10.6,9992,10.6
"41061","3","23","74","0","2025","A","N",2,0,0,0,0,0,0,"N",5.66,0,0,0,0,0,0,"N",0,0.0,0,0,0,0,0,0,0,0,0,0,0,0
"41061","5","23","74","0","2025","A","N",116,0,0,0,0,0,0,"N",1.47,0,0,0,0,0,0,"N",-1,-0.9,0,0,0,0,0,0,0,0,0,0,0,0
"41063","2","23","74","0","2025","A","",1,6,456097,0,0,1422,73962,"",14.55,4.47,6.69,0.00,0.00,1.46,1.46,"",0,0.0,0,0.0,-1173,-0.3,0,0.0,0,0.0,52,3.8,2699,3.8
"41063","5","23","74","0","2025","A","",68,191,10814794,8730589,211730,1087,56548,"",1.94,1.26,1.20,1.57,1.17,0.95,0.95,"",0,0.0,4,2.1,846073,8.5,332747,4.0,32791,18.3,62,6.0,3239,6.1
"41065","2","23","74","0","2025","A","",5,52,3953888,0,0,1474,76650,"",30.71,9.60,13.63,0.00,0.00,1.43,1.43,"",0,0.0,2,4.0,111614,2.9,0,0.0,0,0.0,-19,-1.3,-972,-1.3
"41065","3","23","74","0","2025","A","N",4,0,0,0,0,0,0,"N",10.72,0,0,0,0,0,0,"N",0,0.0,0,0,0,0,0,0,0,0,0,0,0,0
"41065","5","23","74","0","2025","A","",96,413,28530614,20400639,439176,1328,69054,"",1.16,0.68,0.74,0.86,0.60,1.10,1.10,"",0,0.0,-31,-7.0,-3347176,-10.5,-2037753,-9.1,-64749,-12.8,-53,-3.8,-2783,-3.9
"41067","2","23","74","0","2025","A","",1,10,861425,0,0,1685,87603,"",0.30,0.07,0.07,0.00,0.00,1.06,1.06,"",0,0.0,0,0.0,77260,9.9,0,0.0,0,0.0,177,11.7,9187,11.7
"41067","3","23","74","0","2025","A","",5,302,28761799,0,0,1834,95343,"",0.66,1.40,1.69,0.00,0.00,1.20,1.20,"",0,0.0,11,3.8,2547839,9.7,0,0.0,0,0.0,103,6.0,5312,5.9
"41067","5","23","74","0","2025","A","N",2042,0,0,0,0,0,0,"N",1.21,0,0,0,0,0,0,"N",-99,-4.6,0,0,0,0,0,0,0,0,0,0,0,0
"41069","2","23","74","0","2025","A","",2,13,925277,0,0,1343,69832,"",177.77,78.56,132.68,0.00,0.00,1.66,1.66,"",0,0.0,1,8.3,80742,9.6,0,0.0,0,0.0,44,3.4,2269,3.4
"41069","5","23","74","0","2025","A","N",7,0,0,0,0,0,0,"N",1.22,0,0,0,0,0,0,"N",2,40.0,0,0,0,0,0,0,0,0,0,0,0,0
"41071","2","23","74","0","2025","A","",1,12,1019406,0,0,1579,82100,"",1.81,0.64,1.03,0.00,0.00,1.56,1.56,"",0,0.0,0,0.0,204877,25.2,0,0.0,0,0.0,283,21.8,14691,21.8
"41071","3","23","74","0","2025","A","",5,78,5381882,0,0,1318,68559,"",3.95,2.74,3.75,0.00,0.00,1.36,1.36,"",0,0.0,1,1.3,145210,2.8,0,0.0,0,0.0,6,0.5,329,0.5
"41071","5","23","74","0","2025","A","",446,2144,151042320,106910897,2053210,1355,70452,"",1.58,1.01,1.16,1.06,0.70,1.14,1.14,"",-3,-0.7,34,1.6,6051377,4.2,5703599,5.6,237641,13.1,34,2.6,1747,2.5
"41999","5","23","74","0","2025","A","",1064,2513,224829894,150430374,3708701,1721,89479,"",0.88,1.05,0.70,0.77,0.57,0.66,0.66,"",12,1.1,215,9.4,33846636,17.7,25437592,20.4,625749,20.3,123,7.7,6386,7.7
"42000","2","23","54","0","2025","A","",56,5729,348041635,0,0,1168,60749,"",0.94,2.01,1.80,0.00,0.00,0.89,0.89,"",0,0.0,182,3.3,22504508,6.9,0,0.0,0,0.0,39,3.5,2065,3.5
"42000","3","23","54","0","2025","A","",96,3987,264631913,163119,4331,1276,66372,"",0.70,0.93,0.94,0.02,0.04,1.01,1.01,"",0,0.0,277,7.5,12317979,4.9,-23150,-12.4,-1191,-21.6,-32,-2.4,-1630,-2.4
"42000","5","23","54","0","2025","A","",30799,263767,22751301008,3592248604,224296355,1659,86255,"",1.01,0.82,0.89,0.81,0.90,1.08,1.08,"",174,0.6,3501,1.3,1364202460,6.4,70718547,2.0,6536833,3.0,79,5.0,4081,5.0
"42001","2","23","74","0","2025","A","N",1,0,0,0,0,0,0,"N",2.91,0,0,0,0,0,0,"N",0,0.0,0,0,0,0,0,0,0,0,0,0,0,0
"42001","5","23","74","0","2025","A","",233,1561,120651855,19287856,969098,1487,77304,"",1.33,0.89,1.12,0.82,0.83,1.26,1.26,"",9,4.0,60,4.0,9963938,9.0,413891,2.2,70044,7.8,69,4.9,3549,4.8
"42003","3","23","74","0","2025","A","N",2,0,0,0,0,0,0,"N",0.16,0,0,0,0,0,0,"N",0,0.0,0,0,0,0,0,0,0,0,0,0,0,0
"42003","5","23","74","0","2025","A","",2690,30483,2698746543,419817918,30771478,1703,88533,"",0.95,0.86,0.87,0.90,1.15,1.01,1.01,"",-13,-0.5,192,0.6,145694519,5.7,529732,0.1,-60559,-0.2,82,5.1,4248,5.0
"42005","2","23","74","0","2025","A","N",1,0,0,0,0,0,0,"N",4.54,0,0,0,0,0,0,"N",0,0.0,0,0,0,0,0,0,0,0,0,0,0,0
"42005","3","23","74","0","2025","A","N",2,0,0,0,0,0,0,"N",3.96,0,0,0,0,0,0,"N",0,0.0,0,0,0,0,0,0,0,0,0,0,0,0
"42005","5","23","74","0","2025","A","",135,1110,78477956,15152103,1046234,1359,70669,"",1.20,1.35,1.67,1.41,1.58,1.23,1.23,"",8,6.3,38,3.5,7426738,10.5,644961,4.4,81904,8.5,85,6.7,4421,6.7
"42007","2","23","74","0","2025","A","N",1,0,0,0,0,0,0,"N",1.82,0,0,0,0,0,0,"N",0,0.0,0,0,0,0,0,0,0,0,0,0,0,0
"42007","5","23","74","0","2025","A","",357,2732,224941072,40769634,3050216,1584,82343,"",1.28,1.06,1.33,1.19,1.47,1.26,1.26,"",5,1.4,44,1.6,17745470,8.6,2111578,5.5,160296,5.5,102,6.9,5271,6.8
"42009","2","23","74","0","2025","A","N",1,0,0,0,0,0,0,"N",5.29,0,0,0,0,0,0,"N",0,0.0,0,0,0,0,0,0,0,0,0,0,0,0
"42009","3","23","74","0","2025","A","N",5,0,0,0,0,0,0,"N",11.54,0,0,0,0,0,0,"N",0,0.0,0,0,0,0,0,0,0,0,0,0,0,0
"42009","5","23","74","0","2025","A","",119,1306,101092255,17108085,1155453,1489,77436,"",1.23,1.50,2.14,1.34,1.61,1.42,1.42,"",4,3.5,22,1.7,8573809,9.3,1105886,6.9,81535,7.6,104,7.5,5390,7.5
"42011","2","23","74","0","2025","A","N",1,0,0,0,0,0,0,"N",0.74,0,0,0,0,0,0,"N",0,0.0,0,0,0,0,0,0,0,0,0,0,0,0
"42011","3","23","74","0","2025","A","N",2,0,0,0,0,0,0,"N",0.64,0,0,0,0,0,0,"N",0,0.0,0,0,0,0,0,0,0,0,0,0,0,0
"42011","5","23","74","0","2025","A","",896,7866,652860466,105347102,6299680,1596,83000,"",1.29,0.85,0.99,0.79,0.88,1.17,1.17,"",12,1.4,406,5.4,64774817,11.0,7477573,7.6,403539,6.8,80,5.3,4169,5.3
"42013","3","23","74","0","2025","A","N",1,0,0,0,0,0,0,"N",0.82,0,0,0,0,0,0,"N",0,0.0,0,0,0,0,0,0,0,0,0,0,0,0
"42013","5","23","74","0","2025","A","",293,2828,185639327,38120905,2629182,1263,65655,"",1.08,0.91,1.01,0.90,1.18,1.11,1.11,"",-2,-0.7,132,4.9,18337793,11.0,1220967,3.3,36494,1.4,69,5.8,3588,5.8
"42015","2","23","74","0","2025","A","N",1,0,0,0,0,0,0,"N",4.34,0,0,0,0,0,0,"N",0,0.0,0,0,0,0,0,0,0,0,0,0,0,0
"42015","3","23","74","0","2025","A","N",2,0,0,0,0,0,0,"N",3.79,0,0,0,0,0,0,"N",0,0.0,0,0,0,0,0,0,0,0,0,0,0,0
"42015","5","23","74","0","2025","A","",116,685,46421077,9685072,675039,1303,67760,"",0.99,0.58,0.58,0.69,0.89,0.99,0.99,"",4,3.6,32,4.9,5836345,14.4,730825,8.2,61392,10.0,107,8.9,5585,9.0
"42017","2","23","74","0","2025","A","N",1,0,0,0,0,0,0,"N",0.31,0,0,0,0,0,0,"N",0,0.0,0,0,0,0,0,0,0,0,0,0,0,0
"42017","5","23","74","0","2025","A","",2600,17139,1501892134,228799406,13817338,1685,87629,"",1.56,1.17,1.43,1.05,1.15,1.22,1.22,"",28,1.1,61,0.4,69816267,4.9,3392222,1.5,606776,4.6,72,4.5,3774,4.5
"42019","2","23","74","0","2025","A","N",1,0,0,0,0,0,0,"N",1.19,0,0,0,0,0,0,"N",0,0.0,0,0,0,0,0,0,0,0,0,0,0,0
"42019","5","23","74","0","2025","A","",545,4388,348076178,60144011,4076641,1525,79316,"",1.27,0.93,1.01,0.89,1.09,1.08,1.08,"",1,0.2,-92,-2.1,9142295,2.7,-184666,-0.3,-41494,-1.0,70,4.8,3658,4.8
"42021","2","23","74","0","2025","A","N",1,0,0,0,0,0,0,"N",2.01,0,0,0,0,0,0,"N",0,0.0,0,0,0,0,0,0,0,0,0,0,0,0
"42021","5","23","74","0","2025","A","",215,1575,105969036,20989969,1468232,1294,67300,"",0.85,0.63,0.76,0.66,0.85,1.20,1.20,"",-5,-2.3,-16,-1.0,7106719,7.2,-794009,-3.6,-35842,-2.4,99,8.3,5155,8.3
"42023","2","23","74","0","2025","A","N",1,0,0,0,0,0,0,"N",42.16,0,0,0,0,0,0,"N",0,0.0,0,0,0,0,0,0,0,0,0,0,0,0
"42023","5","23","74","0","2025","A","N",10,0,0,0,0,0,0,"N",0.83,0,0,0,0,0,0,"N",0,0.0,0,0,0,0,0,0,0,0,0,0,0,0
"42025","2","23","74","0","2025","A","N",1,0,0,0,0,0,0,"N",4.96,0,0,0,0,0,0,"N",0,0.0,0,0,0,0,0,0,0,0,0,0,0,0
"42025","5","23","74","0","2025","A","N",132,0,0,0,0,0,0,"N",1.28,0,0,0,0,0,0,"N",-1,-0.8,0,0,0,0,0,0,0,0,0,0,0,0
"42027","2","23","74","0","2025","A","N",1,0,0,0,0,0,0,"N",1.80,0,0,0,0,0,0,"N",0,0.0,0,0,0,0,0,0,0,0,0,0,0,0
"42027","3","23","74","0","2025","A","N",1,0,0,0,0,0,0,"N",0.79,0,0,0,0,0,0,"N",0,0.0,0,0,0,0,0,0,0,0,0,0,0,0
"42027","5","23","74","0","2025","A","",290,3040,239422519,40870745,2883074,1514,78747,"",1.02,0.83,0.92,1.13,1.50,1.11,1.11,"",7,2.5,161,5.6,33978375,16.5,2641869,6.9,177065,6.5,142,10.3,7398,10.4
"42029","2","23","74","0","2025","A","N",1,0,0,0,0,0,0,"N",0.39,0,0,0,0,0,0,"N",0,0.0,0,0,0,0,0,0,0,0,0,0,0,0
"42029","5","23","74","0","2025","A","",1504,12774,1194585089,165228079,8085993,1798,93514,"",1.15,0.95,0.91,0.83,0.76,0.96,0.96,"",2,0.1,184,1.5,62676703,5.5,2229089,1.4,442739,5.8,69,4.0,3608,4.0
"42031","2","23","74","0","2025","A","N",1,0,0,0,0,0,0,"N",6.17,0,0,0,0,0,0,"N",0,0.0,0,0,0,0,0,0,0,0,0,0,0,0
"42031","3","23","74","0","2025","A","N",1,0,0,0,0,0,0,"N",2.69,0,0,0,0,0,0,"N",0,0.0,0,0,0,0,0,0,0,0,0,0,0,0
"42031","5","23","74","0","2025","A","",87,577,38697596,7642596,507645,1290,67106,"",1.05,0.88,1.12,0.92,1.01,1.26,1.26,"",-3,-3.3,-14,-2.4,-304356,-0.8,-444445,-5.5,-56470,-10.0,21,1.7,1122,1.7
"42033","5","23","74","0","2025","A","",127,728,46624576,9809615,750443,1231,64015,"",0.81,0.47,0.52,0.52,0.72,1.11,1.11,"",-8,-5.9,-2,-0.3,1350453,3.0,93690,1.0,-1151,-0.2,38,3.2,1974,3.2
"42035","2","23","74","0","2025","A","N",1,0,0,0,0,0,0,"N",7.13,0,0,0,0,0,0,"N",0,0.0,0,0,0,0,0,0,0,0,0,0,0,0
"42035","5","23","74","0","2025","A","",116,754,47024935,9688449,614212,1200,62395,"",1.62,1.12,1.18,1.06,1.27,1.06,1.06,"",4,3.6,41,5.8,4322434,10.1,684842,7.6,72203,13.3,48,4.2,2511,4.2
"42037","2","23","74","0","2025","A","N",1,0,0,0,0,0,0,"N",4.17,0,0,0,0,0,0,"N",0,0.0,0,0,0,0,0,0,0,0,0,0,0,0
"42037","3","23","74","0","2025","A","N",1,0,0,0,0,0,0,"N",1.82,0,0,0,0,0,0,"N",0,0.0,0,0,0,0,0,0,0,0,0,0,0,0
"42037","5","23","74","0","2025","A","",127,832,60329469,11006001,784434,1395,72533,"",1.04,0.65,0.84,0.66,0.81,1.29,1.29,"",-4,-3.1,-86,-9.4,-1730471,-2.8,-1012529,-8.4,-4693,-0.6,95,7.3,4923,7.3
"42039","2","23","74","0","2025","A","N",1,0,0,0,0,0,0,"N",3.11,0,0,0,0,0,0,"N",0,0.0,0,0,0,0,0,0,0,0,0,0,0,0
"42039","3","23","74","0","2025","A","N",1,0,0,0,0,0,0,"N",1.36,0,0,0,0,0,0,"N",0,0.0,0,0,0,0,0,0,0,0,0,0,0,0
"42039","5","23","74","0","2025","A","",163,894,53138650,11983588,644056,1143,59423,"",0.99,0.59,0.62,0.63,0.63,1.05,1.05,"",7,4.5,25,2.9,4624162,9.5,725393,6.4,51117,8.6,69,6.4,3574,6.4
"42041","2","23","74","0","2025","A","N",1,0,0,0,0,0,0,"N",0.93,0,0,0,0,0,0,"N",0,0.0,0,0,0,0,0,0,0,0,0,0,0,0
"42041","5","23","74","0","2025","A","",462,5191,404160577,67271829,3075359,1497,77858,"",0.84,0.71,0.78,0.62,0.57,1.10,1.10,"",6,1.3,81,1.6,26961763,7.1,219404,0.3,82221,2.7,78,5.5,4045,5.5
"42043","3","23","74","0","2025","A","N",1,0,0,0,0,0,0,"N",0.38,0,0,0,0,0,0,"N",0,0.0,0,0,0,0,0,0,0,0,0,0,0,0
"42043","5","23","74","0","2025","A","",461,6531,571493581,86174614,5232267,1683,87500,"",0.79,0.65,0.76,0.73,0.82,1.17,1.17,"",9,2.0,479,7.9,61262831,12.0,6790494,8.6,715533,15.8,62,3.8,3192,3.8
"42045","2","23","74","0","2025","A","N",1,0,0,0,0,0,0,"N",0.45,0,0,0,0,0,0,"N",0,0.0,0,0,0,0,0,0,0,0,0,0,0,0
"42045","5","23","74","0","2025","A","",1381,12304,1151665045,166104539,9749924,1800,93602,"",1.22,1.06,1.23,1.00,1.08,1.16,1.16,"",-15,-1.1,137,1.1,51831527,4.7,3612912,2.2,568366,6.2,62,3.6,3210,3.6
"42047","2","23","74","0","2025","A","N",1,0,0,0,0,0,0,"N",6.96,0,0,0,0,0,0,"N",0,0.0,0,0,0,0,0,0,0,0,0,0,0,0
"42047","3","23","74","0","2025","A","N",2,0,0,0,0,0,0,"N",6.07,0,0,0,0,0,0,"N",0,0.0,0,0,0,0,0,0,0,0,0,0,0,0
"42047","5","23","74","0","2025","A","",75,512,34157506,6481155,437354,1283,66692,"",1.02,0.74,0.84,0.69,0.79,1.13,1.13,"",0,0.0,17,3.4,1701400,5.2,147415,2.3,-18941,-4.2,23,1.8,1157,1.8
"42049","2","23","74","0","2025","A","N",1,0,0,0,0,0,0,"N",0.98,0,0,0,0,0,0,"N",0,0.0,0,0,0,0,0,0,0,0,0,0,0,0
"42049","3","23","74","0","2025","A","",3,18,733464,0,0,776,40374,"",1.28,0.21,0.17,0.00,0.00,0.82,0.82,"",0,0.0,-2,-10.0,22280,3.1,0,0.0,0,0.0,84,12.1,4365,12.1
"42049","5","23","74","0","2025","A","",485,4248,287272717,57179881,4072331,1300,67619,"",0.93,0.67,0.75,0.73,0.91,1.12,1.12,"",-1,-0.2,108,2.6,26086359,10.0,3707447,6.9,344599,9.2,87,7.2,4537,7.2
"42051","3","23","74","0","2025","A","N",2,0,0,0,0,0,0,"N",2.11,0,0,0,0,0,0,"N",0,0.0,0,0,0,0,0,0,0,0,0,0,0,0
"42051","5","23","74","0","2025","A","",234,1316,83132749,17774273,1043706,1214,63151,"",1.11,0.66,0.72,0.67,0.68,1.10,1.10,"",-5,-2.1,-306,-18.9,-16993925,-17.0,-3980828,-18.3,-409666,-28.2,27,2.3,1427,2.3
"42053","2","23","74","0","2025","A","N",1,0,0,0,0,0,0,"N",46.00,0,0,0,0,0,0,"N",0,0.0,0,0,0,0,0,0,0,0,0,0,0,0
"42053","3","23","74","0","2025","A","N",3,0,0,0,0,0,0,"N",60.21,0,0,0,0,0,0,"N",0,0.0,0,0,0,0,0,0,0,0,0,0,0,0
"42053","5","23","74","0","2025","A","N",7,0,0,0,0,0,0,"N",0.63,0,0,0,0,0,0,"N",0,0.0,0,0,0,0,0,0,0,0,0,0,0,0
"42055","2","23","74","0","2025","A","N",1,0,0,0,0,0,0,"N",1.86,0,0,0,0,0,0,"N",0,0.0,0,0,0,0,0,0,0,0,0,0,0,0
"42055","3","23","74","0","2025","A","",4,38,2370317,0,0,1207,62790,"",3.24,0.87,1.08,0.00,0.00,1.25,1.25,"",0,0.0,4,11.8,111504,4.9,0,0.0,0,0.0,-67,-5.3,-3483,-5.3
"42055","5","23","74","0","2025","A","",316,2505,171983211,31329098,1351420,1320,68654,"",1.15,0.77,0.86,0.69,0.58,1.12,1.12,"",4,1.3,72,3.0,12004212,7.5,1194533,4.0,-9134,-0.7,56,4.4,2907,4.4
"42057","2","23","74","0","2025","A","N",1,0,0,0,0,0,0,"N",20.24,0,0,0,0,0,0,"N",0,0.0,0,0,0,0,0,0,0,0,0,0,0,0
"42057","3","23","74","0","2025","A","N",2,0,0,0,0,0,0,"N",17.66,0,0,0,0,0,0,"N",0,0.0,0,0,0,0,0,0,0,0,0,0,0,0
"42057","5","23","74","0","2025","A","",32,353,30103169,4394464,282178,1640,85298,"",1.27,1.24,1.69,1.15,1.08,1.37,1.37,"",1,3.2,29,9.0,5493535,22.3,358148,8.9,10181,3.7,177,12.1,9225,12.1
"42059","2","23","74","0","2025","A","N",1,0,0,0,0,0,0,"N",8.35,0,0,0,0,0,0,"N",0,0.0,0,0,0,0,0,0,0,0,0,0,0,0
"42059","3","23","74","0","2025","A","N",2,0,0,0,0,0,0,"N",7.28,0,0,0,0,0,0,"N",0,0.0,0,0,0,0,0,0,0,0,0,0,0,0
"42059","5","23","74","0","2025","A","",61,1032,75361725,15612887,621542,1405,73049,"",1.00,1.67,1.61,1.89,1.27,0.97,0.97,"",-5,-7.6,44,4.5,7187365,10.5,1377669,9.7,15876,2.6,78,5.9,4058,5.9
"42061","2","23","74","0","2025","A","N",1,0,0,0,0,0,0,"N",6.32,0,0,0,0,0,0,"N",0,0.0,0,0,0,0,0,0,0,0,0,0,0,0
"42061","3","23","74","0","2025","A","N",5,0,0,0,0,0,0,"N",13.80,0,0,0,0,0,0,"N",0,0.0,0,0,0,0,0,0,0,0,0,0,0,0
"42061","5","23","74","0","2025","A","",88,630,42570566,8126276,446468,1299,67554,"",1.09,0.93,1.16,1.10,0.95,1.24,1.24,"",4,4.8,23,3.8,2993999,7.6,55175,0.7,-21251,-4.5,46,3.7,2398,3.7
"42063","3","23","74","0","2025","A","N",4,0,0,0,0,0,0,"N",6.01,0,0,0,0,0,0,"N",0,0.0,0,0,0,0,0,0,0,0,0,0,0,0
"42063","5","23","74","0","2025","A","",142,929,56743287,12913710,879122,1175,61080,"",0.96,0.63,0.61,0.70,0.87,0.98,0.98,"",-7,-4.7,15,1.6,4915847,9.5,554445,4.5,101268,13.0,84,7.7,4371,7.7
"42065","2","23","74","0","2025","A","N",1,0,0,0,0,0,0,"N",5.55,0,0,0,0,0,0,"N",0,0.0,0,0,0,0,0,0,0,0,0,0,0,0
"42065","3","23","74","0","2025","A","N",1,0,0,0,0,0,0,"N",2.42,0,0,0,0,0,0,"N",0,0.0,0,0,0,0,0,0,0,0,0,0,0,0
"42065","5","23","74","0","2025","A","",92,510,30499615,6666548,392237,1149,59754,"",1.00,0.68,0.73,0.66,0.64,1.08,1.08,"",0,0.0,34,7.1,3332820,12.3,268934,4.2,995,0.3,51,4.6,2661,4.7
"42067","2","23","74","0","2025","A","N",1,0,0,0,0,0,0,"N",11.30,0,0,0,0,0,0,"N",0,0.0,0,0,0,0,0,0,0,0,0,0,0,0
"42067","3","23","74","0","2025","A","N",3,0,0,0,0,0,0,"N",14.79,0,0,0,0,0,0,"N",0,0.0,0,0,0,0,0,0,0,0,0,0,0,0
"42067","5","23","74","0","2025","A","",72,344,20736247,5062690,310928,1160,60324,"",1.60,1.05,1.21,1.03,1.10,1.15,1.15,"",4,5.9,-6,-1.7,1385196,7.2,212709,4.4,36059,13.1,98,9.2,5101,9.2
"42069","5","23","74","0","2025","A","",454,3795,296769416,52505671,4017309,1504,78202,"",1.05,0.73,0.95,0.76,1.01,1.31,1.31,"",-4,-0.9,78,2.1,23425469,8.6,1783977,3.5,219880,5.8,90,6.4,4666,6.3
"42071","2","23","74","0","2025","A","N",1,0,0,0,0,0,0,"N",0.45,0,0,0,0,0,0,"N",0,0.0,0,0,0,0,0,0,0,0,0,0,0,0
"42071","3","23","74","0","2025","A","",3,24,1102488,0,0,874,45463,"",0.58,0.13,0.11,0.00,0.00,0.83,0.83,"",0,0.0,3,14.3,82333,8.1,0,0.0,0,0.0,-46,-5.0,-2357,-4.9
"42071","5","23","74","0","2025","A","",1958,19614,1594470577,244596374,9707559,1563,81292,"",1.71,1.46,1.76,1.28,1.05,1.21,1.21,"",28,1.5,740,3.9,129562886,8.8,12087638,5.2,657199,7.3,70,4.7,3676,4.7
"42073","2","23","74","0","2025","A","N",1,0,0,0,0,0,0,"N",3.27,0,0,0,0,0,0,"N",0,0.0,0,0,0,0,0,0,0,0,0,0,0,0
"42073","5","23","74","0","2025","A","",192,1816,149696417,26649132,2125208,1586,82451,"",1.23,1.26,1.74,1.43,1.92,1.39,1.39,"",-4,-2.0,32,1.8,15623111,11.7,1588468,6.3,187787,9.7,140,9.7,7280,9.7
"42075","2","23","74","0","2025","A","N",1,0,0,0,0,0,0,"N",2.20,0,0,0,0,0,0,"N",0,0.0,0,0,0,0,0,0,0,0,0,0,0,0
"42075","5","23","74","0","2025","A","N",302,0,0,0,0,0,0,"N",1.30,0,0,0,0,0,0,"N",14,4.9,0,0,0,0,0,0,0,0,0,0,0,0
"42077","5","23","74","0","2025","A","",651,6729,578953231,88419873,5409173,1655,86035,"",0.92,0.62,0.69,0.63,0.69,1.10,1.10,"",-16,-2.4,65,1.0,48272277,9.1,2593077,3.0,301743,5.9,124,8.1,6402,8.0
"42079","2","23","74","0","2025","A","N",1,0,0,0,0,0,0,"N",0.87,0,0,0,0,0,0,"N",0,0.0,0,0,0,0,0,0,0,0,0,0,0,0
"42079","5","23","74","0","2025","A","",586,5135,380902613,67366995,5024162,1427,74184,"",1.00,0.67,0.79,0.61,0.76,1.18,1.18,"",1,0.2,-113,-2.2,13447505,3.7,-1230618,-1.8,-23704,-0.5,80,5.9,4161,5.9
"42081","3","23","74","0","2025","A","N",1,0,0,0,0,0,0,"N",0.95,0,0,0,0,0,0,"N",0,0.0,0,0,0,0,0,0,0,0,0,0,0,0
"42081","5","23","74","0","2025","A","",247,1711,115903925,23100696,1470633,1303,67731,"",1.06,0.65,0.72,0.74,0.83,1.10,1.10,"",4,1.6,-1,-0.1,4538839,4.1,1164741,5.3,94560,6.9,52,4.2,2688,4.1
"42083","2","23","74","0","2025","A","N",1,0,0,0,0,0,0,"N",6.23,0,0,0,0,0,0,"N",0,0.0,0,0,0,0,0,0,0,0,0,0,0,0
"42083","3","23","74","0","2025","A","N",2,0,0,0,0,0,0,"N",5.44,0,0,0,0,0,0,"N",0,0.0,0,0,0,0,0,0,0,0,0,0,0,0
"42083","5","23","74","0","2025","A","",74,521,33208195,7496347,546835,1225,63719,"",0.90,0.71,0.81,0.86,1.12,1.14,1.14,"",0,0.0,-41,-7.3,-2662,0.0,-216947,-2.8,-54415,-9.1,89,7.8,4642,7.9
"42085","2","23","74","0","2025","A","N",1,0,0,0,0,0,0,"N",2.31,0,0,0,0,0,0,"N",0,0.0,0,0,0,0,0,0,0,0,0,0,0,0
"42085","3","23","74","0","2025","A","N",7,0,0,0,0,0,0,"N",7.05,0,0,0,0,0,0,"N",0,0.0,0,0,0,0,0,0,0,0,0,0,0,0
"42085","5","23","74","0","2025","A","",220,1510,100773746,20368919,1264566,1284,66749,"",1.00,0.67,0.75,0.69,0.76,1.13,1.13,"",2,0.9,23,1.5,4955769,5.2,372347,1.9,7005,0.6,45,3.6,2308,3.6
"42087","2","23","74","0","2025","A","N",1,0,0,0,0,0,0,"N",6.00,0,0,0,0,0,0,"N",0,0.0,0,0,0,0,0,0,0,0,0,0,0,0
"42087","5","23","74","0","2025","A","",130,988,66762269,12969383,719473,1300,67596,"",1.53,1.08,1.25,1.16,1.10,1.15,1.15,"",11,9.2,114,13.0,8781058,15.1,1356434,11.7,71182,11.0,24,1.9,1269,1.9
"42089","2","23","74","0","2025","A","N",1,0,0,0,0,0,0,"N",1.76,0,0,0,0,0,0,"N",0,0.0,0,0,0,0,0,0,0,0,0,0,0,0
"42089","5","23","74","0","2025","A","",366,1811,109586082,23348054,1404168,1164,60523,"",1.26,0.60,0.61,0.57,0.63,1.01,1.01,"",5,1.4,20,1.1,6084473,5.9,898021,4.0,191852,15.8,53,4.8,2733,4.7
"42091","5","23","74","0","2025","A","",2499,25773,2711806428,364094049,22645467,2023,105220,"",1.10,0.97,1.04,0.89,0.99,1.07,1.07,"",-11,-0.4,624,2.5,214976346,8.6,15680678,4.5,1632505,7.8,114,6.0,5940,6.0
"42093","2","23","74","0","2025","A","N",1,0,0,0,0,0,0,"N",13.37,0,0,0,0,0,0,"N",0,0.0,0,0,0,0,0,0,0,0,0,0,0,0
"42093","5","23","74","0","2025","A","",26,140,7787000,1741859,61602,1073,55821,"",0.68,0.15,0.09,0.34,0.23,0.59,0.59,"",-2,-7.1,5,3.7,-232783,-2.9,-151177,-8.0,-32400,-34.5,-73,-6.4,-3769,-6.3
"42095","2","23","74","0","2025","A","N",1,0,0,0,0,0,0,"N",0.92,0,0,0,0,0,0,"N",0,0.0,0,0,0,0,0,0,0,0,0,0,0,0
"42095","5","23","74","0","2025","A","",625,4620,380617378,59784209,3648183,1584,82376,"",1.13,0.71,0.86,0.67,0.71,1.21,1.21,"",8,1.3,241,5.5,31527332,9.0,4360702,7.9,429361,13.3,51,3.3,2664,3.3
"42097","2","23","74","0","2025","A","N",1,0,0,0,0,0,0,"N",3.58,0,0,0,0,0,0,"N",0,0.0,0,0,0,0,0,0,0,0,0,0,0,0
"42097","5","23","74","0","2025","A","",167,1103,70547380,13731213,741926,1230,63935,"",1.17,0.77,0.84,0.60,0.58,1.09,1.09,"",7,4.4,-10,-0.9,2756249,4.1,-218948,-1.6,26071,3.6,59,5.0,3045,5.0
"42099","2","23","74","0","2025","A","N",1,0,0,0,0,0,0,"N",7.29,0,0,0,0,0,0,"N",0,0.0,0,0,0,0,0,0,0,0,0,0,0,0
"42099","3","23","74","0","2025","A","N",2,0,0,0,0,0,0,"N",6.36,0,0,0,0,0,0,"N",0,0.0,0,0,0,0,0,0,0,0,0,0,0,0
"42099","5","23","74","0","2025","A","",148,782,49979750,10172177,465189,1229,63933,"",2.12,1.81,2.45,1.88,1.39,1.35,1.35,"",0,0.0,21,2.8,3338553,7.2,161391,1.6,16770,3.7,51,4.3,2670,4.4
"42101","2","23","74","0","2025","A","N",1,0,0,0,0,0,0,"N",0.20,0,0,0,0,0,0,"N",0,0.0,0,0,0,0,0,0,0,0,0,0,0,0
"42101","3","23","74","0","2025","A","N",4,0,0,0,0,0,0,"N",0.34,0,0,0,0,0,0,"N",0,0.0,0,0,0,0,0,0,0,0,0,0,0,0
"42101","5","23","74","0","2025","A","",1624,11872,1197934572,161815954,11523934,1940,100903,"",0.62,0.31,0.34,0.35,0.44,1.09,1.09,"",2,0.1,-390,-3.2,6234670,0.5,-7410349,-4.4,-366260,-3.1,71,3.8,3717,3.8
"42103","2","23","74","0","2025","A","N",1,0,0,0,0,0,0,"N",5.71,0,0,0,0,0,0,"N",0,0.0,0,0,0,0,0,0,0,0,0,0,0,0
"42103","3","23","74","0","2025","A","N",1,0,0,0,0,0,0,"N",2.49,0,0,0,0,0,0,"N",0,0.0,0,0,0,0,0,0,0,0,0,0,0,0
"42103","5","23","74","0","2025","A","",129,409,22573812,5473188,268811,1062,55215,"",1.44,0.62,0.69,0.63,0.62,1.11,1.11,"",1,0.8,-15,-3.5,421046,1.9,39849,0.7,6754,2.6,56,5.6,2917,5.6
"42105","2","23","74","0","2025","A","N",1,0,0,0,0,0,0,"N",13.91,0,0,0,0,0,0,"N",0,0.0,0,0,0,0,0,0,0,0,0,0,0,0
"42105","5","23","74","0","2025","A","",24,155,9586899,1858887,126248,1193,62018,"",0.65,0.62,0.66,0.67,0.78,1.08,1.07,"",4,20.0,4,2.6,414387,4.5,72641,4.1,3887,3.2,24,2.1,1206,2.0
"42107","2","23","74","0","2025","A","N",1,0,0,0,0,0,0,"N",2.22,0,0,0,0,0,0,"N",0,0.0,0,0,0,0,0,0,0,0,0,0,0,0
"42107","3","23","74","0","2025","A","N",4,0,0,0,0,0,0,"N",3.87,0,0,0,0,0,0,"N",0,0.0,0,0,0,0,0,0,0,0,0,0,0,0
"42107","5","23","74","0","2025","A","",222,1762,130237602,24481790,1602664,1422,73929,"",0.97,0.66,0.81,0.62,0.71,1.23,1.23,"",-2,-0.9,3,0.2,8594291,7.1,745082,3.1,203194,14.5,92,6.9,4771,6.9
"42109","2","23","74","0","2025","A","N",1,0,0,0,0,0,0,"N",6.38,0,0,0,0,0,0,"N",0,0.0,0,0,0,0,0,0,0,0,0,0,0,0
"42109","3","23","74","0","2025","A","N",2,0,0,0,0,0,0,"N",5.57,0,0,0,0,0,0,"N",0,0.0,0,0,0,0,0,0,0,0,0,0,0,0
"42109","5","23","74","0","2025","A","",92,685,44205743,8774504,386077,1240,64503,"",1.15,0.83,1.06,0.81,0.63,1.27,1.27,"",-1,-1.1,-11,-1.6,40997,0.1,15565,0.2,6426,1.7,19,1.6,1010,1.6
"42111","2","23","74","0","2025","A","N",1,0,0,0,0,0,0,"N",3.55,0,0,0,0,0,0,"N",0,0.0,0,0,0,0,0,0,0,0,0,0,0,0
"42111","3","23","74","0","2025","A","N",1,0,0,0,0,0,0,"N",1.55,0,0,0,0,0,0,"N",0,0.0,0,0,0,0,0,0,0,0,0,0,0,0
"42111","5","23","74","0","2025","A","",173,1083,70643276,15551386,1133570,1254,65229,"",1.20,0.88,1.02,1.01,1.26,1.16,1.16,"",2,1.2,30,2.8,6106522,9.5,1034203,7.1,77251,7.3,76,6.5,3965,6.5
"42113","2","23","74","0","2025","A","N",1,0,0,0,0,0,0,"N",37.16,0,0,0,0,0,0,"N",0,0.0,0,0,0,0,0,0,0,0,0,0,0,0
"42113","5","23","74","0","2025","A","N",15,0,0,0,0,0,0,"N",1.09,0,0,0,0,0,0,"N",0,0.0,0,0,0,0,0,0,0,0,0,0,0,0
"42115","2","23","74","0","2025","A","N",1,0,0,0,0,0,0,"N",6.81,0,0,0,0,0,0,"N",0,0.0,0,0,0,0,0,0,0,0,0,0,0,0
"42115","3","23","74","0","2025","A","",7,39,1226636,0,0,605,31452,"",20.80,6.38,4.34,0.00,0.00,0.68,0.68,"",0,0.0,1,2.6,54576,4.7,0,0.0,0,0.0,17,2.9,877,2.9
"42115","5","23","74","0","2025","A","",87,444,30989285,5980058,386265,1342,69769,"",1.16,0.98,1.20,1.05,1.13,1.23,1.23,"",1,1.2,-22,-4.7,430971,1.4,-283968,-4.5,-3795,-1.0,80,6.3,4123,6.3
"42117","2","23","74","0","2025","A","N",1,0,0,0,0,0,0,"N",6.56,0,0,0,0,0,0,"N",0,0.0,0,0,0,0,0,0,0,0,0,0,0,0
"42117","3","23","74","0","2025","A","N",4,0,0,0,0,0,0,"N",11.46,0,0,0,0,0,0,"N",0,0.0,0,0,0,0,0,0,0,0,0,0,0,0
"42117","5","23","74","0","2025","A","",67,363,23447634,4640008,279299,1241,64550,"",0.86,0.56,0.64,0.64,0.68,1.15,1.15,"",3,4.7,31,9.3,3696279,18.7,506263,12.2,15000,5.7,97,8.5,5073,8.5
"42119","2","23","74","0","2025","A","N",1,0,0,0,0,0,0,"N",6.44,0,0,0,0,0,0,"N",0,0.0,0,0,0,0,0,0,0,0,0,0,0,0
"42119","5","23","74","0","2025","A","",88,723,52533312,9421181,572860,1398,72694,"",1.11,0.79,0.87,0.96,1.00,1.11,1.11,"",0,0.0,6,0.8,3753506,7.7,344501,3.8,-35043,-5.8,90,6.9,4669,6.9
"42121","3","23","74","0","2025","A","N",1,0,0,0,0,0,0,"N",2.37,0,0,0,0,0,0,"N",0,0.0,0,0,0,0,0,0,0,0,0,0,0,0
"42121","5","23","74","0","2025","A","",93,358,17840253,4855562,266980,957,49775,"",0.99,0.42,0.38,0.47,0.50,0.90,0.90,"",3,3.3,-43,-10.7,-2207888,-11.0,-253861,-5.0,-22629,-7.8,-4,-0.4,-179,-0.4
"42123","2","23","74","0","2025","A","N",1,0,0,0,0,0,0,"N",7.26,0,0,0,0,0,0,"N",0,0.0,0,0,0,0,0,0,0,0,0,0,0,0
"42123","3","23","74","0","2025","A","N",2,0,0,0,0,0,0,"N",6.34,0,0,0,0,0,0,"N",0,0.0,0,0,0,0,0,0,0,0,0,0,0,0
"42123","5","23","74","0","2025","A","",54,271,15517528,3498001,231580,1099,57172,"",0.77,0.40,0.39,0.40,0.53,1.00,1.00,"",-2,-3.6,3,1.1,1127659,7.8,43938,1.3,-8641,-3.6,66,6.4,3445,6.4
"42125","2","23","74","0","2025","A","N",1,0,0,0,0,0,0,"N",1.14,0,0,0,0,0,0,"N",0,0.0,0,0,0,0,0,0,0,0,0,0,0,0
"42125","3","23","74","0","2025","A","N",1,0,0,0,0,0,0,"N",0.50,0,0,0,0,0,0,"N",0,0.0,0,0,0,0,0,0,0,0,0,0,0,0
"42125","5","23","74","0","2025","A","",660,7040,618812428,101540125,7655157,1690,87906,"",1.47,1.49,1.65,1.45,1.80,1.11,1.11,"",4,0.6,444,6.7,77685761,14.4,8509952,9.1,722313,10.4,112,7.1,5874,7.2
"42127","2","23","74","0","2025","A","N",1,0,0,0,0,0,0,"N",4.47,0,0,0,0,0,0,"N",0,0.0,0,0,0,0,0,0,0,0,0,0,0,0
"42127","3","23","74","0","2025","A","N",2,0,0,0,0,0,0,"N",3.90,0,0,0,0,0,0,"N",0,0.0,0,0,0,0,0,0,0,0,0,0,0,0
"42127","5","23","74","0","2025","A","",175,1175,79221319,15414384,1066830,1297,67437,"",1.54,1.41,1.60,1.47,1.76,1.14,1.14,"",-1,-0.6,-17,-1.4,36544,0.0,-3539201,-18.7,-395231,-27.0,19,1.5,998,1.5
"42129","2","23","74","0","2025","A","N",1,0,0,0,0,0,0,"N",0.72,0,0,0,0,0,0,"N",0,0.0,0,0,0,0,0,0,0,0,0,0,0,0
"42129","5","23","74","0","2025","A","",905,6996,515158502,94757004,6645292,1416,73633,"",1.28,1.02,1.19,1.00,1.21,1.17,1.17,"",-6,-0.7,51,0.7,21877710,4.4,2285432,2.5,156348,2.4,50,3.7,2610,3.7
"42131","2","23","74","0","2025","A","N",1,0,0,0,0,0,0,"N",9.10,0,0,0,0,0,0,"N",0,0.0,0,0,0,0,0,0,0,0,0,0,0,0
"42131","3","23","74","0","2025","A","N",1,0,0,0,0,0,0,"N",3.97,0,0,0,0,0,0,"N",0,0.0,0,0,0,0,0,0,0,0,0,0,0,0
"42131","5","23","74","0","2025","A","",73,602,41772484,8427504,514934,1335,69428,"",1.30,1.20,1.23,1.10,1.26,1.03,1.03,"",3,4.3,-16,-2.6,1356853,3.4,300396,3.7,7056,1.4,77,6.1,3995,6.1
"42133","2","23","74","0","2025","A","N",1,0,0,0,0,0,0,"N",0.70,0,0,0,0,0,0,"N",0,0.0,0,0,0,0,0,0,0,0,0,0,0,0
"42133","3","23","74","0","2025","A","N",1,0,0,0,0,0,0,"N",0.30,0,0,0,0,0,0,"N",0,0.0,0,0,0,0,0,0,0,0,0,0,0,0
"42133","5","23","74","0","2025","A","",908,11737,1013109175,150895895,8688817,1660,86319,"",1.24,1.21,1.49,1.12,1.17,1.23,1.23,"",-6,-0.7,-3,0.0,38594854,4.0,-1925598,-1.3,-407688,-4.5,64,4.0,3315,4.0
"42999","5","23","74","0","2025","A","",2098,11531,1308803053,206741841,14167855,2183,113507,"",0.47,0.67,0.57,0.62,0.66,0.85,0.85,"N",71,3.5,0,0,0,0,0,0,0,0,0,0,0,0
"44000","2","23","54","0","2025","A","N",7,0,0,0,0,0,0,"N",0.94,0,0,0,0,0,0,"N",0,0.0,0,0,0,0,0,0,0,0,0,0,0,0
"44000","3","23","54","0","2025","A","",33,807,52796166,0,0,1259,65457,"",1.92,2.27,2.37,0.00,0.00,1.05,1.05,"",0,0.0,11,1.4,4991356,10.4,0,0.0,0,0.0,104,9.0,5376,8.9
"44000","5","23","54","0","2025","A","N",4081,0,0,0,0,0,0,"N",1.07,0,0,0,0,0,0,"N",-15,-0.4,0,0,0,0,0,0,0,0,0,0,0,0
"44001","3","23","74","0","2025","A","N",3,0,0,0,0,0,0,"N",3.61,0,0,0,0,0,0,"N",0,0.0,0,0,0,0,0,0,0,0,0,0,0,0
"44001","5","23","74","0","2025","A","N",219,0,0,0,0,0,0,"N",1.19,0,0,0,0,0,0,"N",1,0.5,0,0,0,0,0,0,0,0,0,0,0,0
"44003","2","23","74","0","2025","A","N",1,0,0,0,0,0,0,"N",0.93,0,0,0,0,0,0,"N",0,0.0,0,0,0,0,0,0,0,0,0,0,0,0
"44003","3","23","74","0","2025","A","N",5,0,0,0,0,0,0,"N",2.03,0,0,0,0,0,0,"N",0,0.0,0,0,0,0,0,0,0,0,0,0,0,0
"44003","5","23","74","0","2025","A","N",598,0,0,0,0,0,0,"N",1.09,0,0,0,0,0,0,"N",0,0.0,0,0,0,0,0,0,0,0,0,0,0,0
"44005","2","23","74","0","2025","A","N",1,0,0,0,0,0,0,"N",1.46,0,0,0,0,0,0,"N",0,0.0,0,0,0,0,0,0,0,0,0,0,0,0
"44005","3","23","74","0","2025","A","N",3,0,0,0,0,0,0,"N",1.91,0,0,0,0,0,0,"N",0,0.0,0,0,0,0,0,0,0,0,0,0,0,0
"44005","5","23","74","0","2025","A","N",384,0,0,0,0,0,0,"N",1.10,0,0,0,0,0,0,"N",6,1.6,0,0,0,0,0,0,0,0,0,0,0,0
"44007","2","23","74","0","2025","A","",3,67,4754197,0,0,1371,71313,"",0.80,0.49,0.53,0.00,0.00,1.08,1.08,"",0,0.0,-1,-1.5,197333,4.3,0,0.0,0,0.0,79,6.1,4136,6.2
"44007","3","23","74","0","2025","A","",15,394,25756529,0,0,1258,65427,"",1.74,1.90,1.97,0.00,0.00,1.04,1.04,"",0,0.0,9,2.3,2666909,11.6,0,0.0,0,0.0,104,9.0,5441,9.1
"44007","5","23","74","0","2025","A","N",2116,0,0,0,0,0,0,"N",1.11,0,0,0,0,0,0,"N",0,0.0,0,0,0,0,0,0,0,0,0,0,0,0
"44009","2","23","74","0","2025","A","N",2,0,0,0,0,0,0,"N",2.22,0,0,0,0,0,0,"N",0,0.0,0,0,0,0,0,0,0,0,0,0,0,0
"44009","3","23","74","0","2025","A","N",7,0,0,0,0,0,0,"N",3.39,0,0,0,0,0,0,"N",0,0.0,0,0,0,0,0,0,0,0,0,0,0,0
"44009","5","23","74","0","2025","A","N",570,0,0,0,0,0,0,"N",1.24,0,0,0,0,0,0,"N",1,0.2,0,0,0,0,0,0,0,0,0,0,0,0
"44999","5","23","74","0","2025","A","N",194,0,0,0,0,0,0,"N",0.54,0,0,0,0,0,0,"N",-23,-10.6,0,0,0,0,0,0,0,0,0,0,0,0
"45000","5","23","54","0","2025","A","N",16122,0,0,0,0,0,0,"N",1.07,0,0,0,0,0,0,"N",329,2.1,0,0,0,0,0,0,0,0,0,0,0,0
"45001","5","23","74","0","2025","A","N",41,0,0,0,0,0,0,"N",1.19,0,0,0,0,0,0,"N",2,5.1,0,0,0,0,0,0,0,0,0,0,0,0
"45003","5","23","74","0","2025","A","",372,6276,582069161,108006873,601382,1784,92744,"",1.22,1.78,2.32,1.53,0.89,1.30,1.30,"",12,3.3,174,2.9,52676405,10.0,3993060,3.8,86020,16.7,116,7.0,5989,6.9
"45005","5","23","74","0","2025","A","N",5,0,0,0,0,0,0,"N",0.37,0,0,0,0,0,0,"N",1,25.0,0,0,0,0,0,0,0,0,0,0,0,0
"45007","5","23","74","0","2025","A","N",452,0,0,0,0,0,0,"N",1.26,0,0,0,0,0,0,"N",14,3.2,0,0,0,0,0,0,0,0,0,0,0,0
"45009","5","23","74","0","2025","A","N",12,0,0,0,0,0,0,"N",0.49,0,0,0,0,0,0,"N",2,20.0,0,0,0,0,0,0,0,0,0,0,0,0
"45011","5","23","74","0","2025","A","",28,111,7421457,2140847,11161,1290,67061,"",0.85,0.45,0.60,0.47,0.25,1.35,1.35,"",3,12.0,-33,-22.9,-2213710,-23.0,-660828,-23.6,-25430,-69.5,5,0.4,227,0.3
"45013","5","23","74","0","2025","A","",920,4942,369234502,87147727,327569,1437,74706,"",1.52,1.29,1.57,1.13,0.57,1.21,1.21,"",19,2.1,474,10.6,54081137,17.2,7520575,9.4,-187712,-36.4,81,6.0,4173,5.9
"45015","5","23","74","0","2025","A","",617,5015,434110508,97566338,644434,1665,86558,"",1.49,1.35,1.54,1.28,0.66,1.14,1.14,"",33,5.7,813,19.3,103999059,31.5,21444096,28.2,16780,2.7,154,10.2,8007,10.2
"45017","5","23","74","0","2025","A","",34,470,30593714,8205648,40154,1253,65162,"",1.54,1.97,1.85,1.69,0.99,0.94,0.94,"",-1,-2.9,13,2.8,1890540,6.6,186390,2.3,-21592,-35.0,45,3.7,2331,3.7
"45019","5","23","74","0","2025","A","",1780,16654,1484185733,308575478,1982575,1714,89118,"",1.01,1.11,1.27,1.05,0.67,1.15,1.14,"",18,1.0,946,6.0,168379764,12.8,17766984,6.1,343882,21.0,103,6.4,5353,6.4
"45021","5","23","74","0","2025","A","",92,900,70091122,18792382,357275,1497,77865,"",1.17,0.93,1.34,0.92,1.16,1.43,1.43,"",2,2.2,92,11.4,11112532,18.8,2952281,18.6,239968,204.6,94,6.7,4902,6.7
"45023","5","23","74","0","2025","A","",58,771,60014349,14430630,92272,1497,77840,"",1.12,1.38,1.62,1.29,0.93,1.18,1.18,"",4,7.4,-3,-0.4,2343795,4.1,-293003,-2.0,-41927,-31.2,63,4.4,3282,4.4
"45025","5","23","74","0","2025","A","N",56,0,0,0,0,0,0,"N",0.92,0,0,0,0,0,0,"N",1,1.8,0,0,0,0,0,0,0,0,0,0,0,0
"45027","5","23","74","0","2025","A","",38,168,9179127,2989994,10268,1053,54746,"",0.77,0.47,0.55,0.56,0.21,1.16,1.16,"",-1,-2.6,9,5.7,1819225,24.7,178363,6.3,-7716,-42.9,160,17.9,8336,18.0
"45029","5","23","74","0","2025","A","",102,392,22709159,6575512,28477,1115,57956,"",1.42,0.74,0.81,0.65,0.25,1.10,1.09,"",4,4.1,-188,-32.4,-12813559,-36.1,-3479798,-34.6,-8057,-22.1,-64,-5.4,-3334,-5.4
"45031","5","23","74","0","2025","A","N",80,0,0,0,0,0,0,"N",0.82,0,0,0,0,0,0,"N",1,1.3,0,0,0,0,0,0,0,0,0,0,0,0
"45033","5","23","74","0","2025","A","N",22,0,0,0,0,0,0,"N",0.55,0,0,0,0,0,0,"N",0,0.0,0,0,0,0,0,0,0,0,0,0,0,0
"45035","5","23","74","0","2025","A","",408,2349,164688063,44906395,448042,1349,70122,"",1.42,1.07,1.25,1.02,1.12,1.17,1.17,"",16,4.1,59,2.6,9595258,6.2,1957741,4.6,27334,6.5,47,3.6,2396,3.5
"45037","5","23","74","0","2025","A","",56,406,28425224,7867441,91765,1345,69927,"",1.53,1.25,1.50,1.32,1.32,1.20,1.20,"",0,0.0,25,6.6,4314342,17.9,1823216,30.2,57921,171.1,129,10.6,6699,10.6
"45039","5","23","74","0","2025","A","",36,197,14116160,3530526,16907,1377,71625,"",1.07,0.58,0.64,0.53,0.11,1.11,1.11,"",8,28.6,60,43.8,6458820,84.3,1177551,50.0,11581,217.4,304,28.3,15834,28.4
"45041","5","23","74","0","2025","A","N",225,0,0,0,0,0,0,"N",0.78,0,0,0,0,0,0,"N",-7,-3.0,0,0,0,0,0,0,0,0,0,0,0,0
"45043","5","23","74","0","2025","A","",235,1390,90162061,24822601,144579,1248,64880,"",1.25,1.06,1.20,0.95,0.40,1.14,1.14,"",3,1.3,41,3.0,7182968,8.7,717364,3.0,7214,5.3,65,5.5,3368,5.5
"45045","5","23","74","0","2025","A","",1801,18498,1718931075,331829636,1944171,1787,92925,"",1.13,1.16,1.51,0.98,0.54,1.31,1.31,"",42,2.4,1717,10.2,263925730,18.1,39036825,13.3,142893,7.9,120,7.2,6218,7.2
"45047","5","23","74","0","2025","A","N",137,0,0,0,0,0,0,"N",1.09,0,0,0,0,0,0,"N",9,7.0,0,0,0,0,0,0,0,0,0,0,0,0
"45049","5","23","74","0","2025","A","N",40,0,0,0,0,0,0,"N",1.26,0,0,0,0,0,0,"N",-1,-2.4,0,0,0,0,0,0,0,0,0,0,0,0
"45051","5","23","74","0","2025","A","",1320,9598,635466697,171625873,957550,1273,66209,"",1.33,1.24,1.52,1.13,0.54,1.23,1.23,"",15,1.1,380,4.1,46655117,7.9,4199357,2.5,-208447,-17.9,45,3.7,2335,3.7
"45053","5","23","74","0","2025","A","",174,1498,112329731,29702947,123482,1442,74970,"",2.29,2.53,3.20,2.44,0.91,1.26,1.26,"",-2,-1.1,12,0.8,4708175,4.4,2965623,11.1,-31902,-20.5,49,3.5,2546,3.5
"45055","5","23","74","0","2025","A","",174,1051,61160225,18483299,113484,1119,58192,"",1.42,1.07,1.14,0.96,0.74,1.07,1.07,"",8,4.8,-33,-3.0,3370432,5.8,-1835468,-9.0,-19017,-14.4,94,9.2,4876,9.1
"45057","5","23","74","0","2025","A","N",171,0,0,0,0,0,0,"N",0.95,0,0,0,0,0,0,"N",-1,-0.6,0,0,0,0,0,0,0,0,0,0,0,0
"45059","5","23","74","0","2025","A","",98,631,40405440,10902317,17828,1232,64051,"",1.16,0.59,0.64,0.53,0.10,1.09,1.09,"",11,12.6,-25,-3.8,769732,1.9,-574771,-5.0,3168,21.6,69,5.9,3600,6.0
"45061","5","23","74","0","2025","A","N",16,0,0,0,0,0,0,"N",0.69,0,0,0,0,0,0,"N",-2,-11.1,0,0,0,0,0,0,0,0,0,0,0,0
"45063","5","23","74","0","2025","A","N",951,0,0,0,0,0,0,"N",1.37,0,0,0,0,0,0,"N",13,1.4,0,0,0,0,0,0,0,0,0,0,0,0
"45065","5","23","74","0","2025","A","",32,125,6412952,2054596,7317,985,51201,"",1.35,1.16,1.28,1.45,0.44,1.10,1.09,"",1,3.2,15,13.6,886879,16.0,159125,8.4,-9594,-56.7,19,2.0,964,1.9
"45067","5","23","74","0","2025","A","N",25,0,0,0,0,0,0,"N",0.69,0,0,0,0,0,0,"N",-2,-7.4,0,0,0,0,0,0,0,0,0,0,0,0
"45069","5","23","74","0","2025","A","N",14,0,0,0,0,0,0,"N",0.54,0,0,0,0,0,0,"N",-2,-12.5,0,0,0,0,0,0,0,0,0,0,0,0
"45071","5","23","74","0","2025","A","",104,869,57867220,14666433,93883,1280,66584,"",1.43,1.14,1.39,1.01,0.72,1.22,1.22,"",2,2.0,61,7.5,6799509,13.3,1067666,7.9,14017,17.6,65,5.3,3394,5.4
"45073","5","23","74","0","2025","A","",279,1595,103484893,30062279,270041,1248,64898,"",1.76,1.16,1.16,1.12,0.92,1.00,1.00,"",1,0.4,83,5.5,16874110,19.5,4340523,16.9,28528,11.8,147,13.4,7625,13.3
"45075","5","23","74","0","2025","A","N",119,0,0,0,0,0,0,"N",0.83,0,0,0,0,0,0,"N",4,3.5,0,0,0,0,0,0,0,0,0,0,0,0
"45077","5","23","74","0","2025","A","N",350,0,0,0,0,0,0,"N",1.52,0,0,0,0,0,0,"N",16,4.8,0,0,0,0,0,0,0,0,0,0,0,0
"45079","5","23","74","0","2025","A","",736,7363,606773113,136584304,1144211,1585,82405,"",0.74,0.61,0.71,0.66,0.46,1.17,1.17,"",-3,-0.4,614,9.1,113656541,23.0,13639206,11.1,312529,37.6,180,12.8,9336,12.8
"45081","5","23","74","0","2025","A","",28,139,6523706,2409213,662,903,46933,"",1.19,0.58,0.50,0.52,0.02,0.87,0.87,"",1,3.7,11,8.6,176270,2.8,5001,0.2,-1744,-72.5,-54,-5.6,-2818,-5.7
"45083","5","23","74","0","2025","A","",770,7533,567906562,134905327,1241519,1450,75390,"",1.16,0.90,1.02,0.82,0.66,1.13,1.13,"",40,5.5,259,3.6,50829044,9.8,2644983,2.0,313383,33.8,83,6.1,4300,6.0
"45085","5","23","74","0","2025","A","N",170,0,0,0,0,0,0,"N",0.95,0,0,0,0,0,0,"N",-6,-3.4,0,0,0,0,0,0,0,0,0,0,0,0
"45087","5","23","74","0","2025","A","N",26,0,0,0,0,0,0,"N",0.69,0,0,0,0,0,0,"N",0,0.0,0,0,0,0,0,0,0,0,0,0,0,0
"45089","5","23","74","0","2025","A","N",48,0,0,0,0,0,0,"N",0.96,0,0,0,0,0,0,"N",-4,-7.7,0,0,0,0,0,0,0,0,0,0,0,0
"45091","5","23","74","0","2025","A","",766,4666,361607241,87091223,496025,1490,77490,"",1.08,0.83,0.95,0.76,0.40,1.14,1.14,"",13,1.7,-121,-2.5,9627495,2.7,-3598184,-4.0,-80678,-14.0,76,5.4,3959,5.4
"45999","5","23","74","0","2025","A","",2106,7608,706415158,162355414,1706132,1786,92850,"",0.73,1.12,0.92,0.87,0.55,0.83,0.83,"",48,2.3,817,12.0,148160000,26.5,21402827,15.2,619799,57.1,205,13.0,10649,13.0
"46000","2","23","54","0","2025","A","N",59,0,0,0,0,0,0,"N",9.51,0,0,0,0,0,0,"N",0,0.0,0,0,0,0,0,0,0,0,0,0,0,0
"46000","3","23","54","0","2025","A","",23,30,433584,212821,0,278,14453,"",1.62,0.09,0.02,0.30,0.00,0.27,0.27,"",0,0.0,1,3.4,-1880,-0.4,-14328,-6.3,-33,-100.0,-7,-2.5,-350,-2.4
"46000","5","23","54","0","2025","A","N",4490,0,0,0,0,0,0,"N",1.42,0,0,0,0,0,0,"N",85,1.9,0,0,0,0,0,0,0,0,0,0,0,0
"46003","2","23","74","0","2025","A","N",1,0,0,0,0,0,0,"N",64.48,0,0,0,0,0,0,"N",0,0.0,0,0,0,0,0,0,0,0,0,0,0,0
"46003","5","23","74","0","2025","A","N",11,0,0,0,0,0,0,"N",1.39,0,0,0,0,0,0,"N",0,0.0,0,0,0,0,0,0,0,0,0,0,0,0
"46005","2","23","74","0","2025","A","N",1,0,0,0,0,0,0,"N",9.67,0,0,0,0,0,0,"N",0,0.0,0,0,0,0,0,0,0,0,0,0,0,0
"46005","5","23","74","0","2025","A","",72,357,22912027,6722826,161863,1235,64239,"",1.37,0.79,0.87,0.80,3.92,1.10,1.10,"",-2,-2.7,15,4.4,777046,3.5,450954,7.2,1619,1.0,-11,-0.9,-562,-0.9
"46007","2","23","74","0","2025","A","N",1,0,0,0,0,0,0,"N",68.51,0,0,0,0,0,0,"N",0,0.0,0,0,0,0,0,0,0,0,0,0,0,0
"46007","5","23","74","0","2025","A","",11,136,6416429,2434696,8684,904,47007,"",1.48,3.04,3.02,3.31,3.00,0.99,0.99,"",0,0.0,6,4.6,1140664,21.6,148170,6.5,1109,14.6,125,16.0,6502,16.1
"46009","2","23","74","0","2025","A","N",1,0,0,0,0,0,0,"N",26.96,0,0,0,0,0,0,"N",0,0.0,0,0,0,0,0,0,0,0,0,0,0,0
"46009","5","23","74","0","2025","A","N",18,0,0,0,0,0,0,"N",0.95,0,0,0,0,0,0,"N",2,12.5,0,0,0,0,0,0,0,0,0,0,0,0
"46011","2","23","74","0","2025","A","N",1,0,0,0,0,0,0,"N",4.64,0,0,0,0,0,0,"N",0,0.0,0,0,0,0,0,0,0,0,0,0,0,0
"46011","3","23","74","0","2025","A","N",1,0,0,0,0,0,0,"N",2.02,0,0,0,0,0,0,"N",0,0.0,0,0,0,0,0,0,0,0,0,0,0,0
"46011","5","23","74","0","2025","A","",149,972,63967531,19498151,345777,1266,65827,"",1.36,0.94,0.98,1.07,2.65,1.04,1.04,"",1,0.7,14,1.5,2358906,3.8,432379,2.3,18495,5.7,29,2.3,1529,2.4
"46013","2","23","74","0","2025","A","N",1,0,0,0,0,0,0,"N",4.30,0,0,0,0,0,0,"N",0,0.0,0,0,0,0,0,0,0,0,0,0,0,0
"46013","3","23","74","0","2025","A","N",1,0,0,0,0,0,0,"N",1.88,0,0,0,0,0,0,"N",0,0.0,0,0,0,0,0,0,0,0,0,0,0,0
"46013","5","23","74","0","2025","A","",169,1009,69533174,19054015,461013,1325,68919,"",1.43,0.97,1.10,1.01,4.21,1.13,1.13,"",3,1.8,3,0.3,4629016,7.1,260209,1.4,-3417,-0.7,84,6.8,4375,6.8
"46015","2","23","74","0","2025","A","N",1,0,0,0,0,0,0,"N",25.69,0,0,0,0,0,0,"N",0,0.0,0,0,0,0,0,0,0,0,0,0,0,0
"46015","5","23","74","0","2025","A","N",22,0,0,0,0,0,0,"N",1.11,0,0,0,0,0,0,"N",1,4.8,0,0,0,0,0,0,0,0,0,0,0,0
"46017","5","23","74","0","2025","A","N",1,0,0,0,0,0,0,"N",0.50,0,0,0,0,0,0,"N",1,100.0,0,0,0,0,0,0,0,0,0,0,0,0
"46019","2","23","74","0","2025","A","N",1,0,0,0,0,0,0,"N",13.62,0,0,0,0,0,0,"N",0,0.0,0,0,0,0,0,0,0,0,0,0,0,0
"46019","5","23","74","0","2025","A","",75,239,13211876,4565348,33772,1062,55222,"",2.00,1.54,1.66,1.51,2.25,1.07,1.07,"",-6,-7.4,-4,-1.6,1792949,15.7,75618,1.7,-20369,-37.6,160,17.7,8311,17.7
"46021","2","23","74","0","2025","A","N",1,0,0,0,0,0,0,"N",86.54,0,0,0,0,0,0,"N",0,0.0,0,0,0,0,0,0,0,0,0,0,0,0
"46021","5","23","74","0","2025","A","N",5,0,0,0,0,0,0,"N",0.85,0,0,0,0,0,0,"N",1,25.0,0,0,0,0,0,0,0,0,0,0,0,0
"46023","2","23","74","0","2025","A","N",1,0,0,0,0,0,0,"N",17.45,0,0,0,0,0,0,"N",0,0.0,0,0,0,0,0,0,0,0,0,0,0,0
"46023","3","23","74","0","2025","A","N",2,0,0,0,0,0,0,"N",15.23,0,0,0,0,0,0,"N",0,0.0,0,0,0,0,0,0,0,0,0,0,0,0
"46023","5","23","74","0","2025","A","",42,237,15720324,4233158,49535,1277,66401,"",1.44,1.29,1.56,1.62,3.13,1.21,1.21,"",2,5.0,1,0.4,1782233,12.8,73031,1.8,-14254,-22.3,142,12.5,7404,12.5
"46025","2","23","74","0","2025","A","N",1,0,0,0,0,0,0,"N",34.99,0,0,0,0,0,0,"N",0,0.0,0,0,0,0,0,0,0,0,0,0,0,0
"46025","5","23","74","0","2025","A","",27,115,6807926,2156712,80767,1139,59242,"",1.85,1.80,2.10,1.69,6.21,1.16,1.17,"",1,3.8,-4,-3.4,235919,3.6,64824,3.1,15130,23.1,79,7.5,4131,7.5
"46027","2","23","74","0","2025","A","N",1,0,0,0,0,0,0,"N",13.85,0,0,0,0,0,0,"N",0,0.0,0,0,0,0,0,0,0,0,0,0,0,0
"46027","5","23","74","0","2025","A","",35,159,9227132,2635023,16563,1118,58124,"",0.95,0.49,0.52,0.72,1.52,1.07,1.07,"",-6,-14.6,3,1.9,538250,6.2,-381491,-12.6,-5904,-26.3,50,4.7,2574,4.6
"46029","2","23","74","0","2025","A","N",1,0,0,0,0,0,0,"N",4.61,0,0,0,0,0,0,"N",0,0.0,0,0,0,0,0,0,0,0,0,0,0,0
"46029","5","23","74","0","2025","A","",162,1033,68435806,19947179,247667,1275,66276,"",1.46,1.13,1.28,1.16,3.25,1.13,1.13,"",3,1.9,25,2.5,2880584,4.4,33872,0.2,-14110,-5.4,25,2.0,1263,1.9
"46031","2","23","74","0","2025","A","N",1,0,0,0,0,0,0,"N",101.19,0,0,0,0,0,0,"N",0,0.0,0,0,0,0,0,0,0,0,0,0,0,0
"46031","5","23","74","0","2025","A","N",3,0,0,0,0,0,0,"N",0.60,0,0,0,0,0,0,"N",-1,-25.0,0,0,0,0,0,0,0,0,0,0,0,0
"46033","2","23","74","0","2025","A","N",1,0,0,0,0,0,0,"N",15.30,0,0,0,0,0,0,"N",0,0.0,0,0,0,0,0,0,0,0,0,0,0,0
"46033","5","23","74","0","2025","A","",62,192,9368234,3528527,24538,937,48729,"",1.86,1.35,1.21,1.37,1.75,0.90,0.90,"",2,3.3,-1,-0.5,158901,1.7,-46514,-1.3,-5672,-18.8,19,2.1,992,2.1
"46035","2","23","74","0","2025","A","N",1,0,0,0,0,0,0,"N",7.75,0,0,0,0,0,0,"N",0,0.0,0,0,0,0,0,0,0,0,0,0,0,0
"46035","5","23","74","0","2025","A","",90,1004,74363663,20070135,420505,1425,74092,"",1.37,1.52,1.82,1.66,4.71,1.20,1.20,"",6,7.1,38,3.9,11765128,18.8,2179859,12.2,139853,49.8,179,14.4,9285,14.3
"46037","2","23","74","0","2025","A","N",1,0,0,0,0,0,0,"N",23.66,0,0,0,0,0,0,"N",0,0.0,0,0,0,0,0,0,0,0,0,0,0,0
"46037","5","23","74","0","2025","A","",28,115,6621550,2254859,76595,1108,57620,"",1.30,1.10,1.23,1.34,2.65,1.12,1.12,"",2,7.7,-6,-5.0,466789,7.6,15579,0.7,-145,-0.2,130,13.3,6754,13.3
"46039","2","23","74","0","2025","A","N",1,0,0,0,0,0,0,"N",33.22,0,0,0,0,0,0,"N",0,0.0,0,0,0,0,0,0,0,0,0,0,0,0
"46039","3","23","74","0","2025","A","N",1,0,0,0,0,0,0,"N",14.49,0,0,0,0,0,0,"N",0,0.0,0,0,0,0,0,0,0,0,0,0,0,0
"46039","5","23","74","0","2025","A","",28,145,9251021,3004384,94515,1227,63800,"",1.82,1.79,1.93,1.89,5.04,1.08,1.08,"",-4,-12.5,-13,-8.2,-35608,-0.4,-1211016,-28.7,-24674,-20.7,98,8.7,5086,8.7
"46041","2","23","74","0","2025","A","N",1,0,0,0,0,0,0,"N",42.71,0,0,0,0,0,0,"N",0,0.0,0,0,0,0,0,0,0,0,0,0,0,0
"46041","5","23","74","0","2025","A","N",16,0,0,0,0,0,0,"N",1.34,0,0,0,0,0,0,"N",0,0.0,0,0,0,0,0,0,0,0,0,0,0,0
"46043","2","23","74","0","2025","A","N",1,0,0,0,0,0,0,"N",49.08,0,0,0,0,0,0,"N",0,0.0,0,0,0,0,0,0,0,0,0,0,0,0
"46043","5","23","74","0","2025","A","",16,86,5872532,1663086,14352,1320,68618,"",1.54,1.55,2.08,2.00,3.97,1.35,1.35,"",0,0.0,-2,-2.3,293970,5.3,91229,5.8,5246,57.6,99,8.1,5105,8.0
"46045","2","23","74","0","2025","A","N",1,0,0,0,0,0,0,"N",35.17,0,0,0,0,0,0,"N",0,0.0,0,0,0,0,0,0,0,0,0,0,0,0
"46045","5","23","74","0","2025","A","",17,80,5452813,1759101,51570,1316,68445,"",1.17,1.23,1.43,1.53,5.41,1.17,1.17,"",1,6.2,21,35.6,1824926,50.3,495336,39.2,21493,71.5,135,11.4,7042,11.5
"46047","2","23","74","0","2025","A","N",1,0,0,0,0,0,0,"N",18.27,0,0,0,0,0,0,"N",0,0.0,0,0,0,0,0,0,0,0,0,0,0,0
"46047","5","23","74","0","2025","A","",39,100,5995721,2000723,31529,1157,60158,"",1.40,0.75,0.80,1.01,3.02,1.07,1.07,"",0,0.0,-20,-16.7,-1243271,-17.2,-380065,-16.0,-18781,-37.3,2,0.2,83,0.1
"46049","2","23","74","0","2025","A","N",1,0,0,0,0,0,0,"N",50.99,0,0,0,0,0,0,"N",0,0.0,0,0,0,0,0,0,0,0,0,0,0,0
"46049","5","23","74","0","2025","A","N",10,0,0,0,0,0,0,"N",1.00,0,0,0,0,0,0,"N",1,11.1,0,0,0,0,0,0,0,0,0,0,0,0
"46051","2","23","74","0","2025","A","N",1,0,0,0,0,0,0,"N",17.26,0,0,0,0,0,0,"N",0,0.0,0,0,0,0,0,0,0,0,0,0,0,0
"46051","5","23","74","0","2025","A","",56,276,18453804,5256021,153566,1288,66983,"",1.90,1.39,1.53,1.34,5.27,1.10,1.10,"",0,0.0,2,0.7,937195,5.4,27712,0.5,4360,2.9,59,4.8,3093,4.8
"46053","2","23","74","0","2025","A","N",1,0,0,0,0,0,0,"N",28.85,0,0,0,0,0,0,"N",0,0.0,0,0,0,0,0,0,0,0,0,0,0,0
"46053","5","23","74","0","2025","A","N",20,0,0,0,0,0,0,"N",1.13,0,0,0,0,0,0,"N",0,0.0,0,0,0,0,0,0,0,0,0,0,0,0
"46055","2","23","74","0","2025","A","N",1,0,0,0,0,0,0,"N",60.90,0,0,0,0,0,0,"N",0,0.0,0,0,0,0,0,0,0,0,0,0,0,0
"46055","5","23","74","0","2025","A","",8,17,736939,326997,6971,822,42721,"",0.96,0.38,0.30,0.55,3.43,0.76,0.76,"",0,0.0,0,0.0,28102,4.0,14461,4.6,-2055,-22.8,12,1.5,612,1.5
"46057","2","23","74","0","2025","A","N",1,0,0,0,0,0,0,"N",22.68,0,0,0,0,0,0,"N",0,0.0,0,0,0,0,0,0,0,0,0,0,0,0
"46057","5","23","74","0","2025","A","",72,540,37153180,9718439,95751,1322,68749,"",3.20,3.77,4.11,3.33,5.30,1.09,1.09,"",4,5.9,49,10.0,5503889,17.4,959069,10.9,6685,7.5,82,6.6,4290,6.7
"46059","2","23","74","0","2025","A","N",1,0,0,0,0,0,0,"N",39.62,0,0,0,0,0,0,"N",0,0.0,0,0,0,0,0,0,0,0,0,0,0,0
"46059","5","23","74","0","2025","A","N",12,0,0,0,0,0,0,"N",0.93,0,0,0,0,0,0,"N",-2,-14.3,0,0,0,0,0,0,0,0,0,0,0,0
"46061","5","23","74","0","2025","A","",21,87,5299842,1626823,30493,1167,60685,"",2.48,2.64,3.00,2.68,5.81,1.13,1.13,"",1,5.0,13,17.6,1104536,26.3,124308,8.3,-1034,-3.3,78,7.2,4055,7.2
"46063","2","23","74","0","2025","A","N",1,0,0,0,0,0,0,"N",95.32,0,0,0,0,0,0,"N",0,0.0,0,0,0,0,0,0,0,0,0,0,0,0
"46063","5","23","74","0","2025","A","",10,100,6281221,1732705,4225,1209,62865,"",1.87,4.17,4.80,4.18,6.43,1.15,1.15,"",1,11.1,9,9.9,1016075,19.3,381566,28.2,1678,65.9,100,9.0,5217,9.0
"46065","2","23","74","0","2025","A","N",1,0,0,0,0,0,0,"N",7.01,0,0,0,0,0,0,"N",0,0.0,0,0,0,0,0,0,0,0,0,0,0,0
"46065","5","23","74","0","2025","A","",96,424,27787043,8444477,113073,1259,65458,"",1.32,0.75,0.71,1.07,3.12,0.95,0.95,"",3,3.2,-27,-6.0,-1757910,-5.9,-240762,-2.8,12281,12.2,0,0.0,-28,0.0
"46067","2","23","74","0","2025","A","N",1,0,0,0,0,0,0,"N",22.07,0,0,0,0,0,0,"N",0,0.0,0,0,0,0,0,0,0,0,0,0,0,0
"46067","3","23","74","0","2025","A","N",2,0,0,0,0,0,0,"N",19.26,0,0,0,0,0,0,"N",0,0.0,0,0,0,0,0,0,0,0,0,0,0,0
"46067","5","23","74","0","2025","A","",21,128,9317228,2522050,62986,1403,72933,"",0.91,0.87,1.16,0.94,5.50,1.34,1.34,"",-3,-12.5,42,48.8,3614084,63.4,361788,16.7,13519,27.3,123,9.6,6359,9.6
"46069","2","23","74","0","2025","A","N",1,0,0,0,0,0,0,"N",85.42,0,0,0,0,0,0,"N",0,0.0,0,0,0,0,0,0,0,0,0,0,0,0
"46069","5","23","74","0","2025","A","",4,23,1285067,452440,23408,1055,54878,"",0.67,0.80,0.74,1.00,6.54,0.92,0.92,"",0,0.0,2,9.5,101794,8.6,8873,2.0,-4,0.0,-8,-0.8,-372,-0.7
"46071","2","23","74","0","2025","A","N",1,0,0,0,0,0,0,"N",79.25,0,0,0,0,0,0,"N",0,0.0,0,0,0,0,0,0,0,0,0,0,0,0
"46071","5","23","74","0","2025","A","",9,17,741673,323892,3134,831,43204,"",1.40,0.46,0.43,0.86,0.54,0.92,0.92,"",-1,-10.0,-8,-32.0,-157782,-17.5,-167758,-34.1,-4416,-58.5,150,22.0,7816,22.1
"46073","2","23","74","0","2025","A","N",1,0,0,0,0,0,0,"N",62.05,0,0,0,0,0,0,"N",0,0.0,0,0,0,0,0,0,0,0,0,0,0,0
"46073","5","23","74","0","2025","A","N",8,0,0,0,0,0,0,"N",0.97,0,0,0,0,0,0,"N",1,14.3,0,0,0,0,0,0,0,0,0,0,0,0
"46075","2","23","74","0","2025","A","N",1,0,0,0,0,0,0,"N",113.40,0,0,0,0,0,0,"N",0,0.0,0,0,0,0,0,0,0,0,0,0,0,0
"46075","5","23","74","0","2025","A","N",1,0,0,0,0,0,0,"N",0.22,0,0,0,0,0,0,"N",0,0.0,0,0,0,0,0,0,0,0,0,0,0,0
"46077","2","23","74","0","2025","A","N",1,0,0,0,0,0,0,"N",24.54,0,0,0,0,0,0,"N",0,0.0,0,0,0,0,0,0,0,0,0,0,0,0
"46077","5","23","74","0","2025","A","",36,124,6836325,2770577,18252,1059,55058,"",1.73,1.32,1.34,1.52,2.50,1.01,1.01,"",4,12.5,-29,-19.0,-1232068,-15.3,-990300,-26.3,8536,87.9,44,4.3,2295,4.3
"46079","2","23","74","0","2025","A","N",1,0,0,0,0,0,0,"N",13.02,0,0,0,0,0,0,"N",0,0.0,0,0,0,0,0,0,0,0,0,0,0,0
"46079","5","23","74","0","2025","A","",48,229,16119036,4503971,62378,1352,70312,"",1.23,0.84,0.93,0.96,3.20,1.10,1.10,"",1,2.1,-23,-9.1,-1280583,-7.4,-726670,-13.9,-56069,-47.3,24,1.8,1266,1.8
"46081","2","23","74","0","2025","A","N",1,0,0,0,0,0,0,"N",3.90,0,0,0,0,0,0,"N",0,0.0,0,0,0,0,0,0,0,0,0,0,0,0
"46081","5","23","74","0","2025","A","",217,873,56094836,17305361,229383,1235,64231,"",1.66,1.20,1.41,1.23,3.31,1.17,1.17,"",3,1.4,-47,-5.1,1340356,2.4,-340278,-1.9,26539,13.1,91,8.0,4726,7.9
"46083","2","23","74","0","2025","A","N",1,0,0,0,0,0,0,"N",2.45,0,0,0,0,0,0,"N",0,0.0,0,0,0,0,0,0,0,0,0,0,0,0
"46083","3","23","74","0","2025","A","N",5,0,0,0,0,0,0,"N",5.35,0,0,0,0,0,0,"N",0,0.0,0,0,0,0,0,0,0,0,0,0,0,0
"46083","5","23","74","0","2025","A","",385,2939,213591149,56302914,1036784,1398,72683,"",1.85,1.82,1.77,1.73,4.57,0.97,0.97,"",20,5.5,88,3.1,13868005,6.9,915412,1.7,-43744,-4.0,51,3.8,2627,3.7
"46085","2","23","74","0","2025","A","N",1,0,0,0,0,0,0,"N",46.32,0,0,0,0,0,0,"N",0,0.0,0,0,0,0,0,0,0,0,0,0,0,0
"46085","5","23","74","0","2025","A","",12,33,956407,598307,9795,553,28764,"",1.09,0.46,0.31,0.45,1.32,0.66,0.66,"",-2,-14.3,-3,-8.3,-127872,-11.8,-89037,-13.0,-1716,-14.9,-20,-3.5,-1010,-3.4
"46087","2","23","74","0","2025","A","N",1,0,0,0,0,0,0,"N",27.18,0,0,0,0,0,0,"N",0,0.0,0,0,0,0,0,0,0,0,0,0,0,0
"46087","5","23","74","0","2025","A","N",30,0,0,0,0,0,0,"N",1.60,0,0,0,0,0,0,"N",-4,-11.8,0,0,0,0,0,0,0,0,0,0,0,0
"46089","2","23","74","0","2025","A","N",1,0,0,0,0,0,0,"N",69.24,0,0,0,0,0,0,"N",0,0.0,0,0,0,0,0,0,0,0,0,0,0,0
"46089","5","23","74","0","2025","A","N",9,0,0,0,0,0,0,"N",1.22,0,0,0,0,0,0,"N",1,12.5,0,0,0,0,0,0,0,0,0,0,0,0
"46091","2","23","74","0","2025","A","N",1,0,0,0,0,0,0,"N",30.88,0,0,0,0,0,0,"N",0,0.0,0,0,0,0,0,0,0,0,0,0,0,0
"46091","5","23","74","0","2025","A","",22,81,4161803,1486885,26616,984,51170,"",1.33,0.91,0.79,0.82,2.70,0.86,0.86,"",0,0.0,-10,-11.0,-430898,-9.4,-171912,-10.4,-1831,-6.4,12,1.2,608,1.2
"46093","2","23","74","0","2025","A","N",1,0,0,0,0,0,0,"N",6.03,0,0,0,0,0,0,"N",0,0.0,0,0,0,0,0,0,0,0,0,0,0,0
"46093","5","23","74","0","2025","A","",179,1084,73239613,21351279,282988,1299,67543,"",2.12,2.23,2.36,2.74,4.84,1.06,1.06,"",3,1.7,35,3.3,8276902,12.7,1127837,5.6,40486,16.7,108,9.1,5620,9.1
"46095","2","23","74","0","2025","A","N",1,0,0,0,0,0,0,"N",156.60,0,0,0,0,0,0,"N",0,0.0,0,0,0,0,0,0,0,0,0,0,0,0
"46097","5","23","74","0","2025","A","N",8,0,0,0,0,0,0,"N",0.97,0,0,0,0,0,0,"N",0,0.0,0,0,0,0,0,0,0,0,0,0,0,0
"46099","2","23","74","0","2025","A","N",1,0,0,0,0,0,0,"N",0.65,0,0,0,0,0,0,"N",0,0.0,0,0,0,0,0,0,0,0,0,0,0,0
"46099","3","23","74","0","2025","A","",6,9,204278,95510,0,453,23571,"",1.71,0.09,0.03,0.45,0.00,0.40,0.40,"",0,0.0,1,12.5,11790,6.1,-2039,-2.1,-33,-100.0,0,0.0,1,0.0
"46099","5","23","74","0","2025","A","",1014,8825,693941602,166753929,2517932,1512,78631,"",1.30,1.19,1.30,1.22,3.37,1.09,1.09,"",30,3.0,68,0.8,21920110,3.3,-3036357,-1.8,-53262,-2.1,36,2.4,1894,2.5
"46101","2","23","74","0","2025","A","N",1,0,0,0,0,0,0,"N",30.74,0,0,0,0,0,0,"N",0,0.0,0,0,0,0,0,0,0,0,0,0,0,0
"46101","5","23","74","0","2025","A","",26,248,16646377,5474125,260921,1290,67077,"",1.57,1.83,2.06,1.88,6.12,1.12,1.12,"",-1,-3.7,20,8.8,902323,5.7,406891,8.0,6317,2.5,-41,-3.1,-2128,-3.1
"46102","5","23","74","0","2025","A","",12,83,3765700,1776156,48547,877,45599,"",1.16,0.41,0.33,0.79,3.66,0.81,0.81,"",0,0.0,10,13.7,1144967,43.7,334116,23.2,21886,82.1,183,26.4,9534,26.4
"46103","2","23","74","0","2025","A","N",1,0,0,0,0,0,0,"N",1.13,0,0,0,0,0,0,"N",0,0.0,0,0,0,0,0,0,0,0,0,0,0,0
"46103","3","23","74","0","2025","A","N",1,0,0,0,0,0,0,"N",0.49,0,0,0,0,0,0,"N",0,0.0,0,0,0,0,0,0,0,0,0,0,0,0
"46103","5","23","74","0","2025","A","",629,4969,361859149,94255001,1227943,1401,72828,"",1.39,1.50,1.70,1.48,3.60,1.13,1.13,"",8,1.3,157,3.3,32582707,9.9,520013,0.6,-149342,-10.8,85,6.5,4393,6.4
"46105","2","23","74","0","2025","A","N",1,0,0,0,0,0,0,"N",46.32,0,0,0,0,0,0,"N",0,0.0,0,0,0,0,0,0,0,0,0,0,0,0
"46105","5","23","74","0","2025","A","",12,56,3092621,945246,5467,1059,55062,"",1.09,0.98,1.16,0.97,1.27,1.17,1.17,"",2,20.0,-1,-1.8,-47935,-1.5,-46745,-4.7,-3526,-39.2,-5,-0.5,-278,-0.5
"46107","2","23","74","0","2025","A","N",1,0,0,0,0,0,0,"N",45.68,0,0,0,0,0,0,"N",0,0.0,0,0,0,0,0,0,0,0,0,0,0,0
"46107","5","23","74","0","2025","A","N",12,0,0,0,0,0,0,"N",1.07,0,0,0,0,0,0,"N",-1,-7.7,0,0,0,0,0,0,0,0,0,0,0,0
"46109","2","23","74","0","2025","A","N",1,0,0,0,0,0,0,"N",21.57,0,0,0,0,0,0,"N",0,0.0,0,0,0,0,0,0,0,0,0,0,0,0
"46109","5","23","74","0","2025","A","",27,74,3324925,1375526,19410,862,44830,"",1.14,0.41,0.36,0.38,0.62,0.87,0.87,"",-2,-6.9,-3,-3.9,-27698,-0.8,-122854,-8.2,-22017,-53.1,25,3.0,1289,3.0
"46111","2","23","74","0","2025","A","N",1,0,0,0,0,0,0,"N",73.90,0,0,0,0,0,0,"N",0,0.0,0,0,0,0,0,0,0,0,0,0,0,0
"46111","5","23","74","0","2025","A","",10,68,4549726,1364559,1588,1285,66826,"",1.45,2.05,2.85,2.30,0.66,1.39,1.39,"",0,0.0,-2,-2.9,381313,9.1,43634,3.3,-1522,-48.9,136,11.8,7064,11.8
"46115","2","23","74","0","2025","A","N",1,0,0,0,0,0,0,"N",24.91,0,0,0,0,0,0,"N",0,0.0,0,0,0,0,0,0,0,0,0,0,0,0
"46115","5","23","74","0","2025","A","N",24,0,0,0,0,0,0,"N",1.17,0,0,0,0,0,0,"N",0,0.0,0,0,0,0,0,0,0,0,0,0,0,0
"46117","2","23","74","0","2025","A","N",1,0,0,0,0,0,0,"N",42.43,0,0,0,0,0,0,"N",0,0.0,0,0,0,0,0,0,0,0,0,0,0,0
"46117","5","23","74","0","2025","A","",24,307,22153740,5472732,250617,1388,72182,"",2.00,4.37,5.96,3.91,7.50,1.37,1.37,"",0,0.0,9,3.0,2426219,12.3,229330,4.4,40444,19.2,113,8.9,5871,8.9
"46119","5","23","74","0","2025","A","N",11,0,0,0,0,0,0,"N",1.46,0,0,0,0,0,0,"N",0,0.0,0,0,0,0,0,0,0,0,0,0,0,0
"46121","2","23","74","0","2025","A","N",1,0,0,0,0,0,0,"N",62.64,0,0,0,0,0,0,"N",0,0.0,0,0,0,0,0,0,0,0,0,0,0,0
"46121","5","23","74","0","2025","A","N",8,0,0,0,0,0,0,"N",0.98,0,0,0,0,0,0,"N",0,0.0,0,0,0,0,0,0,0,0,0,0,0,0
"46123","2","23","74","0","2025","A","N",1,0,0,0,0,0,0,"N",24.91,0,0,0,0,0,0,"N",0,0.0,0,0,0,0,0,0,0,0,0,0,0,0
"46123","5","23","74","0","2025","A","",14,96,4891104,1980647,16894,978,50861,"",0.68,0.78,0.71,0.95,2.66,0.92,0.92,"",1,7.7,0,0.0,435226,9.8,292543,17.3,11925,240.0,90,10.1,4686,10.1
"46125","3","23","74","0","2025","A","N",2,0,0,0,0,0,0,"N",16.03,0,0,0,0,0,0,"N",0,0.0,0,0,0,0,0,0,0,0,0,0,0,0
"46125","5","23","74","0","2025","A","",50,162,8800321,2823570,38530,1048,54491,"",1.80,1.26,1.31,1.29,3.56,1.04,1.04,"",0,0.0,-3,-1.8,624331,7.6,-99767,-3.4,-7251,-15.8,93,9.7,4814,9.7
"46127","2","23","74","0","2025","A","N",1,0,0,0,0,0,0,"N",7.37,0,0,0,0,0,0,"N",0,0.0,0,0,0,0,0,0,0,0,0,0,0,0
"46127","3","23","74","0","2025","A","N",2,0,0,0,0,0,0,"N",6.43,0,0,0,0,0,0,"N",0,0.0,0,0,0,0,0,0,0,0,0,0,0,0
"46127","5","23","74","0","2025","A","",81,499,36783491,9097946,83780,1418,73714,"",1.17,0.98,0.90,0.73,1.47,0.92,0.92,"",8,11.0,32,6.9,1037187,2.9,80394,0.9,-27502,-24.7,-53,-3.6,-2762,-3.6
"46129","2","23","74","0","2025","A","N",1,0,0,0,0,0,0,"N",25.10,0,0,0,0,0,0,"N",0,0.0,0,0,0,0,0,0,0,0,0,0,0,0
"46129","5","23","74","0","2025","A","N",23,0,0,0,0,0,0,"N",1.13,0,0,0,0,0,0,"N",4,21.1,0,0,0,0,0,0,0,0,0,0,0,0
"46135","2","23","74","0","2025","A","N",1,0,0,0,0,0,0,"N",7.57,0,0,0,0,0,0,"N",0,0.0,0,0,0,0,0,0,0,0,0,0,0,0
"46135","5","23","74","0","2025","A","",89,450,25808329,8086977,133024,1103,57362,"",1.32,0.66,0.61,0.64,3.67,0.93,0.93,"",-3,-3.3,6,1.4,276928,1.1,271777,3.5,-19254,-12.6,-4,-0.4,-184,-0.3
"46137","5","23","74","0","2025","A","N",2,0,0,0,0,0,0,"N",0.86,0,0,0,0,0,0,"N",0,0.0,0,0,0,0,0,0,0,0,0,0,0,0
"46999","5","23","74","0","2025","A","N",29,0,0,0,0,0,0,"N",0.90,0,0,0,0,0,0,"N",1,3.6,0,0,0,0,0,0,0,0,0,0,0,0
"47000","1","23","54","0","2025","A","",4,26,4323011,0,0,3239,168429,"",56.28,47.82,53.49,0.00,0.00,1.12,1.12,"",0,0.0,-1,-3.7,-11711,-0.3,0,0.0,0,0.0,132,4.2,6887,4.3
"47000","2","23","54","0","2025","A","",90,1407,101066246,0,0,1381,71835,"",2.72,0.92,1.02,0.00,0.00,1.11,1.11,"",0,0.0,-88,-5.9,-2539604,-2.5,0,0.0,0,0.0,48,3.6,2518,3.6
"47000","3","23","54","0","2025","A","",84,3058,143585819,13345208,248833,903,46946,"",1.11,1.32,1.00,4.29,17.48,0.76,0.76,"",0,0.0,-75,-2.4,4604266,3.3,-499216,-3.6,316,0.1,50,5.9,2582,5.8
"47000","5","23","54","0","2025","A","",16195,165183,13703283840,1683505590,26068197,1595,82958,"",0.96,0.96,1.05,0.85,0.84,1.09,1.09,"",-917,-5.4,1809,1.1,707581143,5.4,3082644,0.2,-1999581,-7.1,65,4.2,3412,4.3
"47001","2","23","74","0","2025","A","",1,10,603174,0,0,1210,62940,"",3.35,0.46,0.36,0.00,0.00,0.83,0.83,"",0,0.0,0,0.0,7303,1.2,0,0.0,0,0.0,64,5.6,3353,5.6
"47001","3","23","74","0","2025","A","",1,31,1270484,258758,776,786,40873,"",1.46,0.93,0.52,5.75,4.08,0.56,0.56,"",0,0.0,5,19.2,194587,18.1,58223,29.0,174,28.9,-12,-1.5,-641,-1.5
"47001","5","23","74","0","2025","A","",144,1736,136561245,19913082,576877,1513,78657,"",0.95,0.70,0.62,0.69,1.40,0.88,0.88,"",-9,-5.9,-202,-10.4,-18933309,-12.2,-3988303,-16.7,103477,21.9,-30,-1.9,-1567,-2.0
"47003","2","23","74","0","2025","A","",1,3,220515,0,0,1339,69636,"",6.44,0.38,0.54,0.00,0.00,1.36,1.36,"",0,0.0,-2,-40.0,-82752,-27.3,0,0.0,0,0.0,173,14.8,8983,14.8
"47003","3","23","74","0","2025","A","",1,28,1574445,210001,4216,1085,56398,"",2.81,2.33,2.66,12.02,58.66,1.15,1.15,"",0,0.0,-2,-6.7,88020,5.9,-5736,-2.7,-509,-10.8,124,12.9,6434,12.9
"47003","5","23","74","0","2025","A","",129,1198,108653354,11406939,116842,1744,90696,"",1.63,1.34,2.02,1.02,0.75,1.51,1.51,"",-5,-3.7,-55,-4.4,2792807,2.6,-461634,-3.9,3717,3.3,120,7.4,6233,7.4
"47005","2","23","74","0","2025","A","",1,7,487139,0,0,1371,71289,"",18.48,3.35,5.28,0.00,0.00,1.61,1.61,"",0,0.0,-1,-12.5,-57762,-10.6,0,0.0,0,0.0,19,1.4,979,1.4
"47005","3","23","74","0","2025","A","",1,25,1138641,226993,6811,891,46318,"",8.06,7.91,8.48,56.08,419.91,1.09,1.09,"",0,0.0,-1,-3.8,9364,0.8,37993,20.1,1141,20.1,42,4.9,2177,4.9
"47005","5","23","74","0","2025","A","N",22,0,0,0,0,0,0,"N",0.80,0,0,0,0,0,0,"N",-4,-15.4,0,0,0,0,0,0,0,0,0,0,0,0
"47007","2","23","74","0","2025","A","",1,4,274732,0,0,1268,65936,"",36.14,3.39,4.72,0.00,0.00,1.34,1.34,"",0,0.0,1,33.3,64655,30.8,0,0.0,0,0.0,-79,-5.9,-4090,-5.8
"47007","3","23","74","0","2025","A","",1,23,855545,394189,8672,703,36536,"",15.77,12.86,10.09,246.65,1051.63,0.77,0.77,"",0,0.0,12,109.1,486946,132.1,186909,90.2,4527,109.2,59,9.2,3027,9.0
"47007","5","23","74","0","2025","A","N",19,0,0,0,0,0,0,"N",1.35,0,0,0,0,0,0,"N",-3,-13.6,0,0,0,0,0,0,0,0,0,0,0,0
"47009","2","23","74","0","2025","A","",1,25,1945186,0,0,1472,76532,"",2.02,0.93,1.26,0.00,0.00,1.33,1.33,"",0,0.0,0,0.0,25837,1.3,0,0.0,0,0.0,5,0.3,266,0.3
"47009","3","23","74","0","2025","A","",1,64,3690761,483000,1449,1112,57819,"",0.88,1.58,1.64,8.96,6.67,1.04,1.04,"",0,0.0,1,1.6,99151,2.8,-14000,-2.8,-41,-2.8,20,1.8,1035,1.8
"47009","5","23","74","0","2025","A","N",337,0,0,0,0,0,0,"N",1.34,0,0,0,0,0,0,"N",-33,-8.9,0,0,0,0,0,0,0,0,0,0,0,0
"47011","2","23","74","0","2025","A","",1,19,1333291,0,0,1355,70482,"",2.77,1.01,1.36,0.00,0.00,1.35,1.35,"",0,0.0,1,5.6,132457,11.0,0,0.0,0,0.0,42,3.2,2188,3.2
"47011","3","23","74","0","2025","A","",1,53,2578771,0,0,936,48656,"",1.21,1.86,1.81,0.00,0.00,0.97,0.97,"",0,0.0,-1,-1.9,113894,4.6,0,0.0,0,0.0,55,6.2,2869,6.3
"47011","5","23","74","0","2025","A","N",195,0,0,0,0,0,0,"N",1.06,0,0,0,0,0,0,"N",-16,-7.6,0,0,0,0,0,0,0,0,0,0,0,0
"47013","2","23","74","0","2025","A","",1,34,2466211,0,0,1378,71657,"",9.12,7.77,13.79,0.00,0.00,1.75,1.75,"",0,0.0,-4,-10.5,-165556,-6.3,0,0.0,0,0.0,28,2.1,1477,2.1
"47013","3","23","74","0","2025","A","",1,30,1295645,0,0,819,42597,"",3.98,4.53,4.98,0.00,0.00,1.08,1.08,"",0,0.0,0,0.0,67765,5.5,0,0.0,0,0.0,45,5.8,2339,5.8
"47013","5","23","74","0","2025","A","",67,372,19166749,3571828,28015,991,51535,"",1.20,0.75,0.81,0.69,0.36,1.07,1.07,"",-6,-8.2,-47,-11.2,-1780838,-8.5,-644428,-15.3,-10587,-27.4,29,3.0,1531,3.1
"47015","2","23","74","0","2025","A","",1,5,307811,0,0,1184,61562,"",23.16,4.82,6.41,0.00,0.00,1.33,1.33,"",0,0.0,0,0.0,-4418,-1.4,0,0.0,0,0.0,-17,-1.4,-884,-1.4
"47015","3","23","74","0","2025","A","",1,18,654049,120478,3614,709,36848,"",10.11,11.47,9.36,66.72,463.97,0.83,0.83,"",0,0.0,-1,-5.3,44495,7.3,-26992,-18.3,-810,-18.3,97,15.8,5045,15.9
"47015","5","23","74","0","2025","A","",30,99,5054106,1016955,12545,983,51138,"",1.36,0.85,0.79,0.88,0.74,0.94,0.94,"",-9,-23.1,-11,-10.0,-81571,-1.6,-26140,-2.5,5079,68.0,89,10.0,4661,10.0
"47017","2","23","74","0","2025","A","",1,38,3193379,0,0,1595,82945,"",12.36,10.73,19.11,0.00,0.00,1.76,1.76,"",0,0.0,1,2.7,371941,13.2,0,0.0,0,0.0,122,8.3,6345,8.3
"47017","3","23","74","0","2025","A","",1,24,1213151,253064,7592,982,51080,"",5.39,4.48,4.99,42.16,262.58,1.13,1.13,"",0,0.0,-10,-29.4,45356,3.9,-26218,-9.4,-786,-9.4,326,49.7,16984,49.8
"47017","5","23","74","0","2025","A","N",31,0,0,0,0,0,0,"N",0.75,0,0,0,0,0,0,"N",-1,-3.1,0,0,0,0,0,0,0,0,0,0,0,0
"47019","2","23","74","0","2025","A","",1,20,1470673,0,0,1444,75098,"",8.00,3.37,5.16,0.00,0.00,1.56,1.56,"",0,0.0,1,5.3,25167,1.7,0,0.0,0,0.0,-13,-0.9,-649,-0.9
"47019","3","23","74","0","2025","A","",1,32,1248652,252000,862,754,39225,"",3.49,3.56,3.01,23.76,11.50,0.85,0.85,"",0,0.0,-2,-5.9,-103348,-7.6,-20143,-7.4,45,5.5,-22,-2.8,-1133,-2.8
"47019","5","23","74","0","2025","A","N",76,0,0,0,0,0,0,"N",1.19,0,0,0,0,0,0,"N",-11,-12.6,0,0,0,0,0,0,0,0,0,0,0,0
"47021","2","23","74","0","2025","A","",1,4,254628,0,0,1306,67901,"",7.17,0.86,0.99,0.00,0.00,1.23,1.23,"",0,0.0,0,0.0,-28753,-10.1,0,0.0,0,0.0,48,3.8,2505,3.8
"47021","3","23","74","0","2025","A","",1,27,1495165,0,0,1078,56069,"",3.13,3.82,4.00,0.00,0.00,1.06,1.06,"",0,0.0,-1,-3.6,2935,0.2,0,0.0,0,0.0,59,5.8,3090,5.8
"47021","5","23","74","0","2025","A","",132,913,68785199,9426851,104690,1449,75347,"",1.86,1.74,2.02,1.58,0.96,1.16,1.16,"",-20,-13.2,5,0.6,2974395,4.5,106017,1.1,5576,5.6,55,3.9,2842,3.9
"47023","2","23","74","0","2025","A","",1,6,406510,0,0,1251,65042,"",22.30,3.29,5.19,0.00,0.00,1.51,1.51,"",0,0.0,0,0.0,80703,24.8,0,0.0,0,0.0,129,11.5,6689,11.5
"47023","3","23","74","0","2025","A","",1,19,691158,149884,4496,706,36699,"",9.73,6.89,6.06,46.80,284.74,0.89,0.89,"",0,0.0,2,11.8,107312,18.4,9138,6.5,273,6.5,42,6.3,2186,6.3
"47023","5","23","74","0","2025","A","N",28,0,0,0,0,0,0,"N",1.22,0,0,0,0,0,0,"N",-4,-12.5,0,0,0,0,0,0,0,0,0,0,0,0
"47025","2","23","74","0","2025","A","",1,8,475619,0,0,1220,63416,"",11.30,1.96,2.60,0.00,0.00,1.42,1.42,"",0,0.0,0,0.0,-29553,-5.9,0,0.0,0,0.0,6,0.5,270,0.4
"47025","3","23","74","0","2025","A","",1,24,872678,185252,5558,702,36488,"",4.93,3.88,3.28,26.72,204.81,0.85,0.85,"",0,0.0,-2,-7.7,-8354,-0.9,-22238,-10.7,-666,-10.7,40,6.0,2050,6.0
"47025","5","23","74","0","2025","A","",54,232,16665891,2105983,34942,1378,71681,"",1.20,0.50,0.69,0.48,0.59,1.36,1.36,"",-1,-1.8,25,12.1,3230664,24.0,-7627,-0.4,-543,-1.5,129,10.3,6750,10.4
"47027","2","23","74","0","2025","A","",1,4,254699,0,0,1278,66443,"",45.36,6.38,10.57,0.00,0.00,1.73,1.73,"",0,0.0,0,0.0,-30177,-10.6,0,0.0,0,0.0,38,3.1,1943,3.0
"47027","3","23","74","0","2025","A","",1,24,868192,242600,7278,688,35802,"",19.79,25.30,24.77,184.48,1127.42,0.97,0.97,"",0,0.0,-4,-14.3,1411,0.2,-14271,-5.6,-429,-5.6,82,13.5,4283,13.6
"47027","5","23","74","0","2025","A","N",8,0,0,0,0,0,0,"N",0.71,0,0,0,0,0,0,"N",2,33.3,0,0,0,0,0,0,0,0,0,0,0,0
"47029","2","23","74","0","2025","A","",1,28,2110292,0,0,1449,75368,"",11.92,8.04,13.58,0.00,0.00,1.69,1.69,"",0,0.0,-3,-9.7,-61105,-2.8,0,0.0,0,0.0,87,6.4,4562,6.4
"47029","3","23","74","0","2025","A","",1,48,1630003,336101,7395,651,33841,"",5.20,9.10,7.21,52.67,249.30,0.79,0.79,"",0,0.0,-2,-4.0,-63197,-3.7,-41676,-11.0,-1609,-17.9,3,0.5,145,0.4
"47029","5","23","74","0","2025","A","",36,262,15036151,2866059,78999,1103,57353,"",0.84,0.67,0.73,0.70,1.23,1.09,1.09,"",-7,-16.3,12,4.8,1648575,12.3,511388,21.7,14123,21.8,72,7.0,3731,7.0
"47031","2","23","74","0","2025","A","",1,46,3725945,0,0,1541,80128,"",4.29,3.78,5.60,0.00,0.00,1.46,1.46,"",0,0.0,-4,-8.0,37393,1.0,0,0.0,0,0.0,122,8.6,6357,8.6
"47031","3","23","74","0","2025","A","",1,23,955804,180239,2504,788,40963,"",1.87,1.25,0.99,7.37,24.67,0.78,0.78,"",0,0.0,-1,-4.2,2780,0.3,15991,9.7,-447,-15.1,16,2.1,836,2.1
"47031","5","23","74","0","2025","A","",116,1022,64167355,9842246,116277,1207,62760,"",0.98,0.75,0.73,0.63,0.53,0.98,0.97,"",-5,-4.1,-156,-13.2,-13353815,-17.2,-1767891,-15.2,-145665,-55.6,-59,-4.7,-3057,-4.6
"47033","2","23","74","0","2025","A","",1,5,293354,0,0,1231,64005,"",22.15,2.76,3.09,0.00,0.00,1.22,1.22,"",0,0.0,1,25.0,24806,9.2,0,0.0,0,0.0,83,7.2,4328,7.3
"47033","3","23","74","0","2025","A","",1,19,859090,149740,4492,858,44628,"",9.66,6.93,6.22,41.73,309.56,0.89,0.89,"",0,0.0,1,5.6,97642,12.8,-11551,-7.2,-347,-7.2,52,6.5,2713,6.5
"47033","5","23","74","0","2025","A","",18,119,7566063,1043598,11154,1218,63359,"",0.78,0.58,0.60,0.46,0.35,1.03,1.03,"",-3,-14.3,-129,-52.0,-10919678,-59.1,-2859706,-73.3,-39080,-77.8,-215,-15.0,-11155,-15.0
"47035","2","23","74","0","2025","A","",1,32,2274801,0,0,1367,71088,"",4.46,3.54,5.68,0.00,0.00,1.61,1.61,"",0,0.0,-2,-5.9,-181186,-7.4,0,0.0,0,0.0,-9,-0.7,-446,-0.6
"47035","3","23","74","0","2025","A","",1,20,770179,174924,5247,728,37878,"",1.95,1.46,1.32,9.44,51.57,0.89,0.89,"",0,0.0,3,17.6,223850,41.0,66219,60.9,1986,60.9,94,14.8,4934,15.0
"47035","5","23","74","0","2025","A","N",141,0,0,0,0,0,0,"N",1.23,0,0,0,0,0,0,"N",-12,-7.8,0,0,0,0,0,0,0,0,0,0,0,0
"47037","5","23","74","0","2025","A","",1865,31612,2968934303,321701283,5665815,1806,93918,"",0.75,1.08,1.09,0.97,1.05,1.01,1.01,"",-152,-7.5,399,1.3,176865667,6.3,-2233209,-0.7,-923096,-14.0,86,5.0,4467,5.0
"47039","2","23","74","0","2025","A","",1,8,492829,0,0,1185,61604,"",22.07,5.07,6.89,0.00,0.00,1.36,1.36,"",0,0.0,0,0.0,12355,2.6,0,0.0,0,0.0,-7,-0.6,-393,-0.6
"47039","3","23","74","0","2025","A","",1,12,481513,0,0,746,38780,"",9.63,5.02,4.63,0.00,0.00,0.89,0.89,"",0,0.0,-2,-14.3,24590,5.4,0,0.0,0,0.0,99,15.3,5141,15.3
"47039","5","23","74","0","2025","A","N",29,0,0,0,0,0,0,"N",1.26,0,0,0,0,0,0,"N",3,11.5,0,0,0,0,0,0,0,0,0,0,0,0
"47041","2","23","74","0","2025","A","",1,5,314474,0,0,1210,62895,"",15.33,2.08,2.83,0.00,0.00,1.36,1.36,"",0,0.0,-1,-16.7,-39699,-11.2,0,0.0,0,0.0,-28,-2.3,-1500,-2.3
"47041","3","23","74","0","2025","A","",1,22,647741,174988,3849,579,30127,"",6.69,6.04,4.01,37.00,220.65,0.68,0.68,"",0,0.0,1,4.8,15051,2.4,-7012,-3.9,-459,-10.7,11,1.9,585,2.0
"47041","5","23","74","0","2025","A","",49,173,9606697,1847225,30104,1070,55637,"",1.47,0.64,0.65,0.61,0.80,1.03,1.02,"",1,2.1,24,16.1,2554286,36.2,301468,19.5,3921,15.0,162,17.8,8411,17.8
"47043","2","23","74","0","2025","A","",1,11,728494,0,0,1324,68834,"",4.92,1.24,1.68,0.00,0.00,1.41,1.41,"",0,0.0,-3,-21.4,-134114,-15.5,0,0.0,0,0.0,125,10.4,6477,10.4
"47043","3","23","74","0","2025","A","",1,46,2180358,376657,4520,922,47920,"",2.15,3.43,3.46,20.74,70.65,1.02,1.02,"",0,0.0,0,0.0,175752,8.8,4795,1.3,-1327,-22.7,78,9.2,4024,9.2
"47043","5","23","74","0","2025","A","",170,1236,85139850,11784480,141163,1325,68879,"",1.64,1.24,1.49,1.02,1.02,1.20,1.20,"",-9,-5.0,-3,-0.2,2603327,3.2,-48016,-0.4,783,0.6,44,3.4,2273,3.4
"47045","2","23","74","0","2025","A","",1,26,1916708,0,0,1409,73250,"",7.85,3.29,4.74,0.00,0.00,1.43,1.43,"",0,0.0,-6,-18.8,-397666,-17.2,0,0.0,0,0.0,11,0.8,547,0.8
"47045","3","23","74","0","2025","A","",1,27,1199773,0,0,865,44991,"",3.42,2.26,2.04,0.00,0.00,0.91,0.91,"",0,0.0,2,8.0,101712,9.3,0,0.0,0,0.0,34,4.1,1789,4.1
"47045","5","23","74","0","2025","A","N",80,0,0,0,0,0,0,"N",1.23,0,0,0,0,0,0,"N",-2,-2.4,0,0,0,0,0,0,0,0,0,0,0,0
"47047","2","23","74","0","2025","A","",1,16,1168147,0,0,1404,73009,"",8.48,4.06,5.41,0.00,0.00,1.33,1.33,"",0,0.0,0,0.0,111547,10.6,0,0.0,0,0.0,114,8.8,5923,8.8
"47047","3","23","74","0","2025","A","",1,39,2347752,0,0,1148,59689,"",3.70,6.54,7.47,0.00,0.00,1.13,1.13,"",0,0.0,1,2.6,197070,9.2,0,0.0,0,0.0,71,6.6,3706,6.6
"47047","5","23","74","0","2025","A","",104,795,59732037,7564031,74325,1445,75127,"",1.73,1.79,2.09,1.47,1.01,1.16,1.16,"",-5,-4.6,52,7.0,1275704,2.2,735810,10.8,12710,20.6,-67,-4.4,-3505,-4.5
"47049","2","23","74","0","2025","A","",1,5,338992,0,0,1262,65611,"",17.78,1.79,3.10,0.00,0.00,1.68,1.68,"",0,0.0,-1,-16.7,-62131,-15.5,0,0.0,0,0.0,-24,-1.9,-1243,-1.9
"47049","3","23","74","0","2025","A","",1,23,888428,193772,5814,757,39340,"",7.76,5.43,5.58,35.95,290.43,1.05,1.05,"",0,0.0,-1,-4.2,44053,5.2,-25792,-11.7,-773,-11.7,66,9.6,3409,9.5
"47049","5","23","74","0","2025","A","",42,148,7702935,1439460,30176,1002,52106,"",1.46,0.47,0.53,0.42,0.69,1.13,1.13,"",4,10.5,29,24.4,2781573,56.5,287242,24.9,6923,29.8,208,26.2,10808,26.2
"47051","2","23","74","0","2025","A","",1,8,477226,0,0,1184,61578,"",6.98,1.50,1.80,0.00,0.00,1.24,1.24,"",0,0.0,1,14.3,3479,0.7,0,0.0,0,0.0,-118,-9.1,-6100,-9.0
"47051","3","23","74","0","2025","A","",1,22,1201629,0,0,1054,54827,"",3.05,2.73,3.12,0.00,0.00,1.15,1.15,"",0,0.0,-1,-4.3,69948,6.2,0,0.0,0,0.0,108,11.4,5623,11.4
"47051","5","23","74","0","2025","A","",78,349,19473771,3411545,35859,1074,55839,"",1.07,0.58,0.56,0.54,0.49,0.95,0.95,"",-11,-12.4,-19,-5.2,-316109,-1.6,-361571,-9.6,-7988,-18.2,39,3.8,2013,3.7
"47053","1","23","74","0","2025","A","",1,1,125806,0,0,2419,125806,"",2870.65,365.43,424.99,0.00,0.00,1.15,1.15,"",0,0.0,0,0.0,3991,3.3,0,0.0,0,0.0,76,3.2,3991,3.3
"47053","2","23","74","0","2025","A","",1,24,1709444,0,0,1375,71475,"",6.17,3.12,4.73,0.00,0.00,1.52,1.52,"",0,0.0,-1,-4.0,-9531,-0.6,0,0.0,0,0.0,30,2.2,1551,2.2
"47053","3","23","74","0","2025","A","",1,32,1424570,0,0,865,44986,"",2.69,2.74,2.71,0.00,0.00,1.00,1.00,"",0,0.0,-2,-5.9,-11551,-0.8,0,0.0,0,0.0,51,6.3,2643,6.2
"47053","5","23","74","0","2025","A","",102,1091,73558047,10323860,156486,1296,67412,"",1.23,1.26,1.54,1.03,1.06,1.22,1.22,"",-4,-3.8,78,7.7,10967180,17.5,451664,4.6,10021,6.8,108,9.1,5619,9.1
"47055","2","23","74","0","2025","A","",1,11,692663,0,0,1202,62496,"",9.50,2.46,3.13,0.00,0.00,1.26,1.26,"",0,0.0,-2,-15.4,-93975,-11.9,0,0.0,0,0.0,0,0.0,-18,0.0
"47055","3","23","74","0","2025","A","",1,38,1709768,318274,997,865,44994,"",4.15,5.62,5.30,34.53,26.65,0.94,0.94,"",0,0.0,2,5.6,244546,16.7,36199,12.8,-104,-9.4,82,10.5,4293,10.5
"47055","5","23","74","0","2025","A","",51,300,18772413,2938077,39260,1202,62505,"",0.95,0.60,0.64,0.50,0.48,1.07,1.07,"",-7,-12.1,-38,-11.2,-1039025,-5.2,-665305,-18.5,7053,21.9,75,6.7,3920,6.7
"47057","2","23","74","0","2025","A","",1,8,560265,0,0,1421,73881,"",17.59,4.05,5.51,0.00,0.00,1.43,1.43,"",0,0.0,2,33.3,113458,25.4,0,0.0,0,0.0,64,4.7,3333,4.7
"47057","3","23","74","0","2025","A","",1,29,1108162,217118,6450,743,38657,"",7.67,9.71,7.49,55.60,463.64,0.78,0.78,"",0,0.0,1,3.6,32905,3.1,-6882,-3.1,-270,-4.0,9,1.2,482,1.3
"47057","5","23","74","0","2025","A","N",46,0,0,0,0,0,0,"N",1.59,0,0,0,0,0,0,"N",-2,-4.2,0,0,0,0,0,0,0,0,0,0,0,0
"47059","2","23","74","0","2025","A","",1,11,783241,0,0,1329,69110,"",4.40,0.94,1.40,0.00,0.00,1.44,1.44,"",0,0.0,0,0.0,50168,6.8,0,0.0,0,0.0,47,3.7,2467,3.7
"47059","5","23","74","0","2025","A","",125,771,48859467,8167890,112862,1218,63337,"",1.08,0.58,0.66,0.55,0.47,1.13,1.13,"",-7,-5.3,10,1.3,1825442,3.9,-104148,-1.3,-5064,-4.3,29,2.4,1504,2.4
"47061","2","23","74","0","2025","A","",1,4,247098,0,0,1267,65893,"",28.11,4.01,6.93,0.00,0.00,1.84,1.84,"",0,0.0,0,0.0,-18736,-7.0,0,0.0,0,0.0,-11,-0.9,-565,-0.9
"47061","3","23","74","0","2025","A","",1,18,771352,0,0,809,42074,"",12.26,11.93,14.87,0.00,0.00,1.22,1.22,"",0,0.0,0,0.0,88348,12.9,0,0.0,0,0.0,66,8.9,3413,8.8
"47061","5","23","74","0","2025","A","N",11,0,0,0,0,0,0,"N",0.61,0,0,0,0,0,0,"N",1,10.0,0,0,0,0,0,0,0,0,0,0,0,0
"47063","1","23","74","0","2025","A","",1,7,1374565,0,0,3776,196366,"",1984.51,1266.10,2227.62,0.00,0.00,1.74,1.74,"",0,0.0,-1,-12.5,-176687,-11.4,0,0.0,0,0.0,266,7.6,13866,7.6
"47063","2","23","74","0","2025","A","",1,34,2581836,0,0,1453,75566,"",4.27,2.18,3.43,0.00,0.00,1.56,1.56,"",0,0.0,-1,-2.9,-43463,-1.7,0,0.0,0,0.0,0,0.0,18,0.0
"47063","5","23","74","0","2025","A","",104,1378,96576420,13396993,105524,1347,70068,"",0.87,0.79,0.97,0.65,0.41,1.23,1.23,"",-10,-8.8,20,1.5,7609429,8.6,329298,2.5,-27863,-20.9,87,6.9,4563,7.0
"47065","3","23","74","0","2025","A","",1,225,12160037,0,0,1040,54105,"",0.23,1.44,1.28,0.00,0.00,0.89,0.89,"",0,0.0,5,2.3,523661,4.5,0,0.0,0,0.0,22,2.2,1192,2.3
"47065","5","23","74","0","2025","A","N",951,0,0,0,0,0,0,"N",0.97,0,0,0,0,0,0,"N",-49,-4.9,0,0,0,0,0,0,0,0,0,0,0,0
"47067","2","23","74","0","2025","A","",1,5,349261,0,0,1259,65486,"",64.48,10.23,21.14,0.00,0.00,1.94,1.94,"",0,0.0,0,0.0,28075,8.7,0,0.0,0,0.0,24,1.9,1249,1.9
"47067","3","23","74","0","2025","A","",1,23,595975,199963,1201,497,25818,"",28.14,31.07,24.79,298.42,212.16,0.80,0.80,"",0,0.0,-1,-4.2,60380,11.3,5315,2.7,33,2.8,69,16.1,3579,16.1
"47067","5","23","74","0","2025","A","N",10,0,0,0,0,0,0,"N",1.26,0,0,0,0,0,0,"N",1,11.1,0,0,0,0,0,0,0,0,0,0,0,0
"47069","2","23","74","0","2025","A","",1,6,412840,0,0,1287,66947,"",18.07,2.02,2.84,0.00,0.00,1.37,1.37,"",0,0.0,0,0.0,46507,12.7,0,0.0,0,0.0,145,12.7,7542,12.7
"47069","3","23","74","0","2025","A","",1,25,816356,187883,4134,618,32119,"",7.88,5.55,3.85,36.34,265.00,0.68,0.68,"",0,0.0,-1,-3.8,-94505,-10.4,-16877,-8.2,-371,-8.2,-69,-10.0,-3601,-10.1
"47069","5","23","74","0","2025","A","",28,148,9436477,2152912,32125,1224,63652,"",0.99,0.44,0.49,0.65,0.95,1.11,1.11,"",1,3.7,19,14.7,1829448,24.0,360740,20.1,1041,3.3,92,8.1,4797,8.2
"47071","2","23","74","0","2025","A","",1,8,498497,0,0,1278,66466,"",10.98,2.04,2.63,0.00,0.00,1.38,1.38,"",0,0.0,-1,-11.1,-47788,-8.7,0,0.0,0,0.0,111,9.5,5768,9.5
"47071","3","23","74","0","2025","A","",1,28,1185358,196082,5882,814,42334,"",4.79,4.71,4.30,28.29,208.11,0.91,0.91,"",0,0.0,0,0.0,94983,8.7,7978,4.2,240,4.3,76,10.3,3963,10.3
"47071","5","23","74","0","2025","A","",54,339,18101430,3017939,57566,1028,53436,"",1.16,0.77,0.72,0.68,0.94,0.94,0.94,"",2,3.8,6,1.8,1343296,8.0,-130525,-4.1,-16989,-22.8,59,6.1,3073,6.1
"47073","2","23","74","0","2025","A","",1,10,712381,0,0,1305,67846,"",7.82,1.59,2.08,0.00,0.00,1.25,1.25,"",0,0.0,-4,-28.6,-192051,-21.2,0,0.0,0,0.0,92,7.6,4746,7.5
"47073","3","23","74","0","2025","A","",1,50,1705124,441093,13232,660,34331,"",3.41,5.26,3.43,31.86,98.34,0.66,0.66,"",0,0.0,3,6.4,53285,3.2,15640,3.7,468,3.7,-18,-2.7,-940,-2.7
"47073","5","23","74","0","2025","A","",74,1465,153056013,19731889,1626376,2009,104451,"",1.13,2.07,3.38,2.23,5.57,1.63,1.63,"",-5,-6.3,544,59.1,73349131,92.0,7791774,65.3,911181,127.4,345,20.7,17923,20.7
"47075","2","23","74","0","2025","A","",1,21,1600778,0,0,1496,77771,"",16.40,7.04,8.61,0.00,0.00,1.25,1.25,"",0,0.0,-2,-8.7,-76555,-4.6,0,0.0,0,0.0,114,8.2,5885,8.2
"47075","3","23","74","0","2025","A","",1,17,945802,126000,378,1081,56186,"",7.16,3.76,3.49,17.39,9.03,0.94,0.94,"",0,0.0,0,0.0,112567,13.5,-11916,-8.6,-36,-8.7,138,14.6,7172,14.6
"47075","5","23","74","0","2025","A","",40,728,63008222,13938744,94155,1665,86560,"",1.29,2.17,2.56,3.01,1.04,1.18,1.18,"",-3,-7.0,-1904,-72.3,-208405008,-76.8,-25753644,-64.9,-2661045,-96.6,-318,-16.0,-16580,-16.1
"47077","2","23","74","0","2025","A","",1,11,795240,0,0,1380,71751,"",11.42,2.85,4.51,0.00,0.00,1.57,1.57,"",0,0.0,0,0.0,-9756,-1.2,0,0.0,0,0.0,24,1.8,1240,1.8
"47077","3","23","74","0","2025","A","",1,25,976390,190008,5700,741,38542,"",4.98,4.28,3.81,24.59,150.98,0.88,0.88,"",0,0.0,0,0.0,27461,2.9,1008,0.5,30,0.5,9,1.2,458,1.2
"47077","5","23","74","0","2025","A","N",52,0,0,0,0,0,0,"N",1.16,0,0,0,0,0,0,"N",0,0.0,0,0,0,0,0,0,0,0,0,0,0,0
"47079","2","23","74","0","2025","A","",1,12,781520,0,0,1227,63798,"",8.41,2.16,3.09,0.00,0.00,1.40,1.40,"",0,0.0,-1,-7.7,-31155,-3.8,0,0.0,0,0.0,17,1.4,881,1.4
"47079","3","23","74","0","2025","A","",1,43,1518375,314193,10496,684,35587,"",3.67,5.11,4.12,29.55,214.60,0.81,0.81,"",0,0.0,-2,-4.4,117043,8.4,-21034,-6.3,439,4.4,84,14.0,4389,14.1
"47079","5","23","74","0","2025","A","",60,429,22432677,3845921,46323,1005,52260,"",0.99,0.68,0.67,0.57,0.44,0.98,0.98,"",-1,-1.6,24,5.9,2753848,14.0,190059,5.2,3162,7.3,70,7.5,3660,7.5
"47081","2","23","74","0","2025","A","",1,9,581960,0,0,1255,65267,"",17.17,4.76,6.34,0.00,0.00,1.34,1.34,"",0,0.0,-1,-10.0,-26804,-4.4,0,0.0,0,0.0,64,5.4,3359,5.4
"47081","3","23","74","0","2025","A","",1,33,1349919,253843,7615,797,41430,"",7.49,11.54,10.11,78.83,508.89,0.89,0.89,"",0,0.0,-11,-25.0,140911,11.7,25137,11.0,754,11.0,265,49.8,13743,49.6
"47081","5","23","74","0","2025","A","",60,408,27104007,4950917,61409,1277,66404,"",2.02,1.92,2.23,2.41,1.89,1.16,1.16,"",-1,-1.6,-14,-3.3,-487296,-1.8,194879,4.1,5439,9.7,21,1.7,1099,1.7
"47083","2","23","74","0","2025","A","",1,3,214283,0,0,1413,73468,"",44.44,4.32,7.08,0.00,0.00,1.69,1.69,"",0,0.0,1,50.0,45599,27.0,0,0.0,0,0.0,71,5.3,3668,5.3
"47083","3","23","74","0","2025","A","",1,15,656373,105000,3150,851,44250,"",19.39,14.26,14.90,82.70,406.48,1.06,1.06,"",0,0.0,-1,-6.2,84294,14.7,-2104,-2.0,-63,-2.0,141,19.9,7342,19.9
"47083","5","23","74","0","2025","A","N",15,0,0,0,0,0,0,"N",1.31,0,0,0,0,0,0,"N",-1,-6.2,0,0,0,0,0,0,0,0,0,0,0,0
"47085","2","23","74","0","2025","A","",1,26,1971748,0,0,1477,76821,"",16.61,9.62,12.63,0.00,0.00,1.33,1.33,"",0,0.0,-4,-13.3,-249974,-11.3,0,0.0,0,0.0,53,3.7,2764,3.7
"47085","3","23","74","0","2025","A","",1,34,1484648,245000,756,848,44098,"",7.25,8.31,6.53,44.65,31.06,0.79,0.79,"",0,0.0,-1,-2.9,178972,13.7,-7000,-2.8,-231,-23.4,125,17.3,6525,17.4
"47085","5","23","74","0","2025","A","",42,373,28461587,4512659,90153,1466,76219,"",1.37,1.23,1.38,1.29,1.71,1.12,1.12,"",-4,-8.7,-16,-4.1,-907738,-3.1,-86954,-1.9,-24516,-21.4,13,0.9,687,0.9
"47087","2","23","74","0","2025","A","",1,5,304678,0,0,1212,63037,"",31.17,6.29,8.71,0.00,0.00,1.43,1.43,"",0,0.0,0,0.0,-11125,-3.5,0,0.0,0,0.0,-3,-0.2,-124,-0.2
"47087","3","23","74","0","2025","A","",1,23,858331,169487,5084,707,36786,"",13.60,19.11,16.87,110.23,529.16,0.87,0.87,"",0,0.0,-1,-4.2,18673,2.2,-6223,-3.5,-188,-3.6,22,3.2,1182,3.3
"47087","5","23","74","0","2025","A","N",27,0,0,0,0,0,0,"N",1.65,0,0,0,0,0,0,"N",5,22.7,0,0,0,0,0,0,0,0,0,0,0,0
"47089","2","23","74","0","2025","A","",1,10,695626,0,0,1338,69563,"",6.56,1.54,2.02,0.00,0.00,1.31,1.31,"",0,0.0,0,0.0,56122,8.8,0,0.0,0,0.0,87,7.0,4529,7.0
"47089","3","23","74","0","2025","A","",1,53,2190667,410652,1232,795,41333,"",2.86,5.40,4.37,32.51,24.68,0.81,0.81,"",0,0.0,-5,-8.6,248187,12.8,-28046,-6.4,-85,-6.5,149,23.1,7745,23.1
"47089","5","23","74","0","2025","A","N",117,0,0,0,0,0,0,"N",1.51,0,0,0,0,0,0,"N",4,3.5,0,0,0,0,0,0,0,0,0,0,0,0
"47091","2","23","74","0","2025","A","",1,7,510693,0,0,1403,72956,"",18.95,3.56,5.04,0.00,0.00,1.42,1.42,"",0,0.0,0,0.0,-848,-0.2,0,0.0,0,0.0,-19,-1.3,-1002,-1.4
"47091","3","23","74","0","2025","A","",1,26,1081706,201790,6054,800,41604,"",8.27,8.73,7.33,58.88,368.17,0.84,0.84,"",0,0.0,-1,-3.7,8641,0.8,19465,10.7,584,10.7,36,4.7,1861,4.7
"47091","5","23","74","0","2025","A","",29,227,14485692,1980290,118405,1229,63931,"",1.08,1.02,1.08,0.90,3.32,1.05,1.05,"",-1,-3.3,17,8.1,1196433,9.0,92636,4.9,-1444,-1.2,13,1.1,699,1.1
"47093","3","23","74","0","2025","A","",2,442,23193228,0,0,1009,52444,"",0.35,2.37,2.10,0.00,0.00,0.89,0.89,"",0,0.0,2,0.5,838631,3.8,0,0.0,0,0.0,32,3.3,1628,3.2
"47093","5","23","74","0","2025","A","",1282,14693,1224552797,143413160,1844317,1603,83345,"",1.02,1.06,1.22,0.91,0.83,1.15,1.15,"",-83,-6.1,341,2.4,115259783,10.4,4359862,3.1,242769,15.2,117,7.9,6054,7.8
"47095","3","23","74","0","2025","A","",1,15,785925,105000,315,1036,53892,"",24.32,14.66,15.30,119.31,90.69,1.07,1.07,"",0,0.0,-1,-6.2,11503,1.5,7000,7.1,21,7.1,100,10.7,5237,10.8
"47095","5","23","74","0","2025","A","N",5,0,0,0,0,0,0,"N",0.55,0,0,0,0,0,0,"N",1,25.0,0,0,0,0,0,0,0,0,0,0,0,0
"47097","2","23","74","0","2025","A","",1,10,618051,0,0,1251,65058,"",19.01,3.37,4.38,0.00,0.00,1.37,1.37,"",0,0.0,0,0.0,3206,0.5,0,0.0,0,0.0,49,4.1,2531,4.0
"47097","3","23","74","0","2025","A","",1,22,962029,0,0,828,43076,"",8.29,4.90,4.69,0.00,0.00,0.94,0.94,"",0,0.0,0,0.0,-4098,-0.4,0,0.0,0,0.0,2,0.2,137,0.3
"47097","5","23","74","0","2025","A","",20,188,13910867,1697402,7797,1424,74060,"",0.75,0.56,0.74,0.57,0.24,1.33,1.33,"",1,5.3,79,72.5,7902053,131.5,685149,67.7,-204,-2.5,363,34.2,18891,34.2
"47099","2","23","74","0","2025","A","",1,31,2188227,0,0,1368,71162,"",7.23,5.78,9.45,0.00,0.00,1.65,1.65,"",0,0.0,-2,-6.1,-10754,-0.5,0,0.0,0,0.0,73,5.6,3846,5.7
"47099","3","23","74","0","2025","A","",1,40,1846590,301318,9038,899,46749,"",3.15,4.92,5.48,28.86,210.27,1.13,1.13,"",0,0.0,2,5.3,193014,11.7,25363,9.2,758,9.2,62,7.4,3234,7.4
"47099","5","23","74","0","2025","A","",72,514,29611327,4934635,51912,1108,57610,"",1.02,0.85,0.96,0.74,0.56,1.14,1.14,"",-1,-1.4,10,2.0,1307208,4.6,36574,0.7,-2446,-4.5,27,2.5,1414,2.5
"47101","2","23","74","0","2025","A","",1,4,275861,0,0,1248,64908,"",23.74,2.59,3.70,0.00,0.00,1.34,1.34,"",0,0.0,-1,-20.0,-40879,-12.9,0,0.0,0,0.0,-12,-1.0,-624,-1.0
"47101","3","23","74","0","2025","A","",1,21,716023,167194,5016,648,33695,"",10.36,8.97,6.59,56.49,319.17,0.73,0.73,"",0,0.0,-1,-4.5,-4086,-0.6,-10409,-5.9,-313,-5.9,33,5.4,1690,5.3
"47101","5","23","74","0","2025","A","",21,120,8333091,1333800,29094,1335,69394,"",0.98,0.69,0.84,0.71,0.85,1.22,1.22,"",-1,-4.5,33,37.9,4058380,94.9,543145,68.7,13279,84.0,386,40.7,20023,40.6
"47103","2","23","74","0","2025","A","",1,16,996431,0,0,1230,63942,"",8.67,3.49,4.56,0.00,0.00,1.34,1.34,"",0,0.0,-1,-5.9,-18638,-1.8,0,0.0,0,0.0,53,4.5,2732,4.5
"47103","3","23","74","0","2025","A","",1,22,1073981,177282,590,935,48633,"",3.78,3.17,3.37,19.35,14.57,1.06,1.06,"",0,0.0,-2,-8.3,-50466,-4.5,11012,6.6,91,18.2,40,4.5,2104,4.5
"47103","5","23","74","0","2025","A","",65,282,17322175,2917479,68149,1181,61408,"",1.10,0.55,0.60,0.50,0.78,1.09,1.09,"",-5,-7.1,-237,-45.7,-22338849,-56.3,-3632580,-55.5,-207622,-75.3,-288,-19.6,-14961,-19.6
"47105","2","23","74","0","2025","A","",1,7,463315,0,0,1288,66985,"",4.66,0.83,1.06,0.00,0.00,1.30,1.30,"",0,0.0,-1,-12.5,-43276,-8.5,0,0.0,0,0.0,70,5.7,3661,5.8
"47105","3","23","74","0","2025","A","",1,21,1131836,147000,441,1024,53263,"",2.04,1.64,1.78,8.21,6.09,1.07,1.07,"",0,0.0,0,0.0,113872,11.2,-1905,-1.3,-6,-1.3,99,10.7,5170,10.8
"47105","5","23","74","0","2025","A","",142,809,52037140,7784683,90754,1237,64336,"",1.30,0.85,0.90,0.68,0.58,1.06,1.06,"",-6,-4.1,49,6.4,8374371,19.2,473932,6.5,6793,8.1,132,11.9,6885,12.0
"47107","2","23","74","0","2025","A","",1,6,412400,0,0,1236,64270,"",6.23,0.75,1.05,0.00,0.00,1.31,1.31,"",0,0.0,-2,-25.0,-41029,-9.0,0,0.0,0,0.0,111,9.9,5763,9.9
"47107","3","23","74","0","2025","A","",1,34,1584088,248723,4975,892,46364,"",2.72,2.80,2.77,14.67,90.06,0.98,0.98,"",0,0.0,2,6.2,201932,14.6,17883,7.7,-92,-1.8,74,9.0,3836,9.0
"47107","5","23","74","0","2025","A","N",70,0,0,0,0,0,0,"N",0.85,0,0,0,0,0,0,"N",-6,-7.9,0,0,0,0,0,0,0,0,0,0,0,0
"47109","2","23","74","0","2025","A","",1,32,2226583,0,0,1335,69400,"",12.27,12.20,19.69,0.00,0.00,1.61,1.61,"",0,0.0,-2,-5.9,21874,1.0,0,0.0,0,0.0,79,6.3,4075,6.2
"47109","3","23","74","0","2025","A","",1,28,1059688,217600,6528,715,37182,"",5.35,7.05,6.44,43.65,310.88,0.90,0.90,"",0,0.0,-2,-6.7,7756,0.7,-18873,-8.0,-565,-8.0,52,7.8,2692,7.8
"47109","5","23","74","0","2025","A","",51,199,11352273,2064292,31106,1095,56951,"",1.23,0.67,0.76,0.65,0.68,1.12,1.12,"",-3,-5.6,-1,-0.5,1249872,12.4,26537,1.3,3758,13.7,124,12.8,6481,12.8
"47111","2","23","74","0","2025","A","",1,5,331275,0,0,1274,66255,"",16.57,2.04,2.97,0.00,0.00,1.46,1.46,"",0,0.0,0,0.0,-3016,-0.9,0,0.0,0,0.0,-12,-0.9,-603,-0.9
"47111","3","23","74","0","2025","A","",1,21,808142,155986,4679,734,38180,"",7.23,5.65,4.97,28.66,290.83,0.87,0.87,"",0,0.0,-3,-12.5,-30544,-3.6,-16332,-9.5,-490,-9.5,69,10.4,3595,10.4
"47111","5","23","74","0","2025","A","N",36,0,0,0,0,0,0,"N",1.17,0,0,0,0,0,0,"N",0,0.0,0,0,0,0,0,0,0,0,0,0,0,0
"47113","5","23","74","0","2025","A","",222,2774,236196978,26564948,354552,1637,85139,"",1.02,0.86,1.12,0.76,0.73,1.31,1.31,"",-19,-7.9,-27,-1.0,568368,0.2,104898,0.4,-498,-0.1,19,1.2,1003,1.2
"47115","2","23","74","0","2025","A","",1,10,596269,0,0,1207,62765,"",11.26,2.55,3.13,0.00,0.00,1.29,1.29,"",0,0.0,0,0.0,-9309,-1.5,0,0.0,0,0.0,13,1.1,654,1.1
"47115","3","23","74","0","2025","A","",1,27,1314496,0,0,942,48987,"",4.91,4.54,4.74,0.00,0.00,1.05,1.05,"",0,0.0,1,3.8,89920,7.3,0,0.0,0,0.0,21,2.3,1121,2.3
"47115","5","23","74","0","2025","A","",46,397,34741245,3804367,32296,1683,87509,"",1.02,0.90,1.37,0.79,0.42,1.53,1.53,"",7,17.9,27,7.3,-990203,-2.8,127560,3.5,-1192,-3.6,-172,-9.3,-8954,-9.3
"47117","2","23","74","0","2025","A","",1,32,2367362,0,0,1401,72842,"",9.22,6.93,10.07,0.00,0.00,1.43,1.43,"",0,0.0,-4,-11.1,-105613,-4.3,0,0.0,0,0.0,83,6.3,4307,6.3
"47117","5","23","74","0","2025","A","",76,639,45705223,6120286,61059,1376,71554,"",1.37,1.23,1.47,1.00,0.58,1.19,1.20,"",-2,-2.6,121,23.4,11742381,34.6,640839,11.7,560,0.9,116,9.2,6041,9.2
"47119","2","23","74","0","2025","A","",1,28,2051856,0,0,1422,73941,"",2.19,1.47,1.74,0.00,0.00,1.19,1.20,"",0,0.0,1,3.7,202020,10.9,0,0.0,0,0.0,104,7.9,5429,7.9
"47119","5","23","74","0","2025","A","",275,2219,158358558,23409364,524076,1373,71370,"",1.18,1.03,1.01,0.90,1.36,0.98,0.98,"",-26,-8.6,103,4.9,5554629,3.6,1142707,5.1,36084,7.4,-16,-1.2,-835,-1.2
"47121","2","23","74","0","2025","A","",1,3,174415,0,0,1258,65406,"",41.63,3.31,3.51,0.00,0.00,1.19,1.19,"",0,0.0,0,0.0,-26716,-13.3,0,0.0,0,0.0,-31,-2.4,-1638,-2.4
"47121","3","23","74","0","2025","A","",1,20,653020,150658,4519,618,32116,"",18.16,14.57,9.04,87.94,532.56,0.61,0.61,"",0,0.0,0,0.0,27830,4.5,-12183,-7.5,-367,-7.5,14,2.3,726,2.3
"47121","5","23","74","0","2025","A","N",12,0,0,0,0,0,0,"N",0.98,0,0,0,0,0,0,"N",2,20.0,0,0,0,0,0,0,0,0,0,0,0,0
"47123","2","23","74","0","2025","A","",1,7,444853,0,0,1222,63550,"",7.37,1.02,1.35,0.00,0.00,1.33,1.33,"",0,0.0,0,0.0,-9102,-2.0,0,0.0,0,0.0,-25,-2.0,-1301,-2.0
"47123","3","23","74","0","2025","A","",1,21,1852757,0,0,1697,88227,"",3.22,2.02,3.87,0.00,0.00,1.92,1.92,"",0,0.0,1,5.0,183059,11.0,0,0.0,0,0.0,105,6.6,5432,6.6
"47123","5","23","74","0","2025","A","",62,321,19552125,3596611,71238,1170,60847,"",0.90,0.41,0.45,0.43,0.41,1.08,1.08,"",-2,-3.1,48,17.6,4797843,32.5,903618,33.6,22769,47.0,131,12.6,6819,12.6
"47125","2","23","74","0","2025","A","",1,31,2158271,0,0,1321,68698,"",1.45,1.00,1.38,0.00,0.00,1.36,1.36,"",0,0.0,3,10.7,233728,12.1,0,0.0,0,0.0,11,0.8,573,0.8
"47125","5","23","74","0","2025","A","",402,3048,225559355,31042180,430283,1423,73992,"",1.14,0.88,1.09,0.85,0.69,1.24,1.24,"",-29,-6.7,133,4.6,8045779,3.7,-221114,-0.7,-24472,-5.4,-12,-0.8,-631,-0.8
"47127","2","23","74","0","2025","A","",1,2,137670,0,0,1271,66082,"",77.38,1.81,2.23,0.00,0.00,1.19,1.19,"",0,0.0,1,100.0,75668,122.0,0,0.0,0,0.0,-160,-11.2,-8320,-11.2
"47127","3","23","74","0","2025","A","",1,10,554246,73360,1607,1057,54967,"",33.76,5.97,6.18,31.98,401.17,1.03,1.03,"",0,0.0,0,0.0,-1962,-0.4,3360,4.8,67,4.4,-13,-1.2,-654,-1.2
"47127","5","23","74","0","2025","A","",6,40,3092805,406554,1108,1478,76840,"",0.91,0.32,0.38,0.28,0.13,1.17,1.17,"",-1,-14.3,2,5.3,335041,12.1,-19428,-4.6,-58,-5.0,100,7.3,5210,7.3
"47129","2","23","74","0","2025","A","",1,6,350874,0,0,1209,62843,"",27.64,4.04,5.03,0.00,0.00,1.34,1.34,"",0,0.0,0,0.0,-15876,-4.3,0,0.0,0,0.0,34,2.9,1718,2.8
"47129","3","23","74","0","2025","A","",1,20,810186,144346,433,789,41022,"",12.06,8.90,7.99,65.01,47.61,0.91,0.91,"",0,0.0,0,0.0,16267,2.0,-29683,-17.1,-89,-17.0,35,4.6,1816,4.6
"47129","5","23","74","0","2025","A","N",20,0,0,0,0,0,0,"N",1.08,0,0,0,0,0,0,"N",0,0.0,0,0,0,0,0,0,0,0,0,0,0,0
"47131","2","23","74","0","2025","A","",1,11,689053,0,0,1242,64599,"",9.32,1.96,2.67,0.00,0.00,1.40,1.40,"",0,0.0,0,0.0,-11553,-1.6,0,0.0,0,0.0,62,5.3,3232,5.3
"47131","3","23","74","0","2025","A","",1,38,2000498,273000,819,1008,52415,"",4.07,4.48,5.33,22.43,17.00,1.18,1.18,"",0,0.0,3,8.6,235091,13.3,7000,2.6,22,2.8,36,3.7,1854,3.7
"47131","5","23","74","0","2025","A","",56,867,57919863,9302921,117685,1285,66837,"",1.02,1.37,1.69,1.20,1.13,1.23,1.23,"",-4,-6.7,328,60.9,23966347,70.6,4302357,86.0,46103,64.4,74,6.1,3882,6.2
"47133","2","23","74","0","2025","A","",1,24,1796186,0,0,1465,76163,"",15.19,8.97,13.96,0.00,0.00,1.58,1.58,"",0,0.0,2,9.1,180220,11.2,0,0.0,0,0.0,42,3.0,2149,2.9
"47133","5","23","74","0","2025","A","",38,278,26389052,2744625,27895,1825,94896,"",1.13,0.92,1.55,0.76,0.65,1.68,1.68,"",-3,-7.3,-24,-7.9,5795386,28.1,-101699,-3.6,-375,-1.3,514,39.2,26743,39.2
"47135","2","23","74","0","2025","A","",1,12,783395,0,0,1301,67631,"",40.11,15.09,22.04,0.00,0.00,1.51,1.51,"",0,0.0,1,9.1,53811,7.4,0,0.0,0,0.0,35,2.8,1804,2.7
"47135","3","23","74","0","2025","A","",1,14,638675,98000,294,877,45620,"",17.50,11.63,12.35,52.44,19.32,1.06,1.06,"",0,0.0,-1,-6.7,20124,3.3,-14000,-12.5,-42,-12.5,80,10.0,4153,10.0
"47135","5","23","74","0","2025","A","",14,80,5128762,1034761,22109,1239,64445,"",1.10,0.89,1.09,0.87,0.67,1.23,1.23,"",-2,-12.5,17,27.0,1445727,39.3,345751,50.2,7940,56.0,109,9.6,5673,9.7
"47137","2","23","74","0","2025","A","",1,4,252421,0,0,1324,68842,"",59.26,10.17,16.60,0.00,0.00,1.78,1.78,"",0,0.0,0,0.0,-49283,-16.3,0,0.0,0,0.0,35,2.7,1797,2.7
"47137","3","23","74","0","2025","A","",1,32,858462,241560,7247,516,26827,"",25.86,53.72,38.79,319.30,1336.89,0.72,0.72,"",0,0.0,0,0.0,49044,6.1,9739,4.2,292,4.2,26,5.3,1334,5.2
"47137","5","23","74","0","2025","A","N",12,0,0,0,0,0,0,"N",1.39,0,0,0,0,0,0,"N",0,0.0,0,0,0,0,0,0,0,0,0,0,0,0
"47139","2","23","74","0","2025","A","",1,8,601860,0,0,1375,71508,"",20.18,6.38,11.91,0.00,0.00,1.77,1.77,"",0,0.0,1,14.3,217635,56.6,0,0.0,0,0.0,280,25.6,14586,25.6
"47139","3","23","74","0","2025","A","",1,26,1121242,0,0,843,43827,"",8.80,13.70,15.24,0.00,0.00,1.13,1.13,"",0,0.0,0,0.0,4532,0.4,0,0.0,0,0.0,27,3.3,1420,3.3
"47139","5","23","74","0","2025","A","",33,128,6812652,1437290,29214,1028,53433,"",1.31,0.91,1.02,0.96,1.07,1.13,1.13,"",4,13.8,3,2.4,745827,12.3,-198172,-12.1,-893,-3.0,93,9.9,4801,9.9
"47141","2","23","74","0","2025","A","",1,55,4202373,0,0,1469,76407,"",2.74,2.93,4.68,0.00,0.00,1.59,1.59,"",0,0.0,-5,-8.3,-229547,-5.2,0,0.0,0,0.0,60,4.3,3152,4.3
"47141","3","23","74","0","2025","A","",1,36,1978632,270866,813,1042,54209,"",1.19,1.27,1.51,7.94,5.88,1.18,1.18,"",0,0.0,-1,-2.7,102613,5.5,-21859,-7.5,-65,-7.4,60,6.1,3161,6.2
"47141","5","23","74","0","2025","A","",214,1942,126966367,18431623,165578,1257,65374,"",1.15,0.92,1.07,0.85,0.55,1.16,1.16,"N",-11,-4.9,0,0,0,0,0,0,0,0,0,0,0,0
"47143","2","23","74","0","2025","A","",1,5,303254,0,0,1207,62742,"",10.78,0.87,1.01,0.00,0.00,1.19,1.19,"",0,0.0,0,0.0,-6628,-2.1,0,0.0,0,0.0,15,1.3,766,1.2
"47143","3","23","74","0","2025","A","",1,16,654616,0,0,775,40284,"",4.70,1.85,1.49,0.00,0.00,0.80,0.80,"",0,0.0,-6,-27.3,-152974,-18.9,0,0.0,0,0.0,66,9.3,3436,9.3
"47143","5","23","74","0","2025","A","",44,225,17689339,2453286,81281,1514,78707,"",0.93,0.35,0.44,0.39,0.80,1.27,1.27,"",0,0.0,41,22.3,5097089,40.5,515283,26.6,57612,243.4,200,15.2,10395,15.2
"47145","2","23","74","0","2025","A","",1,27,2113494,0,0,1510,78520,"",6.56,2.90,2.80,0.00,0.00,0.97,0.97,"",0,0.0,-4,-12.9,-310892,-12.8,0,0.0,0,0.0,6,0.4,314,0.4
"47145","3","23","74","0","2025","A","",1,28,1300879,0,0,910,47305,"",2.86,1.98,1.18,0.00,0.00,0.61,0.61,"",0,0.0,0,0.0,73880,6.0,0,0.0,0,0.0,75,9.0,3871,8.9
"47145","5","23","74","0","2025","A","N",81,0,0,0,0,0,0,"N",1.04,0,0,0,0,0,0,"N",-2,-2.4,0,0,0,0,0,0,0,0,0,0,0,0
"47147","2","23","74","0","2025","A","",1,10,636388,0,0,1245,64717,"",4.17,0.92,1.13,0.00,0.00,1.24,1.24,"",0,0.0,-2,-16.7,-193185,-23.3,0,0.0,0,0.0,-57,-4.4,-3003,-4.4
"47147","3","23","74","0","2025","A","",1,36,1599557,0,0,852,44330,"",1.82,2.20,1.95,0.00,0.00,0.89,0.89,"",0,0.0,-2,-5.3,10465,0.7,0,0.0,0,0.0,44,5.4,2328,5.5
"47147","5","23","74","0","2025","A","",210,1536,121626269,15750897,172127,1522,79158,"",1.72,1.26,1.63,1.07,0.79,1.29,1.29,"",-9,-4.1,1,0.1,12798625,11.8,313493,2.0,-8293,-4.6,158,11.6,8249,11.6
"47149","2","23","74","0","2025","A","",1,26,1904763,0,0,1418,73733,"",0.80,0.37,0.45,0.00,0.00,1.21,1.21,"",0,0.0,0,0.0,10941,0.6,0,0.0,0,0.0,26,1.9,1358,1.9
"47149","3","23","74","0","2025","A","",1,74,4373152,0,0,1136,59097,"",0.35,0.70,0.71,0.00,0.00,1.01,1.01,"",0,0.0,-1,-1.3,245474,5.9,0,0.0,0,0.0,78,7.4,4061,7.4
"47149","5","23","74","0","2025","A","",788,6947,563715710,69084720,768040,1560,81142,"",1.24,0.89,1.01,0.77,0.63,1.14,1.14,"",-67,-7.8,75,1.1,48585043,9.4,-302314,-0.4,41536,5.7,118,8.2,6177,8.2
"47151","2","23","74","0","2025","A","",1,4,227714,0,0,1222,63548,"",14.95,1.48,2.11,0.00,0.00,1.59,1.59,"",0,0.0,0,0.0,12872,6.0,0,0.0,0,0.0,42,3.6,2165,3.5
"47151","3","23","74","0","2025","A","",1,21,854930,166895,5007,777,40390,"",6.52,5.15,5.45,29.85,216.25,1.05,1.05,"",0,0.0,0,0.0,16495,2.0,19895,13.5,597,13.5,12,1.6,622,1.6
"47151","5","23","74","0","2025","A","",41,371,20748625,4127555,62085,1076,55977,"",1.20,1.22,1.45,1.16,1.24,1.19,1.19,"",-4,-8.9,-74,-16.6,-1835937,-8.1,-1607025,-28.0,-29508,-32.2,100,10.2,5235,10.3
"47153","2","23","74","0","2025","A","",1,38,2850866,0,0,1433,74532,"",22.00,22.85,41.12,0.00,0.00,1.79,1.79,"",0,0.0,-4,-9.5,-154396,-5.1,0,0.0,0,0.0,62,4.5,3261,4.6
"47153","3","23","74","0","2025","A","",1,20,847321,154000,2571,836,43452,"",9.60,7.94,8.40,48.60,199.48,1.09,1.08,"",0,0.0,1,5.3,83343,10.9,5578,3.8,1230,91.7,63,8.2,3243,8.1
"47153","5","23","74","0","2025","A","",18,52,2503812,456109,4964,935,48618,"",0.78,0.28,0.27,0.23,0.18,0.99,0.99,"",-2,-10.0,-2,-3.7,71045,2.9,-83228,-15.4,-1868,-27.3,65,7.5,3357,7.4
"47155","2","23","74","0","2025","A","",1,10,729367,0,0,1357,70584,"",1.92,0.40,0.71,0.00,0.00,1.71,1.71,"",0,0.0,-2,-16.7,-27526,-3.6,0,0.0,0,0.0,118,9.5,6168,9.6
"47155","3","23","74","0","2025","A","",1,63,3084034,0,0,948,49279,"",0.84,1.67,2.05,0.00,0.00,1.24,1.24,"",0,0.0,-1,-1.6,104128,3.5,0,0.0,0,0.0,49,5.5,2535,5.4
"47155","5","23","74","0","2025","A","",303,2747,177457799,27273198,320068,1242,64605,"",1.14,0.98,1.30,0.77,0.43,1.33,1.33,"",-14,-4.4,-38,-1.4,-12829616,-6.7,-962726,-3.4,-12213,-3.7,-72,-5.5,-3731,-5.5
"47157","2","23","74","0","2025","A","",1,97,7268687,0,0,1445,75129,"",0.29,0.44,0.48,0.00,0.00,1.11,1.11,"",0,0.0,-14,-12.6,-678788,-8.5,0,0.0,0,0.0,72,5.2,3744,5.2
"47157","5","23","74","0","2025","A","",1324,18317,1622430896,176311496,1984191,1703,88576,"",0.76,0.74,0.82,0.65,0.52,1.11,1.11,"",-88,-6.2,223,1.2,88241689,5.8,-1001271,-0.6,-3601,-0.2,72,4.4,3788,4.5
"47159","2","23","74","0","2025","A","",1,9,560214,0,0,1197,62246,"",16.44,3.94,4.88,0.00,0.00,1.24,1.24,"",0,0.0,0,0.0,3841,0.7,0,0.0,0,0.0,8,0.7,427,0.7
"47159","3","23","74","0","2025","A","",1,19,741994,161139,4834,751,39052,"",7.17,5.50,4.44,36.43,292.62,0.81,0.81,"",0,0.0,0,0.0,-1324,-0.2,8205,5.4,246,5.4,2,0.3,101,0.3
"47159","5","23","74","0","2025","A","",42,212,12547336,1988011,40959,1137,59116,"",1.35,0.82,0.82,0.70,1.14,1.00,1.00,"",-10,-19.2,-70,-24.8,-4898008,-28.1,-583576,-22.7,1175,3.0,-51,-4.3,-2674,-4.3
"47161","2","23","74","0","2025","A","",1,4,259140,0,0,1300,67602,"",26.31,3.01,3.30,0.00,0.00,1.14,1.14,"",0,0.0,-1,-20.0,-66605,-20.4,0,0.0,0,0.0,47,3.8,2453,3.8
"47161","3","23","74","0","2025","A","",1,27,1215032,216071,6482,868,45141,"",11.48,13.42,10.64,87.36,491.37,0.79,0.79,"",0,0.0,-1,-3.6,24626,2.1,-131,-0.1,-4,-0.1,58,7.2,3003,7.1
"47161","5","23","74","0","2025","A","N",36,0,0,0,0,0,0,"N",1.86,0,0,0,0,0,0,"N",-4,-10.0,0,0,0,0,0,0,0,0,0,0,0,0
"47163","2","23","74","0","2025","A","",1,20,1472169,0,0,1398,72700,"",1.66,0.60,0.71,0.00,0.00,1.17,1.17,"",0,0.0,1,5.3,56637,4.0,0,0.0,0,0.0,-10,-0.7,-517,-0.7
"47163","5","23","74","0","2025","A","",320,5053,401224942,57029696,766685,1527,79402,"",1.04,1.35,1.47,1.39,1.35,1.08,1.08,"",-37,-10.4,662,15.1,84718663,26.8,12724611,28.7,179820,30.6,141,10.2,7316,10.1
"47165","2","23","74","0","2025","A","",1,28,1994174,0,0,1362,70799,"",1.25,0.95,1.20,0.00,0.00,1.26,1.26,"",0,0.0,-1,-3.4,15283,0.8,0,0.0,0,0.0,68,5.3,3528,5.2
"47165","3","23","74","0","2025","A","",1,62,3537695,0,0,1091,56754,"",0.55,1.39,1.47,0.00,0.00,1.05,1.05,"",0,0.0,5,8.8,535155,17.8,0,0.0,0,0.0,81,8.0,4231,8.1
"47165","5","23","74","0","2025","A","",523,4393,362413276,46187217,621404,1586,82492,"",1.29,1.32,1.65,1.19,1.02,1.24,1.24,"",-49,-8.6,93,2.2,14797653,4.3,1604398,3.6,115491,22.8,31,2.0,1654,2.0
"47167","1","23","74","0","2025","A","",1,4,581716,0,0,2797,145429,"",3304.66,2011.56,2698.99,0.00,0.00,1.32,1.32,"",0,0.0,0,0.0,-37707,-6.1,0,0.0,0,0.0,150,5.7,7779,5.7
"47167","2","23","74","0","2025","A","",1,19,1386619,0,0,1410,73301,"",7.10,3.39,5.27,0.00,0.00,1.56,1.56,"",0,0.0,0,0.0,-40948,-2.9,0,0.0,0,0.0,-48,-3.3,-2499,-3.3
"47167","3","23","74","0","2025","A","",1,61,3419803,465593,1396,1086,56448,"",3.10,7.20,8.93,42.08,24.35,1.25,1.25,"",0,0.0,0,0.0,426267,14.2,9714,2.1,28,2.0,144,15.3,7441,15.2
"47167","5","23","74","0","2025","A","",111,1320,94607114,13284230,160691,1379,71699,"",1.55,2.09,2.71,1.88,1.29,1.30,1.30,"",-12,-9.8,-129,-8.9,-14618068,-13.4,-1745198,-11.6,-78105,-32.7,-71,-4.9,-3694,-4.9
"47169","2","23","74","0","2025","A","",1,4,213061,0,0,1171,60875,"",35.75,3.18,3.24,0.00,0.00,1.17,1.17,"",0,0.0,0,0.0,-77799,-26.7,0,0.0,0,0.0,-72,-5.8,-3761,-5.8
"47169","3","23","74","0","2025","A","",1,18,594886,142930,4288,627,32596,"",15.60,9.46,6.22,56.79,316.55,0.65,0.65,"",0,0.0,2,12.5,-13598,-2.2,12499,9.6,375,9.6,-82,-11.6,-4282,-11.6
"47169","5","23","74","0","2025","A","",16,401,27331169,4734376,118441,1309,68087,"",1.12,2.83,3.14,2.95,4.03,1.11,1.11,"",-2,-11.1,327,441.9,23656145,643.7,3901886,468.7,113109,2121.3,350,36.5,18200,36.5
"47171","2","23","74","0","2025","A","",1,6,361748,0,0,1265,65772,"",20.95,2.64,2.86,0.00,0.00,1.18,1.18,"",0,0.0,0,0.0,-25511,-6.6,0,0.0,0,0.0,-30,-2.3,-1577,-2.3
"47171","3","23","74","0","2025","A","",1,16,706417,126000,504,828,43030,"",9.14,4.64,3.83,30.61,29.80,0.81,0.81,"",0,0.0,-1,-5.9,6990,1.0,-9782,-7.2,-295,-36.9,52,6.7,2678,6.6
"47171","5","23","74","0","2025","A","N",27,0,0,0,0,0,0,"N",1.11,0,0,0,0,0,0,"N",1,3.8,0,0,0,0,0,0,0,0,0,0,0,0
"47173","2","23","74","0","2025","A","",1,6,391920,0,0,1256,65320,"",22.92,4.76,7.02,0.00,0.00,1.47,1.47,"",0,0.0,0,0.0,-8745,-2.2,0,0.0,0,0.0,-28,-2.2,-1458,-2.2
"47173","3","23","74","0","2025","A","",1,17,592667,0,0,667,34693,"",10.00,8.91,7.30,0.00,0.00,0.81,0.81,"",0,0.0,-6,-26.1,-4998,-0.8,0,0.0,0,0.0,176,35.8,9170,35.9
"47173","5","23","74","0","2025","A","N",33,0,0,0,0,0,0,"N",1.48,0,0,0,0,0,0,"N",-3,-8.3,0,0,0,0,0,0,0,0,0,0,0,0
"47175","2","23","74","0","2025","A","",1,4,242651,0,0,1273,66178,"",76.48,9.81,15.46,0.00,0.00,1.72,1.72,"",0,0.0,1,33.3,27985,13.0,0,0.0,0,0.0,3,0.2,127,0.2
"47175","3","23","74","0","2025","A","",1,18,650935,146785,4403,686,35668,"",33.37,29.17,28.49,355.49,2102.69,0.96,0.96,"",0,0.0,0,0.0,26377,4.2,19881,15.7,596,15.7,13,1.9,646,1.8
"47175","5","23","74","0","2025","A","N",5,0,0,0,0,0,0,"N",0.75,0,0,0,0,0,0,"N",-2,-28.6,0,0,0,0,0,0,0,0,0,0,0,0
"47177","2","23","74","0","2025","A","",1,36,2715308,0,0,1444,75078,"",7.07,6.14,9.91,0.00,0.00,1.61,1.61,"",0,0.0,-2,-5.3,-33064,-1.2,0,0.0,0,0.0,65,4.7,3381,4.7
"47177","3","23","74","0","2025","A","",1,18,748720,140000,840,800,41596,"",3.09,2.03,1.88,12.13,24.85,0.93,0.93,"",0,0.0,1,5.9,16897,2.3,16403,13.3,-368,-30.5,-36,-4.3,-1879,-4.3
"47177","5","23","74","0","2025","A","",72,533,33858642,5202352,47469,1221,63515,"",1.00,0.81,0.93,0.71,0.65,1.15,1.15,"",-12,-14.3,-3,-0.6,2978023,9.6,-203482,-3.8,3199,7.2,114,10.3,5947,10.3
"47179","2","23","74","0","2025","A","",1,63,4552212,0,0,1384,71972,"",1.82,2.12,2.88,0.00,0.00,1.35,1.36,"",0,0.0,-6,-8.7,-312673,-6.4,0,0.0,0,0.0,30,2.2,1551,2.2
"47179","5","23","74","0","2025","A","N",300,0,0,0,0,0,0,"N",1.07,0,0,0,0,0,0,"N",-22,-6.8,0,0,0,0,0,0,0,0,0,0,0,0
"47181","2","23","74","0","2025","A","",1,9,551880,0,0,1213,63072,"",23.57,4.70,6.55,0.00,0.00,1.43,1.43,"",0,0.0,0,0.0,-8725,-1.6,0,0.0,0,0.0,15,1.3,783,1.3
"47181","3","23","74","0","2025","A","",1,45,1585853,404975,12149,671,34918,"",10.29,15.53,12.94,107.33,724.88,0.82,0.83,"",0,0.0,-2,-4.3,8192,0.5,-12115,-2.9,-364,-2.9,27,4.2,1410,4.2
"47181","5","23","74","0","2025","A","N",17,0,0,0,0,0,0,"N",0.79,0,0,0,0,0,0,"N",-6,-26.1,0,0,0,0,0,0,0,0,0,0,0,0
"47183","1","23","74","0","2025","A","",1,14,2240924,0,0,3153,163970,"",4803.95,7880.32,13013.89,0.00,0.00,1.67,1.67,"",0,0.0,1,7.7,198692,9.7,0,0.0,0,0.0,93,3.0,4835,3.0
"47183","2","23","74","0","2025","A","",1,11,770535,0,0,1307,67988,"",10.33,2.20,3.67,0.00,0.00,1.62,1.62,"",0,0.0,-1,-8.3,-1483,-0.2,0,0.0,0,0.0,119,10.0,6227,10.1
"47183","3","23","74","0","2025","A","",1,39,1851575,0,0,905,47074,"",4.51,5.15,6.05,0.00,0.00,1.17,1.17,"",0,0.0,-1,-2.5,56502,3.1,0,0.0,0,0.0,44,5.1,2290,5.1
"47183","5","23","74","0","2025","A","N",46,0,0,0,0,0,0,"N",0.93,0,0,0,0,0,0,"N",-7,-13.2,0,0,0,0,0,0,0,0,0,0,0,0
"47185","2","23","74","0","2025","A","",1,7,438449,0,0,1249,64955,"",11.77,2.12,3.07,0.00,0.00,1.50,1.50,"",0,0.0,1,16.7,37803,9.4,0,0.0,0,0.0,16,1.3,852,1.3
"47185","3","23","74","0","2025","A","",1,23,1039921,0,0,879,45711,"",5.13,4.60,5.00,0.00,0.00,1.10,1.10,"",0,0.0,0,0.0,119638,13.0,0,0.0,0,0.0,95,12.1,4960,12.2
"47185","5","23","74","0","2025","A","",48,226,14894693,2114733,24604,1268,65954,"",1.11,0.61,0.79,0.51,0.51,1.29,1.30,"",-1,-2.0,29,14.7,6417512,75.7,8107,0.4,-847,-3.3,441,53.3,22959,53.4
"47187","2","23","74","0","2025","A","",1,12,810622,0,0,1336,69482,"",0.49,0.17,0.14,0.00,0.00,0.84,0.84,"",0,0.0,-2,-14.3,-161065,-16.6,0,0.0,0,0.0,1,0.1,76,0.1
"47187","5","23","74","0","2025","A","",850,9305,908314715,90615788,997289,1877,97615,"",0.81,1.16,1.16,0.86,0.56,1.00,1.00,"",-56,-6.2,342,3.8,88220571,10.8,2160628,2.4,-4418,-0.4,117,6.6,6115,6.7
"47189","2","23","74","0","2025","A","",1,11,653129,0,0,1178,61231,"",1.48,0.36,0.38,0.00,0.00,1.10,1.10,"",0,0.0,-2,-15.4,-121443,-15.7,0,0.0,0,0.0,32,2.8,1649,2.8
"47189","3","23","74","0","2025","A","",1,68,4093568,509901,1539,1163,60496,"",0.65,1.46,1.65,7.35,4.69,1.13,1.13,"",0,0.0,-2,-2.9,-699202,-14.6,-699775,-57.8,-2090,-57.6,-144,-11.0,-7487,-11.0
"47189","5","23","74","0","2025","A","",447,4155,335639676,43005093,511067,1553,80772,"",1.30,1.20,1.49,0.97,0.72,1.24,1.24,"",-26,-5.5,423,11.3,40553704,13.7,4693429,12.3,25574,5.3,33,2.2,1713,2.2
"47999","5","23","74","0","2025","A","",1240,5481,507280773,70243354,1461457,1780,92551,"",0.61,0.76,0.61,0.61,0.58,0.80,0.80,"",101,8.9,-235,-4.1,-19852557,-3.8,-4356526,-5.8,-167630,-10.3,7,0.4,332,0.4
"48000","2","23","54","0","2025","A","",241,14544,1113988213,0,0,1473,76592,"",1.85,2.19,2.35,0.00,0.00,1.07,1.07,"",0,0.0,150,1.0,73098406,7.0,0,0.0,0,0.0,82,5.9,4280,5.9
"48000","3","23","54","0","2025","A","",445,20649,1291684698,19732709,138124,1203,62555,"",1.49,2.06,1.87,1.18,1.14,0.91,0.91,"",2,0.5,580,2.9,83659430,6.9,-238775,-1.2,-121494,-46.8,45,3.9,2361,3.9
"48000","5","23","54","0","2025","A","",65325,901391,78254183552,11981163203,268711894,1670,86815,"",0.98,1.21,1.25,1.13,1.02,1.03,1.03,"",1063,1.7,43859,5.1,6722201453,9.4,600497103,5.3,-287150,-0.1,66,4.1,3399,4.1
"48001","2","23","74","0","2025","A","N",1,0,0,0,0,0,0,"N",4.08,0,0,0,0,0,0,"N",0,0.0,0,0,0,0,0,0,0,0,0,0,0,0
"48001","3","23","74","0","2025","A","N",2,0,0,0,0,0,0,"N",3.56,0,0,0,0,0,0,"N",0,0.0,0,0,0,0,0,0,0,0,0,0,0,0
"48001","5","23","74","0","2025","A","",101,545,36077472,6704829,126513,1272,66147,"",0.81,0.50,0.49,0.45,0.42,0.99,0.99,"",-3,-2.9,6,1.1,2607140,7.8,170840,2.6,15656,14.1,77,6.4,4021,6.5
"48003","2","23","74","0","2025","A","N",1,0,0,0,0,0,0,"N",12.09,0,0,0,0,0,0,"N",0,0.0,0,0,0,0,0,0,0,0,0,0,0,0
"48003","3","23","74","0","2025","A","N",1,0,0,0,0,0,0,"N",5.28,0,0,0,0,0,0,"N",0,0.0,0,0,0,0,0,0,0,0,0,0,0,0
"48003","5","23","74","0","2025","A","",43,1332,129765596,22044448,358809,1874,97440,"",1.02,3.21,3.57,3.49,2.98,1.11,1.11,"",1,2.4,-7,-0.5,901053,0.7,-1134152,-4.9,-74726,-17.2,23,1.2,1207,1.3
"48005","2","23","74","0","2025","A","N",1,0,0,0,0,0,0,"N",3.42,0,0,0,0,0,0,"N",0,0.0,0,0,0,0,0,0,0,0,0,0,0,0
"48005","3","23","74","0","2025","A","N",2,0,0,0,0,0,0,"N",2.98,0,0,0,0,0,0,"N",0,0.0,0,0,0,0,0,0,0,0,0,0,0,0
"48005","5","23","74","0","2025","A","",170,2024,140112582,26425872,349409,1331,69234,"",1.14,1.06,1.30,1.16,1.01,1.24,1.24,"",-2,-1.2,218,12.1,25745615,22.5,2206057,9.1,51302,17.2,113,9.3,5890,9.3
"48007","2","23","74","0","2025","A","N",1,0,0,0,0,0,0,"N",9.48,0,0,0,0,0,0,"N",0,0.0,0,0,0,0,0,0,0,0,0,0,0,0
"48007","3","23","74","0","2025","A","N",1,0,0,0,0,0,0,"N",4.14,0,0,0,0,0,0,"N",0,0.0,0,0,0,0,0,0,0,0,0,0,0,0
"48007","5","23","74","0","2025","A","",87,386,25065451,4804131,56861,1249,64936,"",1.62,1.18,1.51,1.12,0.74,1.28,1.28,"",-5,-5.4,-74,-16.1,-583224,-2.3,-1431208,-23.0,-9294,-14.0,178,16.6,9218,16.5
"48009","2","23","74","0","2025","A","N",1,0,0,0,0,0,0,"N",26.85,0,0,0,0,0,0,"N",0,0.0,0,0,0,0,0,0,0,0,0,0,0,0
"48009","3","23","74","0","2025","A","N",1,0,0,0,0,0,0,"N",11.71,0,0,0,0,0,0,"N",0,0.0,0,0,0,0,0,0,0,0,0,0,0,0
"48009","5","23","74","0","2025","A","",24,212,12160170,2404659,32995,1103,57382,"",1.26,2.09,2.05,1.91,1.66,0.98,0.98,"",0,0.0,20,10.4,-255322,-2.1,357877,17.5,12723,62.8,-142,-11.4,-7338,-11.3
"48011","2","23","74","0","2025","A","N",1,0,0,0,0,0,0,"N",73.90,0,0,0,0,0,0,"N",0,0.0,0,0,0,0,0,0,0,0,0,0,0,0
"48011","5","23","74","0","2025","A","",22,292,29160175,6746702,156825,1919,99807,"",3.19,7.51,9.52,7.60,5.36,1.27,1.27,"",6,37.5,189,183.5,21907177,302.0,5707143,549.0,137317,703.9,565,41.7,29390,41.7
"48013","2","23","74","0","2025","A","N",1,0,0,0,0,0,0,"N",7.03,0,0,0,0,0,0,"N",0,0.0,0,0,0,0,0,0,0,0,0,0,0,0
"48013","3","23","74","0","2025","A","N",1,0,0,0,0,0,0,"N",3.07,0,0,0,0,0,0,"N",0,0.0,0,0,0,0,0,0,0,0,0,0,0,0
"48013","5","23","74","0","2025","A","",80,686,49492489,9145298,203856,1386,72094,"",1.10,0.89,0.92,0.87,0.82,1.03,1.03,"",-2,-2.4,-17,-2.4,-4194654,-7.8,-39900,-0.4,31235,18.1,-83,-5.7,-4311,-5.6
"48015","2","23","74","0","2025","A","N",1,0,0,0,0,0,0,"N",4.40,0,0,0,0,0,0,"N",0,0.0,0,0,0,0,0,0,0,0,0,0,0,0
"48015","3","23","74","0","2025","A","N",1,0,0,0,0,0,0,"N",1.92,0,0,0,0,0,0,"N",0,0.0,0,0,0,0,0,0,0,0,0,0,0,0
"48015","5","23","74","0","2025","A","",142,1225,99527291,15223000,247199,1563,81263,"",1.23,1.71,1.75,1.35,1.06,1.03,1.03,"",3,2.2,206,20.2,17950930,22.0,2254867,17.4,86028,53.4,23,1.5,1195,1.5
"48017","2","23","74","0","2025","A","N",1,0,0,0,0,0,0,"N",27.87,0,0,0,0,0,0,"N",0,0.0,0,0,0,0,0,0,0,0,0,0,0,0
"48017","3","23","74","0","2025","A","N",1,0,0,0,0,0,0,"N",12.16,0,0,0,0,0,0,"N",0,0.0,0,0,0,0,0,0,0,0,0,0,0,0
"48017","5","23","74","0","2025","A","N",7,0,0,0,0,0,0,"N",0.38,0,0,0,0,0,0,"N",-2,-22.2,0,0,0,0,0,0,0,0,0,0,0,0
"48019","2","23","74","0","2025","A","N",1,0,0,0,0,0,0,"N",12.90,0,0,0,0,0,0,"N",0,0.0,0,0,0,0,0,0,0,0,0,0,0,0
"48019","3","23","74","0","2025","A","N",1,0,0,0,0,0,0,"N",5.63,0,0,0,0,0,0,"N",0,0.0,0,0,0,0,0,0,0,0,0,0,0,0
"48019","5","23","74","0","2025","A","",66,341,18562261,3928393,40460,1046,54382,"",1.67,1.66,1.82,1.47,1.09,1.09,1.09,"",1,1.5,-25,-6.8,-1094717,-5.6,-564468,-12.6,-11711,-22.4,13,1.3,662,1.2
"48021","2","23","74","0","2025","A","N",1,0,0,0,0,0,0,"N",3.54,0,0,0,0,0,0,"N",0,0.0,0,0,0,0,0,0,0,0,0,0,0,0
"48021","3","23","74","0","2025","A","N",1,0,0,0,0,0,0,"N",1.54,0,0,0,0,0,0,"N",0,0.0,0,0,0,0,0,0,0,0,0,0,0,0
"48021","5","23","74","0","2025","A","",291,2022,152755648,27354168,672677,1453,75553,"",2.02,1.63,2.09,1.75,2.17,1.28,1.28,"",12,4.3,50,2.5,-24175222,-13.7,-592907,-2.1,-231880,-25.6,-272,-15.8,-14165,-15.8
"48023","2","23","74","0","2025","A","N",1,0,0,0,0,0,0,"N",35.55,0,0,0,0,0,0,"N",0,0.0,0,0,0,0,0,0,0,0,0,0,0,0
"48023","3","23","74","0","2025","A","N",1,0,0,0,0,0,0,"N",15.51,0,0,0,0,0,0,"N",0,0.0,0,0,0,0,0,0,0,0,0,0,0,0
"48023","5","23","74","0","2025","A","N",12,0,0,0,0,0,0,"N",0.84,0,0,0,0,0,0,"N",2,20.0,0,0,0,0,0,0,0,0,0,0,0,0
"48025","2","23","74","0","2025","A","N",1,0,0,0,0,0,0,"N",12.05,0,0,0,0,0,0,"N",0,0.0,0,0,0,0,0,0,0,0,0,0,0,0
"48025","3","23","74","0","2025","A","N",2,0,0,0,0,0,0,"N",10.51,0,0,0,0,0,0,"N",0,0.0,0,0,0,0,0,0,0,0,0,0,0,0
"48025","5","23","74","0","2025","A","",28,493,37299953,8054945,184845,1455,75646,"",0.66,1.10,1.59,1.80,2.09,1.45,1.45,"",1,3.7,62,14.4,5576206,17.6,1329713,19.8,60073,48.1,39,2.8,1998,2.7
"48027","2","23","74","0","2025","A","N",1,0,0,0,0,0,0,"N",1.00,0,0,0,0,0,0,"N",0,0.0,0,0,0,0,0,0,0,0,0,0,0,0
"48027","3","23","74","0","2025","A","",4,269,14307274,1049310,7345,1024,53253,"",1.75,2.90,2.70,8.42,10.00,0.93,0.93,"",0,0.0,14,5.5,1564948,12.3,8821,0.8,-6180,-45.7,62,6.4,3218,6.4
"48027","5","23","74","0","2025","A","",584,7096,607738674,102811695,2326725,1647,85649,"",1.15,1.03,1.26,1.29,1.46,1.23,1.23,"",-1,-0.2,515,7.8,98894912,19.4,10933264,11.9,78921,3.5,160,10.8,8326,10.8
"48029","2","23","74","0","2025","A","N",1,0,0,0,0,0,0,"N",0.15,0,0,0,0,0,0,"N",0,0.0,0,0,0,0,0,0,0,0,0,0,0,0
"48029","3","23","74","0","2025","A","",5,342,24281084,487805,3416,1366,71049,"",0.32,0.51,0.61,0.47,0.54,1.19,1.19,"",0,0.0,1,0.3,565884,2.4,-44973,-8.4,-3510,-50.7,27,2.0,1435,2.1
"48029","5","23","74","0","2025","A","",3199,49896,4080160153,617535262,11434092,1573,81773,"",0.91,1.01,1.13,0.92,0.83,1.12,1.12,"",-62,-1.9,314,0.6,180116169,4.6,11309092,1.9,-312126,-2.7,60,4.0,3115,4.0
"48031","2","23","74","0","2025","A","N",1,0,0,0,0,0,0,"N",13.18,0,0,0,0,0,0,"N",0,0.0,0,0,0,0,0,0,0,0,0,0,0,0
"48031","5","23","74","0","2025","A","",77,574,43060744,6986937,123172,1442,74964,"",1.99,2.64,2.75,2.16,2.03,1.04,1.04,"",3,4.1,-1,-0.2,-1560972,-3.5,-457470,-6.1,-39714,-24.4,-51,-3.4,-2695,-3.5
"48033","2","23","74","0","2025","A","N",1,0,0,0,0,0,0,"N",95.32,0,0,0,0,0,0,"N",0,0.0,0,0,0,0,0,0,0,0,0,0,0,0
"48033","3","23","74","0","2025","A","N",1,0,0,0,0,0,0,"N",41.59,0,0,0,0,0,0,"N",0,0.0,0,0,0,0,0,0,0,0,0,0,0,0
"48033","5","23","74","0","2025","A","",3,39,10350180,1298909,13476,5115,265958,"",0.56,2.13,6.35,4.24,2.24,2.98,2.98,"N",-1,-25.0,0,0,0,0,0,0,0,0,0,0,0,0
"48035","2","23","74","0","2025","A","N",1,0,0,0,0,0,0,"N",16.87,0,0,0,0,0,0,"N",0,0.0,0,0,0,0,0,0,0,0,0,0,0,0
"48035","3","23","74","0","2025","A","N",1,0,0,0,0,0,0,"N",7.36,0,0,0,0,0,0,"N",0,0.0,0,0,0,0,0,0,0,0,0,0,0,0
"48035","5","23","74","0","2025","A","",40,387,37565748,4421753,37867,1865,96986,"",1.32,1.93,2.99,1.82,1.14,1.55,1.55,"",2,5.3,-7,-1.8,-447655,-1.2,-342359,-7.2,-30194,-44.4,7,0.4,383,0.4
"48037","2","23","74","0","2025","A","N",1,0,0,0,0,0,0,"N",2.69,0,0,0,0,0,0,"N",0,0.0,0,0,0,0,0,0,0,0,0,0,0,0
"48037","3","23","74","0","2025","A","N",3,0,0,0,0,0,0,"N",3.52,0,0,0,0,0,0,"N",0,0.0,0,0,0,0,0,0,0,0,0,0,0,0
"48037","5","23","74","0","2025","A","",184,1930,120785215,23366918,380254,1203,62572,"",0.97,0.86,0.91,0.85,0.72,1.06,1.06,"",-1,-0.5,-56,-2.8,316029,0.3,-1188241,-4.8,-12297,-3.1,37,3.2,1923,3.2
"48039","2","23","74","0","2025","A","N",1,0,0,0,0,0,0,"N",0.96,0,0,0,0,0,0,"N",0,0.0,0,0,0,0,0,0,0,0,0,0,0,0
"48039","3","23","74","0","2025","A","",7,283,17593068,235903,1651,1195,62130,"",2.92,3.19,3.19,1.62,1.22,1.00,1.00,"",0,0.0,7,2.5,1144362,7.0,9263,4.1,-1296,-44.0,48,4.2,2497,4.2
"48039","5","23","74","0","2025","A","",563,15275,1480882096,222802191,9884568,1864,96948,"",1.06,2.31,2.95,2.40,3.38,1.28,1.28,"",4,0.7,-393,-2.5,45406868,3.2,-21788102,-8.9,-1332951,-11.9,102,5.8,5331,5.8
"48041","2","23","74","0","2025","A","N",1,0,0,0,0,0,0,"N",1.24,0,0,0,0,0,0,"N",0,0.0,0,0,0,0,0,0,0,0,0,0,0,0
"48041","3","23","74","0","2025","A","",4,158,9339863,0,0,1136,59051,"",2.17,1.76,2.08,0.00,0.00,1.18,1.18,"",0,0.0,6,3.9,621787,7.1,0,0.0,0,0.0,37,3.4,1883,3.3
"48041","5","23","74","0","2025","A","N",500,0,0,0,0,0,0,"N",1.22,0,0,0,0,0,0,"N",2,0.4,0,0,0,0,0,0,0,0,0,0,0,0
"48043","2","23","74","0","2025","A","N",1,0,0,0,0,0,0,"N",14.88,0,0,0,0,0,0,"N",0,0.0,0,0,0,0,0,0,0,0,0,0,0,0
"48043","3","23","74","0","2025","A","N",2,0,0,0,0,0,0,"N",12.99,0,0,0,0,0,0,"N",0,0.0,0,0,0,0,0,0,0,0,0,0,0,0
"48043","5","23","74","0","2025","A","",30,316,27681237,6107850,132468,1685,87645,"",0.88,1.32,1.93,1.89,1.77,1.47,1.47,"",0,0.0,187,145.0,18490358,201.2,4014824,191.8,94814,251.8,312,22.7,16260,22.8
"48045","2","23","74","0","2025","A","N",1,0,0,0,0,0,0,"N",88.88,0,0,0,0,0,0,"N",0,0.0,0,0,0,0,0,0,0,0,0,0,0,0
"48045","3","23","74","0","2025","A","N",1,0,0,0,0,0,0,"N",38.78,0,0,0,0,0,0,"N",0,0.0,0,0,0,0,0,0,0,0,0,0,0,0
"48045","5","23","74","0","2025","A","N",4,0,0,0,0,0,0,"N",0.70,0,0,0,0,0,0,"N",-2,-33.3,0,0,0,0,0,0,0,0,0,0,0,0
"48047","3","23","74","0","2025","A","N",1,0,0,0,0,0,0,"N",19.01,0,0,0,0,0,0,"N",0,0.0,0,0,0,0,0,0,0,0,0,0,0,0
"48047","5","23","74","0","2025","A","N",3,0,0,0,0,0,0,"N",0.26,0,0,0,0,0,0,"N",-2,-40.0,0,0,0,0,0,0,0,0,0,0,0,0
"48049","2","23","74","0","2025","A","N",1,0,0,0,0,0,0,"N",7.01,0,0,0,0,0,0,"N",0,0.0,0,0,0,0,0,0,0,0,0,0,0,0
"48049","3","23","74","0","2025","A","N",1,0,0,0,0,0,0,"N",3.06,0,0,0,0,0,0,"N",0,0.0,0,0,0,0,0,0,0,0,0,0,0,0
"48049","5","23","74","0","2025","A","N",83,0,0,0,0,0,0,"N",1.14,0,0,0,0,0,0,"N",-1,-1.2,0,0,0,0,0,0,0,0,0,0,0,0
"48051","2","23","74","0","2025","A","N",1,0,0,0,0,0,0,"N",15.16,0,0,0,0,0,0,"N",0,0.0,0,0,0,0,0,0,0,0,0,0,0,0
"48051","3","23","74","0","2025","A","N",1,0,0,0,0,0,0,"N",6.61,0,0,0,0,0,0,"N",0,0.0,0,0,0,0,0,0,0,0,0,0,0,0
"48051","5","23","74","0","2025","A","",42,771,61457748,10901291,64121,1534,79755,"",1.25,2.84,3.57,2.77,1.13,1.26,1.26,"",-1,-2.3,176,29.6,17632920,40.2,1971184,22.1,-77569,-54.7,117,8.3,6048,8.2
"48053","2","23","74","0","2025","A","N",1,0,0,0,0,0,0,"N",3.83,0,0,0,0,0,0,"N",0,0.0,0,0,0,0,0,0,0,0,0,0,0,0
"48053","3","23","74","0","2025","A","N",1,0,0,0,0,0,0,"N",1.67,0,0,0,0,0,0,"N",0,0.0,0,0,0,0,0,0,0,0,0,0,0,0
"48053","5","23","74","0","2025","A","",291,1903,129134730,24289826,205182,1305,67867,"",2.18,2.11,2.27,2.02,1.10,1.08,1.08,"",-5,-1.7,-131,-6.4,-3562958,-2.7,-1231577,-4.8,-39128,-16.0,50,4.0,2617,4.0
"48055","2","23","74","0","2025","A","N",1,0,0,0,0,0,0,"N",7.34,0,0,0,0,0,0,"N",0,0.0,0,0,0,0,0,0,0,0,0,0,0,0
"48055","3","23","74","0","2025","A","N",1,0,0,0,0,0,0,"N",3.20,0,0,0,0,0,0,"N",0,0.0,0,0,0,0,0,0,0,0,0,0,0,0
"48055","5","23","74","0","2025","A","",124,1505,134417353,21360152,540902,1717,89289,"",1.78,2.55,3.70,2.69,2.85,1.45,1.45,"",14,12.7,553,58.1,61301279,83.8,8221248,62.6,402166,289.9,239,16.2,12446,16.2
"48057","2","23","74","0","2025","A","N",1,0,0,0,0,0,0,"N",10.21,0,0,0,0,0,0,"N",0,0.0,0,0,0,0,0,0,0,0,0,0,0,0
"48057","3","23","74","0","2025","A","N",1,0,0,0,0,0,0,"N",4.46,0,0,0,0,0,0,"N",0,0.0,0,0,0,0,0,0,0,0,0,0,0,0
"48057","5","23","74","0","2025","A","",58,3146,231193768,47115151,2633738,1413,73490,"",1.16,4.55,3.59,4.40,5.61,0.79,0.79,"",-6,-9.4,-864,-21.5,-67258791,-22.5,-9067170,-16.1,-469692,-15.1,-18,-1.3,-939,-1.3
"48059","2","23","74","0","2025","A","N",1,0,0,0,0,0,0,"N",19.75,0,0,0,0,0,0,"N",0,0.0,0,0,0,0,0,0,0,0,0,0,0,0
"48059","3","23","74","0","2025","A","N",1,0,0,0,0,0,0,"N",8.62,0,0,0,0,0,0,"N",0,0.0,0,0,0,0,0,0,0,0,0,0,0,0
"48059","5","23","74","0","2025","A","",45,266,23708164,3543014,99186,1714,89128,"",1.74,1.65,2.48,1.70,2.28,1.50,1.50,"",-1,-2.2,-42,-13.6,-2282865,-8.8,-409389,-10.4,22390,29.2,90,5.5,4696,5.6
"48061","2","23","74","0","2025","A","N",1,0,0,0,0,0,0,"N",0.92,0,0,0,0,0,0,"N",0,0.0,0,0,0,0,0,0,0,0,0,0,0,0
"48061","3","23","74","0","2025","A","",6,369,16315017,156485,1095,851,44234,"",2.40,3.35,3.58,0.98,1.17,1.07,1.07,"",0,0.0,30,8.8,2270414,16.2,2133,1.4,-912,-45.4,54,6.8,2815,6.8
"48061","5","23","74","0","2025","A","",425,3549,197049812,45364963,655631,1068,55519,"",0.76,0.43,0.47,0.44,0.32,1.10,1.10,"",2,0.5,-318,-8.2,-7625673,-3.7,-4293273,-8.6,-296846,-31.2,50,4.9,2595,4.9
"48063","5","23","74","0","2025","A","N",40,0,0,0,0,0,0,"N",1.78,0,0,0,0,0,0,"N",5,14.3,0,0,0,0,0,0,0,0,0,0,0,0
"48065","2","23","74","0","2025","A","N",1,0,0,0,0,0,0,"N",35.17,0,0,0,0,0,0,"N",0,0.0,0,0,0,0,0,0,0,0,0,0,0,0
"48065","5","23","74","0","2025","A","",18,725,58649659,12576391,302542,1555,80877,"",1.24,1.94,1.40,2.29,1.48,0.72,0.72,"",-1,-5.3,80,12.4,4626616,8.6,2169358,20.8,-58252,-16.1,-56,-3.5,-2912,-3.5
"48067","2","23","74","0","2025","A","N",1,0,0,0,0,0,0,"N",11.77,0,0,0,0,0,0,"N",0,0.0,0,0,0,0,0,0,0,0,0,0,0,0
"48067","3","23","74","0","2025","A","N",2,0,0,0,0,0,0,"N",10.27,0,0,0,0,0,0,"N",0,0.0,0,0,0,0,0,0,0,0,0,0,0,0
"48067","5","23","74","0","2025","A","",49,242,14310669,3066129,58944,1136,59074,"",1.13,0.58,0.63,0.59,0.66,1.09,1.09,"",5,11.4,7,3.0,485026,3.5,-303596,-9.0,-31084,-34.5,3,0.3,137,0.2
"48069","2","23","74","0","2025","A","N",1,0,0,0,0,0,0,"N",22.37,0,0,0,0,0,0,"N",0,0.0,0,0,0,0,0,0,0,0,0,0,0,0
"48069","5","23","74","0","2025","A","N",11,0,0,0,0,0,0,"N",0.48,0,0,0,0,0,0,"N",3,37.5,0,0,0,0,0,0,0,0,0,0,0,0
"48071","2","23","74","0","2025","A","N",1,0,0,0,0,0,0,"N",6.87,0,0,0,0,0,0,"N",0,0.0,0,0,0,0,0,0,0,0,0,0,0,0
"48071","3","23","74","0","2025","A","N",1,0,0,0,0,0,0,"N",3.00,0,0,0,0,0,0,"N",0,0.0,0,0,0,0,0,0,0,0,0,0,0,0
"48071","5","23","74","0","2025","A","",63,1919,168922785,31604848,1187550,1693,88023,"",0.85,1.56,1.63,1.57,1.52,1.04,1.04,"",-2,-3.1,-82,-4.1,-1142946,-0.7,-623482,-1.9,-44194,-3.6,59,3.6,3033,3.6
"48073","2","23","74","0","2025","A","N",1,0,0,0,0,0,0,"N",7.42,0,0,0,0,0,0,"N",0,0.0,0,0,0,0,0,0,0,0,0,0,0,0
"48073","3","23","74","0","2025","A","N",2,0,0,0,0,0,0,"N",6.48,0,0,0,0,0,0,"N",0,0.0,0,0,0,0,0,0,0,0,0,0,0,0
"48073","5","23","74","0","2025","A","",71,655,46123883,8263584,138153,1354,70418,"",1.03,0.83,1.03,0.85,0.87,1.24,1.24,"",-1,-1.4,34,5.5,6566361,16.6,823042,11.1,14656,11.9,128,10.4,6676,10.5
"48075","2","23","74","0","2025","A","N",1,0,0,0,0,0,0,"N",28.60,0,0,0,0,0,0,"N",0,0.0,0,0,0,0,0,0,0,0,0,0,0,0
"48075","3","23","74","0","2025","A","N",1,0,0,0,0,0,0,"N",12.48,0,0,0,0,0,0,"N",0,0.0,0,0,0,0,0,0,0,0,0,0,0,0
"48075","5","23","74","0","2025","A","",12,165,15338029,2489388,16532,1783,92724,"",0.67,1.04,1.68,1.39,0.55,1.61,1.61,"",1,9.1,73,79.3,7966817,108.1,1161967,87.5,-9572,-36.7,248,16.2,12891,16.1
"48077","2","23","74","0","2025","A","N",1,0,0,0,0,0,0,"N",32.40,0,0,0,0,0,0,"N",0,0.0,0,0,0,0,0,0,0,0,0,0,0,0
"48077","3","23","74","0","2025","A","N",1,0,0,0,0,0,0,"N",14.14,0,0,0,0,0,0,"N",0,0.0,0,0,0,0,0,0,0,0,0,0,0,0
"48077","5","23","74","0","2025","A","N",13,0,0,0,0,0,0,"N",0.83,0,0,0,0,0,0,"N",1,8.3,0,0,0,0,0,0,0,0,0,0,0,0
"48079","2","23","74","0","2025","A","N",1,0,0,0,0,0,0,"N",53.47,0,0,0,0,0,0,"N",0,0.0,0,0,0,0,0,0,0,0,0,0,0,0
"48079","3","23","74","0","2025","A","N",1,0,0,0,0,0,0,"N",23.33,0,0,0,0,0,0,"N",0,0.0,0,0,0,0,0,0,0,0,0,0,0,0
"48079","5","23","74","0","2025","A","",4,26,2191052,369685,7653,1626,84542,"",0.42,0.72,0.93,0.85,1.01,1.30,1.30,"N",0,0.0,0,0,0,0,0,0,0,0,0,0,0,0
"48081","2","23","74","0","2025","A","N",1,0,0,0,0,0,0,"N",63.24,0,0,0,0,0,0,"N",0,0.0,0,0,0,0,0,0,0,0,0,0,0,0
"48081","5","23","74","0","2025","A","",12,67,4304196,729843,4965,1234,64162,"",1.49,1.45,1.30,1.42,0.65,0.89,0.89,"",0,0.0,-217,-76.4,-23330531,-84.4,-3992914,-84.5,-260450,-98.1,-639,-34.1,-33229,-34.1
"48083","2","23","74","0","2025","A","N",1,0,0,0,0,0,0,"N",26.96,0,0,0,0,0,0,"N",0,0.0,0,0,0,0,0,0,0,0,0,0,0,0
"48083","3","23","74","0","2025","A","N",1,0,0,0,0,0,0,"N",11.76,0,0,0,0,0,0,"N",0,0.0,0,0,0,0,0,0,0,0,0,0,0,0
"48083","5","23","74","0","2025","A","",20,133,9314635,1932626,10560,1349,70167,"",1.06,1.18,1.60,1.33,0.56,1.36,1.36,"",-1,-4.8,-11,-7.6,266601,2.9,-208820,-9.8,-1886,-15.2,141,11.7,7370,11.7
"48085","2","23","74","0","2025","A","N",1,0,0,0,0,0,0,"N",0.19,0,0,0,0,0,0,"N",0,0.0,0,0,0,0,0,0,0,0,0,0,0,0
"48085","3","23","74","0","2025","A","N",4,0,0,0,0,0,0,"N",0.33,0,0,0,0,0,0,"N",0,0.0,0,0,0,0,0,0,0,0,0,0,0,0
"48085","5","23","74","0","2025","A","",1970,25549,2431579158,322703531,4816957,1830,95174,"",0.72,0.86,0.82,0.71,0.41,0.96,0.96,"",-19,-1.0,1487,6.2,169836753,7.5,19992716,6.6,372619,8.4,22,1.2,1177,1.3
"48087","2","23","74","0","2025","A","N",1,0,0,0,0,0,0,"N",57.70,0,0,0,0,0,0,"N",0,0.0,0,0,0,0,0,0,0,0,0,0,0,0
"48087","3","23","74","0","2025","A","N",1,0,0,0,0,0,0,"N",25.18,0,0,0,0,0,0,"N",0,0.0,0,0,0,0,0,0,0,0,0,0,0,0
"48087","5","23","74","0","2025","A","N",4,0,0,0,0,0,0,"N",0.45,0,0,0,0,0,0,"N",0,0.0,0,0,0,0,0,0,0,0,0,0,0,0
"48089","2","23","74","0","2025","A","N",1,0,0,0,0,0,0,"N",10.44,0,0,0,0,0,0,"N",0,0.0,0,0,0,0,0,0,0,0,0,0,0,0
"48089","3","23","74","0","2025","A","N",2,0,0,0,0,0,0,"N",9.11,0,0,0,0,0,0,"N",0,0.0,0,0,0,0,0,0,0,0,0,0,0,0
"48089","5","23","74","0","2025","A","",50,501,39464223,5396331,60934,1515,78797,"",1.02,1.26,1.68,0.99,0.63,1.33,1.33,"",-4,-7.4,-10,-2.0,-23701,-0.1,-318458,-5.6,-38946,-39.0,29,2.0,1509,2.0
"48091","2","23","74","0","2025","A","N",1,0,0,0,0,0,0,"N",1.25,0,0,0,0,0,0,"N",0,0.0,0,0,0,0,0,0,0,0,0,0,0,0
"48091","3","23","74","0","2025","A","N",2,0,0,0,0,0,0,"N",1.09,0,0,0,0,0,0,"N",0,0.0,0,0,0,0,0,0,0,0,0,0,0,0
"48091","5","23","74","0","2025","A","",674,7586,567584361,96691063,1695584,1439,74822,"",1.65,1.85,2.15,1.60,1.35,1.16,1.16,"",4,0.6,-587,-7.2,-16449596,-2.8,-10857476,-10.1,-617638,-26.7,65,4.7,3366,4.7
"48093","2","23","74","0","2025","A","N",1,0,0,0,0,0,0,"N",16.78,0,0,0,0,0,0,"N",0,0.0,0,0,0,0,0,0,0,0,0,0,0,0
"48093","5","23","74","0","2025","A","",32,107,4733945,1193767,4605,848,44105,"",1.05,0.46,0.38,0.40,0.12,0.83,0.83,"",-5,-13.5,-7,-6.1,-107470,-2.2,-22094,-1.8,820,21.7,35,4.3,1822,4.3
"48095","2","23","74","0","2025","A","N",1,0,0,0,0,0,0,"N",71.49,0,0,0,0,0,0,"N",0,0.0,0,0,0,0,0,0,0,0,0,0,0,0
"48095","5","23","74","0","2025","A","N",6,0,0,0,0,0,0,"N",0.84,0,0,0,0,0,0,"N",2,50.0,0,0,0,0,0,0,0,0,0,0,0,0
"48097","2","23","74","0","2025","A","N",1,0,0,0,0,0,0,"N",5.86,0,0,0,0,0,0,"N",0,0.0,0,0,0,0,0,0,0,0,0,0,0,0
"48097","3","23","74","0","2025","A","N",2,0,0,0,0,0,0,"N",5.11,0,0,0,0,0,0,"N",0,0.0,0,0,0,0,0,0,0,0,0,0,0,0
"48097","5","23","74","0","2025","A","",128,1005,64194796,12653954,225570,1228,63881,"",1.47,1.14,1.04,1.09,1.02,0.92,0.92,"",5,4.1,120,13.6,10592881,19.8,1754616,16.1,80797,55.8,64,5.5,3337,5.5
"48099","2","23","74","0","2025","A","N",1,0,0,0,0,0,0,"N",6.56,0,0,0,0,0,0,"N",0,0.0,0,0,0,0,0,0,0,0,0,0,0,0
"48099","3","23","74","0","2025","A","N",2,0,0,0,0,0,0,"N",5.73,0,0,0,0,0,0,"N",0,0.0,0,0,0,0,0,0,0,0,0,0,0,0
"48099","5","23","74","0","2025","A","",92,867,52560333,11426845,147939,1166,60612,"",1.18,1.08,1.09,1.49,0.98,1.01,1.01,"",0,0.0,121,16.2,9885531,23.2,2834289,33.0,65104,78.6,65,5.9,3369,5.9
"48101","2","23","74","0","2025","A","N",1,0,0,0,0,0,0,"N",39.62,0,0,0,0,0,0,"N",0,0.0,0,0,0,0,0,0,0,0,0,0,0,0
"48101","5","23","74","0","2025","A","N",7,0,0,0,0,0,0,"N",0.54,0,0,0,0,0,0,"N",0,0.0,0,0,0,0,0,0,0,0,0,0,0,0
"48103","2","23","74","0","2025","A","N",1,0,0,0,0,0,0,"N",59.79,0,0,0,0,0,0,"N",0,0.0,0,0,0,0,0,0,0,0,0,0,0,0
"48103","3","23","74","0","2025","A","N",1,0,0,0,0,0,0,"N",26.09,0,0,0,0,0,0,"N",0,0.0,0,0,0,0,0,0,0,0,0,0,0,0
"48103","5","23","74","0","2025","A","",8,49,4393878,570462,3172,1739,90440,"",0.94,0.69,0.79,0.77,0.37,1.14,1.14,"",0,0.0,-4,-7.5,-974923,-18.2,-215906,-27.5,-11056,-77.7,-197,-10.2,-10225,-10.2
"48105","2","23","74","0","2025","A","N",1,0,0,0,0,0,0,"N",33.90,0,0,0,0,0,0,"N",0,0.0,0,0,0,0,0,0,0,0,0,0,0,0
"48105","3","23","74","0","2025","A","N",1,0,0,0,0,0,0,"N",14.79,0,0,0,0,0,0,"N",0,0.0,0,0,0,0,0,0,0,0,0,0,0,0
"48105","5","23","74","0","2025","A","N",10,0,0,0,0,0,0,"N",0.66,0,0,0,0,0,0,"N",0,0.0,0,0,0,0,0,0,0,0,0,0,0,0
"48107","2","23","74","0","2025","A","N",1,0,0,0,0,0,0,"N",38.46,0,0,0,0,0,0,"N",0,0.0,0,0,0,0,0,0,0,0,0,0,0,0
"48107","3","23","74","0","2025","A","N",1,0,0,0,0,0,0,"N",16.78,0,0,0,0,0,0,"N",0,0.0,0,0,0,0,0,0,0,0,0,0,0,0
"48107","5","23","74","0","2025","A","N",5,0,0,0,0,0,0,"N",0.38,0,0,0,0,0,0,"N",-2,-28.6,0,0,0,0,0,0,0,0,0,0,0,0
"48109","2","23","74","0","2025","A","N",1,0,0,0,0,0,0,"N",60.90,0,0,0,0,0,0,"N",0,0.0,0,0,0,0,0,0,0,0,0,0,0,0
"48109","3","23","74","0","2025","A","N",1,0,0,0,0,0,0,"N",26.57,0,0,0,0,0,0,"N",0,0.0,0,0,0,0,0,0,0,0,0,0,0,0
"48109","5","23","74","0","2025","A","N",4,0,0,0,0,0,0,"N",0.48,0,0,0,0,0,0,"N",-1,-20.0,0,0,0,0,0,0,0,0,0,0,0,0
"48111","2","23","74","0","2025","A","N",1,0,0,0,0,0,0,"N",16.61,0,0,0,0,0,0,"N",0,0.0,0,0,0,0,0,0,0,0,0,0,0,0
"48111","3","23","74","0","2025","A","N",1,0,0,0,0,0,0,"N",7.25,0,0,0,0,0,0,"N",0,0.0,0,0,0,0,0,0,0,0,0,0,0,0
"48111","5","23","74","0","2025","A","",38,282,20502545,4004212,58309,1400,72790,"",1.24,1.11,1.27,1.07,1.23,1.14,1.14,"",1,2.7,31,12.4,3849903,23.1,607378,17.9,9692,19.9,123,9.6,6379,9.6
"48113","2","23","74","0","2025","A","N",1,0,0,0,0,0,0,"N",0.08,0,0,0,0,0,0,"N",0,0.0,0,0,0,0,0,0,0,0,0,0,0,0
"48113","3","23","74","0","2025","A","",24,2876,236396296,1593196,11152,1581,82206,"",0.83,2.21,2.22,0.67,0.60,1.01,1.01,"",0,0.0,42,1.5,11148421,4.9,10264,0.6,-9425,-45.8,52,3.4,2721,3.4
"48113","5","23","74","0","2025","A","",5295,105092,10139492275,1351282278,24585115,1855,96482,"",0.82,1.08,1.05,0.90,0.61,0.97,0.97,"",-65,-1.2,4309,4.3,981868352,10.7,89363006,7.1,499685,2.1,108,6.2,5617,6.2
"48115","2","23","74","0","2025","A","N",1,0,0,0,0,0,0,"N",13.99,0,0,0,0,0,0,"N",0,0.0,0,0,0,0,0,0,0,0,0,0,0,0
"48115","3","23","74","0","2025","A","N",2,0,0,0,0,0,0,"N",12.21,0,0,0,0,0,0,"N",0,0.0,0,0,0,0,0,0,0,0,0,0,0,0
"48115","5","23","74","0","2025","A","",18,125,10594547,1392997,9538,1633,84926,"",0.49,0.57,0.81,0.53,0.21,1.42,1.42,"",-3,-14.3,7,5.9,3327452,45.8,-118295,-7.8,-432,-4.3,449,37.9,23384,38.0
"48117","2","23","74","0","2025","A","N",1,0,0,0,0,0,0,"N",13.48,0,0,0,0,0,0,"N",0,0.0,0,0,0,0,0,0,0,0,0,0,0,0
"48117","3","23","74","0","2025","A","N",1,0,0,0,0,0,0,"N",5.88,0,0,0,0,0,0,"N",0,0.0,0,0,0,0,0,0,0,0,0,0,0,0
"48117","5","23","74","0","2025","A","",36,255,18463991,3033637,22180,1390,72290,"",0.95,0.58,0.72,0.50,0.31,1.23,1.23,"",0,0.0,-14,-5.2,-667404,-3.5,-354159,-10.5,-16948,-43.3,24,1.8,1280,1.8
"48119","2","23","74","0","2025","A","N",1,0,0,0,0,0,0,"N",58.21,0,0,0,0,0,0,"N",0,0.0,0,0,0,0,0,0,0,0,0,0,0,0
"48119","3","23","74","0","2025","A","N",1,0,0,0,0,0,0,"N",25.40,0,0,0,0,0,0,"N",0,0.0,0,0,0,0,0,0,0,0,0,0,0,0
"48119","5","23","74","0","2025","A","N",8,0,0,0,0,0,0,"N",0.91,0,0,0,0,0,0,"N",0,0.0,0,0,0,0,0,0,0,0,0,0,0,0
"48121","2","23","74","0","2025","A","N",1,0,0,0,0,0,0,"N",0.31,0,0,0,0,0,0,"N",0,0.0,0,0,0,0,0,0,0,0,0,0,0,0
"48121","3","23","74","0","2025","A","",4,198,13230609,0,0,1288,66962,"",0.55,0.87,0.97,0.00,0.00,1.12,1.12,"",0,0.0,8,4.2,709145,5.7,0,0.0,0,0.0,23,1.8,1175,1.8
"48121","5","23","74","0","2025","A","",1539,20134,1740258764,259393842,3740367,1662,86432,"",0.95,1.19,1.40,1.07,0.67,1.18,1.18,"",-13,-0.8,1180,6.2,178648579,11.4,12300207,5.0,-59465,-1.6,78,4.9,4043,4.9
"48123","2","23","74","0","2025","A","N",1,0,0,0,0,0,0,"N",11.60,0,0,0,0,0,0,"N",0,0.0,0,0,0,0,0,0,0,0,0,0,0,0
"48123","3","23","74","0","2025","A","N",2,0,0,0,0,0,0,"N",10.12,0,0,0,0,0,0,"N",0,0.0,0,0,0,0,0,0,0,0,0,0,0,0
"48123","5","23","74","0","2025","A","",44,449,31082770,5206610,87927,1332,69278,"",1.00,1.22,1.38,1.12,1.02,1.14,1.14,"",0,0.0,30,7.2,2455199,8.6,36899,0.7,6084,7.4,18,1.4,968,1.4
"48125","2","23","74","0","2025","A","N",1,0,0,0,0,0,0,"N",101.19,0,0,0,0,0,0,"N",0,0.0,0,0,0,0,0,0,0,0,0,0,0,0
"48125","5","23","74","0","2025","A","N",2,0,0,0,0,0,0,"N",0.40,0,0,0,0,0,0,"N",0,0.0,0,0,0,0,0,0,0,0,0,0,0,0
"48127","2","23","74","0","2025","A","N",1,0,0,0,0,0,0,"N",21.36,0,0,0,0,0,0,"N",0,0.0,0,0,0,0,0,0,0,0,0,0,0,0
"48127","5","23","74","0","2025","A","N",13,0,0,0,0,0,0,"N",0.54,0,0,0,0,0,0,"N",-1,-7.1,0,0,0,0,0,0,0,0,0,0,0,0
"48129","2","23","74","0","2025","A","N",1,0,0,0,0,0,0,"N",52.62,0,0,0,0,0,0,"N",0,0.0,0,0,0,0,0,0,0,0,0,0,0,0
"48129","3","23","74","0","2025","A","N",1,0,0,0,0,0,0,"N",22.96,0,0,0,0,0,0,"N",0,0.0,0,0,0,0,0,0,0,0,0,0,0,0
"48129","5","23","74","0","2025","A","N",8,0,0,0,0,0,0,"N",0.83,0,0,0,0,0,0,"N",1,14.3,0,0,0,0,0,0,0,0,0,0,0,0
"48131","2","23","74","0","2025","A","N",1,0,0,0,0,0,0,"N",34.08,0,0,0,0,0,0,"N",0,0.0,0,0,0,0,0,0,0,0,0,0,0,0
"48131","3","23","74","0","2025","A","N",1,0,0,0,0,0,0,"N",14.87,0,0,0,0,0,0,"N",0,0.0,0,0,0,0,0,0,0,0,0,0,0,0
"48131","5","23","74","0","2025","A","N",11,0,0,0,0,0,0,"N",0.74,0,0,0,0,0,0,"N",-1,-8.3,0,0,0,0,0,0,0,0,0,0,0,0
"48133","2","23","74","0","2025","A","N",1,0,0,0,0,0,0,"N",12.02,0,0,0,0,0,0,"N",0,0.0,0,0,0,0,0,0,0,0,0,0,0,0
"48133","3","23","74","0","2025","A","N",1,0,0,0,0,0,0,"N",5.25,0,0,0,0,0,0,"N",0,0.0,0,0,0,0,0,0,0,0,0,0,0,0
"48133","5","23","74","0","2025","A","",50,330,22900951,5246190,72340,1333,69292,"",1.18,1.08,1.23,1.26,1.00,1.14,1.13,"",6,13.6,62,23.1,6642943,40.9,1609654,44.3,25466,54.3,166,14.2,8609,14.2
"48135","2","23","74","0","2025","A","N",1,0,0,0,0,0,0,"N",1.53,0,0,0,0,0,0,"N",0,0.0,0,0,0,0,0,0,0,0,0,0,0,0
"48135","3","23","74","0","2025","A","N",2,0,0,0,0,0,0,"N",1.33,0,0,0,0,0,0,"N",0,0.0,0,0,0,0,0,0,0,0,0,0,0,0
"48135","5","23","74","0","2025","A","",336,6919,643955784,99632618,2568184,1790,93075,"",1.01,1.63,1.86,1.47,1.72,1.14,1.14,"",-5,-1.5,39,0.6,24148820,3.9,704396,0.7,-411859,-13.8,57,3.3,2981,3.3
"48137","2","23","74","0","2025","A","N",1,0,0,0,0,0,0,"N",96.73,0,0,0,0,0,0,"N",0,0.0,0,0,0,0,0,0,0,0,0,0,0,0
"48137","5","23","74","0","2025","A","N",4,0,0,0,0,0,0,"N",0.76,0,0,0,0,0,0,"N",-1,-20.0,0,0,0,0,0,0,0,0,0,0,0,0
"48139","2","23","74","0","2025","A","N",1,0,0,0,0,0,0,"N",1.63,0,0,0,0,0,0,"N",0,0.0,0,0,0,0,0,0,0,0,0,0,0,0
"48139","3","23","74","0","2025","A","",3,99,5608155,66187,463,1091,56744,"",2.14,2.15,2.34,0.86,1.05,1.09,1.09,"",0,0.0,3,3.1,412993,7.9,10649,19.2,-259,-35.9,55,5.3,2862,5.3
"48139","5","23","74","0","2025","A","",540,5597,415115374,72614891,821143,1426,74173,"",1.73,1.64,1.90,1.48,0.85,1.16,1.16,"",30,5.9,306,5.8,43390778,11.7,2466776,3.5,34850,4.4,75,5.6,3911,5.6
"48141","2","23","74","0","2025","A","N",1,0,0,0,0,0,0,"N",0.39,0,0,0,0,0,0,"N",0,0.0,0,0,0,0,0,0,0,0,0,0,0,0
"48141","3","23","74","0","2025","A","N",2,0,0,0,0,0,0,"N",0.34,0,0,0,0,0,0,"N",0,0.0,0,0,0,0,0,0,0,0,0,0,0,0
"48141","5","23","74","0","2025","A","",1367,16252,981412108,199871533,3187430,1161,60387,"",1.06,0.91,0.99,0.92,0.75,1.09,1.09,"",-49,-3.5,602,3.8,109607820,12.6,6034348,3.1,91081,2.9,90,8.4,4681,8.4
"48143","2","23","74","0","2025","A","N",1,0,0,0,0,0,0,"N",5.10,0,0,0,0,0,0,"N",0,0.0,0,0,0,0,0,0,0,0,0,0,0,0
"48143","3","23","74","0","2025","A","N",2,0,0,0,0,0,0,"N",4.45,0,0,0,0,0,0,"N",0,0.0,0,0,0,0,0,0,0,0,0,0,0,0
"48143","5","23","74","0","2025","A","",140,1240,86765274,15589169,182828,1345,69948,"",1.40,1.21,1.58,1.26,0.96,1.30,1.30,"",2,1.4,86,7.5,12833043,17.4,745584,5.0,-16664,-8.4,113,9.2,5900,9.2
"48145","2","23","74","0","2025","A","N",1,0,0,0,0,0,0,"N",21.78,0,0,0,0,0,0,"N",0,0.0,0,0,0,0,0,0,0,0,0,0,0,0
"48145","3","23","74","0","2025","A","",3,38,1520781,0,0,773,40197,"",28.51,17.64,14.61,0.00,0.00,0.83,0.83,"",0,0.0,-1,-2.6,22645,1.5,0,0.0,0,0.0,37,5.0,1947,5.1
"48145","5","23","74","0","2025","A","",22,99,5607375,1115246,8339,1089,56640,"",0.94,0.62,0.59,0.70,0.30,0.96,0.96,"",1,4.8,-2,-2.0,-166227,-2.9,-6445,-0.6,3084,58.7,-12,-1.1,-619,-1.1
"48147","2","23","74","0","2025","A","N",1,0,0,0,0,0,0,"N",10.15,0,0,0,0,0,0,"N",0,0.0,0,0,0,0,0,0,0,0,0,0,0,0
"48147","3","23","74","0","2025","A","N",1,0,0,0,0,0,0,"N",4.43,0,0,0,0,0,0,"N",0,0.0,0,0,0,0,0,0,0,0,0,0,0,0
"48147","5","23","74","0","2025","A","",78,945,58868112,10996321,102865,1198,62311,"",1.55,1.98,2.03,1.90,0.88,1.02,1.03,"",5,6.8,125,15.2,9766633,19.9,679389,6.6,26876,35.4,46,4.0,2407,4.0
"48149","2","23","74","0","2025","A","N",1,0,0,0,0,0,0,"N",7.74,0,0,0,0,0,0,"N",0,0.0,0,0,0,0,0,0,0,0,0,0,0,0
"48149","3","23","74","0","2025","A","N",1,0,0,0,0,0,0,"N",3.38,0,0,0,0,0,0,"N",0,0.0,0,0,0,0,0,0,0,0,0,0,0,0
"48149","5","23","74","0","2025","A","",84,749,68104882,10689455,317961,1748,90918,"",1.27,1.51,2.25,1.55,2.88,1.49,1.49,"",2,2.4,-93,-11.0,-7102774,-9.4,-3731709,-25.9,-224424,-41.4,29,1.7,1545,1.7
"48151","2","23","74","0","2025","A","N",1,0,0,0,0,0,0,"N",58.21,0,0,0,0,0,0,"N",0,0.0,0,0,0,0,0,0,0,0,0,0,0,0
"48151","5","23","74","0","2025","A","N",4,0,0,0,0,0,0,"N",0.46,0,0,0,0,0,0,"N",0,0.0,0,0,0,0,0,0,0,0,0,0,0,0
"48153","2","23","74","0","2025","A","N",1,0,0,0,0,0,0,"N",27.18,0,0,0,0,0,0,"N",0,0.0,0,0,0,0,0,0,0,0,0,0,0,0
"48153","3","23","74","0","2025","A","N",1,0,0,0,0,0,0,"N",11.86,0,0,0,0,0,0,"N",0,0.0,0,0,0,0,0,0,0,0,0,0,0,0
"48153","5","23","74","0","2025","A","N",10,0,0,0,0,0,0,"N",0.53,0,0,0,0,0,0,"N",-1,-9.1,0,0,0,0,0,0,0,0,0,0,0,0
"48155","2","23","74","0","2025","A","N",1,0,0,0,0,0,0,"N",113.40,0,0,0,0,0,0,"N",0,0.0,0,0,0,0,0,0,0,0,0,0,0,0
"48155","5","23","74","0","2025","A","N",6,0,0,0,0,0,0,"N",1.33,0,0,0,0,0,0,"N",1,20.0,0,0,0,0,0,0,0,0,0,0,0,0
"48157","2","23","74","0","2025","A","N",1,0,0,0,0,0,0,"N",0.35,0,0,0,0,0,0,"N",0,0.0,0,0,0,0,0,0,0,0,0,0,0,0
"48157","3","23","74","0","2025","A","",4,325,21777235,0,0,1288,66973,"",0.62,1.75,2.10,0.00,0.00,1.20,1.20,"",0,0.0,8,2.5,1014804,4.9,0,0.0,0,0.0,29,2.3,1494,2.3
"48157","5","23","74","0","2025","A","",1062,15160,1588881989,194487119,4054813,2015,104806,"",0.74,1.10,1.68,1.08,1.10,1.53,1.53,"",3,0.3,1263,9.1,103165208,6.9,13317615,7.4,173637,4.5,-41,-2.0,-2106,-2.0
"48159","2","23","74","0","2025","A","N",1,0,0,0,0,0,0,"N",12.48,0,0,0,0,0,0,"N",0,0.0,0,0,0,0,0,0,0,0,0,0,0,0
"48159","3","23","74","0","2025","A","N",1,0,0,0,0,0,0,"N",5.45,0,0,0,0,0,0,"N",0,0.0,0,0,0,0,0,0,0,0,0,0,0,0
"48159","5","23","74","0","2025","A","",29,165,9569630,1949989,20000,1113,57852,"",0.71,0.84,0.91,0.60,0.26,1.08,1.07,"",-1,-3.3,-21,-11.3,1477202,18.3,-128930,-6.2,-13574,-40.4,277,33.1,14403,33.1
"48161","2","23","74","0","2025","A","N",1,0,0,0,0,0,0,"N",16.32,0,0,0,0,0,0,"N",0,0.0,0,0,0,0,0,0,0,0,0,0,0,0
"48161","3","23","74","0","2025","A","N",1,0,0,0,0,0,0,"N",7.12,0,0,0,0,0,0,"N",0,0.0,0,0,0,0,0,0,0,0,0,0,0,0
"48161","5","23","74","0","2025","A","",31,184,13395053,2348764,30782,1402,72898,"",0.99,0.69,0.82,0.73,0.56,1.19,1.19,"",-1,-3.1,39,26.9,5161676,62.7,549620,30.5,5630,22.4,312,28.6,16214,28.6
"48163","2","23","74","0","2025","A","N",1,0,0,0,0,0,0,"N",17.13,0,0,0,0,0,0,"N",0,0.0,0,0,0,0,0,0,0,0,0,0,0,0
"48163","3","23","74","0","2025","A","N",1,0,0,0,0,0,0,"N",7.47,0,0,0,0,0,0,"N",0,0.0,0,0,0,0,0,0,0,0,0,0,0,0
"48163","5","23","74","0","2025","A","N",22,0,0,0,0,0,0,"N",0.74,0,0,0,0,0,0,"N",-2,-8.3,0,0,0,0,0,0,0,0,0,0,0,0
"48165","2","23","74","0","2025","A","N",1,0,0,0,0,0,0,"N",9.86,0,0,0,0,0,0,"N",0,0.0,0,0,0,0,0,0,0,0,0,0,0,0
"48165","3","23","74","0","2025","A","N",1,0,0,0,0,0,0,"N",4.30,0,0,0,0,0,0,"N",0,0.0,0,0,0,0,0,0,0,0,0,0,0,0
"48165","5","23","74","0","2025","A","",100,1185,92399401,14827639,207178,1500,78002,"",1.93,3.10,3.41,2.53,2.13,1.10,1.10,"",4,4.2,382,47.6,33563307,57.0,5091649,52.3,27899,15.6,91,6.5,4747,6.5
"48167","2","23","74","0","2025","A","N",1,0,0,0,0,0,0,"N",0.96,0,0,0,0,0,0,"N",0,0.0,0,0,0,0,0,0,0,0,0,0,0,0
"48167","3","23","74","0","2025","A","",7,331,19119373,229992,1609,1111,57792,"",2.92,3.74,3.75,1.85,1.66,1.00,1.00,"",0,0.0,8,2.5,2004288,11.7,-40616,-15.0,-1911,-54.3,91,8.9,4777,9.0
"48167","5","23","74","0","2025","A","",550,7782,711782992,117917396,4251607,1759,91460,"",1.03,1.18,1.53,1.49,2.02,1.30,1.30,"",3,0.5,331,4.4,93923503,15.2,5450636,4.8,-13030,-0.3,164,10.3,8532,10.3
"48169","2","23","74","0","2025","A","N",1,0,0,0,0,0,0,"N",38.46,0,0,0,0,0,0,"N",0,0.0,0,0,0,0,0,0,0,0,0,0,0,0
"48169","3","23","74","0","2025","A","N",1,0,0,0,0,0,0,"N",16.78,0,0,0,0,0,0,"N",0,0.0,0,0,0,0,0,0,0,0,0,0,0,0
"48169","5","23","74","0","2025","A","N",11,0,0,0,0,0,0,"N",0.83,0,0,0,0,0,0,"N",-1,-8.3,0,0,0,0,0,0,0,0,0,0,0,0
"48171","2","23","74","0","2025","A","N",1,0,0,0,0,0,0,"N",5.28,0,0,0,0,0,0,"N",0,0.0,0,0,0,0,0,0,0,0,0,0,0,0
"48171","3","23","74","0","2025","A","N",2,0,0,0,0,0,0,"N",4.61,0,0,0,0,0,0,"N",0,0.0,0,0,0,0,0,0,0,0,0,0,0,0
"48171","5","23","74","0","2025","A","",164,1127,73951717,14481672,94599,1262,65618,"",1.70,1.69,1.96,1.47,0.80,1.16,1.16,"",2,1.2,-24,-2.1,1491200,2.1,-72855,-0.5,-24202,-20.4,52,4.3,2686,4.3
"48173","5","23","74","0","2025","A","N",7,0,0,0,0,0,0,"N",0.65,0,0,0,0,0,0,"N",0,0.0,0,0,0,0,0,0,0,0,0,0,0,0
"48175","2","23","74","0","2025","A","N",1,0,0,0,0,0,0,"N",41.89,0,0,0,0,0,0,"N",0,0.0,0,0,0,0,0,0,0,0,0,0,0,0
"48175","3","23","74","0","2025","A","N",1,0,0,0,0,0,0,"N",18.28,0,0,0,0,0,0,"N",0,0.0,0,0,0,0,0,0,0,0,0,0,0,0
"48175","5","23","74","0","2025","A","",19,202,12724577,3127052,27930,1212,63019,"",1.56,2.74,2.67,3.63,2.28,0.97,0.97,"",-1,-5.0,-17,-7.8,-2341754,-15.5,134145,4.5,8915,46.9,-110,-8.3,-5751,-8.4
"48177","2","23","74","0","2025","A","N",1,0,0,0,0,0,0,"N",12.09,0,0,0,0,0,0,"N",0,0.0,0,0,0,0,0,0,0,0,0,0,0,0
"48177","3","23","74","0","2025","A","N",2,0,0,0,0,0,0,"N",10.55,0,0,0,0,0,0,"N",0,0.0,0,0,0,0,0,0,0,0,0,0,0,0
"48177","5","23","74","0","2025","A","",31,240,14251561,3655226,121411,1144,59485,"",0.73,0.62,0.60,0.67,1.37,0.98,0.98,"",-1,-3.1,74,44.6,5829756,69.2,1775655,94.5,106950,739.6,169,17.3,8777,17.3
"48179","2","23","74","0","2025","A","N",1,0,0,0,0,0,0,"N",12.00,0,0,0,0,0,0,"N",0,0.0,0,0,0,0,0,0,0,0,0,0,0,0
"48179","3","23","74","0","2025","A","N",2,0,0,0,0,0,0,"N",10.47,0,0,0,0,0,0,"N",0,0.0,0,0,0,0,0,0,0,0,0,0,0,0
"48179","5","23","74","0","2025","A","",32,322,20720680,3699414,33988,1237,64350,"",0.75,0.80,0.77,0.71,0.39,0.96,0.96,"",1,3.2,47,17.1,3163058,18.0,593982,19.1,5198,18.1,8,0.7,446,0.7
"48181","2","23","74","0","2025","A","N",1,0,0,0,0,0,0,"N",2.02,0,0,0,0,0,0,"N",0,0.0,0,0,0,0,0,0,0,0,0,0,0,0
"48181","3","23","74","0","2025","A","",3,112,5731824,0,0,983,51101,"",2.65,2.97,2.84,0.00,0.00,0.96,0.96,"",0,0.0,5,4.7,517812,9.9,0,0.0,0,0.0,47,5.0,2448,5.0
"48181","5","23","74","0","2025","A","",342,3747,273478664,44260445,642904,1404,72994,"",1.36,1.33,1.49,1.12,0.88,1.12,1.12,"",12,3.6,94,2.6,18644439,7.3,974993,2.3,-37840,-5.6,63,4.7,3237,4.6
"48183","2","23","74","0","2025","A","N",1,0,0,0,0,0,0,"N",1.55,0,0,0,0,0,0,"N",0,0.0,0,0,0,0,0,0,0,0,0,0,0,0
"48183","3","23","74","0","2025","A","",3,86,4268467,39983,280,955,49681,"",2.02,1.60,1.48,0.45,0.42,0.92,0.92,"",0,0.0,1,1.2,38881,0.9,639,1.6,-231,-45.2,-6,-0.6,-275,-0.6
"48183","5","23","74","0","2025","A","",298,6462,432855805,89653064,3407191,1288,66984,"",0.90,1.62,1.64,1.59,2.37,1.02,1.02,"",-3,-1.0,154,2.4,41136568,10.5,6059216,7.2,197235,6.1,94,7.9,4890,7.9
"48185","2","23","74","0","2025","A","N",1,0,0,0,0,0,0,"N",10.68,0,0,0,0,0,0,"N",0,0.0,0,0,0,0,0,0,0,0,0,0,0,0
"48185","3","23","74","0","2025","A","N",1,0,0,0,0,0,0,"N",4.66,0,0,0,0,0,0,"N",0,0.0,0,0,0,0,0,0,0,0,0,0,0,0
"48185","5","23","74","0","2025","A","",87,670,45821984,7967154,93233,1315,68383,"",1.82,1.49,1.50,1.44,0.84,1.00,1.00,"",3,3.6,-8,-1.2,-162814,-0.4,-622251,-7.2,-11541,-11.0,11,0.8,550,0.8
"48187","2","23","74","0","2025","A","N",1,0,0,0,0,0,0,"N",2.36,0,0,0,0,0,0,"N",0,0.0,0,0,0,0,0,0,0,0,0,0,0,0
"48187","3","23","74","0","2025","A","",3,105,5571655,0,0,1025,53275,"",3.09,2.98,2.94,0.00,0.00,0.99,0.99,"",0,0.0,8,8.2,431109,8.4,0,0.0,0,0.0,9,0.9,461,0.9
"48187","5","23","74","0","2025","A","",331,3955,287353691,50086178,500989,1397,72651,"",1.53,1.51,1.67,1.38,0.77,1.11,1.11,"",-9,-2.6,160,4.2,25924114,9.9,3248003,6.9,-7813,-1.5,72,5.4,3756,5.5
"48189","2","23","74","0","2025","A","N",1,0,0,0,0,0,0,"N",7.88,0,0,0,0,0,0,"N",0,0.0,0,0,0,0,0,0,0,0,0,0,0,0
"48189","3","23","74","0","2025","A","N",2,0,0,0,0,0,0,"N",6.87,0,0,0,0,0,0,"N",0,0.0,0,0,0,0,0,0,0,0,0,0,0,0
"48189","5","23","74","0","2025","A","",60,375,21278833,4310948,28142,1092,56807,"",0.93,0.65,0.67,0.55,0.23,1.03,1.03,"",4,7.1,23,6.5,1740960,8.9,-187699,-4.2,-6236,-18.1,25,2.3,1341,2.4
"48191","2","23","74","0","2025","A","N",1,0,0,0,0,0,0,"N",50.99,0,0,0,0,0,0,"N",0,0.0,0,0,0,0,0,0,0,0,0,0,0,0
"48191","3","23","74","0","2025","A","N",1,0,0,0,0,0,0,"N",22.25,0,0,0,0,0,0,"N",0,0.0,0,0,0,0,0,0,0,0,0,0,0,0
"48191","5","23","74","0","2025","A","N",5,0,0,0,0,0,0,"N",0.50,0,0,0,0,0,0,"N",0,0.0,0,0,0,0,0,0,0,0,0,0,0,0
"48193","2","23","74","0","2025","A","N",1,0,0,0,0,0,0,"N",23.83,0,0,0,0,0,0,"N",0,0.0,0,0,0,0,0,0,0,0,0,0,0,0
"48193","3","23","74","0","2025","A","N",1,0,0,0,0,0,0,"N",10.40,0,0,0,0,0,0,"N",0,0.0,0,0,0,0,0,0,0,0,0,0,0,0
"48193","5","23","74","0","2025","A","",29,132,8942418,1499533,24249,1304,67831,"",1.36,0.88,1.13,0.90,1.11,1.28,1.28,"",1,3.6,-25,-15.9,-1162695,-11.5,-503906,-25.2,-499,-2.0,66,5.3,3433,5.3
"48195","2","23","74","0","2025","A","N",1,0,0,0,0,0,0,"N",28.85,0,0,0,0,0,0,"N",0,0.0,0,0,0,0,0,0,0,0,0,0,0,0
"48195","3","23","74","0","2025","A","N",1,0,0,0,0,0,0,"N",12.59,0,0,0,0,0,0,"N",0,0.0,0,0,0,0,0,0,0,0,0,0,0,0
"48195","5","23","74","0","2025","A","",15,155,10750091,2051554,61048,1330,69169,"",0.85,1.40,1.55,1.63,3.22,1.11,1.11,"",-3,-16.7,16,11.5,1785215,19.9,159502,8.4,37559,159.9,92,7.4,4789,7.4
"48197","2","23","74","0","2025","A","N",1,0,0,0,0,0,0,"N",53.04,0,0,0,0,0,0,"N",0,0.0,0,0,0,0,0,0,0,0,0,0,0,0
"48197","3","23","74","0","2025","A","N",1,0,0,0,0,0,0,"N",23.14,0,0,0,0,0,0,"N",0,0.0,0,0,0,0,0,0,0,0,0,0,0,0
"48197","5","23","74","0","2025","A","N",4,0,0,0,0,0,0,"N",0.42,0,0,0,0,0,0,"N",-1,-20.0,0,0,0,0,0,0,0,0,0,0,0,0
"48199","2","23","74","0","2025","A","N",1,0,0,0,0,0,0,"N",6.82,0,0,0,0,0,0,"N",0,0.0,0,0,0,0,0,0,0,0,0,0,0,0
"48199","3","23","74","0","2025","A","N",1,0,0,0,0,0,0,"N",2.97,0,0,0,0,0,0,"N",0,0.0,0,0,0,0,0,0,0,0,0,0,0,0
"48199","5","23","74","0","2025","A","",118,1514,127480457,21814254,669657,1619,84173,"",1.58,2.34,3.35,2.52,3.12,1.43,1.43,"",-2,-1.7,19,1.3,4065414,3.3,1977515,10.0,150129,28.9,32,2.0,1630,2.0
"48201","2","23","74","0","2025","A","N",1,0,0,0,0,0,0,"N",0.05,0,0,0,0,0,0,"N",0,0.0,0,0,0,0,0,0,0,0,0,0,0,0
"48201","3","23","74","0","2025","A","",13,2983,189949565,76440,534,1225,63676,"",0.30,1.71,1.35,0.03,0.02,0.79,0.79,"",0,0.0,-28,-0.9,7548955,4.1,-1153,-1.5,-475,-47.1,60,5.2,3093,5.1
"48201","5","23","74","0","2025","A","",8348,180599,17231169453,2444575020,70893334,1835,95411,"",0.88,1.39,1.34,1.29,1.34,0.97,0.97,"",-39,-0.5,12219,7.3,1764690088,11.4,170474002,7.5,2998086,4.4,69,3.9,3556,3.9
"48203","2","23","74","0","2025","A","N",1,0,0,0,0,0,0,"N",4.60,0,0,0,0,0,0,"N",0,0.0,0,0,0,0,0,0,0,0,0,0,0,0
"48203","3","23","74","0","2025","A","N",2,0,0,0,0,0,0,"N",4.02,0,0,0,0,0,0,"N",0,0.0,0,0,0,0,0,0,0,0,0,0,0,0
"48203","5","23","74","0","2025","A","",150,1417,100498303,17575929,255634,1364,70936,"",1.35,1.27,1.26,1.19,0.79,0.99,0.99,"",3,2.0,78,5.8,9977577,11.0,1233517,7.5,2904,1.1,64,4.9,3320,4.9
"48205","2","23","74","0","2025","A","N",1,0,0,0,0,0,0,"N",43.27,0,0,0,0,0,0,"N",0,0.0,0,0,0,0,0,0,0,0,0,0,0,0
"48205","5","23","74","0","2025","A","",13,132,7946935,1381286,12399,1158,60204,"",1.10,0.87,0.89,0.55,0.50,1.02,1.02,"",-1,-7.1,-17,-11.4,-2731088,-25.6,-884734,-39.0,3211,34.9,-216,-15.7,-11261,-15.8
"48207","2","23","74","0","2025","A","N",1,0,0,0,0,0,0,"N",34.62,0,0,0,0,0,0,"N",0,0.0,0,0,0,0,0,0,0,0,0,0,0,0
"48207","3","23","74","0","2025","A","N",1,0,0,0,0,0,0,"N",15.11,0,0,0,0,0,0,"N",0,0.0,0,0,0,0,0,0,0,0,0,0,0,0
"48207","5","23","74","0","2025","A","N",6,0,0,0,0,0,0,"N",0.41,0,0,0,0,0,0,"N",-1,-14.3,0,0,0,0,0,0,0,0,0,0,0,0
"48209","2","23","74","0","2025","A","N",1,0,0,0,0,0,0,"N",1.02,0,0,0,0,0,0,"N",0,0.0,0,0,0,0,0,0,0,0,0,0,0,0
"48209","3","23","74","0","2025","A","N",3,0,0,0,0,0,0,"N",1.34,0,0,0,0,0,0,"N",0,0.0,0,0,0,0,0,0,0,0,0,0,0,0
"48209","5","23","74","0","2025","A","",745,7586,580140698,93501104,1428747,1471,76473,"",1.49,1.45,1.82,1.34,1.08,1.25,1.25,"",-30,-3.9,71,0.9,27277611,4.9,464315,0.5,85364,6.4,56,4.0,2908,4.0
"48211","2","23","74","0","2025","A","N",1,0,0,0,0,0,0,"N",35.75,0,0,0,0,0,0,"N",0,0.0,0,0,0,0,0,0,0,0,0,0,0,0
"48211","3","23","74","0","2025","A","N",1,0,0,0,0,0,0,"N",15.60,0,0,0,0,0,0,"N",0,0.0,0,0,0,0,0,0,0,0,0,0,0,0
"48211","5","23","74","0","2025","A","N",12,0,0,0,0,0,0,"N",0.84,0,0,0,0,0,0,"N",-1,-7.7,0,0,0,0,0,0,0,0,0,0,0,0
"48213","2","23","74","0","2025","A","N",1,0,0,0,0,0,0,"N",3.93,0,0,0,0,0,0,"N",0,0.0,0,0,0,0,0,0,0,0,0,0,0,0
"48213","3","23","74","0","2025","A","",3,77,3407217,74975,524,851,44250,"",5.15,5.39,5.19,3.35,4.77,0.96,0.96,"",0,0.0,7,10.0,485643,16.6,335,0.4,-446,-46.0,52,6.5,2711,6.5
"48213","5","23","74","0","2025","A","",201,1480,91190775,17956447,213177,1185,61612,"",1.55,1.39,1.52,1.26,0.89,1.09,1.09,"",4,2.0,106,7.7,11506147,14.4,1440479,8.7,37825,21.6,70,6.3,3621,6.2
"48215","2","23","74","0","2025","A","N",1,0,0,0,0,0,0,"N",0.46,0,0,0,0,0,0,"N",0,0.0,0,0,0,0,0,0,0,0,0,0,0,0
"48215","3","23","74","0","2025","A","",10,486,19002082,2377517,16644,752,39092,"",2.02,2.30,2.33,7.71,10.15,1.01,1.01,"",1,11.1,28,6.1,1619395,9.3,10277,0.4,-14131,-45.9,23,3.2,1173,3.1
"48215","5","23","74","0","2025","A","",863,8616,478925662,108689450,1876625,1069,55585,"",0.78,0.55,0.64,0.55,0.53,1.17,1.17,"",33,4.0,205,2.4,32828596,7.4,6065813,5.9,75609,4.2,49,4.8,2547,4.8
"48217","2","23","74","0","2025","A","N",1,0,0,0,0,0,0,"N",8.00,0,0,0,0,0,0,"N",0,0.0,0,0,0,0,0,0,0,0,0,0,0,0
"48217","3","23","74","0","2025","A","N",2,0,0,0,0,0,0,"N",6.98,0,0,0,0,0,0,"N",0,0.0,0,0,0,0,0,0,0,0,0,0,0,0
"48217","5","23","74","0","2025","A","",71,1514,125524899,17694926,254593,1595,82928,"",1.11,2.41,3.19,2.11,1.63,1.32,1.32,"",-1,-1.4,213,16.4,23021425,22.5,2960268,20.1,58919,30.1,80,5.3,4130,5.2
"48219","2","23","74","0","2025","A","N",1,0,0,0,0,0,0,"N",10.98,0,0,0,0,0,0,"N",0,0.0,0,0,0,0,0,0,0,0,0,0,0,0
"48219","3","23","74","0","2025","A","N",1,0,0,0,0,0,0,"N",4.79,0,0,0,0,0,0,"N",0,0.0,0,0,0,0,0,0,0,0,0,0,0,0
"48219","5","23","74","0","2025","A","",34,344,24466073,5315742,47540,1366,71036,"",0.73,0.73,0.69,0.90,0.44,0.95,0.95,"",-2,-5.6,-20,-5.5,-526951,-2.1,669363,14.4,7048,17.4,46,3.5,2405,3.5
"48221","2","23","74","0","2025","A","N",1,0,0,0,0,0,0,"N",3.79,0,0,0,0,0,0,"N",0,0.0,0,0,0,0,0,0,0,0,0,0,0,0
"48221","3","23","74","0","2025","A","N",1,0,0,0,0,0,0,"N",1.65,0,0,0,0,0,0,"N",0,0.0,0,0,0,0,0,0,0,0,0,0,0,0
"48221","5","23","74","0","2025","A","",221,1532,114764560,20347366,290477,1441,74936,"",1.64,1.54,1.98,1.41,1.25,1.28,1.28,"",4,1.8,12,0.8,7278284,6.8,407268,2.0,-69803,-19.4,81,6.0,4229,6.0
"48223","2","23","74","0","2025","A","N",1,0,0,0,0,0,0,"N",6.77,0,0,0,0,0,0,"N",0,0.0,0,0,0,0,0,0,0,0,0,0,0,0
"48223","3","23","74","0","2025","A","N",2,0,0,0,0,0,0,"N",5.91,0,0,0,0,0,0,"N",0,0.0,0,0,0,0,0,0,0,0,0,0,0,0
"48223","5","23","74","0","2025","A","",93,791,46650016,9012569,90315,1135,59001,"",1.24,1.02,0.98,0.87,0.42,0.97,0.97,"",0,0.0,67,9.3,3501077,8.1,-969047,-9.7,-32867,-26.7,-11,-1.0,-604,-1.0
"48225","2","23","74","0","2025","A","N",1,0,0,0,0,0,0,"N",6.87,0,0,0,0,0,0,"N",0,0.0,0,0,0,0,0,0,0,0,0,0,0,0
"48225","3","23","74","0","2025","A","N",1,0,0,0,0,0,0,"N",3.00,0,0,0,0,0,0,"N",0,0.0,0,0,0,0,0,0,0,0,0,0,0,0
"48225","5","23","74","0","2025","A","",67,312,18858928,3877903,55576,1161,60365,"",0.90,0.77,0.64,0.70,0.50,0.83,0.83,"",-9,-11.8,-24,-7.1,-2629013,-12.2,-139425,-3.5,4536,8.9,-67,-5.5,-3492,-5.5
"48227","2","23","74","0","2025","A","N",1,0,0,0,0,0,0,"N",7.37,0,0,0,0,0,0,"N",0,0.0,0,0,0,0,0,0,0,0,0,0,0,0
"48227","3","23","74","0","2025","A","N",2,0,0,0,0,0,0,"N",6.43,0,0,0,0,0,0,"N",0,0.0,0,0,0,0,0,0,0,0,0,0,0,0
"48227","5","23","74","0","2025","A","",62,735,59579283,10117153,184101,1559,81088,"",0.90,1.16,1.31,1.20,1.10,1.13,1.13,"",-3,-4.6,37,5.3,5043803,9.2,805563,8.7,68711,59.5,57,3.8,2976,3.8
"48229","2","23","74","0","2025","A","N",1,0,0,0,0,0,0,"N",85.42,0,0,0,0,0,0,"N",0,0.0,0,0,0,0,0,0,0,0,0,0,0,0
"48229","3","23","74","0","2025","A","N",1,0,0,0,0,0,0,"N",37.27,0,0,0,0,0,0,"N",0,0.0,0,0,0,0,0,0,0,0,0,0,0,0
"48229","5","23","74","0","2025","A","N",2,0,0,0,0,0,0,"N",0.34,0,0,0,0,0,0,"N",0,0.0,0,0,0,0,0,0,0,0,0,0,0,0
"48231","2","23","74","0","2025","A","N",1,0,0,0,0,0,0,"N",3.58,0,0,0,0,0,0,"N",0,0.0,0,0,0,0,0,0,0,0,0,0,0,0
"48231","3","23","74","0","2025","A","",3,72,4403147,148569,1041,1180,61368,"",4.69,3.03,3.28,4.48,5.49,1.09,1.08,"",0,0.0,0,0.0,367704,9.1,-7982,-5.1,-994,-48.8,102,9.5,5320,9.5
"48231","5","23","74","0","2025","A","",207,1661,115545332,20591635,235144,1338,69571,"",1.45,0.94,0.94,0.97,0.57,1.01,1.01,"",-2,-1.0,257,18.3,23672636,25.8,3700583,21.9,83196,54.8,80,6.4,4135,6.3
"48233","2","23","74","0","2025","A","N",1,0,0,0,0,0,0,"N",14.71,0,0,0,0,0,0,"N",0,0.0,0,0,0,0,0,0,0,0,0,0,0,0
"48233","3","23","74","0","2025","A","N",2,0,0,0,0,0,0,"N",12.84,0,0,0,0,0,0,"N",0,0.0,0,0,0,0,0,0,0,0,0,0,0,0
"48233","5","23","74","0","2025","A","",36,798,63758409,10779483,232442,1537,79923,"",1.04,1.95,1.84,2.17,1.91,0.94,0.94,"",0,0.0,-58,-6.8,-2061553,-3.1,-1427477,-11.7,-86563,-27.1,59,4.0,3075,4.0
"48235","5","23","74","0","2025","A","N",7,0,0,0,0,0,0,"N",1.22,0,0,0,0,0,0,"N",-1,-12.5,0,0,0,0,0,0,0,0,0,0,0,0
"48237","2","23","74","0","2025","A","N",1,0,0,0,0,0,0,"N",26.74,0,0,0,0,0,0,"N",0,0.0,0,0,0,0,0,0,0,0,0,0,0,0
"48237","3","23","74","0","2025","A","N",1,0,0,0,0,0,0,"N",11.67,0,0,0,0,0,0,"N",0,0.0,0,0,0,0,0,0,0,0,0,0,0,0
"48237","5","23","74","0","2025","A","",32,195,14042062,2233713,27362,1384,71980,"",1.68,1.68,1.84,1.74,0.99,1.09,1.09,"",-1,-3.0,10,5.4,1771443,14.4,141360,6.8,17,0.1,109,8.5,5682,8.6
"48239","2","23","74","0","2025","A","N",1,0,0,0,0,0,0,"N",16.53,0,0,0,0,0,0,"N",0,0.0,0,0,0,0,0,0,0,0,0,0,0,0
"48239","3","23","74","0","2025","A","N",2,0,0,0,0,0,0,"N",14.42,0,0,0,0,0,0,"N",0,0.0,0,0,0,0,0,0,0,0,0,0,0,0
"48239","5","23","74","0","2025","A","",48,841,57517155,10342734,172451,1316,68412,"",1.56,2.97,3.24,2.77,3.02,1.09,1.09,"",-1,-2.0,-79,-8.6,-3290138,-5.4,-1208651,-10.5,-25803,-13.0,45,3.5,2341,3.5
"48241","2","23","74","0","2025","A","N",1,0,0,0,0,0,0,"N",10.10,0,0,0,0,0,0,"N",0,0.0,0,0,0,0,0,0,0,0,0,0,0,0
"48241","3","23","74","0","2025","A","N",2,0,0,0,0,0,0,"N",8.82,0,0,0,0,0,0,"N",0,0.0,0,0,0,0,0,0,0,0,0,0,0,0
"48241","5","23","74","0","2025","A","",50,378,23738207,4586371,85087,1208,62841,"",0.99,0.79,0.86,0.78,0.82,1.08,1.08,"",2,4.2,24,6.8,1854209,8.5,28237,0.6,-27899,-24.7,19,1.6,993,1.6
"48243","2","23","74","0","2025","A","N",1,0,0,0,0,0,0,"N",74.74,0,0,0,0,0,0,"N",0,0.0,0,0,0,0,0,0,0,0,0,0,0,0
"48243","3","23","74","0","2025","A","N",1,0,0,0,0,0,0,"N",32.61,0,0,0,0,0,0,"N",0,0.0,0,0,0,0,0,0,0,0,0,0,0,0
"48243","5","23","74","0","2025","A","",4,11,578022,138435,1877,1003,52152,"",0.59,0.25,0.27,0.27,0.21,1.06,1.06,"N",0,0.0,0,0,0,0,0,0,0,0,0,0,0,0
"48245","2","23","74","0","2025","A","N",1,0,0,0,0,0,0,"N",1.14,0,0,0,0,0,0,"N",0,0.0,0,0,0,0,0,0,0,0,0,0,0,0
"48245","3","23","74","0","2025","A","",6,196,11978037,0,0,1174,61061,"",2.99,2.21,2.08,0.00,0.00,0.94,0.94,"",0,0.0,-6,-3.0,259015,2.2,0,0.0,0,0.0,57,5.1,2998,5.2
"48245","5","23","74","0","2025","A","",442,17510,1624291747,295619052,14140037,1784,92766,"",0.99,2.65,3.10,3.09,4.08,1.17,1.17,"",-8,-1.8,-363,-2.0,32820342,2.1,2195805,0.7,-1127321,-7.4,72,4.2,3724,4.2
"48247","2","23","74","0","2025","A","N",1,0,0,0,0,0,0,"N",51.79,0,0,0,0,0,0,"N",0,0.0,0,0,0,0,0,0,0,0,0,0,0,0
"48247","3","23","74","0","2025","A","N",1,0,0,0,0,0,0,"N",22.60,0,0,0,0,0,0,"N",0,0.0,0,0,0,0,0,0,0,0,0,0,0,0
"48247","5","23","74","0","2025","A","N",3,0,0,0,0,0,0,"N",0.30,0,0,0,0,0,0,"N",0,0.0,0,0,0,0,0,0,0,0,0,0,0,0
"48249","2","23","74","0","2025","A","N",1,0,0,0,0,0,0,"N",7.68,0,0,0,0,0,0,"N",0,0.0,0,0,0,0,0,0,0,0,0,0,0,0
"48249","3","23","74","0","2025","A","N",2,0,0,0,0,0,0,"N",6.71,0,0,0,0,0,0,"N",0,0.0,0,0,0,0,0,0,0,0,0,0,0,0
"48249","5","23","74","0","2025","A","",50,306,15761983,3796300,68080,992,51580,"",0.75,0.40,0.38,0.37,0.34,0.97,0.96,"",-3,-5.7,-74,-19.5,-3510647,-18.2,-1528488,-28.7,-106265,-61.0,16,1.6,840,1.7
"48251","2","23","74","0","2025","A","N",1,0,0,0,0,0,0,"N",1.59,0,0,0,0,0,0,"N",0,0.0,0,0,0,0,0,0,0,0,0,0,0,0
"48251","3","23","74","0","2025","A","N",3,0,0,0,0,0,0,"N",2.08,0,0,0,0,0,0,"N",0,0.0,0,0,0,0,0,0,0,0,0,0,0,0
"48251","5","23","74","0","2025","A","",584,7083,536794061,84327829,1375303,1457,75785,"",1.82,2.20,2.59,1.80,1.30,1.18,1.18,"",4,0.7,910,14.7,89506901,20.0,9206876,12.3,62107,4.7,64,4.6,3324,4.6
"48253","2","23","74","0","2025","A","N",1,0,0,0,0,0,0,"N",19.29,0,0,0,0,0,0,"N",0,0.0,0,0,0,0,0,0,0,0,0,0,0,0
"48253","3","23","74","0","2025","A","N",1,0,0,0,0,0,0,"N",8.42,0,0,0,0,0,0,"N",0,0.0,0,0,0,0,0,0,0,0,0,0,0,0
"48253","5","23","74","0","2025","A","",33,276,25203949,4183608,87460,1753,91181,"",1.25,1.59,2.45,2.03,1.72,1.53,1.53,"",3,10.0,84,43.8,11563083,84.8,1813604,76.5,58056,197.4,385,28.1,20042,28.2
"48255","2","23","74","0","2025","A","N",1,0,0,0,0,0,0,"N",16.57,0,0,0,0,0,0,"N",0,0.0,0,0,0,0,0,0,0,0,0,0,0,0
"48255","3","23","74","0","2025","A","N",2,0,0,0,0,0,0,"N",14.46,0,0,0,0,0,0,"N",0,0.0,0,0,0,0,0,0,0,0,0,0,0,0
"48255","5","23","74","0","2025","A","",28,261,19413873,3150148,29942,1429,74288,"",0.91,0.80,0.74,0.78,0.32,0.92,0.92,"",0,0.0,28,12.0,1749264,9.9,452297,16.8,14626,95.5,-26,-1.8,-1390,-1.8
"48257","2","23","74","0","2025","A","N",1,0,0,0,0,0,0,"N",2.43,0,0,0,0,0,0,"N",0,0.0,0,0,0,0,0,0,0,0,0,0,0,0
"48257","3","23","74","0","2025","A","N",2,0,0,0,0,0,0,"N",2.12,0,0,0,0,0,0,"N",0,0.0,0,0,0,0,0,0,0,0,0,0,0,0
"48257","5","23","74","0","2025","A","",400,3117,225788550,38845710,347250,1393,72438,"",1.90,1.29,1.50,1.22,0.59,1.17,1.17,"",4,1.0,169,5.7,24999202,12.5,2572524,7.1,35154,11.3,83,6.3,4324,6.3
"48259","2","23","74","0","2025","A","N",1,0,0,0,0,0,0,"N",3.32,0,0,0,0,0,0,"N",0,0.0,0,0,0,0,0,0,0,0,0,0,0,0
"48259","5","23","74","0","2025","A","",273,2536,199721095,30471391,445136,1514,78739,"",1.78,2.32,2.66,1.93,1.61,1.15,1.15,"",11,4.2,46,1.8,1831681,0.9,1428196,4.9,-21029,-4.5,-14,-0.9,-735,-0.9
"48263","2","23","74","0","2025","A","N",1,0,0,0,0,0,0,"N",219.25,0,0,0,0,0,0,"N",0,0.0,0,0,0,0,0,0,0,0,0,0,0,0
"48263","5","23","74","0","2025","A","N",2,0,0,0,0,0,0,"N",0.86,0,0,0,0,0,0,"N",1,100.0,0,0,0,0,0,0,0,0,0,0,0,0
"48265","2","23","74","0","2025","A","N",1,0,0,0,0,0,0,"N",4.26,0,0,0,0,0,0,"N",0,0.0,0,0,0,0,0,0,0,0,0,0,0,0
"48265","3","23","74","0","2025","A","",3,42,2460864,0,0,1136,59061,"",5.58,2.99,3.41,0.00,0.00,1.15,1.15,"",0,0.0,0,0.0,208873,9.3,0,0.0,0,0.0,92,8.8,4796,8.8
"48265","5","23","74","0","2025","A","",207,2034,134887003,27873503,466739,1275,66308,"",1.73,1.95,2.05,2.07,2.07,1.05,1.05,"",4,2.0,110,5.7,9469977,7.6,1700915,6.5,29531,6.8,22,1.8,1128,1.7
"48267","2","23","74","0","2025","A","N",1,0,0,0,0,0,0,"N",41.11,0,0,0,0,0,0,"N",0,0.0,0,0,0,0,0,0,0,0,0,0,0,0
"48267","3","23","74","0","2025","A","N",1,0,0,0,0,0,0,"N",17.94,0,0,0,0,0,0,"N",0,0.0,0,0,0,0,0,0,0,0,0,0,0,0
"48267","5","23","74","0","2025","A","",16,64,4441585,1091283,39166,1324,68862,"",1.29,1.03,1.43,1.43,3.69,1.37,1.38,"",-2,-11.1,-41,-39.0,-4180736,-48.5,-849272,-43.8,-49328,-55.7,-261,-16.5,-13583,-16.5
"48271","2","23","74","0","2025","A","N",1,0,0,0,0,0,0,"N",84.33,0,0,0,0,0,0,"N",0,0.0,0,0,0,0,0,0,0,0,0,0,0,0
"48271","3","23","74","0","2025","A","N",1,0,0,0,0,0,0,"N",36.79,0,0,0,0,0,0,"N",0,0.0,0,0,0,0,0,0,0,0,0,0,0,0
"48271","5","23","74","0","2025","A","N",1,0,0,0,0,0,0,"N",0.17,0,0,0,0,0,0,"N",-1,-50.0,0,0,0,0,0,0,0,0,0,0,0,0
"48273","2","23","74","0","2025","A","N",1,0,0,0,0,0,0,"N",10.49,0,0,0,0,0,0,"N",0,0.0,0,0,0,0,0,0,0,0,0,0,0,0
"48273","3","23","74","0","2025","A","",3,35,1607389,181672,1272,881,45816,"",13.73,4.04,3.86,18.59,24.02,0.95,0.95,"",0,0.0,-4,-10.3,-1420,-0.1,-26273,-12.6,-1431,-52.9,86,10.8,4476,10.8
"48273","5","23","74","0","2025","A","N",31,0,0,0,0,0,0,"N",0.64,0,0,0,0,0,0,"N",-1,-3.1,0,0,0,0,0,0,0,0,0,0,0,0
"48275","2","23","74","0","2025","A","N",1,0,0,0,0,0,0,"N",46.98,0,0,0,0,0,0,"N",0,0.0,0,0,0,0,0,0,0,0,0,0,0,0
"48275","3","23","74","0","2025","A","N",1,0,0,0,0,0,0,"N",20.50,0,0,0,0,0,0,"N",0,0.0,0,0,0,0,0,0,0,0,0,0,0,0
"48275","5","23","74","0","2025","A","N",6,0,0,0,0,0,0,"N",0.55,0,0,0,0,0,0,"N",-1,-14.3,0,0,0,0,0,0,0,0,0,0,0,0
"48277","2","23","74","0","2025","A","N",1,0,0,0,0,0,0,"N",4.90,0,0,0,0,0,0,"N",0,0.0,0,0,0,0,0,0,0,0,0,0,0,0
"48277","3","23","74","0","2025","A","N",2,0,0,0,0,0,0,"N",4.28,0,0,0,0,0,0,"N",0,0.0,0,0,0,0,0,0,0,0,0,0,0,0
"48277","5","23","74","0","2025","A","",145,1357,99453040,18422174,352949,1410,73307,"",1.39,1.16,1.46,1.11,0.84,1.26,1.26,"",-7,-4.6,-55,-3.9,1459528,1.5,-138297,-0.7,-68128,-16.2,75,5.6,3911,5.6
"48279","2","23","74","0","2025","A","N",1,0,0,0,0,0,0,"N",16.20,0,0,0,0,0,0,"N",0,0.0,0,0,0,0,0,0,0,0,0,0,0,0
"48279","3","23","74","0","2025","A","N",1,0,0,0,0,0,0,"N",7.07,0,0,0,0,0,0,"N",0,0.0,0,0,0,0,0,0,0,0,0,0,0,0
"48279","5","23","74","0","2025","A","N",18,0,0,0,0,0,0,"N",0.57,0,0,0,0,0,0,"N",0,0.0,0,0,0,0,0,0,0,0,0,0,0,0
"48281","2","23","74","0","2025","A","N",1,0,0,0,0,0,0,"N",13.15,0,0,0,0,0,0,"N",0,0.0,0,0,0,0,0,0,0,0,0,0,0,0
"48281","3","23","74","0","2025","A","N",1,0,0,0,0,0,0,"N",5.74,0,0,0,0,0,0,"N",0,0.0,0,0,0,0,0,0,0,0,0,0,0,0
"48281","5","23","74","0","2025","A","",106,682,38953857,7669524,104276,1098,57096,"",2.73,2.22,2.26,1.91,1.09,1.02,1.02,"",-4,-3.6,-10,-1.4,2777033,7.7,-408745,-5.1,-40175,-27.8,93,9.3,4817,9.2
"48283","2","23","74","0","2025","A","N",1,0,0,0,0,0,0,"N",34.44,0,0,0,0,0,0,"N",0,0.0,0,0,0,0,0,0,0,0,0,0,0,0
"48283","3","23","74","0","2025","A","N",1,0,0,0,0,0,0,"N",15.03,0,0,0,0,0,0,"N",0,0.0,0,0,0,0,0,0,0,0,0,0,0,0
"48283","5","23","74","0","2025","A","N",7,0,0,0,0,0,0,"N",0.47,0,0,0,0,0,0,"N",1,16.7,0,0,0,0,0,0,0,0,0,0,0,0
"48285","2","23","74","0","2025","A","N",1,0,0,0,0,0,0,"N",13.34,0,0,0,0,0,0,"N",0,0.0,0,0,0,0,0,0,0,0,0,0,0,0
"48285","3","23","74","0","2025","A","N",1,0,0,0,0,0,0,"N",5.82,0,0,0,0,0,0,"N",0,0.0,0,0,0,0,0,0,0,0,0,0,0,0
"48285","5","23","74","0","2025","A","",54,346,25717072,4127385,45054,1430,74381,"",1.41,1.09,1.47,1.15,0.82,1.35,1.35,"",0,0.0,-63,-15.4,-7516181,-22.6,-1530062,-27.0,1830,4.2,-133,-8.5,-6890,-8.5
"48287","2","23","74","0","2025","A","N",1,0,0,0,0,0,0,"N",14.30,0,0,0,0,0,0,"N",0,0.0,0,0,0,0,0,0,0,0,0,0,0,0
"48287","3","23","74","0","2025","A","N",1,0,0,0,0,0,0,"N",6.24,0,0,0,0,0,0,"N",0,0.0,0,0,0,0,0,0,0,0,0,0,0,0
"48287","5","23","74","0","2025","A","",60,2469,216644744,38589785,2122448,1687,87734,"",1.68,5.82,7.42,5.92,6.70,1.27,1.27,"",-2,-3.2,131,5.6,8557279,4.1,4507420,13.2,266099,14.3,-24,-1.4,-1249,-1.4
"48289","2","23","74","0","2025","A","N",1,0,0,0,0,0,0,"N",15.74,0,0,0,0,0,0,"N",0,0.0,0,0,0,0,0,0,0,0,0,0,0,0
"48289","3","23","74","0","2025","A","N",1,0,0,0,0,0,0,"N",6.87,0,0,0,0,0,0,"N",0,0.0,0,0,0,0,0,0,0,0,0,0,0,0
"48289","5","23","74","0","2025","A","",46,2109,172270745,34354527,522178,1571,81684,"",1.42,6.44,6.56,6.43,5.45,1.02,1.02,"",-3,-6.1,164,8.4,27162874,18.7,4351890,14.5,17624,3.5,136,9.5,7082,9.5
"48291","2","23","74","0","2025","A","N",1,0,0,0,0,0,0,"N",4.99,0,0,0,0,0,0,"N",0,0.0,0,0,0,0,0,0,0,0,0,0,0,0
"48291","3","23","74","0","2025","A","N",2,0,0,0,0,0,0,"N",4.36,0,0,0,0,0,0,"N",0,0.0,0,0,0,0,0,0,0,0,0,0,0,0
"48291","5","23","74","0","2025","A","",153,2371,198692943,36459153,1460604,1612,83810,"",1.50,2.20,2.97,2.75,3.77,1.35,1.35,"",8,5.5,125,5.6,17104588,9.4,1024034,2.9,2518,0.2,57,3.7,2960,3.7
"48293","2","23","74","0","2025","A","N",1,0,0,0,0,0,0,"N",16.53,0,0,0,0,0,0,"N",0,0.0,0,0,0,0,0,0,0,0,0,0,0,0
"48293","3","23","74","0","2025","A","N",1,0,0,0,0,0,0,"N",7.21,0,0,0,0,0,0,"N",0,0.0,0,0,0,0,0,0,0,0,0,0,0,0
"48293","5","23","74","0","2025","A","",32,198,9528240,2512993,9250,924,48062,"",1.04,0.43,0.31,0.49,0.07,0.71,0.71,"",0,0.0,37,23.0,1784323,23.0,459569,22.4,-825,-8.2,-3,-0.3,-137,-0.3
"48295","2","23","74","0","2025","A","N",1,0,0,0,0,0,0,"N",72.28,0,0,0,0,0,0,"N",0,0.0,0,0,0,0,0,0,0,0,0,0,0,0
"48295","5","23","74","0","2025","A","N",6,0,0,0,0,0,0,"N",0.85,0,0,0,0,0,0,"N",-2,-25.0,0,0,0,0,0,0,0,0,0,0,0,0
"48297","2","23","74","0","2025","A","N",1,0,0,0,0,0,0,"N",21.49,0,0,0,0,0,0,"N",0,0.0,0,0,0,0,0,0,0,0,0,0,0,0
"48297","3","23","74","0","2025","A","",4,33,1375883,261905,1832,806,41905,"",37.52,12.85,8.72,73.23,93.96,0.68,0.68,"",0,0.0,0,0.0,592,0.0,-11982,-4.4,-1729,-48.6,13,1.6,646,1.6
"48297","5","23","74","0","2025","A","",18,114,7449395,1405164,39270,1261,65585,"",0.76,0.60,0.52,0.62,0.93,0.87,0.87,"",0,0.0,2,1.8,414153,5.9,19663,1.4,4766,13.8,54,4.5,2817,4.5
"48299","2","23","74","0","2025","A","N",1,0,0,0,0,0,0,"N",10.61,0,0,0,0,0,0,"N",0,0.0,0,0,0,0,0,0,0,0,0,0,0,0
"48299","3","23","74","0","2025","A","N",1,0,0,0,0,0,0,"N",4.63,0,0,0,0,0,0,"N",0,0.0,0,0,0,0,0,0,0,0,0,0,0,0
"48299","5","23","74","0","2025","A","",98,475,30042842,5437705,52145,1217,63259,"",2.04,1.57,1.67,1.34,0.90,1.06,1.06,"",-4,-3.9,-6,-1.2,1971136,7.0,-161835,-2.9,-3595,-6.4,95,8.5,4898,8.4
"48301","5","23","74","0","2025","A","N",2,0,0,0,0,0,0,"N",1.29,0,0,0,0,0,0,"N",1,100.0,0,0,0,0,0,0,0,0,0,0,0,0
"48303","2","23","74","0","2025","A","N",1,0,0,0,0,0,0,"N",0.80,0,0,0,0,0,0,"N",0,0.0,0,0,0,0,0,0,0,0,0,0,0,0
"48303","3","23","74","0","2025","A","N",2,0,0,0,0,0,0,"N",0.70,0,0,0,0,0,0,"N",0,0.0,0,0,0,0,0,0,0,0,0,0,0,0
"48303","5","23","74","0","2025","A","",828,7944,568421619,95703643,1153322,1376,71551,"",1.29,0.98,1.15,0.98,0.73,1.17,1.17,"",-27,-3.2,-62,-0.8,29296721,5.4,-1449929,-1.5,-160049,-12.2,81,6.3,4208,6.2
"48305","2","23","74","0","2025","A","N",1,0,0,0,0,0,0,"N",35.75,0,0,0,0,0,0,"N",0,0.0,0,0,0,0,0,0,0,0,0,0,0,0
"48305","3","23","74","0","2025","A","N",1,0,0,0,0,0,0,"N",15.60,0,0,0,0,0,0,"N",0,0.0,0,0,0,0,0,0,0,0,0,0,0,0
"48305","5","23","74","0","2025","A","N",6,0,0,0,0,0,0,"N",0.42,0,0,0,0,0,0,"N",-1,-14.3,0,0,0,0,0,0,0,0,0,0,0,0
"48307","2","23","74","0","2025","A","N",1,0,0,0,0,0,0,"N",24.27,0,0,0,0,0,0,"N",0,0.0,0,0,0,0,0,0,0,0,0,0,0,0
"48307","3","23","74","0","2025","A","N",1,0,0,0,0,0,0,"N",10.59,0,0,0,0,0,0,"N",0,0.0,0,0,0,0,0,0,0,0,0,0,0,0
"48307","5","23","74","0","2025","A","",26,65,2778755,833735,3267,823,42805,"",1.24,0.56,0.44,0.53,0.15,0.79,0.79,"",4,18.2,2,3.2,428907,18.3,121792,17.1,-1152,-26.1,105,14.6,5456,14.6
"48309","2","23","74","0","2025","A","N",1,0,0,0,0,0,0,"N",1.10,0,0,0,0,0,0,"N",0,0.0,0,0,0,0,0,0,0,0,0,0,0,0
"48309","3","23","74","0","2025","A","",4,147,9108607,0,0,1188,61788,"",1.93,1.68,1.87,0.00,0.00,1.11,1.11,"",0,0.0,2,1.4,699675,8.3,0,0.0,0,0.0,70,6.3,3662,6.3
"48309","5","23","74","0","2025","A","",597,8416,590035947,106571100,1316816,1348,70108,"",1.29,1.29,1.33,1.30,0.82,1.03,1.03,"",-1,-0.2,-73,-0.9,32505599,5.8,-598782,-0.6,-84728,-6.0,85,6.7,4431,6.7
"48311","2","23","74","0","2025","A","N",1,0,0,0,0,0,0,"N",78.30,0,0,0,0,0,0,"N",0,0.0,0,0,0,0,0,0,0,0,0,0,0,0
"48311","3","23","74","0","2025","A","N",1,0,0,0,0,0,0,"N",34.17,0,0,0,0,0,0,"N",0,0.0,0,0,0,0,0,0,0,0,0,0,0,0
"48311","5","23","74","0","2025","A","N",1,0,0,0,0,0,0,"N",0.15,0,0,0,0,0,0,"N",0,0.0,0,0,0,0,0,0,0,0,0,0,0,0
"48313","2","23","74","0","2025","A","N",1,0,0,0,0,0,0,"N",22.07,0,0,0,0,0,0,"N",0,0.0,0,0,0,0,0,0,0,0,0,0,0,0
"48313","3","23","74","0","2025","A","N",1,0,0,0,0,0,0,"N",9.63,0,0,0,0,0,0,"N",0,0.0,0,0,0,0,0,0,0,0,0,0,0,0
"48313","5","23","74","0","2025","A","",29,133,7203771,1693845,16728,1043,54232,"",1.26,0.57,0.53,0.63,0.23,0.93,0.93,"",3,11.5,17,14.7,1035352,16.8,127398,8.1,6504,63.6,20,2.0,1056,2.0
"48315","2","23","74","0","2025","A","N",1,0,0,0,0,0,0,"N",39.39,0,0,0,0,0,0,"N",0,0.0,0,0,0,0,0,0,0,0,0,0,0,0
"48315","5","23","74","0","2025","A","",11,103,11407447,2118391,44405,2135,111021,"",0.85,0.88,1.89,1.32,1.48,2.14,2.14,"",0,0.0,0,0.0,4355099,61.8,663350,45.6,23348,110.9,814,61.6,42329,61.6
"48317","2","23","74","0","2025","A","N",1,0,0,0,0,0,0,"N",26.85,0,0,0,0,0,0,"N",0,0.0,0,0,0,0,0,0,0,0,0,0,0,0
"48317","3","23","74","0","2025","A","N",1,0,0,0,0,0,0,"N",11.71,0,0,0,0,0,0,"N",0,0.0,0,0,0,0,0,0,0,0,0,0,0,0
"48317","5","23","74","0","2025","A","N",13,0,0,0,0,0,0,"N",0.68,0,0,0,0,0,0,"N",-3,-18.8,0,0,0,0,0,0,0,0,0,0,0,0
"48319","2","23","74","0","2025","A","N",1,0,0,0,0,0,0,"N",37.37,0,0,0,0,0,0,"N",0,0.0,0,0,0,0,0,0,0,0,0,0,0,0
"48319","5","23","74","0","2025","A","N",20,0,0,0,0,0,0,"N",1.47,0,0,0,0,0,0,"N",1,5.3,0,0,0,0,0,0,0,0,0,0,0,0
"48321","2","23","74","0","2025","A","N",1,0,0,0,0,0,0,"N",8.20,0,0,0,0,0,0,"N",0,0.0,0,0,0,0,0,0,0,0,0,0,0,0
"48321","3","23","74","0","2025","A","N",1,0,0,0,0,0,0,"N",3.58,0,0,0,0,0,0,"N",0,0.0,0,0,0,0,0,0,0,0,0,0,0,0
"48321","5","23","74","0","2025","A","",41,764,55473377,10902623,577677,1397,72641,"",0.66,1.25,1.23,1.38,2.68,0.98,0.98,"",1,2.5,245,47.2,13402313,31.9,1866692,20.7,114701,24.8,-163,-10.4,-8460,-10.4
"48323","2","23","74","0","2025","A","N",1,0,0,0,0,0,0,"N",6.90,0,0,0,0,0,0,"N",0,0.0,0,0,0,0,0,0,0,0,0,0,0,0
"48323","3","23","74","0","2025","A","N",3,0,0,0,0,0,0,"N",9.03,0,0,0,0,0,0,"N",0,0.0,0,0,0,0,0,0,0,0,0,0,0,0
"48323","5","23","74","0","2025","A","",54,245,13802166,2805330,41095,1082,56278,"",0.73,0.24,0.29,0.26,0.22,1.17,1.17,"",-2,-3.6,-33,-11.9,-904741,-6.2,-853509,-23.3,-167,-0.4,65,6.4,3375,6.4
"48325","2","23","74","0","2025","A","N",1,0,0,0,0,0,0,"N",7.23,0,0,0,0,0,0,"N",0,0.0,0,0,0,0,0,0,0,0,0,0,0,0
"48325","3","23","74","0","2025","A","N",3,0,0,0,0,0,0,"N",9.46,0,0,0,0,0,0,"N",0,0.0,0,0,0,0,0,0,0,0,0,0,0,0
"48325","5","23","74","0","2025","A","",116,1231,86206172,15244720,210412,1347,70025,"",1.64,2.04,2.57,2.33,2.05,1.26,1.26,"",6,5.5,82,7.1,11107444,14.8,1651687,12.2,70940,50.9,91,7.2,4689,7.2
"48327","3","23","74","0","2025","A","N",1,0,0,0,0,0,0,"N",35.87,0,0,0,0,0,0,"N",0,0.0,0,0,0,0,0,0,0,0,0,0,0,0
"48327","5","23","74","0","2025","A","",4,14,877096,132133,551,1249,64970,"",0.64,0.61,0.99,0.66,0.19,1.67,1.67,"",-1,-20.0,-2,-12.5,-67948,-7.2,-34176,-20.5,-361,-39.6,113,9.9,5905,10.0
"48329","2","23","74","0","2025","A","N",1,0,0,0,0,0,0,"N",1.03,0,0,0,0,0,0,"N",0,0.0,0,0,0,0,0,0,0,0,0,0,0,0
"48329","3","23","74","0","2025","A","N",2,0,0,0,0,0,0,"N",0.89,0,0,0,0,0,0,"N",0,0.0,0,0,0,0,0,0,0,0,0,0,0,0
"48329","5","23","74","0","2025","A","",498,8254,777962942,122105487,2412798,1813,94257,"",1.00,1.30,1.18,1.19,1.11,0.91,0.91,"",-3,-0.6,479,6.2,63419289,8.9,7309180,6.4,-89083,-3.6,46,2.6,2352,2.6
"48331","2","23","74","0","2025","A","N",1,0,0,0,0,0,0,"N",12.75,0,0,0,0,0,0,"N",0,0.0,0,0,0,0,0,0,0,0,0,0,0,0
"48331","3","23","74","0","2025","A","N",1,0,0,0,0,0,0,"N",5.56,0,0,0,0,0,0,"N",0,0.0,0,0,0,0,0,0,0,0,0,0,0,0
"48331","5","23","74","0","2025","A","",60,896,69467186,11432868,95882,1491,77523,"",1.50,2.75,3.53,2.80,1.53,1.28,1.28,"",4,7.1,25,2.9,4141496,6.3,843120,8.0,26955,39.1,48,3.3,2486,3.3
"48333","2","23","74","0","2025","A","N",1,0,0,0,0,0,0,"N",42.16,0,0,0,0,0,0,"N",0,0.0,0,0,0,0,0,0,0,0,0,0,0,0
"48333","5","23","74","0","2025","A","",21,84,3522239,921191,3750,806,41931,"",1.74,1.16,1.02,1.14,0.60,0.88,0.87,"",-1,-4.5,-1,-1.2,-74565,-2.1,14501,1.6,-1024,-21.4,-4,-0.5,-178,-0.4
"48335","2","23","74","0","2025","A","N",1,0,0,0,0,0,0,"N",35.55,0,0,0,0,0,0,"N",0,0.0,0,0,0,0,0,0,0,0,0,0,0,0
"48335","3","23","74","0","2025","A","N",1,0,0,0,0,0,0,"N",15.51,0,0,0,0,0,0,"N",0,0.0,0,0,0,0,0,0,0,0,0,0,0,0
"48335","5","23","74","0","2025","A","N",9,0,0,0,0,0,0,"N",0.63,0,0,0,0,0,0,"N",1,12.5,0,0,0,0,0,0,0,0,0,0,0,0
"48337","2","23","74","0","2025","A","N",1,0,0,0,0,0,0,"N",12.80,0,0,0,0,0,0,"N",0,0.0,0,0,0,0,0,0,0,0,0,0,0,0
"48337","3","23","74","0","2025","A","N",2,0,0,0,0,0,0,"N",11.17,0,0,0,0,0,0,"N",0,0.0,0,0,0,0,0,0,0,0,0,0,0,0
"48337","5","23","74","0","2025","A","",50,319,22164561,3925523,21571,1337,69518,"",1.25,1.25,1.63,1.28,0.49,1.30,1.30,"",-4,-7.4,6,1.9,2377970,12.0,179622,4.8,3923,22.2,120,9.9,6218,9.8
"48339","2","23","74","0","2025","A","N",1,0,0,0,0,0,0,"N",0.42,0,0,0,0,0,0,"N",0,0.0,0,0,0,0,0,0,0,0,0,0,0,0
"48339","3","23","74","0","2025","A","",3,327,22230001,2718367,19029,1307,67964,"",0.56,1.95,2.07,9.51,9.59,1.06,1.06,"",0,0.0,17,5.5,1388226,6.7,36112,1.3,-15839,-45.4,16,1.2,823,1.2
"48339","5","23","74","0","2025","A","",1473,20682,1826930984,302433947,7110928,1699,88336,"",1.23,1.66,1.86,1.66,1.65,1.12,1.12,"",35,2.4,5057,32.4,543880315,42.4,100455034,49.7,4045045,131.9,120,7.6,6219,7.6
"48341","2","23","74","0","2025","A","N",1,0,0,0,0,0,0,"N",12.27,0,0,0,0,0,0,"N",0,0.0,0,0,0,0,0,0,0,0,0,0,0,0
"48341","3","23","74","0","2025","A","N",2,0,0,0,0,0,0,"N",10.71,0,0,0,0,0,0,"N",0,0.0,0,0,0,0,0,0,0,0,0,0,0,0
"48341","5","23","74","0","2025","A","",46,442,32771031,5733390,74984,1425,74087,"",1.11,0.64,0.76,0.56,0.71,1.18,1.18,"",1,2.2,-89,-16.8,-5439451,-14.2,-1867212,-24.6,-124947,-62.5,41,3.0,2116,2.9
"48343","2","23","74","0","2025","A","N",1,0,0,0,0,0,0,"N",29.36,0,0,0,0,0,0,"N",0,0.0,0,0,0,0,0,0,0,0,0,0,0,0
"48343","5","23","74","0","2025","A","",18,81,6393177,1161880,22185,1521,79091,"",1.04,0.47,0.56,0.46,0.34,1.21,1.21,"",1,5.9,-26,-24.3,-1744610,-21.4,-143721,-11.0,-10275,-31.7,53,3.6,2740,3.6
"48345","2","23","74","0","2025","A","N",1,0,0,0,0,0,0,"N",106.09,0,0,0,0,0,0,"N",0,0.0,0,0,0,0,0,0,0,0,0,0,0,0
"48345","3","23","74","0","2025","A","N",1,0,0,0,0,0,0,"N",46.29,0,0,0,0,0,0,"N",0,0.0,0,0,0,0,0,0,0,0,0,0,0,0
"48345","5","23","74","0","2025","A","N",3,0,0,0,0,0,0,"N",0.62,0,0,0,0,0,0,"N",1,50.0,0,0,0,0,0,0,0,0,0,0,0,0
"48347","2","23","74","0","2025","A","N",1,0,0,0,0,0,0,"N",4.65,0,0,0,0,0,0,"N",0,0.0,0,0,0,0,0,0,0,0,0,0,0,0
"48347","3","23","74","0","2025","A","",3,48,2124283,0,0,857,44565,"",6.08,2.94,2.94,0.00,0.00,1.01,1.01,"",0,0.0,1,2.1,-41831,-1.9,0,0.0,0,0.0,-26,-2.9,-1360,-3.0
"48347","5","23","74","0","2025","A","",93,953,60588569,11226843,90512,1223,63582,"",0.85,0.79,0.92,0.81,0.45,1.17,1.17,"",1,1.1,80,9.2,8734287,16.8,613630,5.8,-23861,-20.9,81,7.1,4207,7.1
"48349","2","23","74","0","2025","A","N",1,0,0,0,0,0,0,"N",6.45,0,0,0,0,0,0,"N",0,0.0,0,0,0,0,0,0,0,0,0,0,0,0
"48349","3","23","74","0","2025","A","N",2,0,0,0,0,0,0,"N",5.63,0,0,0,0,0,0,"N",0,0.0,0,0,0,0,0,0,0,0,0,0,0,0
"48349","5","23","74","0","2025","A","",91,1465,100223670,18585303,361324,1315,68404,"",1.15,1.65,2.03,1.57,1.52,1.23,1.24,"",-5,-5.2,197,15.5,18917976,23.3,1226579,7.1,-104651,-22.5,82,6.7,4308,6.7
"48351","2","23","74","0","2025","A","N",1,0,0,0,0,0,0,"N",48.36,0,0,0,0,0,0,"N",0,0.0,0,0,0,0,0,0,0,0,0,0,0,0
"48351","3","23","74","0","2025","A","N",1,0,0,0,0,0,0,"N",21.10,0,0,0,0,0,0,"N",0,0.0,0,0,0,0,0,0,0,0,0,0,0,0
"48351","5","23","74","0","2025","A","N",10,0,0,0,0,0,0,"N",0.95,0,0,0,0,0,0,"N",4,66.7,0,0,0,0,0,0,0,0,0,0,0,0
"48353","2","23","74","0","2025","A","N",1,0,0,0,0,0,0,"N",15.74,0,0,0,0,0,0,"N",0,0.0,0,0,0,0,0,0,0,0,0,0,0,0
"48353","3","23","74","0","2025","A","N",2,0,0,0,0,0,0,"N",13.73,0,0,0,0,0,0,"N",0,0.0,0,0,0,0,0,0,0,0,0,0,0,0
"48353","5","23","74","0","2025","A","",25,251,20375336,3272763,67589,1563,81258,"",0.77,0.77,0.96,0.82,0.81,1.26,1.26,"",-3,-10.7,-49,-16.3,-4042894,-16.6,-598034,-15.4,-28188,-29.4,-1,-0.1,-68,-0.1
"48355","2","23","74","0","2025","A","N",1,0,0,0,0,0,0,"N",0.78,0,0,0,0,0,0,"N",0,0.0,0,0,0,0,0,0,0,0,0,0,0,0
"48355","3","23","74","0","2025","A","",3,219,12490703,111943,784,1095,56948,"",1.02,1.85,1.93,0.60,0.51,1.04,1.04,"",0,0.0,9,4.3,705993,6.0,-5187,-4.4,-739,-48.5,18,1.7,919,1.6
"48355","5","23","74","0","2025","A","",646,19253,1680179190,292263454,11734336,1678,87270,"",0.99,2.19,2.84,2.47,3.53,1.30,1.30,"",-18,-2.7,2946,18.1,289966887,20.9,5136274,1.8,-2588849,-18.1,39,2.4,2017,2.4
"48357","2","23","74","0","2025","A","N",1,0,0,0,0,0,0,"N",17.04,0,0,0,0,0,0,"N",0,0.0,0,0,0,0,0,0,0,0,0,0,0,0
"48357","3","23","74","0","2025","A","N",2,0,0,0,0,0,0,"N",14.87,0,0,0,0,0,0,"N",0,0.0,0,0,0,0,0,0,0,0,0,0,0,0
"48357","5","23","74","0","2025","A","",28,182,10978177,1997421,22920,1157,60154,"",0.94,0.84,0.82,0.72,0.78,0.98,0.98,"",-4,-12.5,-14,-7.1,-851836,-7.2,-303820,-13.2,-5285,-18.7,-1,-0.1,-50,-0.1
"48359","2","23","74","0","2025","A","N",1,0,0,0,0,0,0,"N",71.49,0,0,0,0,0,0,"N",0,0.0,0,0,0,0,0,0,0,0,0,0,0,0
"48359","3","23","74","0","2025","A","N",1,0,0,0,0,0,0,"N",31.20,0,0,0,0,0,0,"N",0,0.0,0,0,0,0,0,0,0,0,0,0,0,0
"48359","5","23","74","0","2025","A","N",4,0,0,0,0,0,0,"N",0.56,0,0,0,0,0,0,"N",0,0.0,0,0,0,0,0,0,0,0,0,0,0,0
"48361","2","23","74","0","2025","A","N",1,0,0,0,0,0,0,"N",4.53,0,0,0,0,0,0,"N",0,0.0,0,0,0,0,0,0,0,0,0,0,0,0
"48361","3","23","74","0","2025","A","",3,75,3728500,94323,660,957,49769,"",5.93,4.15,3.45,3.00,2.13,0.83,0.83,"",0,0.0,0,0.0,-77602,-2.0,-25964,-21.6,-904,-57.8,-23,-2.3,-1206,-2.4
"48361","5","23","74","0","2025","A","",139,2776,237334951,43898464,1971790,1644,85485,"",1.23,2.06,2.41,2.19,2.93,1.17,1.17,"",1,0.7,365,15.1,35860204,17.8,2929708,7.2,13118,0.7,37,2.3,1912,2.3
"48363","2","23","74","0","2025","A","N",1,0,0,0,0,0,0,"N",8.94,0,0,0,0,0,0,"N",0,0.0,0,0,0,0,0,0,0,0,0,0,0,0
"48363","3","23","74","0","2025","A","N",2,0,0,0,0,0,0,"N",7.80,0,0,0,0,0,0,"N",0,0.0,0,0,0,0,0,0,0,0,0,0,0,0
"48363","5","23","74","0","2025","A","",71,374,21362606,4352137,37529,1100,57183,"",1.24,0.83,0.88,0.78,0.48,1.06,1.06,"",0,0.0,-26,-6.5,1027335,5.1,-116978,-2.6,163,0.4,123,12.6,6398,12.6
"48365","2","23","74","0","2025","A","N",1,0,0,0,0,0,0,"N",12.07,0,0,0,0,0,0,"N",0,0.0,0,0,0,0,0,0,0,0,0,0,0,0
"48365","3","23","74","0","2025","A","N",2,0,0,0,0,0,0,"N",10.53,0,0,0,0,0,0,"N",0,0.0,0,0,0,0,0,0,0,0,0,0,0,0
"48365","5","23","74","0","2025","A","",50,1166,93435659,22135009,500783,1542,80168,"",1.18,2.86,3.41,3.45,3.08,1.19,1.19,"",-1,-2.0,123,11.8,15180615,19.4,3788819,20.7,-72507,-12.6,99,6.9,5115,6.8
"48367","2","23","74","0","2025","A","N",1,0,0,0,0,0,0,"N",1.71,0,0,0,0,0,0,"N",0,0.0,0,0,0,0,0,0,0,0,0,0,0,0
"48367","3","23","74","0","2025","A","N",2,0,0,0,0,0,0,"N",1.49,0,0,0,0,0,0,"N",0,0.0,0,0,0,0,0,0,0,0,0,0,0,0
"48367","5","23","74","0","2025","A","",534,3845,303952155,49517236,706320,1520,79051,"",1.79,1.69,2.10,1.53,1.26,1.24,1.24,"",18,3.5,-52,-1.3,8061213,2.7,203325,0.4,60040,9.3,60,4.1,3130,4.1
"48369","2","23","74","0","2025","A","N",1,0,0,0,0,0,0,"N",19.29,0,0,0,0,0,0,"N",0,0.0,0,0,0,0,0,0,0,0,0,0,0,0
"48369","3","23","74","0","2025","A","N",1,0,0,0,0,0,0,"N",8.42,0,0,0,0,0,0,"N",0,0.0,0,0,0,0,0,0,0,0,0,0,0,0
"48369","5","23","74","0","2025","A","N",25,0,0,0,0,0,0,"N",0.95,0,0,0,0,0,0,"N",0,0.0,0,0,0,0,0,0,0,0,0,0,0,0
"48371","2","23","74","0","2025","A","N",1,0,0,0,0,0,0,"N",14.85,0,0,0,0,0,0,"N",0,0.0,0,0,0,0,0,0,0,0,0,0,0,0
"48371","3","23","74","0","2025","A","N",1,0,0,0,0,0,0,"N",6.48,0,0,0,0,0,0,"N",0,0.0,0,0,0,0,0,0,0,0,0,0,0,0
"48371","5","23","74","0","2025","A","",27,402,39214822,5917289,71840,1874,97448,"",0.79,1.40,1.93,1.66,1.19,1.37,1.37,"",-3,-10.0,42,11.7,7299404,22.9,579861,10.9,-27698,-27.8,169,9.9,8774,9.9
"48373","2","23","74","0","2025","A","N",1,0,0,0,0,0,0,"N",6.90,0,0,0,0,0,0,"N",0,0.0,0,0,0,0,0,0,0,0,0,0,0,0
"48373","3","23","74","0","2025","A","N",1,0,0,0,0,0,0,"N",3.01,0,0,0,0,0,0,"N",0,0.0,0,0,0,0,0,0,0,0,0,0,0,0
"48373","5","23","74","0","2025","A","N",92,0,0,0,0,0,0,"N",1.25,0,0,0,0,0,0,"N",5,5.7,0,0,0,0,0,0,0,0,0,0,0,0
"48375","2","23","74","0","2025","A","N",1,0,0,0,0,0,0,"N",1.64,0,0,0,0,0,0,"N",0,0.0,0,0,0,0,0,0,0,0,0,0,0,0
"48375","3","23","74","0","2025","A","N",2,0,0,0,0,0,0,"N",1.43,0,0,0,0,0,0,"N",0,0.0,0,0,0,0,0,0,0,0,0,0,0,0
"48375","5","23","74","0","2025","A","",355,4070,275178069,48644830,503820,1300,67607,"",1.14,0.98,1.00,0.88,0.57,1.02,1.02,"",-16,-4.3,-26,-0.6,12869911,4.9,-80588,-0.2,-13647,-2.6,68,5.5,3559,5.6
"48377","2","23","74","0","2025","A","N",1,0,0,0,0,0,0,"N",33.05,0,0,0,0,0,0,"N",0,0.0,0,0,0,0,0,0,0,0,0,0,0,0
"48377","3","23","74","0","2025","A","N",1,0,0,0,0,0,0,"N",14.42,0,0,0,0,0,0,"N",0,0.0,0,0,0,0,0,0,0,0,0,0,0,0
"48377","5","23","74","0","2025","A","N",8,0,0,0,0,0,0,"N",0.52,0,0,0,0,0,0,"N",1,14.3,0,0,0,0,0,0,0,0,0,0,0,0
"48379","2","23","74","0","2025","A","N",1,0,0,0,0,0,0,"N",25.10,0,0,0,0,0,0,"N",0,0.0,0,0,0,0,0,0,0,0,0,0,0,0
"48379","3","23","74","0","2025","A","N",1,0,0,0,0,0,0,"N",10.95,0,0,0,0,0,0,"N",0,0.0,0,0,0,0,0,0,0,0,0,0,0,0
"48379","5","23","74","0","2025","A","",40,257,16321437,3433089,75733,1221,63508,"",1.97,2.15,2.83,2.38,2.86,1.32,1.32,"",-1,-2.4,4,1.6,1942596,13.5,355193,11.5,12339,19.5,127,11.6,6618,11.6
"48381","2","23","74","0","2025","A","N",1,0,0,0,0,0,0,"N",2.40,0,0,0,0,0,0,"N",0,0.0,0,0,0,0,0,0,0,0,0,0,0,0
"48381","3","23","74","0","2025","A","N",1,0,0,0,0,0,0,"N",1.05,0,0,0,0,0,0,"N",0,0.0,0,0,0,0,0,0,0,0,0,0,0,0
"48381","5","23","74","0","2025","A","",344,3055,233882676,39071671,429903,1472,76551,"",1.62,1.55,1.97,1.44,1.15,1.27,1.27,"",-2,-0.6,175,6.1,28663747,14.0,2662815,7.3,-95315,-18.1,102,7.4,5299,7.4
"48383","2","23","74","0","2025","A","N",1,0,0,0,0,0,0,"N",43.85,0,0,0,0,0,0,"N",0,0.0,0,0,0,0,0,0,0,0,0,0,0,0
"48383","3","23","74","0","2025","A","N",1,0,0,0,0,0,0,"N",19.13,0,0,0,0,0,0,"N",0,0.0,0,0,0,0,0,0,0,0,0,0,0,0
"48383","5","23","74","0","2025","A","N",7,0,0,0,0,0,0,"N",0.60,0,0,0,0,0,0,"N",-1,-12.5,0,0,0,0,0,0,0,0,0,0,0,0
"48385","2","23","74","0","2025","A","N",1,0,0,0,0,0,0,"N",62.64,0,0,0,0,0,0,"N",0,0.0,0,0,0,0,0,0,0,0,0,0,0,0
"48385","5","23","74","0","2025","A","",8,25,928036,278116,696,716,37246,"",0.98,0.56,0.48,0.51,0.09,0.86,0.86,"",-2,-20.0,3,13.6,160531,20.9,41538,17.6,-845,-54.8,40,5.9,2093,6.0
"48387","2","23","74","0","2025","A","N",1,0,0,0,0,0,0,"N",26.96,0,0,0,0,0,0,"N",0,0.0,0,0,0,0,0,0,0,0,0,0,0,0
"48387","5","23","74","0","2025","A","",20,197,14246035,3174040,94029,1391,72315,"",1.06,1.37,1.96,1.71,2.38,1.43,1.43,"",0,0.0,43,27.9,3896287,37.6,987558,45.2,29151,44.9,94,7.2,4890,7.3
"48389","2","23","74","0","2025","A","N",1,0,0,0,0,0,0,"N",12.95,0,0,0,0,0,0,"N",0,0.0,0,0,0,0,0,0,0,0,0,0,0,0
"48389","3","23","74","0","2025","A","",5,66,4274366,98164,686,1253,65175,"",28.25,11.66,10.64,10.47,8.72,0.92,0.92,"",0,0.0,2,3.1,-879380,-17.1,-974,-1.0,-602,-46.7,-308,-19.7,-15986,-19.7
"48389","5","23","74","0","2025","A","N",36,0,0,0,0,0,0,"N",0.91,0,0,0,0,0,0,"N",2,5.9,0,0,0,0,0,0,0,0,0,0,0,0
"48391","2","23","74","0","2025","A","N",1,0,0,0,0,0,0,"N",32.24,0,0,0,0,0,0,"N",0,0.0,0,0,0,0,0,0,0,0,0,0,0,0
"48391","3","23","74","0","2025","A","N",1,0,0,0,0,0,0,"N",14.07,0,0,0,0,0,0,"N",0,0.0,0,0,0,0,0,0,0,0,0,0,0,0
"48391","5","23","74","0","2025","A","",18,274,16513046,3637441,42402,1157,60157,"",1.14,2.40,2.58,2.96,2.04,1.08,1.08,"",0,0.0,-35,-11.3,-1795303,-9.8,-185205,-4.8,3652,9.4,18,1.6,907,1.5
"48393","3","23","74","0","2025","A","N",1,0,0,0,0,0,0,"N",63.78,0,0,0,0,0,0,"N",0,0.0,0,0,0,0,0,0,0,0,0,0,0,0
"48393","5","23","74","0","2025","A","N",3,0,0,0,0,0,0,"N",0.86,0,0,0,0,0,0,"N",1,50.0,0,0,0,0,0,0,0,0,0,0,0,0
"48395","2","23","74","0","2025","A","N",1,0,0,0,0,0,0,"N",16.65,0,0,0,0,0,0,"N",0,0.0,0,0,0,0,0,0,0,0,0,0,0,0
"48395","3","23","74","0","2025","A","N",1,0,0,0,0,0,0,"N",7.27,0,0,0,0,0,0,"N",0,0.0,0,0,0,0,0,0,0,0,0,0,0,0
"48395","5","23","74","0","2025","A","",42,585,39279032,8574523,119235,1290,67096,"",1.37,1.96,1.96,2.08,1.95,1.00,1.00,"",4,10.5,127,27.7,10805633,37.9,2456613,40.2,24852,26.3,95,7.9,4972,8.0
"48397","3","23","74","0","2025","A","N",2,0,0,0,0,0,0,"N",1.68,0,0,0,0,0,0,"N",0,0.0,0,0,0,0,0,0,0,0,0,0,0,0
"48397","5","23","74","0","2025","A","",396,3702,304519707,49097336,604829,1582,82264,"",1.49,1.60,2.05,1.49,0.97,1.28,1.28,"",0,0.0,507,15.9,49353209,19.3,7427874,17.8,136099,29.0,46,3.0,2391,3.0
"48399","2","23","74","0","2025","A","N",1,0,0,0,0,0,0,"N",24.36,0,0,0,0,0,0,"N",0,0.0,0,0,0,0,0,0,0,0,0,0,0,0
"48399","3","23","74","0","2025","A","N",1,0,0,0,0,0,0,"N",10.63,0,0,0,0,0,0,"N",0,0.0,0,0,0,0,0,0,0,0,0,0,0,0
"48399","5","23","74","0","2025","A","",24,232,27248661,3113555,23737,2262,117620,"",1.15,1.42,2.91,1.63,1.06,2.05,2.06,"",0,0.0,54,30.3,5035952,22.7,946167,43.7,-3644,-13.3,-132,-5.5,-6879,-5.5
"48401","2","23","74","0","2025","A","N",1,0,0,0,0,0,0,"N",7.58,0,0,0,0,0,0,"N",0,0.0,0,0,0,0,0,0,0,0,0,0,0,0
"48401","3","23","74","0","2025","A","N",2,0,0,0,0,0,0,"N",6.61,0,0,0,0,0,0,"N",0,0.0,0,0,0,0,0,0,0,0,0,0,0,0
"48401","5","23","74","0","2025","A","",70,1092,55857463,11227366,260666,984,51144,"",1.04,1.55,1.31,1.29,1.53,0.85,0.85,"",-8,-10.3,-73,-6.3,-5995132,-9.7,-1877186,-14.3,-67485,-20.6,-37,-3.6,-1967,-3.7
"48403","2","23","74","0","2025","A","N",1,0,0,0,0,0,0,"N",30.59,0,0,0,0,0,0,"N",0,0.0,0,0,0,0,0,0,0,0,0,0,0,0
"48403","3","23","74","0","2025","A","N",1,0,0,0,0,0,0,"N",13.35,0,0,0,0,0,0,"N",0,0.0,0,0,0,0,0,0,0,0,0,0,0,0
"48403","5","23","74","0","2025","A","",20,201,7663040,1661867,21876,732,38061,"",1.20,1.55,1.17,1.04,0.80,0.75,0.75,"",4,25.0,21,11.7,108008,1.4,-212287,-11.3,-16424,-42.9,-73,-9.1,-3795,-9.1
"48405","2","23","74","0","2025","A","N",1,0,0,0,0,0,0,"N",43.27,0,0,0,0,0,0,"N",0,0.0,0,0,0,0,0,0,0,0,0,0,0,0
"48405","5","23","74","0","2025","A","",15,391,24235040,7298773,184905,1192,61969,"",1.27,3.73,3.91,4.33,4.25,1.05,1.05,"N",-1,-6.2,0,0,0,0,0,0,0,0,0,0,0,0
"48407","2","23","74","0","2025","A","N",1,0,0,0,0,0,0,"N",21.49,0,0,0,0,0,0,"N",0,0.0,0,0,0,0,0,0,0,0,0,0,0,0
"48407","3","23","74","0","2025","A","N",1,0,0,0,0,0,0,"N",9.38,0,0,0,0,0,0,"N",0,0.0,0,0,0,0,0,0,0,0,0,0,0,0
"48407","5","23","74","0","2025","A","",48,188,9522490,2300147,30568,974,50652,"",2.02,1.43,1.43,1.70,1.36,1.00,1.00,"",4,9.1,25,15.3,1060335,12.5,353063,18.1,4857,18.9,-25,-2.5,-1290,-2.5
"48409","2","23","74","0","2025","A","N",1,0,0,0,0,0,0,"N",5.44,0,0,0,0,0,0,"N",0,0.0,0,0,0,0,0,0,0,0,0,0,0,0
"48409","3","23","74","0","2025","A","",4,85,4024748,289110,2022,910,47304,"",9.49,5.57,4.58,11.37,10.33,0.82,0.82,"",0,0.0,7,9.0,17533,0.4,22355,8.4,-1446,-41.7,-81,-8.2,-4236,-8.2
"48409","5","23","74","0","2025","A","",101,3925,312291514,54860933,1350316,1530,79563,"",1.08,3.45,3.90,3.38,3.18,1.13,1.13,"",1,1.0,-121,-3.0,9115959,3.0,-2895972,-5.0,-29668,-2.1,89,6.2,4631,6.2
"48411","2","23","74","0","2025","A","N",1,0,0,0,0,0,0,"N",33.22,0,0,0,0,0,0,"N",0,0.0,0,0,0,0,0,0,0,0,0,0,0,0
"48411","3","23","74","0","2025","A","N",1,0,0,0,0,0,0,"N",14.49,0,0,0,0,0,0,"N",0,0.0,0,0,0,0,0,0,0,0,0,0,0,0
"48411","5","23","74","0","2025","A","N",15,0,0,0,0,0,0,"N",0.98,0,0,0,0,0,0,"N",-1,-6.2,0,0,0,0,0,0,0,0,0,0,0,0
"48413","3","23","74","0","2025","A","N",1,0,0,0,0,0,0,"N",32.99,0,0,0,0,0,0,"N",0,0.0,0,0,0,0,0,0,0,0,0,0,0,0
"48413","5","23","74","0","2025","A","N",7,0,0,0,0,0,0,"N",1.04,0,0,0,0,0,0,"N",0,0.0,0,0,0,0,0,0,0,0,0,0,0,0
"48415","2","23","74","0","2025","A","N",1,0,0,0,0,0,0,"N",14.02,0,0,0,0,0,0,"N",0,0.0,0,0,0,0,0,0,0,0,0,0,0,0
"48415","3","23","74","0","2025","A","N",1,0,0,0,0,0,0,"N",6.12,0,0,0,0,0,0,"N",0,0.0,0,0,0,0,0,0,0,0,0,0,0,0
"48415","5","23","74","0","2025","A","",34,319,23661135,4383452,26956,1425,74076,"",0.94,0.91,0.86,1.00,0.37,0.94,0.94,"",2,6.2,84,35.7,6446450,37.4,1206001,38.0,4660,20.9,19,1.4,952,1.3
"48417","2","23","74","0","2025","A","N",1,0,0,0,0,0,0,"N",47.32,0,0,0,0,0,0,"N",0,0.0,0,0,0,0,0,0,0,0,0,0,0,0
"48417","5","23","74","0","2025","A","N",9,0,0,0,0,0,0,"N",0.84,0,0,0,0,0,0,"N",4,80.0,0,0,0,0,0,0,0,0,0,0,0,0
"48419","2","23","74","0","2025","A","N",1,0,0,0,0,0,0,"N",10.75,0,0,0,0,0,0,"N",0,0.0,0,0,0,0,0,0,0,0,0,0,0,0
"48419","3","23","74","0","2025","A","",3,34,1703890,388137,2717,976,50736,"",14.07,5.45,5.78,35.54,46.16,1.07,1.07,"",0,0.0,0,0.0,19148,1.1,-14493,-3.6,-2515,-48.1,16,1.7,818,1.6
"48419","5","23","74","0","2025","A","",49,399,27755929,5421024,97286,1337,69506,"",1.03,0.86,1.03,0.78,0.76,1.20,1.20,"",-2,-3.9,-52,-11.5,991046,3.7,-500422,-8.5,20500,26.7,196,17.2,10182,17.2
"48421","2","23","74","0","2025","A","N",1,0,0,0,0,0,0,"N",50.60,0,0,0,0,0,0,"N",0,0.0,0,0,0,0,0,0,0,0,0,0,0,0
"48421","3","23","74","0","2025","A","N",1,0,0,0,0,0,0,"N",22.08,0,0,0,0,0,0,"N",0,0.0,0,0,0,0,0,0,0,0,0,0,0,0
"48421","5","23","74","0","2025","A","",7,20,1217750,327745,7877,1147,59645,"",0.69,0.35,0.36,0.43,0.75,1.01,1.01,"",1,16.7,-1,-4.8,-252671,-17.2,60724,22.7,1832,30.3,-184,-13.8,-9551,-13.8
"48423","2","23","74","0","2025","A","N",1,0,0,0,0,0,0,"N",0.96,0,0,0,0,0,0,"N",0,0.0,0,0,0,0,0,0,0,0,0,0,0,0
"48423","3","23","74","0","2025","A","N",3,0,0,0,0,0,0,"N",1.26,0,0,0,0,0,0,"N",0,0.0,0,0,0,0,0,0,0,0,0,0,0,0
"48423","5","23","74","0","2025","A","",630,5355,351434772,66889577,788290,1262,65623,"",1.19,0.88,0.89,0.81,0.53,1.02,1.02,"",-29,-4.4,72,1.4,19791186,6.0,1205266,1.8,106836,15.7,55,4.6,2850,4.5
"48425","5","23","74","0","2025","A","",27,278,28971274,4888190,125122,2001,104026,"",1.29,1.38,1.69,1.95,1.90,1.23,1.23,"",-4,-12.9,-69,-19.9,-1933364,-6.3,-1093182,-18.3,-11863,-8.7,287,16.7,14878,16.7
"48427","2","23","74","0","2025","A","N",1,0,0,0,0,0,0,"N",9.82,0,0,0,0,0,0,"N",0,0.0,0,0,0,0,0,0,0,0,0,0,0,0
"48427","3","23","74","0","2025","A","N",1,0,0,0,0,0,0,"N",4.28,0,0,0,0,0,0,"N",0,0.0,0,0,0,0,0,0,0,0,0,0,0,0
"48427","5","23","74","0","2025","A","",35,185,13493759,2135617,32756,1402,72906,"",0.67,0.23,0.38,0.29,0.25,1.62,1.62,"",4,12.9,15,8.8,1056301,8.5,40099,1.9,1910,6.2,-6,-0.4,-327,-0.4
"48429","2","23","74","0","2025","A","N",1,0,0,0,0,0,0,"N",21.15,0,0,0,0,0,0,"N",0,0.0,0,0,0,0,0,0,0,0,0,0,0,0
"48429","3","23","74","0","2025","A","N",2,0,0,0,0,0,0,"N",18.46,0,0,0,0,0,0,"N",0,0.0,0,0,0,0,0,0,0,0,0,0,0,0
"48429","5","23","74","0","2025","A","",37,280,16625664,3457428,28032,1141,59324,"",1.53,1.60,1.86,1.72,0.66,1.16,1.16,"",0,0.0,14,5.3,1502154,9.9,121414,3.6,2122,8.2,47,4.3,2433,4.3
"48431","2","23","74","0","2025","A","N",1,0,0,0,0,0,0,"N",78.30,0,0,0,0,0,0,"N",0,0.0,0,0,0,0,0,0,0,0,0,0,0,0
"48431","3","23","74","0","2025","A","N",1,0,0,0,0,0,0,"N",34.17,0,0,0,0,0,0,"N",0,0.0,0,0,0,0,0,0,0,0,0,0,0,0
"48431","5","23","74","0","2025","A","N",5,0,0,0,0,0,0,"N",0.77,0,0,0,0,0,0,"N",1,25.0,0,0,0,0,0,0,0,0,0,0,0,0
"48433","2","23","74","0","2025","A","N",1,0,0,0,0,0,0,"N",96.73,0,0,0,0,0,0,"N",0,0.0,0,0,0,0,0,0,0,0,0,0,0,0
"48433","3","23","74","0","2025","A","N",1,0,0,0,0,0,0,"N",42.21,0,0,0,0,0,0,"N",0,0.0,0,0,0,0,0,0,0,0,0,0,0,0
"48433","5","23","74","0","2025","A","",6,48,2678384,659273,19682,1066,55415,"",1.14,1.25,1.04,1.01,1.66,0.82,0.82,"",0,0.0,-10,-17.2,-545016,-16.9,-105839,-13.8,-1491,-7.0,-7,-0.7,-401,-0.7
"48435","2","23","74","0","2025","A","N",1,0,0,0,0,0,0,"N",41.89,0,0,0,0,0,0,"N",0,0.0,0,0,0,0,0,0,0,0,0,0,0,0
"48435","5","23","74","0","2025","A","",8,63,4660702,651222,2234,1430,74373,"",0.66,1.05,1.06,0.87,0.17,1.02,1.02,"",-2,-20.0,-12,-16.0,-1071397,-18.7,-90662,-12.2,-556,-19.9,-37,-2.5,-1886,-2.5
"48437","2","23","74","0","2025","A","N",1,0,0,0,0,0,0,"N",37.16,0,0,0,0,0,0,"N",0,0.0,0,0,0,0,0,0,0,0,0,0,0,0
"48437","5","23","74","0","2025","A","",11,43,1798837,466283,3645,798,41512,"",0.80,0.45,0.37,0.54,0.24,0.81,0.81,"",0,0.0,-11,-20.4,-372346,-17.1,-97855,-17.3,-345,-8.6,20,2.6,1055,2.6
"48439","2","23","74","0","2025","A","N",1,0,0,0,0,0,0,"N",0.13,0,0,0,0,0,0,"N",0,0.0,0,0,0,0,0,0,0,0,0,0,0,0
"48439","3","23","74","0","2025","A","",18,860,57755471,760729,5323,1291,67138,"",1.03,1.19,1.21,0.64,0.70,1.02,1.02,"",-1,-5.3,15,1.8,2801092,5.1,-68351,-8.2,-5451,-50.6,40,3.2,2078,3.2
"48439","5","23","74","0","2025","A","",3940,63903,5724532357,820912682,12525677,1723,89582,"",1.02,1.19,1.32,1.07,0.76,1.11,1.11,"",-40,-1.0,1472,2.4,240216960,4.4,20349491,2.5,-1734528,-12.2,34,2.0,1736,2.0
"48441","2","23","74","0","2025","A","N",1,0,0,0,0,0,0,"N",1.71,0,0,0,0,0,0,"N",0,0.0,0,0,0,0,0,0,0,0,0,0,0,0
"48441","3","23","74","0","2025","A","N",2,0,0,0,0,0,0,"N",1.49,0,0,0,0,0,0,"N",0,0.0,0,0,0,0,0,0,0,0,0,0,0,0
"48441","5","23","74","0","2025","A","",356,3680,267502801,50661188,1086691,1398,72693,"",1.19,1.01,1.17,1.08,1.21,1.16,1.16,"",-5,-1.4,424,13.0,55491053,26.2,3366589,7.1,415027,61.8,146,11.7,7574,11.6
"48443","2","23","74","0","2025","A","N",1,0,0,0,0,0,0,"N",137.03,0,0,0,0,0,0,"N",0,0.0,0,0,0,0,0,0,0,0,0,0,0,0
"48443","3","23","74","0","2025","A","N",1,0,0,0,0,0,0,"N",59.79,0,0,0,0,0,0,"N",0,0.0,0,0,0,0,0,0,0,0,0,0,0,0
"48443","5","23","74","0","2025","A","",4,9,708945,119334,839,1487,77339,"",1.07,0.65,0.75,1.43,0.63,1.13,1.13,"",-1,-20.0,1,12.5,77543,12.3,10816,10.0,-1751,-67.6,44,3.0,2321,3.1
"48445","2","23","74","0","2025","A","N",1,0,0,0,0,0,0,"N",18.79,0,0,0,0,0,0,"N",0,0.0,0,0,0,0,0,0,0,0,0,0,0,0
"48445","3","23","74","0","2025","A","N",1,0,0,0,0,0,0,"N",8.20,0,0,0,0,0,0,"N",0,0.0,0,0,0,0,0,0,0,0,0,0,0,0
"48445","5","23","74","0","2025","A","N",11,0,0,0,0,0,0,"N",0.41,0,0,0,0,0,0,"N",2,22.2,0,0,0,0,0,0,0,0,0,0,0,0
"48447","2","23","74","0","2025","A","N",1,0,0,0,0,0,0,"N",95.32,0,0,0,0,0,0,"N",0,0.0,0,0,0,0,0,0,0,0,0,0,0,0
"48447","3","23","74","0","2025","A","N",1,0,0,0,0,0,0,"N",41.59,0,0,0,0,0,0,"N",0,0.0,0,0,0,0,0,0,0,0,0,0,0,0
"48447","5","23","74","0","2025","A","N",4,0,0,0,0,0,0,"N",0.75,0,0,0,0,0,0,"N",-1,-20.0,0,0,0,0,0,0,0,0,0,0,0,0
"48449","2","23","74","0","2025","A","N",1,0,0,0,0,0,0,"N",7.91,0,0,0,0,0,0,"N",0,0.0,0,0,0,0,0,0,0,0,0,0,0,0
"48449","3","23","74","0","2025","A","N",2,0,0,0,0,0,0,"N",6.90,0,0,0,0,0,0,"N",0,0.0,0,0,0,0,0,0,0,0,0,0,0,0
"48449","5","23","74","0","2025","A","",56,584,47450524,7295019,82490,1562,81216,"",0.87,0.69,0.97,0.55,0.36,1.40,1.40,"",6,12.0,39,7.2,7906532,20.0,565244,8.4,32165,63.9,167,12.0,8658,11.9
"48451","2","23","74","0","2025","A","N",1,0,0,0,0,0,0,"N",2.16,0,0,0,0,0,0,"N",0,0.0,0,0,0,0,0,0,0,0,0,0,0,0
"48451","3","23","74","0","2025","A","N",2,0,0,0,0,0,0,"N",1.89,0,0,0,0,0,0,"N",0,0.0,0,0,0,0,0,0,0,0,0,0,0,0
"48451","5","23","74","0","2025","A","",316,2358,157360922,29182561,233229,1284,66747,"",1.34,0.89,0.95,0.96,0.47,1.07,1.07,"",-4,-1.2,-18,-0.8,2913703,1.9,241118,0.8,-19083,-7.6,34,2.7,1735,2.7
"48453","2","23","74","0","2025","A","N",2,0,0,0,0,0,0,"N",0.26,0,0,0,0,0,0,"N",0,0.0,0,0,0,0,0,0,0,0,0,0,0,0
"48453","3","23","74","0","2025","A","N",5,0,0,0,0,0,0,"N",0.28,0,0,0,0,0,0,"N",0,0.0,0,0,0,0,0,0,0,0,0,0,0,0
"48453","5","23","74","0","2025","A","",3320,52537,4891507958,662454001,12840189,1790,93106,"",0.83,1.06,0.91,0.92,0.63,0.86,0.86,"",-60,-1.8,1011,2.0,148669355,3.1,-534922,-0.1,-353422,-2.7,20,1.1,1058,1.1
"48455","2","23","74","0","2025","A","N",1,0,0,0,0,0,0,"N",28.85,0,0,0,0,0,0,"N",0,0.0,0,0,0,0,0,0,0,0,0,0,0,0
"48455","3","23","74","0","2025","A","N",1,0,0,0,0,0,0,"N",12.59,0,0,0,0,0,0,"N",0,0.0,0,0,0,0,0,0,0,0,0,0,0,0
"48455","5","23","74","0","2025","A","N",15,0,0,0,0,0,0,"N",0.85,0,0,0,0,0,0,"N",0,0.0,0,0,0,0,0,0,0,0,0,0,0,0
"48457","2","23","74","0","2025","A","N",1,0,0,0,0,0,0,"N",19.35,0,0,0,0,0,0,"N",0,0.0,0,0,0,0,0,0,0,0,0,0,0,0
"48457","3","23","74","0","2025","A","N",1,0,0,0,0,0,0,"N",8.44,0,0,0,0,0,0,"N",0,0.0,0,0,0,0,0,0,0,0,0,0,0,0
"48457","5","23","74","0","2025","A","",24,116,8543937,1295797,12803,1412,73444,"",0.91,0.54,0.73,0.62,0.38,1.36,1.36,"",1,4.3,-5,-4.1,-105791,-1.2,92921,7.7,-5960,-31.8,34,2.5,1811,2.5
"48459","2","23","74","0","2025","A","N",1,0,0,0,0,0,0,"N",11.34,0,0,0,0,0,0,"N",0,0.0,0,0,0,0,0,0,0,0,0,0,0,0
"48459","3","23","74","0","2025","A","N",1,0,0,0,0,0,0,"N",4.95,0,0,0,0,0,0,"N",0,0.0,0,0,0,0,0,0,0,0,0,0,0,0
"48459","5","23","74","0","2025","A","",70,809,53107707,10282562,113128,1262,65626,"",1.56,1.96,2.36,2.04,1.46,1.20,1.20,"",-3,-4.1,-41,-4.8,-3781795,-6.6,-364421,-3.4,-37807,-25.0,-25,-1.9,-1290,-1.9
"48461","2","23","74","0","2025","A","N",1,0,0,0,0,0,0,"N",51.79,0,0,0,0,0,0,"N",0,0.0,0,0,0,0,0,0,0,0,0,0,0,0
"48461","5","23","74","0","2025","A","",9,2105,183366358,28543475,950158,1675,87117,"",0.91,10.18,8.75,8.79,7.01,0.86,0.86,"",0,0.0,-98,-4.4,13980688,8.3,-3611810,-11.2,-29710,-3.0,196,13.3,10231,13.3
"48463","2","23","74","0","2025","A","N",1,0,0,0,0,0,0,"N",9.28,0,0,0,0,0,0,"N",0,0.0,0,0,0,0,0,0,0,0,0,0,0,0
"48463","3","23","74","0","2025","A","N",1,0,0,0,0,0,0,"N",4.05,0,0,0,0,0,0,"N",0,0.0,0,0,0,0,0,0,0,0,0,0,0,0
"48463","5","23","74","0","2025","A","",49,306,15512322,3792539,25461,975,50694,"",0.89,0.59,0.58,0.63,0.23,0.97,0.97,"",2,4.3,16,5.5,1315886,9.3,346367,10.1,-1364,-5.1,33,3.5,1699,3.5
"48465","2","23","74","0","2025","A","N",1,0,0,0,0,0,0,"N",7.21,0,0,0,0,0,0,"N",0,0.0,0,0,0,0,0,0,0,0,0,0,0,0
"48465","3","23","74","0","2025","A","N",2,0,0,0,0,0,0,"N",6.29,0,0,0,0,0,0,"N",0,0.0,0,0,0,0,0,0,0,0,0,0,0,0
"48465","5","23","74","0","2025","A","",56,360,18719908,4104880,52097,1000,51988,"",0.79,0.37,0.36,0.43,0.23,0.96,0.96,"",-6,-9.7,-4,-1.1,396600,2.2,-199942,-4.6,-13097,-20.1,31,3.2,1592,3.2
"48467","2","23","74","0","2025","A","N",1,0,0,0,0,0,0,"N",5.85,0,0,0,0,0,0,"N",0,0.0,0,0,0,0,0,0,0,0,0,0,0,0
"48467","3","23","74","0","2025","A","N",1,0,0,0,0,0,0,"N",2.55,0,0,0,0,0,0,"N",0,0.0,0,0,0,0,0,0,0,0,0,0,0,0
"48467","5","23","74","0","2025","A","",164,1104,68902263,14892661,252772,1200,62383,"",1.88,1.61,1.98,1.66,1.54,1.23,1.23,"",-2,-1.2,-5,-0.5,428195,0.6,508110,3.5,49536,24.4,12,1.0,630,1.0
"48469","2","23","74","0","2025","A","N",1,0,0,0,0,0,0,"N",2.75,0,0,0,0,0,0,"N",0,0.0,0,0,0,0,0,0,0,0,0,0,0,0
"48469","3","23","74","0","2025","A","",3,70,3777400,0,0,1033,53707,"",3.59,2.66,2.86,0.00,0.00,1.07,1.07,"",0,0.0,-4,-5.4,198650,5.6,0,0.0,0,0.0,99,10.6,5127,10.6
"48469","5","23","74","0","2025","A","",192,1959,137832276,23129948,426309,1353,70358,"",1.03,1.00,1.14,0.94,0.98,1.14,1.14,"",3,1.6,203,11.6,24338701,21.4,2218134,10.6,95235,28.8,110,8.8,5711,8.8
"48471","2","23","74","0","2025","A","N",1,0,0,0,0,0,0,"N",5.66,0,0,0,0,0,0,"N",0,0.0,0,0,0,0,0,0,0,0,0,0,0,0
"48471","3","23","74","0","2025","A","N",2,0,0,0,0,0,0,"N",4.94,0,0,0,0,0,0,"N",0,0.0,0,0,0,0,0,0,0,0,0,0,0,0
"48471","5","23","74","0","2025","A","N",122,0,0,0,0,0,0,"N",1.35,0,0,0,0,0,0,"N",6,5.2,0,0,0,0,0,0,0,0,0,0,0,0
"48473","2","23","74","0","2025","A","N",1,0,0,0,0,0,0,"N",5.62,0,0,0,0,0,0,"N",0,0.0,0,0,0,0,0,0,0,0,0,0,0,0
"48473","3","23","74","0","2025","A","N",1,0,0,0,0,0,0,"N",2.45,0,0,0,0,0,0,"N",0,0.0,0,0,0,0,0,0,0,0,0,0,0,0
"48473","5","23","74","0","2025","A","",152,1839,143480239,22890316,311711,1501,78038,"",1.67,1.24,1.41,1.13,0.78,1.13,1.13,"",7,4.8,127,7.4,15318748,12.0,1240615,5.7,50059,19.1,61,4.2,3163,4.2
"48475","2","23","74","0","2025","A","N",1,0,0,0,0,0,0,"N",16.74,0,0,0,0,0,0,"N",0,0.0,0,0,0,0,0,0,0,0,0,0,0,0
"48475","3","23","74","0","2025","A","N",1,0,0,0,0,0,0,"N",7.30,0,0,0,0,0,0,"N",0,0.0,0,0,0,0,0,0,0,0,0,0,0,0
"48475","5","23","74","0","2025","A","",30,928,92562032,15892281,365437,1918,99726,"",0.98,2.75,2.97,2.94,2.93,1.08,1.08,"",-4,-11.8,-239,-20.5,-14499491,-13.5,-2540772,-13.8,48213,15.2,154,8.7,7979,8.7
"48477","2","23","74","0","2025","A","N",1,0,0,0,0,0,0,"N",6.06,0,0,0,0,0,0,"N",0,0.0,0,0,0,0,0,0,0,0,0,0,0,0
"48477","3","23","74","0","2025","A","N",2,0,0,0,0,0,0,"N",5.29,0,0,0,0,0,0,"N",0,0.0,0,0,0,0,0,0,0,0,0,0,0,0
"48477","5","23","74","0","2025","A","N",118,0,0,0,0,0,0,"N",1.40,0,0,0,0,0,0,"N",6,5.4,0,0,0,0,0,0,0,0,0,0,0,0
"48479","2","23","74","0","2025","A","N",1,0,0,0,0,0,0,"N",1.10,0,0,0,0,0,0,"N",0,0.0,0,0,0,0,0,0,0,0,0,0,0,0
"48479","3","23","74","0","2025","A","N",2,0,0,0,0,0,0,"N",0.96,0,0,0,0,0,0,"N",0,0.0,0,0,0,0,0,0,0,0,0,0,0,0
"48479","5","23","74","0","2025","A","",306,2276,129413306,27679644,381874,1093,56860,"",0.66,0.39,0.44,0.38,0.35,1.11,1.11,"",8,2.7,246,12.1,25113306,24.1,3986556,16.8,79306,26.2,105,10.6,5474,10.7
"48481","2","23","74","0","2025","A","N",1,0,0,0,0,0,0,"N",5.74,0,0,0,0,0,0,"N",0,0.0,0,0,0,0,0,0,0,0,0,0,0,0
"48481","3","23","74","0","2025","A","N",2,0,0,0,0,0,0,"N",5.01,0,0,0,0,0,0,"N",0,0.0,0,0,0,0,0,0,0,0,0,0,0,0
"48481","5","23","74","0","2025","A","",92,806,52351296,10245375,272539,1248,64912,"",1.04,0.94,1.05,0.92,1.29,1.12,1.12,"",-3,-3.2,123,18.0,13681379,35.4,3109651,43.6,166520,157.1,159,14.6,8294,14.6
"48483","2","23","74","0","2025","A","N",1,0,0,0,0,0,0,"N",33.73,0,0,0,0,0,0,"N",0,0.0,0,0,0,0,0,0,0,0,0,0,0,0
"48483","3","23","74","0","2025","A","N",1,0,0,0,0,0,0,"N",14.72,0,0,0,0,0,0,"N",0,0.0,0,0,0,0,0,0,0,0,0,0,0,0
"48483","5","23","74","0","2025","A","",10,38,2268118,488981,3680,1148,59687,"",0.66,0.43,0.50,0.50,0.29,1.17,1.17,"",0,0.0,3,8.6,421611,22.8,50064,11.4,-3066,-45.4,141,14.0,7304,13.9
"48485","2","23","74","0","2025","A","N",1,0,0,0,0,0,0,"N",2.01,0,0,0,0,0,0,"N",0,0.0,0,0,0,0,0,0,0,0,0,0,0,0
"48485","3","23","74","0","2025","A","",5,190,10437523,0,0,1054,54814,"",4.39,5.08,5.85,0.00,0.00,1.15,1.15,"",0,0.0,-2,-1.0,524387,5.3,0,0.0,0,0.0,63,6.4,3295,6.4
"48485","5","23","74","0","2025","A","",234,1817,109570828,21161865,306631,1160,60314,"",0.92,0.65,0.67,0.67,0.61,1.03,1.03,"",-15,-6.0,42,2.4,5335000,5.1,24725,0.1,52549,20.7,31,2.7,1581,2.7
"48487","2","23","74","0","2025","A","N",1,0,0,0,0,0,0,"N",19.69,0,0,0,0,0,0,"N",0,0.0,0,0,0,0,0,0,0,0,0,0,0,0
"48487","3","23","74","0","2025","A","N",2,0,0,0,0,0,0,"N",17.19,0,0,0,0,0,0,"N",1,100.0,0,0,0,0,0,0,0,0,0,0,0,0
"48487","5","23","74","0","2025","A","N",21,0,0,0,0,0,0,"N",0.81,0,0,0,0,0,0,"N",-5,-19.2,0,0,0,0,0,0,0,0,0,0,0,0
"48489","2","23","74","0","2025","A","N",1,0,0,0,0,0,0,"N",21.78,0,0,0,0,0,0,"N",0,0.0,0,0,0,0,0,0,0,0,0,0,0,0
"48489","3","23","74","0","2025","A","N",2,0,0,0,0,0,0,"N",19.01,0,0,0,0,0,0,"N",0,0.0,0,0,0,0,0,0,0,0,0,0,0,0
"48489","5","23","74","0","2025","A","N",10,0,0,0,0,0,0,"N",0.43,0,0,0,0,0,0,"N",-3,-23.1,0,0,0,0,0,0,0,0,0,0,0,0
"48491","2","23","74","0","2025","A","N",1,0,0,0,0,0,0,"N",0.41,0,0,0,0,0,0,"N",0,0.0,0,0,0,0,0,0,0,0,0,0,0,0
"48491","3","23","74","0","2025","A","",3,325,22216236,661968,4636,1316,68410,"",0.54,1.92,1.80,2.30,2.49,0.94,0.94,"",0,0.0,13,4.2,1806324,8.9,-23546,-3.4,-4274,-48.0,58,4.6,3011,4.6
"48491","5","23","74","0","2025","A","",1703,22572,1870729556,282799426,3160986,1594,82877,"",1.38,1.79,1.67,1.54,0.78,0.93,0.93,"",7,0.4,1523,7.2,160145411,9.4,19108287,7.2,109577,3.6,31,2.0,1610,2.0
"48493","2","23","74","0","2025","A","N",1,0,0,0,0,0,0,"N",7.13,0,0,0,0,0,0,"N",0,0.0,0,0,0,0,0,0,0,0,0,0,0,0
"48493","3","23","74","0","2025","A","N",1,0,0,0,0,0,0,"N",3.11,0,0,0,0,0,0,"N",0,0.0,0,0,0,0,0,0,0,0,0,0,0,0
"48493","5","23","74","0","2025","A","",154,932,56079912,10624364,183438,1157,60177,"",2.15,1.83,1.92,1.63,1.48,1.05,1.05,"",-1,-0.6,4,0.4,1159553,2.1,573445,5.7,44848,32.4,19,1.7,985,1.7
"48495","2","23","74","0","2025","A","N",1,0,0,0,0,0,0,"N",28.35,0,0,0,0,0,0,"N",0,0.0,0,0,0,0,0,0,0,0,0,0,0,0
"48495","3","23","74","0","2025","A","N",1,0,0,0,0,0,0,"N",12.37,0,0,0,0,0,0,"N",0,0.0,0,0,0,0,0,0,0,0,0,0,0,0
"48495","5","23","74","0","2025","A","N",16,0,0,0,0,0,0,"N",0.89,0,0,0,0,0,0,"N",0,0.0,0,0,0,0,0,0,0,0,0,0,0,0
"48497","2","23","74","0","2025","A","N",1,0,0,0,0,0,0,"N",3.89,0,0,0,0,0,0,"N",0,0.0,0,0,0,0,0,0,0,0,0,0,0,0
"48497","3","23","74","0","2025","A","N",2,0,0,0,0,0,0,"N",3.40,0,0,0,0,0,0,"N",0,0.0,0,0,0,0,0,0,0,0,0,0,0,0
"48497","5","23","74","0","2025","A","",264,2573,191877795,32361026,327657,1434,74578,"",2.01,2.23,2.49,1.93,1.09,1.12,1.12,"",12,4.8,237,10.1,32794801,20.6,2116944,7.0,-1622,-0.5,124,9.5,6463,9.5
"48499","2","23","74","0","2025","A","N",1,0,0,0,0,0,0,"N",6.92,0,0,0,0,0,0,"N",0,0.0,0,0,0,0,0,0,0,0,0,0,0,0
"48499","3","23","74","0","2025","A","N",1,0,0,0,0,0,0,"N",3.02,0,0,0,0,0,0,"N",0,0.0,0,0,0,0,0,0,0,0,0,0,0,0
"48499","5","23","74","0","2025","A","N",111,0,0,0,0,0,0,"N",1.51,0,0,0,0,0,0,"N",1,0.9,0,0,0,0,0,0,0,0,0,0,0,0
"48501","3","23","74","0","2025","A","N",1,0,0,0,0,0,0,"N",10.63,0,0,0,0,0,0,"N",0,0.0,0,0,0,0,0,0,0,0,0,0,0,0
"48501","5","23","74","0","2025","A","N",22,0,0,0,0,0,0,"N",1.05,0,0,0,0,0,0,"N",-2,-8.3,0,0,0,0,0,0,0,0,0,0,0,0
"48503","2","23","74","0","2025","A","N",1,0,0,0,0,0,0,"N",10.94,0,0,0,0,0,0,"N",0,0.0,0,0,0,0,0,0,0,0,0,0,0,0
"48503","3","23","74","0","2025","A","N",2,0,0,0,0,0,0,"N",9.55,0,0,0,0,0,0,"N",0,0.0,0,0,0,0,0,0,0,0,0,0,0,0
"48503","5","23","74","0","2025","A","",61,329,36317026,3942331,27108,2122,110358,"",1.31,0.89,1.48,0.78,0.41,1.66,1.66,"",-2,-3.2,-31,-8.6,-2455033,-6.3,-363469,-8.4,1432,5.6,50,2.4,2633,2.4
"48505","3","23","74","0","2025","A","N",1,0,0,0,0,0,0,"N",16.59,0,0,0,0,0,0,"N",0,0.0,0,0,0,0,0,0,0,0,0,0,0,0
"48505","5","23","74","0","2025","A","",9,94,4896718,979011,15355,1002,52093,"",0.67,0.60,0.70,0.57,0.46,1.17,1.17,"",2,28.6,-10,-9.6,-748418,-13.3,-92234,-8.6,-14625,-48.8,-39,-3.7,-2057,-3.8
"48507","2","23","74","0","2025","A","N",1,0,0,0,0,0,0,"N",38.46,0,0,0,0,0,0,"N",0,0.0,0,0,0,0,0,0,0,0,0,0,0,0
"48507","3","23","74","0","2025","A","N",2,0,0,0,0,0,0,"N",33.57,0,0,0,0,0,0,"N",0,0.0,0,0,0,0,0,0,0,0,0,0,0,0
"48507","5","23","74","0","2025","A","N",10,0,0,0,0,0,0,"N",0.75,0,0,0,0,0,0,"N",-1,-9.1,0,0,0,0,0,0,0,0,0,0,0,0
"48999","5","23","74","0","2025","A","",7379,27064,2338271633,408441458,10324313,1662,86399,"",0.83,0.85,0.62,0.68,0.47,0.72,0.72,"",1376,22.9,3035,12.6,302139129,14.8,31899661,8.5,-750940,-6.8,32,2.0,1661,2.0
"49000","3","23","54","0","2025","A","",66,1316,88055411,563163,2131,1287,66903,"",1.34,1.06,1.16,0.08,0.12,1.10,1.10,"",0,0.0,38,3.0,6579622,8.1,14750,2.7,-3612,-62.9,61,5.0,3142,4.9
"49000","5","23","54","0","2025","A","N",15805,0,0,0,0,0,0,"N",1.44,0,0,0,0,0,0,"N",195,1.2,0,0,0,0,0,0,0,0,0,0,0,0
"49001","3","23","74","0","2025","A","",2,11,638838,0,0,1076,55957,"",21.03,5.04,6.38,0.00,0.00,1.22,1.22,"",0,0.0,0,0.0,89347,16.3,0,0.0,0,0.0,150,16.2,7826,16.3
"49001","5","23","74","0","2025","A","",35,223,12441182,10141025,75143,1071,55707,"",1.65,1.37,1.37,1.63,1.24,0.99,0.99,"",3,9.4,18,8.8,2401012,23.9,2170998,27.2,8416,12.6,131,13.9,6830,14.0
"49003","3","23","74","0","2025","A","",3,48,3009079,0,0,1201,62472,"",5.26,2.73,3.14,0.00,0.00,1.15,1.15,"",0,0.0,0,0.0,33457,1.1,0,0.0,0,0.0,3,0.3,155,0.2
"49003","5","23","74","0","2025","A","",264,2695,208752663,133381748,945237,1489,77450,"",2.08,2.06,2.39,2.05,2.09,1.16,1.16,"",7,2.7,178,7.1,18044351,9.5,15420208,13.1,-78988,-7.7,32,2.2,1674,2.2
"49005","3","23","74","0","2025","A","",4,66,3347619,0,0,979,50914,"",2.51,1.45,1.51,0.00,0.00,1.05,1.04,"",0,0.0,2,3.1,221033,7.1,0,0.0,0,0.0,42,4.5,2188,4.5
"49005","5","23","74","0","2025","A","",665,3817,211620525,157080446,1198407,1066,55443,"",1.88,1.13,1.05,1.17,1.30,0.93,0.93,"",-11,-1.6,233,6.5,12794823,6.4,10562264,7.2,-69962,-5.5,-1,-0.1,-38,-0.1
"49007","3","23","74","0","2025","A","",3,33,1744934,0,0,1014,52744,"",13.41,5.32,6.09,0.00,0.00,1.14,1.14,"",0,0.0,-1,-2.9,72797,4.4,0,0.0,0,0.0,56,5.8,2953,5.9
"49007","5","23","74","0","2025","A","N",44,0,0,0,0,0,0,"N",0.88,0,0,0,0,0,0,"N",-6,-12.0,0,0,0,0,0,0,0,0,0,0,0,0
"49009","3","23","74","0","2025","A","",1,3,205365,0,0,1185,61610,"",51.25,9.96,18.19,0.00,0.00,1.65,1.64,"",0,0.0,-1,-25.0,-53873,-20.8,0,0.0,0,0.0,-61,-4.9,-3200,-4.9
"49009","5","23","74","0","2025","A","N",4,0,0,0,0,0,0,"N",0.92,0,0,0,0,0,0,"N",1,33.3,0,0,0,0,0,0,0,0,0,0,0,0
"49011","3","23","74","0","2025","A","",5,92,6991726,0,0,1456,75723,"",1.36,0.90,1.29,0.00,0.00,1.43,1.43,"",0,0.0,-3,-3.2,342245,5.1,0,0.0,0,0.0,105,7.8,5482,7.8
"49011","5","23","74","0","2025","A","N",1226,0,0,0,0,0,0,"N",1.50,0,0,0,0,0,0,"N",-7,-0.6,0,0,0,0,0,0,0,0,0,0,0,0
"49013","3","23","74","0","2025","A","",2,38,2337612,0,0,1175,61114,"",6.61,5.82,6.60,0.00,0.00,1.13,1.13,"",0,0.0,0,0.0,143438,6.5,0,0.0,0,0.0,62,5.6,3246,5.6
"49013","5","23","74","0","2025","A","",106,613,39212341,29419917,287142,1230,63951,"",1.57,1.26,1.22,1.38,1.43,0.96,0.96,"",3,2.9,36,6.2,4568097,13.2,3408978,13.1,90661,46.1,76,6.6,3926,6.5
"49015","3","23","74","0","2025","A","",1,14,945569,0,0,1299,67541,"",10.32,5.42,6.93,0.00,0.00,1.28,1.28,"",0,0.0,0,0.0,86134,10.0,0,0.0,0,0.0,118,10.0,6153,10.0
"49015","5","23","74","0","2025","A","N",24,0,0,0,0,0,0,"N",1.11,0,0,0,0,0,0,"N",3,14.3,0,0,0,0,0,0,0,0,0,0,0,0
"49017","3","23","74","0","2025","A","",5,27,1543594,0,0,1086,56473,"",50.71,14.59,13.10,0.00,0.00,0.89,0.89,"",0,0.0,0,0.0,51785,3.5,0,0.0,0,0.0,17,1.6,878,1.6
"49017","5","23","74","0","2025","A","N",24,0,0,0,0,0,0,"N",1.09,0,0,0,0,0,0,"N",1,4.3,0,0,0,0,0,0,0,0,0,0,0,0
"49019","3","23","74","0","2025","A","",1,30,2803693,0,0,1787,92940,"",4.16,6.16,13.48,0.00,0.00,2.18,2.17,"",0,0.0,1,3.4,336040,13.6,0,0.0,0,0.0,169,10.4,8815,10.5
"49019","5","23","74","0","2025","A","",81,302,17058147,13976613,171876,1087,56531,"",1.51,0.83,0.90,0.88,0.68,1.08,1.08,"",-8,-9.0,-18,-5.6,103986,0.6,477177,3.5,2586,1.5,68,6.7,3522,6.6
"49021","3","23","74","0","2025","A","",2,25,1551344,0,0,1182,61439,"",2.53,1.36,1.91,0.00,0.00,1.40,1.40,"",0,0.0,0,0.0,74875,5.1,0,0.0,0,0.0,46,4.0,2380,4.0
"49021","5","23","74","0","2025","A","",431,3262,202108247,146415393,738442,1191,61957,"",2.45,2.38,2.74,2.73,2.04,1.15,1.15,"",34,8.6,740,29.3,63579091,45.9,40921270,38.8,135637,22.5,134,12.7,7018,12.8
"49023","3","23","74","0","2025","A","",2,16,1091969,0,0,1306,67894,"",13.93,4.81,7.58,0.00,0.00,1.57,1.57,"",0,0.0,-1,-5.9,-47928,-4.2,0,0.0,0,0.0,10,0.8,511,0.8
"49023","5","23","74","0","2025","A","",70,419,22572730,17454031,96947,1035,53830,"",2.19,1.69,1.72,1.96,1.39,1.02,1.02,"",1,1.4,49,13.2,3530017,18.5,2621474,17.7,12962,15.4,47,4.8,2433,4.7
"49025","3","23","74","0","2025","A","",1,8,601234,0,0,1476,76753,"",6.51,2.67,5.00,0.00,0.00,1.91,1.91,"",0,0.0,0,0.0,37108,6.6,0,0.0,0,0.0,76,5.4,3963,5.4
"49025","5","23","74","0","2025","A","",60,183,8480034,6745378,41920,890,46255,"",1.75,0.82,0.77,0.88,0.55,0.94,0.94,"",0,0.0,17,10.2,989038,13.2,519056,8.3,-12749,-23.3,23,2.7,1196,2.7
"49027","3","23","74","0","2025","A","",1,33,2707624,0,0,1574,81843,"",6.11,8.57,13.54,0.00,0.00,1.58,1.58,"",0,0.0,1,3.1,180448,7.1,0,0.0,0,0.0,35,2.3,1827,2.3
"49027","5","23","74","0","2025","A","",56,274,16261019,12288528,97289,1139,59239,"",1.54,0.96,0.89,1.03,1.24,0.93,0.93,"",1,1.8,5,1.9,-2173665,-11.8,84265,0.7,-83410,-46.2,-179,-13.6,-9291,-13.6
"49029","3","23","74","0","2025","A","",1,7,336129,0,0,970,50419,"",6.12,2.70,2.27,0.00,0.00,0.88,0.88,"",0,0.0,-5,-41.7,-261297,-43.7,0,0.0,0,0.0,26,2.8,1315,2.7
"49029","5","23","74","0","2025","A","",112,818,49688760,36668796,191657,1168,60750,"",3.08,4.24,3.69,4.36,2.98,0.87,0.87,"",6,5.7,95,13.1,6698631,15.6,5523312,17.7,-26062,-12.0,25,2.2,1296,2.2
"49031","3","23","74","0","2025","A","",1,4,196718,0,0,946,49180,"",47.05,18.37,26.23,0.00,0.00,1.43,1.43,"",0,0.0,0,0.0,14787,8.1,0,0.0,0,0.0,71,8.1,3697,8.1
"49031","5","23","74","0","2025","A","N",4,0,0,0,0,0,0,"N",0.85,0,0,0,0,0,0,"N",0,0.0,0,0,0,0,0,0,0,0,0,0,0,0
"49033","3","23","74","0","2025","A","",1,5,315864,0,0,1235,64244,"",18.05,6.55,10.94,0.00,0.00,1.70,1.70,"",0,0.0,1,25.0,105316,50.0,0,0.0,0,0.0,243,24.5,12681,24.6
"49033","5","23","74","0","2025","A","",18,102,5731224,4427028,41158,1077,56005,"",1.46,1.79,2.18,2.10,2.26,1.21,1.21,"",-1,-5.3,2,2.0,511168,9.8,299920,7.3,-13224,-24.3,68,6.7,3542,6.8
"49035","3","23","74","0","2025","A","",4,255,18952306,0,0,1431,74420,"",0.17,0.44,0.47,0.00,0.00,1.05,1.05,"",0,0.0,20,8.5,2382326,14.4,0,0.0,0,0.0,76,5.6,3934,5.6
"49035","5","23","74","0","2025","A","",5470,56120,4629821556,2773272169,26398178,1587,82498,"",1.04,1.31,1.25,1.26,1.33,0.95,0.95,"",-24,-0.4,1282,2.3,321199852,7.5,139513085,5.3,-795621,-2.9,76,5.0,3928,5.0
"49037","3","23","74","0","2025","A","",3,42,1795732,121753,365,821,42671,"",23.40,12.33,11.68,8.92,7.98,0.95,0.95,"",0,0.0,0,0.0,-62199,-3.3,40676,50.2,-3041,-89.3,-25,-3.0,-1304,-3.0
"49037","5","23","74","0","2025","A","N",34,0,0,0,0,0,0,"N",1.19,0,0,0,0,0,0,"N",-5,-12.8,0,0,0,0,0,0,0,0,0,0,0,0
"49039","5","23","74","0","2025","A","",124,642,31898471,25367491,164670,955,49680,"",2.12,1.27,1.27,1.66,1.48,1.00,1.00,"",4,3.3,28,4.6,2323929,7.9,1687660,7.1,-38846,-19.1,29,3.1,1546,3.2
"49041","3","23","74","0","2025","A","",2,17,1039978,441410,1766,1165,60581,"",7.00,2.40,3.35,13.48,24.33,1.38,1.38,"",0,0.0,-1,-5.6,2202,0.2,-25926,-5.5,-571,-24.4,41,3.6,2115,3.6
"49041","5","23","74","0","2025","A","",104,469,19035488,16458345,118949,781,40609,"",1.64,0.89,0.67,0.79,0.76,0.76,0.76,"",4,4.0,-13,-2.7,-1891846,-9.0,-993060,-5.7,-59246,-33.2,-54,-6.5,-2794,-6.4
"49043","3","23","74","0","2025","A","",1,45,2987744,0,0,1270,66027,"",0.80,1.95,2.11,0.00,0.00,1.08,1.08,"",0,0.0,6,15.4,544632,22.3,0,0.0,0,0.0,60,5.0,3114,4.9
"49043","5","23","74","0","2025","A","",428,2971,218569946,145625645,883688,1415,73562,"",1.54,1.73,1.69,1.57,0.85,0.98,0.98,"",-7,-1.6,80,2.8,17849987,8.9,10815725,8.0,5192,0.6,80,6.0,4133,6.0
"49045","3","23","74","0","2025","A","",2,30,1908151,0,0,1220,63429,"",3.64,2.05,2.76,0.00,0.00,1.34,1.34,"",0,0.0,1,3.4,71253,3.9,0,0.0,0,0.0,16,1.3,807,1.3
"49045","5","23","74","0","2025","A","",238,1370,78466297,60022559,416574,1102,57296,"",1.95,1.26,1.25,1.33,1.16,0.99,0.99,"",17,7.7,37,2.8,2611968,3.4,2364417,4.1,-62546,-13.1,7,0.6,380,0.7
"49047","3","23","74","0","2025","A","",3,59,3621184,0,0,1184,61550,"",6.29,5.26,5.95,0.00,0.00,1.13,1.13,"",0,0.0,2,3.5,282513,8.5,0,0.0,0,0.0,51,4.5,2632,4.5
"49047","5","23","74","0","2025","A","",164,1941,127874647,88912209,577998,1267,65892,"",1.55,2.33,2.31,2.17,1.41,0.99,0.99,"",6,3.8,255,15.1,15952659,14.3,15427866,21.0,14770,2.6,-10,-0.8,-508,-0.8
"49049","3","23","74","0","2025","A","",6,148,9149528,0,0,1186,61682,"",0.75,0.69,0.75,0.00,0.00,1.09,1.09,"",0,0.0,4,2.8,582424,6.8,0,0.0,0,0.0,38,3.3,1981,3.3
"49049","5","23","74","0","2025","A","",2989,30753,2288017600,1417518897,9043427,1431,74399,"",1.67,1.93,2.07,1.95,1.52,1.07,1.07,"",114,4.0,497,1.6,220729881,10.7,100378852,7.6,361234,4.2,117,8.9,6073,8.9
"49051","3","23","74","0","2025","A","",2,66,5769950,0,0,1673,86984,"",3.42,7.35,12.08,0.00,0.00,1.64,1.64,"",0,0.0,7,11.9,818397,16.5,0,0.0,0,0.0,70,4.4,3648,4.4
"49051","5","23","74","0","2025","A","",317,2136,172971500,96241594,614029,1557,80970,"",2.44,3.20,3.98,3.30,2.61,1.24,1.24,"",13,4.3,178,9.1,31289225,22.1,9014958,10.3,10967,1.8,166,11.9,8612,11.9
"49053","3","23","74","0","2025","A","",2,28,1674002,0,0,1171,60873,"",0.68,0.44,0.59,0.00,0.00,1.36,1.36,"",0,0.0,2,7.7,46188,2.8,0,0.0,0,0.0,-14,-1.2,-748,-1.2
"49053","5","23","74","0","2025","A","",1541,10476,588453116,445324152,1990875,1080,56169,"",2.37,2.21,2.26,2.23,1.39,1.03,1.02,"",27,1.8,141,1.4,40204960,7.3,26638392,6.4,-307981,-13.4,60,5.9,3120,5.9
"49055","3","23","74","0","2025","A","",1,6,315275,0,0,1086,56467,"",18.16,6.61,8.32,0.00,0.00,1.35,1.35,"",0,0.0,0,0.0,-58509,-15.7,0,0.0,0,0.0,-96,-8.1,-4977,-8.1
"49055","5","23","74","0","2025","A","N",27,0,0,0,0,0,0,"N",2.20,0,0,0,0,0,0,"N",2,8.0,0,0,0,0,0,0,0,0,0,0,0,0
"49057","3","23","74","0","2025","A","",4,159,10472650,0,0,1269,66004,"",1.53,1.81,2.22,0.00,0.00,1.23,1.23,"",0,0.0,2,1.3,544683,5.5,0,0.0,0,0.0,56,4.6,2903,4.6
"49057","5","23","74","0","2025","A","N",1144,0,0,0,0,0,0,"N",1.97,0,0,0,0,0,0,"N",14,1.2,0,0,0,0,0,0,0,0,0,0,0,0
"50000","3","23","54","0","2025","A","",33,665,44422641,241348,0,1285,66843,"",2.82,3.03,3.43,0.55,0.00,1.13,1.13,"",0,0.0,44,7.1,4612156,11.6,15084,6.7,0,0.0,52,4.2,2727,4.3
"50000","5","23","54","0","2025","A","N",3074,0,0,0,0,0,0,"N",1.18,0,0,0,0,0,0,"N",46,1.5,0,0,0,0,0,0,0,0,0,0,0,0
"50001","3","23","74","0","2025","A","N",2,0,0,0,0,0,0,"N",3.07,0,0,0,0,0,0,"N",0,0.0,0,0,0,0,0,0,0,0,0,0,0,0
"50001","5","23","74","0","2025","A","",230,1047,70629573,18849115,395734,1297,67459,"",1.59,1.27,1.26,1.41,1.09,1.00,1.00,"",2,0.9,10,1.0,3100787,4.6,949938,5.3,-32588,-7.6,44,3.5,2313,3.6
"50003","3","23","74","0","2025","A","N",2,0,0,0,0,0,0,"N",2.83,0,0,0,0,0,0,"N",0,0.0,0,0,0,0,0,0,0,0,0,0,0,0
"50003","5","23","74","0","2025","A","N",174,0,0,0,0,0,0,"N",1.11,0,0,0,0,0,0,"N",2,1.2,0,0,0,0,0,0,0,0,0,0,0,0
"50005","3","23","74","0","2025","A","N",2,0,0,0,0,0,0,"N",4.60,0,0,0,0,0,0,"N",0,0.0,0,0,0,0,0,0,0,0,0,0,0,0
"50005","5","23","74","0","2025","A","N",138,0,0,0,0,0,0,"N",1.43,0,0,0,0,0,0,"N",-2,-1.4,0,0,0,0,0,0,0,0,0,0,0,0
"50007","3","23","74","0","2025","A","",11,322,22995358,0,0,1372,71359,"",3.25,4.38,4.65,0.00,0.00,1.06,1.06,"",0,0.0,25,8.4,2596351,12.7,0,0.0,0,0.0,53,4.0,2772,4.0
"50007","5","23","74","0","2025","A","N",646,0,0,0,0,0,0,"N",0.86,0,0,0,0,0,0,"N",7,1.1,0,0,0,0,0,0,0,0,0,0,0,0
"50009","5","23","74","0","2025","A","N",23,0,0,0,0,0,0,"N",1.54,0,0,0,0,0,0,"N",2,9.5,0,0,0,0,0,0,0,0,0,0,0,0
"50011","3","23","74","0","2025","A","N",2,0,0,0,0,0,0,"N",3.53,0,0,0,0,0,0,"N",0,0.0,0,0,0,0,0,0,0,0,0,0,0,0
"50011","5","23","74","0","2025","A","",185,612,39561341,11697467,275881,1243,64625,"",1.47,0.69,0.66,0.75,0.63,0.95,0.95,"",4,2.2,12,2.0,1468566,3.9,529389,4.7,10134,3.8,21,1.7,1102,1.7
"50013","5","23","74","0","2025","A","N",34,0,0,0,0,0,0,"N",1.41,0,0,0,0,0,0,"N",0,0.0,0,0,0,0,0,0,0,0,0,0,0,0
"50015","3","23","74","0","2025","A","N",2,0,0,0,0,0,0,"N",3.58,0,0,0,0,0,0,"N",0,0.0,0,0,0,0,0,0,0,0,0,0,0,0
"50015","5","23","74","0","2025","A","",177,890,60160515,16968661,492791,1300,67596,"",1.42,1.33,1.40,1.26,0.96,1.05,1.05,"",6,3.5,27,3.1,3906700,6.9,1259137,8.0,34086,7.4,46,3.7,2380,3.6
"50017","5","23","74","0","2025","A","",143,626,46654801,11360143,311907,1433,74499,"",1.73,1.52,1.83,1.73,1.54,1.20,1.20,"",6,4.4,-1,-0.2,2330828,5.3,233370,2.1,-7776,-2.4,73,5.4,3797,5.4
"50019","3","23","74","0","2025","A","N",1,0,0,0,0,0,0,"N",2.54,0,0,0,0,0,0,"N",0,0.0,0,0,0,0,0,0,0,0,0,0,0,0
"50019","5","23","74","0","2025","A","",150,677,46307839,12430632,415085,1315,68359,"",1.71,1.24,1.47,1.36,1.12,1.19,1.18,"",5,3.4,6,0.9,4121775,9.8,625222,5.3,10258,2.5,106,8.8,5496,8.7
"50021","3","23","74","0","2025","A","N",1,0,0,0,0,0,0,"N",1.05,0,0,0,0,0,0,"N",0,0.0,0,0,0,0,0,0,0,0,0,0,0,0
"50021","5","23","74","0","2025","A","N",308,0,0,0,0,0,0,"N",1.46,0,0,0,0,0,0,"N",8,2.7,0,0,0,0,0,0,0,0,0,0,0,0
"50023","3","23","74","0","2025","A","",4,35,2843949,0,0,1570,81644,"",3.53,1.48,1.93,0.00,0.00,1.31,1.31,"",0,0.0,2,6.1,369159,14.9,0,0.0,0,0.0,135,9.4,7027,9.4
"50023","5","23","74","0","2025","A","",262,1438,107573805,27352467,732735,1438,74795,"",1.04,0.82,0.80,0.98,0.86,0.98,0.98,"",2,0.8,36,2.6,10544034,10.9,1101858,4.2,-29157,-3.8,108,8.1,5612,8.1
"50025","3","23","74","0","2025","A","N",2,0,0,0,0,0,0,"N",2.26,0,0,0,0,0,0,"N",0,0.0,0,0,0,0,0,0,0,0,0,0,0,0
"50025","5","23","74","0","2025","A","N",236,0,0,0,0,0,0,"N",1.20,0,0,0,0,0,0,"N",-8,-3.3,0,0,0,0,0,0,0,0,0,0,0,0
"50027","3","23","74","0","2025","A","",4,48,3075558,0,0,1239,64410,"",3.65,2.91,3.28,0.00,0.00,1.13,1.13,"",0,0.0,0,0.0,96265,3.2,0,0.0,0,0.0,56,4.7,2876,4.7
"50027","5","23","74","0","2025","A","N",322,0,0,0,0,0,0,"N",1.32,0,0,0,0,0,0,"N",6,1.9,0,0,0,0,0,0,0,0,0,0,0,0
"50999","5","23","74","0","2025","A","N",45,0,0,0,0,0,0,"N",0.52,0,0,0,0,0,0,"N",5,12.5,0,0,0,0,0,0,0,0,0,0,0,0
"51000","2","23","54","0","2025","A","",166,7721,637973007,0,0,1589,82628,"",3.41,3.96,4.46,0.00,0.00,1.13,1.13,"",4,2.5,58,0.8,38900530,6.5,0,0.0,0,0.0,86,5.7,4446,5.7
"51000","3","23","54","0","2025","A","",87,2518,162054730,2087100,3706,1238,64371,"",0.78,0.85,0.78,0.50,0.29,0.91,0.91,"",2,2.4,64,2.6,11157893,7.4,-126615,-5.7,-518,-12.3,56,4.7,2885,4.7
"51000","5","23","54","0","2025","A","",22562,228560,18889312422,2543105932,20652513,1589,82645,"",0.91,1.04,1.00,0.96,0.74,0.96,0.96,"",-500,-2.2,10634,4.9,1729542399,10.1,128801823,5.3,1436564,7.5,75,5.0,3904,5.0
"51001","2","23","74","0","2025","A","",2,71,4160759,0,0,1132,58879,"",11.12,11.67,13.44,0.00,0.00,1.16,1.16,"",1,100.0,15,26.8,945126,29.4,0,0.0,0,0.0,21,1.9,1113,1.9
"51001","5","23","74","0","2025","A","",84,349,20019021,3598405,30217,1104,57388,"",0.92,0.51,0.49,0.42,0.25,0.96,0.96,"",-2,-2.3,31,9.7,3001565,17.6,391967,12.2,18436,156.5,76,7.4,3916,7.3
"51003","2","23","74","0","2025","A","",1,80,5765837,0,0,1390,72299,"",1.57,2.60,2.73,0.00,0.00,1.05,1.05,"",0,0.0,-3,-3.6,40236,0.7,0,0.0,0,0.0,66,5.0,3454,5.0
"51003","5","23","74","0","2025","A","",288,2266,167472799,22952042,140066,1421,73899,"",0.89,0.65,0.60,0.78,0.59,0.92,0.92,"",-12,-4.0,-58,-2.5,1769999,1.1,399093,1.8,2894,2.1,50,3.6,2603,3.7
"51005","2","23","74","0","2025","A","",2,7,567033,0,0,1577,81981,"",28.23,4.60,8.54,0.00,0.00,1.88,1.88,"",1,100.0,0,0.0,40789,7.8,0,0.0,0,0.0,131,9.1,6803,9.0
"51005","3","23","74","0","2025","A","",1,6,185237,0,0,629,32689,"",6.16,2.60,1.92,0.00,0.00,0.78,0.78,"",0,0.0,2,50.0,58526,46.2,0,0.0,0,0.0,87,16.1,4531,16.1
"51005","5","23","74","0","2025","A","N",33,0,0,0,0,0,0,"N",0.91,0,0,0,0,0,0,"N",-2,-5.7,0,0,0,0,0,0,0,0,0,0,0,0
"51007","2","23","74","0","2025","A","",1,22,1413245,0,0,1245,64729,"",16.04,18.74,26.09,0.00,0.00,1.40,1.40,"",0,0.0,0,0.0,109216,8.4,0,0.0,0,0.0,88,7.6,4543,7.5
"51007","5","23","74","0","2025","A","",72,444,27040388,4571547,21500,1170,60845,"",2.26,3.36,3.77,2.55,1.56,1.12,1.12,"",-3,-4.0,26,6.2,4162551,18.2,148336,3.4,1715,8.7,119,11.3,6179,11.3
"51009","2","23","74","0","2025","A","",1,45,2736462,0,0,1172,60923,"",8.56,12.22,16.42,0.00,0.00,1.35,1.35,"",0,0.0,3,7.1,372609,15.8,0,0.0,0,0.0,94,8.7,4863,8.7
"51009","5","23","74","0","2025","A","N",86,0,0,0,0,0,0,"N",1.44,0,0,0,0,0,0,"N",-6,-6.5,0,0,0,0,0,0,0,0,0,0,0,0
"51011","2","23","74","0","2025","A","",1,43,2872924,0,0,1285,66812,"",12.72,25.00,41.80,0.00,0.00,1.67,1.67,"",0,0.0,0,0.0,222687,8.4,0,0.0,0,0.0,102,8.6,5298,8.6
"51011","5","23","74","0","2025","A","",54,421,24712677,4115242,15470,1128,58642,"",1.35,2.17,2.71,1.91,1.07,1.25,1.25,"",1,1.9,46,12.3,3801146,18.2,362172,9.7,-3023,-16.3,57,5.3,2927,5.3
"51013","2","23","74","0","2025","A","",1,12,970927,0,0,1600,83222,"",0.69,0.14,0.10,0.00,0.00,0.69,0.69,"",0,0.0,2,20.0,199377,25.8,0,0.0,0,0.0,164,11.4,8556,11.5
"51013","3","23","74","0","2025","A","",1,19,2182434,0,0,2258,117440,"",0.30,0.15,0.15,0.00,0.00,1.02,1.02,"",0,0.0,1,5.6,75226,3.6,0,0.0,0,0.0,-36,-1.6,-1836,-1.5
"51013","5","23","74","0","2025","A","",209,2199,278772556,22870504,112401,2438,126796,"",0.28,0.23,0.21,0.19,0.11,0.90,0.90,"",-19,-8.3,-38,-1.7,15884923,6.0,-542321,-2.3,18203,19.3,178,7.9,9265,7.9
"51015","2","23","74","0","2025","A","",1,78,4961387,0,0,1219,63404,"",3.25,5.31,6.02,0.00,0.00,1.13,1.13,"",0,0.0,0,0.0,240278,5.1,0,0.0,0,0.0,53,4.5,2747,4.5
"51015","5","23","74","0","2025","A","",268,2141,145533273,22701897,121212,1307,67988,"",1.71,1.29,1.33,1.18,0.62,1.03,1.03,"",-4,-1.5,34,1.6,8090312,5.9,41014,0.2,-17220,-12.4,53,4.2,2756,4.2
"51017","2","23","74","0","2025","A","",1,19,1106987,0,0,1101,57258,"",29.90,17.81,18.71,0.00,0.00,1.03,1.03,"",0,0.0,-1,-5.0,30135,2.8,0,0.0,0,0.0,48,4.6,2503,4.6
"51017","5","23","74","0","2025","A","N",22,0,0,0,0,0,0,"N",1.29,0,0,0,0,0,0,"N",-3,-12.0,0,0,0,0,0,0,0,0,0,0,0,0
"51019","2","23","74","0","2025","A","",1,84,5125186,0,0,1171,60893,"",2.85,9.52,12.63,0.00,0.00,1.32,1.32,"",0,0.0,1,1.2,344258,7.2,0,0.0,0,0.0,61,5.5,3176,5.5
"51019","3","23","74","0","2025","A","",2,25,1337769,0,0,1032,53690,"",2.49,1.87,2.27,0.00,0.00,1.21,1.21,"",0,0.0,-1,-3.8,21433,1.6,0,0.0,0,0.0,55,5.6,2899,5.7
"51019","5","23","74","0","2025","A","",291,1330,82810535,14029366,76154,1197,62256,"",1.63,1.34,1.54,1.23,0.79,1.15,1.15,"",-1,-0.3,26,2.0,6601203,8.7,-82802,-0.6,8884,13.2,73,6.5,3802,6.5
"51021","2","23","74","0","2025","A","",1,16,1016673,0,0,1228,63875,"",45.36,16.21,18.09,0.00,0.00,1.12,1.12,"",0,0.0,-1,-5.9,-11694,-1.1,0,0.0,0,0.0,59,5.0,3085,5.1
"51021","5","23","74","0","2025","A","N",6,0,0,0,0,0,0,"N",0.53,0,0,0,0,0,0,"N",0,0.0,0,0,0,0,0,0,0,0,0,0,0,0
"51023","2","23","74","0","2025","A","",1,36,2038161,0,0,1086,56485,"",6.66,6.20,6.48,0.00,0.00,1.04,1.04,"",0,0.0,1,2.9,218226,12.0,0,0.0,0,0.0,79,7.8,4113,7.9
"51023","5","23","74","0","2025","A","",113,712,47652017,7444187,47007,1286,66896,"",1.48,1.09,1.14,0.92,0.52,1.05,1.05,"",-4,-3.4,-38,-5.1,796034,1.7,-351260,-4.5,-15263,-24.5,84,7.0,4407,7.1
"51025","2","23","74","0","2025","A","",1,20,1287770,0,0,1213,63074,"",13.82,12.46,16.37,0.00,0.00,1.29,1.29,"",0,0.0,3,17.6,320439,33.1,0,0.0,0,0.0,140,13.0,7266,13.0
"51025","5","23","74","0","2025","A","",23,196,15401103,3119799,58425,1515,78778,"",0.62,1.08,1.48,1.81,2.47,1.37,1.37,"",-2,-8.0,74,60.7,8248550,115.3,1679519,116.6,48380,481.6,388,34.4,20151,34.4
"51027","5","23","74","0","2025","A","",20,106,6486126,1209690,6595,1181,61431,"",0.48,0.35,0.32,0.40,0.22,0.91,0.91,"",-4,-16.7,-17,-13.8,-479697,-6.9,-172722,-12.5,1162,21.4,91,8.3,4760,8.4
"51029","2","23","74","0","2025","A","",3,63,3733117,0,0,1140,59256,"",41.37,44.28,54.66,0.00,0.00,1.23,1.23,"",2,200.0,20,46.5,1248023,50.2,0,0.0,0,0.0,20,1.8,1012,1.7
"51029","5","23","74","0","2025","A","",52,184,8432761,1799852,14670,881,45830,"",1.41,1.15,0.93,1.36,1.48,0.81,0.81,"",-2,-3.7,-5,-2.6,329557,4.1,-187217,-9.4,4728,47.6,56,6.8,2918,6.8
"51031","2","23","74","0","2025","A","",1,36,2130617,0,0,1151,59877,"",3.78,4.09,3.51,0.00,0.00,0.87,0.87,"",0,0.0,2,5.9,269984,14.5,0,0.0,0,0.0,88,8.3,4611,8.3
"51031","5","23","74","0","2025","A","",192,1971,131889210,20927020,122312,1287,66918,"",1.42,1.99,1.64,1.50,1.16,0.83,0.82,"",-8,-4.0,55,2.9,11658422,9.7,671066,3.3,6979,6.1,80,6.6,4156,6.6
"51033","2","23","74","0","2025","A","",1,27,1778372,0,0,1247,64865,"",8.86,8.20,11.85,0.00,0.00,1.42,1.42,"",0,0.0,7,35.0,578472,48.2,0,0.0,0,0.0,84,7.2,4366,7.2
"51033","5","23","74","0","2025","A","",64,363,22975351,4103830,35335,1216,63235,"",1.11,0.98,1.16,0.81,0.37,1.18,1.18,"",-3,-4.5,45,14.2,2798028,13.9,807924,24.5,17392,96.9,-3,-0.2,-133,-0.2
"51035","2","23","74","0","2025","A","",2,76,3829782,0,0,970,50447,"",20.11,27.90,35.89,0.00,0.00,1.29,1.29,"",0,0.0,2,2.7,139645,3.8,0,0.0,0,0.0,14,1.5,748,1.5
"51035","5","23","74","0","2025","A","",52,210,12318451,2215234,21285,1130,58776,"",1.03,0.68,0.87,0.53,0.63,1.28,1.28,"",2,4.0,-15,-6.7,141158,1.2,-321317,-12.7,5590,35.6,89,8.5,4635,8.6
"51036","2","23","74","0","2025","A","",1,13,797515,0,0,1180,61347,"",27.87,13.39,15.12,0.00,0.00,1.13,1.13,"",0,0.0,0,0.0,45057,6.0,0,0.0,0,0.0,45,4.0,2331,3.9
"51036","5","23","74","0","2025","A","",33,482,34474666,4905201,19522,1376,71561,"",1.80,4.41,4.93,3.37,2.05,1.12,1.12,"",0,0.0,-3,-0.6,1388135,4.2,-90323,-1.8,4135,26.9,64,4.9,3353,4.9
"51037","2","23","74","0","2025","A","",2,18,1106811,0,0,1161,60372,"",29.36,13.99,18.93,0.00,0.00,1.33,1.33,"",1,100.0,-2,-10.0,-10883,-1.0,0,0.0,0,0.0,86,8.0,4487,8.0
"51037","5","23","74","0","2025","A","",22,135,7509269,1519034,11374,1067,55487,"",0.63,0.93,0.97,0.78,0.62,1.04,1.04,"",1,4.8,59,77.6,4389547,140.7,665743,78.0,7653,205.7,273,34.4,14212,34.4
"51041","2","23","74","0","2025","A","",1,298,24728280,0,0,1594,82888,"",0.63,4.27,6.13,0.00,0.00,1.43,1.44,"",0,0.0,37,14.2,5030501,25.5,0,0.0,0,0.0,141,9.7,7321,9.7
"51041","5","23","74","0","2025","A","",996,11245,909084909,132453394,876451,1555,80843,"",1.23,1.43,1.70,1.33,0.78,1.19,1.19,"",-35,-3.4,225,2.0,28744364,3.3,6047268,4.8,106531,13.8,19,1.2,960,1.2
"51043","2","23","74","0","2025","A","",3,25,1429686,0,0,1096,56997,"",41.28,12.85,14.00,0.00,0.00,1.09,1.09,"",2,200.0,14,127.3,753815,111.5,0,0.0,0,0.0,-42,-3.7,-2203,-3.7
"51043","5","23","74","0","2025","A","",68,526,34879884,5778881,33630,1276,66364,"",1.83,2.40,2.58,2.14,1.58,1.07,1.07,"",1,1.5,170,47.8,11504264,49.2,2115993,57.8,17849,113.1,14,1.1,748,1.1
"51045","2","23","74","0","2025","A","",2,15,820379,0,0,1052,54692,"",91.99,41.71,47.47,0.00,0.00,1.14,1.14,"",1,100.0,-1,-6.2,74306,10.0,0,0.0,0,0.0,178,20.4,9246,20.3
"51045","5","23","74","0","2025","A","N",12,0,0,0,0,0,0,"N",1.08,0,0,0,0,0,0,"N",0,0.0,0,0,0,0,0,0,0,0,0,0,0,0
"51047","2","23","74","0","2025","A","",2,137,13180186,0,0,1856,96499,"",8.43,17.76,32.39,0.00,0.00,1.83,1.83,"",0,0.0,-21,-13.3,-954004,-6.7,0,0.0,0,0.0,130,7.5,6758,7.5
"51047","3","23","74","0","2025","A","",1,19,1653885,0,0,1704,88601,"",1.84,1.63,2.79,0.00,0.00,1.75,1.75,"",0,0.0,3,18.8,241456,17.1,0,0.0,0,0.0,41,2.5,2126,2.5
"51047","5","23","74","0","2025","A","N",148,0,0,0,0,0,0,"N",1.22,0,0,0,0,0,0,"N",-3,-2.0,0,0,0,0,0,0,0,0,0,0,0,0
"51049","2","23","74","0","2025","A","",1,23,1181161,0,0,1002,52110,"",26.63,34.16,41.49,0.00,0.00,1.23,1.23,"",0,0.0,8,53.3,432739,57.8,0,0.0,0,0.0,32,3.3,1655,3.3
"51049","5","23","74","0","2025","A","",36,126,5904296,1475193,3885,903,46953,"",1.88,1.66,1.57,1.92,0.94,0.94,0.94,"",-2,-5.3,1,0.8,-21263,-0.4,-30719,-2.0,65,1.7,-7,-0.8,-388,-0.8
"51051","5","23","74","0","2025","A","N",22,0,0,0,0,0,0,"N",0.89,0,0,0,0,0,0,"N",0,0.0,0,0,0,0,0,0,0,0,0,0,0,0
"51053","2","23","74","0","2025","A","",1,52,3772001,0,0,1395,72538,"",12.05,11.93,14.61,0.00,0.00,1.22,1.22,"",0,0.0,-5,-8.8,-182735,-4.6,0,0.0,0,0.0,65,4.9,3359,4.9
"51053","5","23","74","0","2025","A","N",71,0,0,0,0,0,0,"N",1.68,0,0,0,0,0,0,"N",-7,-9.0,0,0,0,0,0,0,0,0,0,0,0,0
"51057","2","23","74","0","2025","A","",1,8,540385,0,0,1286,66852,"",16.78,4.77,7.22,0.00,0.00,1.50,1.50,"",0,0.0,-3,-27.3,-110085,-16.9,0,0.0,0,0.0,131,11.3,6809,11.3
"51057","5","23","74","0","2025","A","N",28,0,0,0,0,0,0,"N",0.92,0,0,0,0,0,0,"N",-4,-12.5,0,0,0,0,0,0,0,0,0,0,0,0
"51059","2","23","74","0","2025","A","",1,418,47735403,0,0,2194,114109,"",0.17,1.40,1.52,0.00,0.00,1.08,1.08,"",0,0.0,-59,-12.4,-3886730,-7.5,0,0.0,0,0.0,113,5.4,5886,5.4
"51059","3","23","74","0","2025","A","",4,39,3505964,0,0,1711,88946,"",0.30,0.09,0.08,0.00,0.00,0.88,0.88,"",0,0.0,1,2.6,217738,6.6,0,0.0,0,0.0,69,4.2,3538,4.1
"51059","5","23","74","0","2025","A","",2271,26559,2726699298,280993573,1605168,1974,102667,"",0.75,0.79,0.65,0.64,0.39,0.83,0.83,"",-74,-3.2,1429,5.7,293555979,12.1,16240543,6.1,270257,20.2,112,6.0,5845,6.0
"51061","2","23","74","0","2025","A","",2,78,5924303,0,0,1461,75953,"",5.15,6.94,8.46,0.00,0.00,1.22,1.22,"",1,100.0,25,47.2,2183324,58.4,0,0.0,0,0.0,106,7.8,5479,7.8
"51061","5","23","74","0","2025","A","",338,2622,196007182,28364316,190637,1437,74743,"",1.71,2.07,2.11,1.87,1.60,1.02,1.02,"",-8,-2.3,-16,-0.6,7045060,3.7,-315363,-1.1,49273,34.9,60,4.4,3117,4.4
"51063","2","23","74","0","2025","A","",1,22,1380691,0,0,1193,62054,"",12.85,12.23,19.27,0.00,0.00,1.56,1.56,"",0,0.0,-5,-18.5,-65680,-4.5,0,0.0,0,0.0,169,16.5,8813,16.6
"51063","5","23","74","0","2025","A","N",80,0,0,0,0,0,0,"N",2.02,0,0,0,0,0,0,"N",2,2.6,0,0,0,0,0,0,0,0,0,0,0,0
"51065","2","23","74","0","2025","A","",1,20,1185663,0,0,1150,59781,"",9.86,9.04,10.11,0.00,0.00,1.13,1.13,"",0,0.0,5,33.3,305197,34.7,0,0.0,0,0.0,2,0.2,88,0.1
"51065","5","23","74","0","2025","A","",95,688,50621106,8687584,60458,1415,73559,"",1.84,2.76,3.26,2.88,2.31,1.18,1.18,"",4,4.4,-179,-20.6,-15842829,-23.8,-2263237,-20.7,-21071,-25.8,-60,-4.1,-3130,-4.1
"51067","2","23","74","0","2025","A","",1,67,3877477,0,0,1120,58235,"",4.02,9.01,11.61,0.00,0.00,1.30,1.30,"",0,0.0,5,8.1,551461,16.6,0,0.0,0,0.0,80,7.7,4153,7.7
"51067","5","23","74","0","2025","A","",234,1492,90598391,15623190,78542,1168,60730,"",1.84,1.78,2.05,1.50,0.84,1.15,1.15,"",-3,-1.3,17,1.2,5388393,6.3,-889409,-5.4,23992,44.0,57,5.1,2947,5.1
"51069","2","23","74","0","2025","A","",1,40,2603315,0,0,1244,64679,"",2.94,2.22,2.52,0.00,0.00,1.13,1.13,"",0,0.0,-8,-16.7,-182314,-6.5,0,0.0,0,0.0,124,11.1,6443,11.1
"51069","5","23","74","0","2025","A","",270,2311,158036014,24141894,187979,1315,68377,"",1.56,1.14,1.15,0.98,0.74,1.01,1.01,"",0,0.0,-55,-2.3,-22608143,-12.5,-464574,-1.9,-2254,-1.2,-153,-10.4,-7970,-10.4
"51071","2","23","74","0","2025","A","",1,18,1182019,0,0,1293,67224,"",14.78,7.31,9.62,0.00,0.00,1.35,1.35,"",0,0.0,2,12.5,226943,23.8,0,0.0,0,0.0,163,14.4,8450,14.4
"51071","3","23","74","0","2025","A","",2,33,1664529,0,0,965,50187,"",12.90,8.85,9.31,0.00,0.00,1.05,1.05,"",0,0.0,1,3.1,95330,6.1,0,0.0,0,0.0,22,2.3,1150,2.3
"51071","5","23","74","0","2025","A","N",36,0,0,0,0,0,0,"N",1.04,0,0,0,0,0,0,"N",-2,-5.3,0,0,0,0,0,0,0,0,0,0,0,0
"51073","2","23","74","0","2025","A","",1,19,1310290,0,0,1350,70194,"",5.98,4.00,6.15,0.00,0.00,1.57,1.57,"",0,0.0,-1,-5.0,65701,5.3,0,0.0,0,0.0,163,13.7,8479,13.7
"51073","3","23","74","0","2025","A","",3,20,1204025,0,0,1167,60707,"",7.83,2.78,3.88,0.00,0.00,1.41,1.41,"",0,0.0,1,5.3,65579,5.8,0,0.0,0,0.0,35,3.1,1822,3.1
"51073","5","23","74","0","2025","A","",154,606,38277353,7042458,37102,1214,63138,"",1.81,1.13,1.36,1.29,0.96,1.20,1.20,"",-2,-1.3,2,0.3,368691,1.0,103844,1.5,4846,15.0,8,0.7,401,0.6
"51075","2","23","74","0","2025","A","",1,17,1069091,0,0,1209,62888,"",6.48,1.91,1.02,0.00,0.00,0.53,0.53,"",0,0.0,-3,-15.0,-80411,-7.0,0,0.0,0,0.0,90,8.0,4685,8.0
"51075","5","23","74","0","2025","A","",125,1227,113267799,12652727,71785,1775,92288,"",1.59,1.23,0.81,0.88,0.48,0.66,0.66,"",-3,-2.3,46,3.9,20019852,21.5,1285281,11.3,10378,16.9,256,16.9,13303,16.8
"51077","5","23","74","0","2025","A","N",23,0,0,0,0,0,0,"N",0.83,0,0,0,0,0,0,"N",1,4.5,0,0,0,0,0,0,0,0,0,0,0,0
"51079","2","23","74","0","2025","A","",2,12,704794,0,0,1084,56384,"",24.45,6.37,9.15,0.00,0.00,1.38,1.38,"",1,100.0,1,9.1,108535,18.2,0,0.0,0,0.0,17,1.6,918,1.7
"51079","5","23","74","0","2025","A","",68,305,16337896,3126664,11732,1030,53552,"",1.63,1.44,1.60,1.36,0.60,1.11,1.11,"",0,0.0,1,0.3,600229,3.8,-99152,-3.1,-15685,-57.2,33,3.3,1698,3.3
"51081","5","23","74","0","2025","A","",17,128,10838171,3380561,47096,1633,84894,"",0.95,0.72,0.85,1.85,1.87,1.19,1.19,"",-1,-5.6,38,42.2,4199613,63.3,2208443,188.4,41094,684.7,218,15.4,11337,15.4
"51083","2","23","74","0","2025","A","",1,71,4660771,0,0,1261,65568,"",6.60,12.79,17.18,0.00,0.00,1.34,1.34,"",0,0.0,-1,-1.4,351679,8.2,0,0.0,0,0.0,118,10.3,6132,10.3
"51083","3","23","74","0","2025","A","",1,18,817998,205477,1191,870,45235,"",2.88,2.14,2.07,16.76,36.87,0.96,0.96,"",0,0.0,6,50.0,212685,35.1,-15543,-7.0,-91,-7.1,-107,-11.0,-5560,-10.9
"51083","5","23","74","0","2025","A","",80,846,63164718,10074194,74610,1436,74655,"",1.03,1.35,1.76,1.29,1.06,1.30,1.30,"",1,1.3,54,6.8,9617475,18.0,1233675,14.0,23737,46.7,135,10.4,7016,10.4
"51085","2","23","74","0","2025","A","",1,71,5258865,0,0,1428,74243,"",1.55,2.62,3.52,0.00,0.00,1.35,1.35,"",0,0.0,-10,-12.3,-489928,-8.5,0,0.0,0,0.0,56,4.1,2903,4.1
"51085","5","23","74","0","2025","A","",592,6468,514579689,71394582,398778,1530,79561,"",1.79,2.12,2.60,1.76,0.92,1.23,1.23,"",-25,-4.1,239,3.8,50598643,10.9,2651847,3.9,6925,1.8,98,6.8,5075,6.8
"51087","2","23","74","0","2025","A","",1,52,3852279,0,0,1411,73377,"",0.52,0.57,0.63,0.00,0.00,1.09,1.09,"",0,0.0,6,13.0,795225,26.0,0,0.0,0,0.0,138,10.8,7159,10.8
"51087","3","23","74","0","2025","A","",4,182,13910150,0,0,1474,76640,"",0.90,1.32,1.57,0.00,0.00,1.19,1.19,"",0,0.0,3,1.7,1490957,12.0,0,0.0,0,0.0,140,10.5,7259,10.5
"51087","5","23","74","0","2025","A","",743,12190,1050967368,138760768,2226771,1658,86213,"",0.75,1.19,1.30,1.02,1.36,1.09,1.09,"",-10,-1.3,2140,21.3,244466609,30.3,28115832,25.4,694108,45.3,115,7.5,5964,7.4
"51089","2","23","74","0","2025","A","",1,84,5013579,0,0,1151,59864,"",3.83,11.62,16.18,0.00,0.00,1.40,1.40,"",0,0.0,8,10.5,634618,14.5,0,0.0,0,0.0,49,4.4,2560,4.5
"51089","3","23","74","0","2025","A","",1,5,177137,31266,43,681,35427,"",1.67,0.46,0.39,1.92,0.94,0.86,0.86,"",0,0.0,0,0.0,-284,-0.2,-958,-3.0,-2,-4.4,10,1.5,525,1.5
"51089","5","23","74","0","2025","A","",77,437,23338536,4483613,16175,1028,53457,"",0.58,0.54,0.57,0.43,0.16,1.06,1.06,"",-2,-2.5,6,1.4,-211453,-0.9,204508,4.8,-1860,-10.3,-23,-2.2,-1215,-2.2
"51091","2","23","74","0","2025","A","",1,14,842679,0,0,1171,60917,"",53.04,48.74,64.36,0.00,0.00,1.34,1.34,"",0,0.0,0,0.0,55432,7.0,0,0.0,0,0.0,109,10.3,5672,10.3
"51091","5","23","74","0","2025","A","",18,47,1589121,606882,2328,650,33811,"",1.87,1.45,0.92,1.94,0.61,0.63,0.63,"",-2,-10.0,-15,-24.2,-1234144,-43.7,-163020,-21.2,480,26.0,-229,-26.1,-11910,-26.0
"51093","2","23","74","0","2025","A","",2,13,852370,0,0,1253,65149,"",14.18,2.81,3.14,0.00,0.00,1.11,1.11,"",1,100.0,8,160.0,507701,147.3,0,0.0,0,0.0,-167,-11.8,-8709,-11.8
"51093","5","23","74","0","2025","A","",89,538,34575853,5924469,34891,1236,64297,"",1.24,1.03,0.96,0.86,0.54,0.93,0.93,"",-5,-5.3,-6,-1.1,1651624,5.0,-139523,-2.3,766,2.2,71,6.1,3719,6.1
"51095","2","23","74","0","2025","A","",1,1,54586,0,0,1050,54586,"",2.89,0.07,0.08,0.00,0.00,1.09,1.09,"",1,100.0,1,100.0,29882,121.0,0,0.0,0,0.0,100,10.5,5178,10.5
"51095","5","23","74","0","2025","A","",194,1650,121027825,17335462,102292,1410,73335,"",1.10,1.02,1.28,0.90,0.69,1.25,1.25,"",-4,-2.0,37,2.3,2083201,1.8,732646,4.4,14256,16.2,-8,-0.6,-402,-0.5
"51097","2","23","74","0","2025","A","",1,4,343926,0,0,1556,80924,"",31.62,7.36,11.28,0.00,0.00,1.44,1.44,"",0,0.0,-2,-33.3,-96918,-22.0,0,0.0,0,0.0,38,2.5,1967,2.5
"51097","5","23","74","0","2025","A","",18,142,8470185,1796511,5591,1148,59719,"",1.12,2.32,2.10,2.00,0.87,0.90,0.90,"",-2,-10.0,7,5.2,952293,12.7,277753,18.3,727,14.9,74,6.9,3893,7.0
"51099","2","23","74","0","2025","A","",1,14,861908,0,0,1170,60841,"",9.67,2.18,1.51,0.00,0.00,0.68,0.68,"",0,0.0,0,0.0,131274,18.0,0,0.0,0,0.0,142,13.8,7380,13.8
"51099","5","23","74","0","2025","A","",68,381,22305152,4034515,8407,1127,58595,"",1.29,0.53,0.30,0.82,0.23,0.56,0.56,"",-4,-5.6,-77,-16.8,-8083265,-26.6,-2500817,-38.3,-62924,-88.2,-149,-11.7,-7731,-11.7
"51101","2","23","74","0","2025","A","",1,25,1459448,0,0,1126,58573,"",13.37,12.34,12.76,0.00,0.00,1.04,1.04,"",0,0.0,4,19.0,268010,22.5,0,0.0,0,0.0,17,1.5,923,1.6
"51101","5","23","74","0","2025","A","N",60,0,0,0,0,0,0,"N",1.57,0,0,0,0,0,0,"N",-3,-4.8,0,0,0,0,0,0,0,0,0,0,0,0
"51103","2","23","74","0","2025","A","",1,11,638532,0,0,1092,56758,"",11.83,4.95,5.85,0.00,0.00,1.16,1.16,"",0,0.0,0,0.0,30556,5.0,0,0.0,0,0.0,68,6.6,3505,6.6
"51103","5","23","74","0","2025","A","",55,332,19988951,3289437,11320,1158,60238,"",1.28,1.33,1.38,1.09,0.35,1.04,1.04,"",0,0.0,7,2.2,1003239,5.3,31032,1.0,-2626,-18.8,34,3.0,1805,3.1
"51105","2","23","74","0","2025","A","",2,77,4634172,0,0,1161,60380,"",25.25,39.02,54.19,0.00,0.00,1.39,1.39,"",1,100.0,12,18.5,713532,18.2,0,0.0,0,0.0,1,0.1,62,0.1
"51105","5","23","74","0","2025","A","",18,195,12548535,2332554,19507,1240,64489,"",0.45,0.88,1.11,0.91,1.09,1.26,1.26,"",1,5.9,40,25.8,4028128,47.3,637297,37.6,-274,-1.4,185,17.5,9607,17.5
"51107","2","23","74","0","2025","A","",3,57,5037009,0,0,1690,87855,"",1.32,0.59,0.66,0.00,0.00,1.10,1.10,"",1,50.0,-5,-8.1,-45312,-0.9,0,0.0,0,0.0,111,7.0,5772,7.0
"51107","5","23","74","0","2025","A","",899,24219,2457229453,276560921,2315314,1951,101459,"",0.77,2.23,2.41,2.04,1.78,1.08,1.08,"",-3,-0.3,3892,19.1,527902029,27.4,50040680,22.1,538857,30.3,126,6.9,6546,6.9
"51109","2","23","74","0","2025","A","",1,34,2421151,0,0,1383,71915,"",6.15,7.00,8.51,0.00,0.00,1.23,1.23,"",0,0.0,-4,-10.5,-123554,-4.9,0,0.0,0,0.0,112,8.8,5819,8.8
"51109","5","23","74","0","2025","A","N",130,0,0,0,0,0,0,"N",1.57,0,0,0,0,0,0,"N",-2,-1.5,0,0,0,0,0,0,0,0,0,0,0,0
"51111","2","23","74","0","2025","A","",2,22,1380455,0,0,1216,63227,"",37.16,19.80,28.20,0.00,0.00,1.43,1.43,"",1,100.0,1,4.8,166777,13.7,0,0.0,0,0.0,91,8.1,4736,8.1
"51111","5","23","74","0","2025","A","",21,108,7947384,1119235,5683,1416,73644,"",0.77,0.86,1.23,0.70,0.33,1.42,1.42,"",-1,-4.5,-6,-5.3,1503,0.0,-8996,-0.8,-211,-3.6,77,5.8,3994,5.7
"51113","2","23","74","0","2025","A","",1,24,1476132,0,0,1199,62372,"",14.75,16.48,20.81,0.00,0.00,1.28,1.28,"",0,0.0,4,20.0,267758,22.2,0,0.0,0,0.0,12,1.0,668,1.1
"51113","5","23","74","0","2025","A","",53,285,17435347,3084611,11636,1178,61248,"",1.53,1.74,1.85,1.69,0.98,1.07,1.07,"",-7,-11.7,14,5.2,2134621,14.0,238814,8.4,-304,-2.5,94,8.7,4857,8.6
"51115","2","23","74","0","2025","A","",1,12,728913,0,0,1185,61598,"",25.69,16.08,24.73,0.00,0.00,1.56,1.56,"",0,0.0,1,9.1,78926,12.1,0,0.0,0,0.0,31,2.7,1599,2.7
"51115","5","23","74","0","2025","A","",41,123,7131396,1158100,3811,1118,58136,"",2.07,1.46,1.83,0.90,0.55,1.25,1.25,"",0,0.0,-15,-10.9,357729,5.3,-162217,-12.3,-890,-18.9,172,18.2,8962,18.2
"51117","2","23","74","0","2025","A","",3,82,5432373,0,0,1268,65914,"",18.79,14.66,19.52,0.00,0.00,1.33,1.33,"",2,200.0,4,5.1,684695,14.4,0,0.0,0,0.0,91,7.7,4719,7.7
"51117","5","23","74","0","2025","A","N",82,0,0,0,0,0,0,"N",1.01,0,0,0,0,0,0,"N",-6,-6.8,0,0,0,0,0,0,0,0,0,0,0,0
"51119","2","23","74","0","2025","A","",1,52,3744246,0,0,1382,71890,"",16.53,34.35,55.68,0.00,0.00,1.62,1.62,"",0,0.0,-1,-1.9,228109,6.5,0,0.0,0,0.0,110,8.6,5756,8.7
"51119","5","23","74","0","2025","A","",45,229,13820180,2463014,5053,1161,60350,"",1.46,1.34,1.55,1.24,0.38,1.16,1.15,"",-7,-13.5,-71,-23.7,-4266463,-23.6,-1122691,-31.3,-22226,-81.5,2,0.2,95,0.2
"51121","2","23","74","0","2025","A","",1,65,4779746,0,0,1409,73253,"",2.56,3.15,4.08,0.00,0.00,1.29,1.29,"",0,0.0,-8,-11.0,65636,1.4,0,0.0,0,0.0,170,13.7,8823,13.7
"51121","3","23","74","0","2025","A","",2,58,3275371,619166,786,1088,56553,"",2.23,1.86,1.92,16.59,10.76,1.03,1.03,"",0,0.0,-3,-4.9,40733,1.3,-50525,-7.5,-78,-9.0,72,7.1,3743,7.1
"51121","5","23","74","0","2025","A","",188,1257,81275404,12985533,59666,1243,64637,"",0.94,0.54,0.52,0.54,0.38,0.97,0.97,"",-8,-4.1,61,5.1,6785428,9.1,952582,7.9,370,0.6,46,3.8,2380,3.8
"51125","2","23","74","0","2025","A","",1,28,1599070,0,0,1102,57280,"",12.36,14.98,18.29,0.00,0.00,1.22,1.22,"",0,0.0,3,12.0,183098,12.9,0,0.0,0,0.0,31,2.9,1570,2.8
"51125","5","23","74","0","2025","A","",71,238,11680343,2340725,7259,945,49129,"",1.72,1.13,1.01,0.96,0.45,0.89,0.89,"",-5,-6.6,4,1.7,622476,5.6,42142,1.8,-7611,-51.2,38,4.2,1974,4.2
"51127","2","23","74","0","2025","A","",1,12,762655,0,0,1222,63555,"",11.11,4.06,5.26,0.00,0.00,1.30,1.30,"",0,0.0,0,0.0,89871,13.4,0,0.0,0,0.0,159,15.0,8258,14.9
"51127","5","23","74","0","2025","A","",92,779,64393756,9191135,51586,1590,82689,"",2.00,2.34,3.35,2.21,1.23,1.43,1.43,"",5,5.7,15,2.0,3450391,5.7,781399,9.3,-235,-0.5,55,3.6,2868,3.6
"51131","2","23","74","0","2025","A","",1,7,328248,0,0,947,49237,"",11.15,3.32,3.76,0.00,0.00,1.19,1.19,"",0,0.0,1,16.7,95278,40.9,0,0.0,0,0.0,179,23.3,9299,23.3
"51131","5","23","74","0","2025","A","",38,174,9420066,2091358,19518,1040,54087,"",0.83,0.73,0.81,0.65,0.40,1.11,1.11,"",2,5.6,11,6.7,1035078,12.3,421948,25.3,4289,28.2,48,4.8,2514,4.9
"51133","2","23","74","0","2025","A","",1,14,853554,0,0,1201,62455,"",17.22,12.88,16.62,0.00,0.00,1.32,1.32,"",0,0.0,0,0.0,25596,3.1,0,0.0,0,0.0,84,7.5,4353,7.5
"51133","5","23","74","0","2025","A","",53,167,12775207,1639946,5275,1473,76613,"",1.79,1.36,1.88,0.94,0.17,1.38,1.38,"",-2,-3.6,-2,-1.2,3709887,40.9,-120342,-6.8,259,5.2,442,42.9,23025,43.0
"51135","2","23","74","0","2025","A","",2,16,975099,0,0,1203,62573,"",27.18,6.28,7.64,0.00,0.00,1.25,1.25,"",1,100.0,9,128.6,609275,166.5,0,0.0,0,0.0,186,18.3,9683,18.3
"51135","5","23","74","0","2025","A","",34,102,6620377,1050418,12356,1244,64694,"",0.91,0.36,0.39,0.47,0.69,1.10,1.10,"",-2,-5.6,-2,-1.9,255744,4.0,-132083,-11.2,-2007,-14.0,67,5.7,3496,5.7
"51137","2","23","74","0","2025","A","",3,19,1629971,0,0,1664,86547,"",19.08,4.30,7.81,0.00,0.00,1.83,1.83,"",1,50.0,-10,-34.5,-428809,-20.8,0,0.0,0,0.0,279,20.1,14520,20.2
"51137","5","23","74","0","2025","A","",121,586,33875056,6549979,32305,1112,57799,"",1.51,1.18,1.22,1.23,0.85,1.04,1.04,"",1,0.8,14,2.4,1990949,6.2,271311,4.3,-19583,-37.7,41,3.8,2090,3.8
"51139","2","23","74","0","2025","A","",2,27,1630888,0,0,1154,60033,"",21.25,10.38,15.16,0.00,0.00,1.45,1.45,"",1,100.0,6,28.6,396325,32.1,0,0.0,0,0.0,32,2.9,1707,2.9
"51139","5","23","74","0","2025","A","N",65,0,0,0,0,0,0,"N",1.35,0,0,0,0,0,0,"N",4,6.6,0,0,0,0,0,0,0,0,0,0,0,0
"51141","2","23","74","0","2025","A","",1,35,1816578,0,0,1005,52276,"",13.67,18.42,25.12,0.00,0.00,1.37,1.37,"",0,0.0,3,9.4,248367,15.8,0,0.0,0,0.0,48,5.0,2492,5.0
"51141","5","23","74","0","2025","A","",38,130,5770530,1422877,16089,851,44275,"",1.02,0.61,0.60,0.61,0.80,0.99,0.99,"",1,2.7,1,0.8,257718,4.7,-173383,-10.9,1509,10.3,32,3.9,1678,3.9
"51143","2","23","74","0","2025","A","",1,61,3538491,0,0,1123,58407,"",4.63,9.98,12.30,0.00,0.00,1.24,1.24,"",0,0.0,-5,-7.6,-86690,-2.4,0,0.0,0,0.0,67,6.3,3480,6.3
"51143","3","23","74","0","2025","A","",2,12,831064,137512,399,1332,69255,"",4.04,1.30,1.98,10.36,7.40,1.53,1.53,"",0,0.0,1,9.1,135955,19.6,16686,13.8,231,137.5,117,9.6,6063,9.6
"51143","5","23","74","0","2025","A","",142,1115,72044818,12095682,91277,1243,64629,"",1.29,1.62,1.89,1.43,0.78,1.17,1.17,"",0,0.0,-20,-1.8,7513963,11.6,-612815,-4.8,-56813,-38.4,149,13.6,7757,13.6
"51145","2","23","74","0","2025","A","",1,12,743239,0,0,1208,62809,"",7.32,2.94,3.53,0.00,0.00,1.22,1.22,"",0,0.0,-1,-7.7,1649,0.2,0,0.0,0,0.0,132,12.3,6840,12.2
"51145","5","23","74","0","2025","A","",203,1918,127991808,19753766,189057,1283,66726,"",2.91,4.17,4.59,3.69,3.34,1.10,1.10,"",-3,-1.5,58,3.1,1262241,1.0,220486,1.1,-4994,-2.6,-27,-2.1,-1411,-2.1
"51147","2","23","74","0","2025","A","",2,24,1362131,0,0,1095,56953,"",18.40,5.87,7.13,0.00,0.00,1.22,1.22,"",1,100.0,10,71.4,596748,78.0,0,0.0,0,0.0,25,2.3,1289,2.3
"51147","5","23","74","0","2025","A","",43,455,33822293,4888131,17302,1429,74307,"",0.78,0.99,1.34,1.04,0.36,1.35,1.35,"",-2,-4.4,1,0.2,977159,3.0,162533,3.4,1563,9.9,39,2.8,2040,2.8
"51149","2","23","74","0","2025","A","",1,16,996480,0,0,1173,61009,"",9.44,2.18,2.32,0.00,0.00,1.04,1.04,"",0,0.0,0,0.0,120416,13.7,0,0.0,0,0.0,115,10.9,5968,10.8
"51149","3","23","74","0","2025","A","",1,6,499873,0,0,1479,76904,"",4.12,0.54,0.80,0.00,0.00,1.37,1.37,"",0,0.0,-1,-14.3,33393,7.2,0,0.0,0,0.0,166,12.6,8639,12.7
"51149","5","23","74","0","2025","A","",53,629,32153592,5725133,93902,983,51098,"",0.98,0.76,0.56,0.71,0.68,0.74,0.74,"",-3,-5.4,-121,-16.1,-13982395,-30.3,-500966,-8.0,51082,119.3,-200,-16.9,-10437,-17.0
"51153","2","23","74","0","2025","A","",2,164,14994989,0,0,1761,91572,"",1.23,2.39,3.61,0.00,0.00,1.51,1.52,"",0,0.0,-25,-13.2,-1111648,-6.9,0,0.0,0,0.0,123,7.5,6389,7.5
"51153","3","23","74","0","2025","A","",1,227,15372008,0,0,1303,67743,"",0.27,2.18,2.54,0.00,0.00,1.17,1.17,"N",1,100.0,0,0,0,0,0,0,0,0,0,0,0,0
"51153","5","23","74","0","2025","A","",1294,16875,1352078449,186954345,1446710,1541,80124,"",1.56,2.18,2.46,2.10,1.75,1.13,1.13,"",-41,-3.1,384,2.3,62666991,4.9,6944667,3.9,93716,6.9,37,2.5,1934,2.5
"51155","2","23","74","0","2025","A","",1,18,1080717,0,0,1128,58681,"",7.52,2.78,3.33,0.00,0.00,1.17,1.17,"",0,0.0,-3,-14.3,-45053,-4.0,0,0.0,0,0.0,105,10.3,5495,10.3
"51155","3","23","74","0","2025","A","",2,29,1644423,0,0,1075,55901,"",6.56,2.96,3.49,0.00,0.00,1.16,1.16,"",0,0.0,2,7.4,229777,16.2,0,0.0,0,0.0,67,6.6,3507,6.7
"51155","5","23","74","0","2025","A","N",48,0,0,0,0,0,0,"N",0.71,0,0,0,0,0,0,"N",-2,-4.0,0,0,0,0,0,0,0,0,0,0,0,0
"51157","2","23","74","0","2025","A","",1,7,505698,0,0,1357,70563,"",23.49,9.48,14.71,0.00,0.00,1.51,1.52,"",0,0.0,-4,-36.4,-183799,-26.7,0,0.0,0,0.0,152,12.6,7881,12.6
"51157","5","23","74","0","2025","A","",33,114,6513529,1127587,4531,1101,57262,"",1.52,1.37,1.43,1.18,0.77,1.05,1.05,"",-3,-8.3,1,0.9,168933,2.7,-126236,-10.1,880,24.1,24,2.2,1239,2.2
"51159","2","23","74","0","2025","A","",1,31,2396914,0,0,1471,76497,"",22.00,22.10,36.97,0.00,0.00,1.66,1.66,"",0,0.0,-3,-8.8,-11820,-0.5,0,0.0,0,0.0,102,7.5,5303,7.4
"51159","5","23","74","0","2025","A","",23,233,20822194,2551103,7960,1717,89302,"",0.99,1.47,2.42,1.57,0.67,1.64,1.64,"",-2,-8.0,97,71.3,11674808,127.6,1091409,74.8,-3163,-28.4,421,32.5,21918,32.5
"51161","2","23","74","0","2025","A","",1,84,6231264,0,0,1421,73889,"",2.42,4.78,6.87,0.00,0.00,1.43,1.43,"",0,0.0,3,3.7,615494,11.0,0,0.0,0,0.0,90,6.8,4701,6.8
"51161","3","23","74","0","2025","A","",1,11,592090,0,0,1027,53422,"",1.06,0.41,0.45,0.00,0.00,1.08,1.08,"",0,0.0,-2,-15.4,-134181,-18.5,0,0.0,0,0.0,-27,-2.6,-1391,-2.5
"51161","5","23","74","0","2025","A","N",216,0,0,0,0,0,0,"N",1.03,0,0,0,0,0,0,"N",-8,-3.6,0,0,0,0,0,0,0,0,0,0,0,0
"51163","2","23","74","0","2025","A","",1,53,3404217,0,0,1245,64739,"",11.30,18.10,27.56,0.00,0.00,1.53,1.53,"",0,0.0,-2,-3.6,73118,2.2,0,0.0,0,0.0,75,6.4,3897,6.4
"51163","5","23","74","0","2025","A","",68,456,26911983,4781083,29956,1136,59071,"",1.51,1.38,1.64,1.23,0.97,1.19,1.19,"",-2,-2.9,29,6.8,2822354,11.7,209414,4.6,-49192,-62.2,50,4.6,2600,4.6
"51165","2","23","74","0","2025","A","",2,81,5293399,0,0,1253,65150,"",6.35,4.93,5.92,0.00,0.00,1.20,1.20,"",0,0.0,-5,-5.8,102859,2.0,0,0.0,0,0.0,91,7.8,4736,7.8
"51165","5","23","74","0","2025","A","",304,3120,209697056,32088534,99293,1293,67221,"",1.89,1.69,1.77,1.46,0.71,1.05,1.05,"",-8,-2.6,7,0.2,12615919,6.4,367438,1.2,-8578,-8.0,75,6.2,3910,6.2
"51167","2","23","74","0","2025","A","",2,87,5983630,0,0,1329,69108,"",23.28,30.33,45.05,0.00,0.00,1.49,1.49,"",1,100.0,6,7.4,674942,12.7,0,0.0,0,0.0,65,5.1,3366,5.1
"51167","5","23","74","0","2025","A","",45,489,30439903,5872598,45174,1196,62196,"",1.03,1.51,1.73,1.66,1.43,1.14,1.14,"",3,7.1,-27,-5.2,-350090,-1.1,-189440,-3.1,-15221,-25.2,50,4.4,2583,4.3
"51169","5","23","74","0","2025","A","N",21,0,0,0,0,0,0,"N",0.68,0,0,0,0,0,0,"N",-1,-4.5,0,0,0,0,0,0,0,0,0,0,0,0
"51171","2","23","74","0","2025","A","",3,64,4490658,0,0,1351,70258,"",16.94,10.42,15.59,0.00,0.00,1.50,1.50,"",1,50.0,3,4.9,360155,8.7,0,0.0,0,0.0,49,3.8,2545,3.8
"51171","5","23","74","0","2025","A","",131,663,39529707,7386409,46986,1147,59660,"",1.45,0.96,1.04,0.86,0.71,1.08,1.08,"",-3,-2.2,-13,-1.9,315767,0.8,5555,0.1,-15842,-25.2,31,2.8,1623,2.8
"51173","5","23","74","0","2025","A","",40,395,26313282,4396455,151360,1281,66630,"",0.65,0.66,0.81,0.57,1.95,1.22,1.22,"",-6,-13.0,6,1.5,4545697,20.9,118918,2.8,21015,16.1,204,18.9,10648,19.0
"51175","5","23","74","0","2025","A","",25,103,6392459,1185364,8306,1198,62315,"",0.95,0.56,0.62,0.57,0.37,1.12,1.12,"",-1,-3.8,-5,-4.6,90955,1.4,15318,1.3,3643,78.1,73,6.5,3832,6.6
"51177","2","23","74","0","2025","A","",1,18,1485652,0,0,1580,82156,"",1.80,1.01,1.67,0.00,0.00,1.65,1.65,"",0,0.0,-10,-35.7,-714993,-32.5,0,0.0,0,0.0,64,4.2,3327,4.2
"51177","5","23","74","0","2025","A","",354,2177,146149483,23058481,170197,1291,67126,"",1.25,1.08,1.24,0.92,0.77,1.15,1.15,"",-6,-1.7,-122,-5.3,-4565415,-3.0,-1169228,-4.8,26005,18.0,30,2.4,1557,2.4
"51179","2","23","74","0","2025","A","",1,169,15830549,0,0,1804,93811,"",1.94,7.03,10.93,0.00,0.00,1.56,1.56,"",0,0.0,-21,-11.1,-1127324,-6.6,0,0.0,0,0.0,92,5.4,4793,5.4
"51179","5","23","74","0","2025","A","",333,3634,201362525,36378459,487539,1066,55413,"",1.27,1.34,1.05,1.22,1.06,0.78,0.78,"",-3,-0.9,783,27.5,37563749,22.9,794971,2.2,327469,204.6,-39,-3.5,-2037,-3.5
"51181","2","23","74","0","2025","A","",1,79,5644717,0,0,1367,71077,"",46.98,76.31,54.82,0.00,0.00,0.71,0.71,"",0,0.0,-1,-1.2,-4547,-0.1,0,0.0,0,0.0,9,0.7,461,0.7
"51181","5","23","74","0","2025","A","",13,74,5665819,823391,7828,1467,76307,"",1.20,0.63,0.42,0.34,0.12,0.65,0.65,"",2,18.2,4,5.7,2059538,57.1,195025,31.0,2095,36.5,474,47.7,24666,47.8
"51183","2","23","74","0","2025","A","",2,15,812342,0,0,1030,53561,"",47.15,10.10,11.06,0.00,0.00,1.08,1.08,"",1,100.0,6,66.7,297954,57.9,0,0.0,0,0.0,-39,-3.6,-2049,-3.7
"51183","5","23","74","0","2025","A","",13,111,11138753,1208120,50297,1923,99974,"",0.60,0.66,1.14,0.61,2.55,1.72,1.72,"",-3,-18.8,-8,-6.7,-518922,-4.5,-72350,-5.7,-10562,-17.4,32,1.7,1666,1.7
"51185","2","23","74","0","2025","A","",1,52,3129548,0,0,1148,59705,"",6.58,8.26,11.66,0.00,0.00,1.40,1.40,"",0,0.0,1,2.0,227208,7.8,0,0.0,0,0.0,52,4.7,2703,4.7
"51185","5","23","74","0","2025","A","N",45,0,0,0,0,0,0,"N",0.58,0,0,0,0,0,0,"N",-1,-2.2,0,0,0,0,0,0,0,0,0,0,0,0
"51187","2","23","74","0","2025","A","",1,6,365815,0,0,1111,57760,"",5.60,0.98,1.19,0.00,0.00,1.15,1.14,"",0,0.0,-5,-45.5,-258273,-41.4,0,0.0,0,0.0,-14,-1.2,-748,-1.3
"51187","3","23","74","0","2025","A","",2,49,2319897,242827,242,909,47264,"",4.89,5.31,5.18,19.24,8.18,0.97,0.97,"",0,0.0,-5,-9.3,-22253,-1.0,-13113,-5.1,-499,-67.3,71,8.5,3689,8.5
"51187","5","23","74","0","2025","A","N",118,0,0,0,0,0,0,"N",1.30,0,0,0,0,0,0,"N",-8,-6.3,0,0,0,0,0,0,0,0,0,0,0,0
"51191","2","23","74","0","2025","A","",2,90,5821444,0,0,1247,64863,"",8.18,9.05,12.71,0.00,0.00,1.41,1.41,"",1,100.0,11,13.9,571175,10.9,0,0.0,0,0.0,-27,-2.1,-1386,-2.1
"51191","5","23","74","0","2025","A","",138,887,55590667,9761743,91078,1206,62702,"",1.11,0.79,0.92,0.69,0.73,1.16,1.16,"",6,4.5,107,13.7,9071067,19.5,1358945,16.2,19695,27.6,59,5.1,3061,5.1
"51193","2","23","74","0","2025","A","",1,16,868621,0,0,1078,56040,"",13.13,10.63,13.77,0.00,0.00,1.34,1.34,"",0,0.0,3,23.1,156739,22.0,0,0.0,0,0.0,51,5.0,2649,5.0
"51193","5","23","74","0","2025","A","",55,224,11949749,2448673,15061,1024,53248,"",1.42,1.32,1.43,1.14,0.85,1.08,1.08,"",1,1.9,2,0.9,144603,1.2,-98322,-3.9,6332,72.5,1,0.1,72,0.1
"51195","2","23","74","0","2025","A","",1,80,5142866,0,0,1244,64690,"",8.34,15.53,22.50,0.00,0.00,1.46,1.46,"",0,0.0,-2,-2.4,73309,1.4,0,0.0,0,0.0,53,4.5,2740,4.4
"51195","5","23","74","0","2025","A","",37,243,13213345,2494950,11400,1047,54432,"",0.60,0.42,0.44,0.40,0.22,1.04,1.04,"",-3,-7.5,1,0.4,-373673,-2.8,72584,3.0,-6689,-37.0,-32,-3.0,-1693,-3.0
"51197","2","23","74","0","2025","A","",1,95,5699850,0,0,1155,60051,"",7.17,17.50,23.77,0.00,0.00,1.36,1.36,"",0,0.0,-1,-1.0,-2449,0.0,0,0.0,0,0.0,17,1.5,858,1.4
"51197","3","23","74","0","2025","A","",1,32,1211905,105004,105,723,37578,"",3.13,3.89,3.47,8.68,3.11,0.89,0.89,"",0,0.0,17,113.3,466581,62.6,-46855,-30.9,-46,-30.5,-217,-23.1,-11296,-23.1
"51197","5","23","74","0","2025","A","",60,324,19766036,3513727,23421,1175,61085,"",0.84,0.53,0.62,0.45,0.32,1.18,1.18,"",-2,-3.2,-28,-8.0,-1380367,-6.5,-237663,-6.3,-9261,-28.3,19,1.6,996,1.7
"51199","2","23","74","0","2025","A","",1,6,271864,0,0,936,48692,"",3.80,0.57,0.50,0.00,0.00,0.95,0.95,"",0,0.0,2,50.0,102438,60.5,0,0.0,0,0.0,5,0.5,285,0.6
"51199","5","23","74","0","2025","A","",197,1646,112688917,17506164,86119,1316,68455,"",1.47,1.38,1.56,1.35,0.83,1.13,1.13,"",-9,-4.4,-20,-1.2,3134928,2.9,-186377,-1.1,-6112,-6.6,52,4.1,2703,4.1
"51510","2","23","74","0","2025","A","",1,23,1973070,0,0,1668,86728,"",1.05,0.61,0.61,0.00,0.00,1.01,1.01,"",0,0.0,0,0.0,148453,8.1,0,0.0,0,0.0,120,7.8,6230,7.7
"51510","3","23","74","0","2025","A","",2,170,14879966,0,0,1681,87401,"",0.91,2.96,3.15,0.00,0.00,1.06,1.06,"",1,100.0,14,9.0,1103751,8.0,0,0.0,0,0.0,-13,-0.8,-673,-0.8
"51510","5","23","74","0","2025","A","",200,2196,206576275,25683256,170663,1809,94069,"",0.41,0.51,0.48,0.54,0.38,0.93,0.93,"",-11,-5.2,41,1.9,4172078,2.1,2067023,8.8,65305,62.0,3,0.2,153,0.2
"51520","2","23","74","0","2025","A","",1,232,19362844,0,0,1608,83641,"",10.69,45.47,89.03,0.00,0.00,1.96,1.96,"",0,0.0,1,0.4,781208,4.2,0,0.0,0,0.0,59,3.8,3114,3.9
"51520","3","23","74","0","2025","A","",1,16,853189,219358,306,1036,53886,"",4.67,2.07,2.70,17.24,8.69,1.31,1.32,"",0,0.0,2,14.3,107536,14.4,93037,73.7,129,72.9,-7,-0.7,-343,-0.6
"51520","5","23","74","0","2025","A","N",19,0,0,0,0,0,0,"N",0.40,0,0,0,0,0,0,"N",1,5.6,0,0,0,0,0,0,0,0,0,0,0,0
"51530","5","23","74","0","2025","A","N",7,0,0,0,0,0,0,"N",0.54,0,0,0,0,0,0,"N",0,0.0,0,0,0,0,0,0,0,0,0,0,0,0
"51540","3","23","74","0","2025","A","",1,29,1948294,0,0,1311,68162,"",1.12,1.10,1.12,0.00,0.00,1.04,1.04,"",0,0.0,0,0.0,132394,7.3,0,0.0,0,0.0,110,9.2,5724,9.2
"51540","5","23","74","0","2025","A","",101,1379,111666651,13339874,122337,1558,80996,"",0.51,0.70,0.71,0.66,0.63,1.01,1.01,"",-3,-2.9,24,1.8,9462030,9.3,-135758,-1.0,1474,1.2,107,7.4,5559,7.4
"51550","2","23","74","0","2025","A","",1,38,3040169,0,0,1539,80004,"",0.93,0.75,1.09,0.00,0.00,1.45,1.45,"",0,0.0,4,11.8,406049,15.4,0,0.0,0,0.0,71,4.8,3653,4.8
"51550","3","23","74","0","2025","A","",2,279,18122603,0,0,1250,64994,"",0.81,3.65,4.46,0.00,0.00,1.22,1.22,"",0,0.0,1,0.4,787133,4.5,0,0.0,0,0.0,50,4.2,2599,4.2
"51550","5","23","74","0","2025","A","",729,10006,786079168,113325943,781428,1511,78561,"",1.33,1.76,2.12,1.58,0.89,1.21,1.21,"",2,0.3,442,4.6,48423941,6.6,5766294,5.4,-247469,-24.1,28,1.9,1435,1.9
"51570","2","23","74","0","2025","A","",1,153,14984389,0,0,1883,97937,"",8.86,33.60,79.94,0.00,0.00,2.38,2.38,"",0,0.0,-33,-17.7,-2110119,-12.3,0,0.0,0,0.0,115,6.5,5990,6.5
"51570","3","23","74","0","2025","A","",2,19,932553,135844,190,961,49958,"",7.74,2.76,3.42,12.85,8.02,1.26,1.26,"",0,0.0,2,11.8,93849,11.2,22197,19.5,31,19.5,3,0.3,134,0.3
"51570","5","23","74","0","2025","A","N",30,0,0,0,0,0,0,"N",0.52,0,0,0,0,0,0,"N",-1,-3.2,0,0,0,0,0,0,0,0,0,0,0,0
"51580","2","23","74","0","2025","A","",1,25,1371369,0,0,1062,55223,"",22.22,14.45,14.28,0.00,0.00,1.00,0.99,"",0,0.0,2,8.7,146233,11.9,0,0.0,0,0.0,52,5.1,2717,5.2
"51580","3","23","74","0","2025","A","",2,19,807792,0,0,829,43082,"",19.39,7.26,5.78,0.00,0.00,0.81,0.81,"",0,0.0,2,11.8,106099,15.1,0,0.0,0,0.0,31,3.9,1603,3.9
"51580","5","23","74","0","2025","A","N",16,0,0,0,0,0,0,"N",0.70,0,0,0,0,0,0,"N",0,0.0,0,0,0,0,0,0,0,0,0,0,0,0
"51590","2","23","74","0","2025","A","",1,7,370104,0,0,1029,53509,"",3.62,0.59,0.66,0.00,0.00,1.13,1.13,"",0,0.0,2,40.0,104828,39.5,0,0.0,0,0.0,87,9.2,4535,9.3
"51590","3","23","74","0","2025","A","",1,59,3355807,0,0,1088,56559,"",1.58,3.29,4.12,0.00,0.00,1.24,1.24,"",0,0.0,0,0.0,284067,9.2,0,0.0,0,0.0,81,8.0,4200,8.0
"51590","5","23","74","0","2025","A","N",56,0,0,0,0,0,0,"N",0.40,0,0,0,0,0,0,"N",1,1.8,0,0,0,0,0,0,0,0,0,0,0,0
"51595","3","23","74","0","2025","A","",1,10,457911,0,0,873,45413,"",10.95,4.53,5.60,0.00,0.00,1.23,1.23,"",0,0.0,0,0.0,-28015,-5.8,0,0.0,0,0.0,-54,-5.8,-2778,-5.8
"51595","5","23","74","0","2025","A","N",5,0,0,0,0,0,0,"N",0.25,0,0,0,0,0,0,"N",-1,-16.7,0,0,0,0,0,0,0,0,0,0,0,0
"51600","2","23","74","0","2025","A","",1,130,14401642,0,0,2135,110995,"",3.65,10.96,18.96,0.00,0.00,1.73,1.73,"",0,0.0,59,83.1,7536011,109.8,0,0.0,0,0.0,269,14.4,13954,14.4
"51600","3","23","74","0","2025","A","",1,39,3293548,0,0,1621,84270,"",1.59,2.17,2.98,0.00,0.00,1.37,1.37,"",0,0.0,-4,-9.3,-44812,-1.3,0,0.0,0,0.0,125,8.4,6483,8.3
"51600","5","23","74","0","2025","A","N",84,0,0,0,0,0,0,"N",0.60,0,0,0,0,0,0,"N",6,7.7,0,0,0,0,0,0,0,0,0,0,0,0
"51610","2","23","74","0","2025","A","",1,7,545388,0,0,1430,74371,"",6.18,1.20,1.24,0.00,0.00,0.98,0.98,"",0,0.0,4,133.3,353766,184.6,0,0.0,0,0.0,235,19.7,12223,19.7
"51610","3","23","74","0","2025","A","",1,18,1809142,0,0,1951,101447,"",2.70,2.05,2.83,0.00,0.00,1.40,1.40,"",0,0.0,4,28.6,392201,27.7,0,0.0,0,0.0,-19,-1.0,-982,-1.0
"51610","5","23","74","0","2025","A","",48,476,46979547,5033665,20253,1898,98714,"",0.58,0.73,0.81,0.73,0.34,1.11,1.11,"",-1,-2.0,-15,-3.1,-8860880,-15.9,-57739,-1.1,6325,45.4,-288,-13.2,-14937,-13.1
"51620","2","23","74","0","2025","A","",1,51,3278292,0,0,1244,64703,"",21.01,27.81,44.71,0.00,0.00,1.62,1.62,"",0,0.0,-19,-27.1,-901570,-21.6,0,0.0,0,0.0,90,7.8,4705,7.8
"51620","3","23","74","0","2025","A","",1,4,280564,0,0,1349,70141,"",9.17,1.44,2.63,0.00,0.00,1.83,1.83,"",0,0.0,0,0.0,5918,2.2,0,0.0,0,0.0,29,2.2,1479,2.2
"51620","5","23","74","0","2025","A","N",7,0,0,0,0,0,0,"N",0.29,0,0,0,0,0,0,"N",1,16.7,0,0,0,0,0,0,0,0,0,0,0,0
"51630","2","23","74","0","2025","A","",1,120,10310700,0,0,1658,86222,"",3.78,10.17,14.50,0.00,0.00,1.43,1.43,"",0,0.0,29,31.9,3271915,46.5,0,0.0,0,0.0,171,11.5,8873,11.5
"51630","3","23","74","0","2025","A","",1,30,1704239,0,0,1083,56338,"",1.65,1.68,1.65,0.00,0.00,0.97,0.97,"",0,0.0,-3,-9.1,10842,0.6,0,0.0,0,0.0,84,8.4,4367,8.4
"51630","5","23","74","0","2025","A","",68,625,53954948,6603896,51400,1661,86386,"",0.50,0.47,0.57,0.49,0.47,1.22,1.22,"",-4,-5.6,48,8.3,6303379,13.2,156488,2.4,4260,9.0,73,4.6,3825,4.6
"51640","3","23","74","0","2025","A","",1,9,367895,0,0,816,42449,"",7.16,2.25,2.47,0.00,0.00,1.14,1.14,"",0,0.0,0,0.0,2910,0.8,0,0.0,0,0.0,43,5.6,2267,5.6
"51640","5","23","74","0","2025","A","N",8,0,0,0,0,0,0,"N",0.26,0,0,0,0,0,0,"N",0,0.0,0,0,0,0,0,0,0,0,0,0,0,0
"51650","2","23","74","0","2025","A","",1,115,7851459,0,0,1313,68274,"",2.09,4.81,5.48,0.00,0.00,1.14,1.14,"",0,0.0,6,5.5,894871,12.9,0,0.0,0,0.0,83,6.7,4305,6.7
"51650","3","23","74","0","2025","A","",3,30,1785652,0,0,1145,59522,"",2.74,0.83,0.86,0.00,0.00,1.03,1.03,"",0,0.0,1,3.4,128507,7.8,0,0.0,0,0.0,46,4.2,2379,4.2
"51650","5","23","74","0","2025","A","N",198,0,0,0,0,0,0,"N",0.81,0,0,0,0,0,0,"N",-12,-5.7,0,0,0,0,0,0,0,0,0,0,0,0
"51660","2","23","74","0","2025","A","",1,10,602548,0,0,1159,60255,"",3.73,0.68,0.84,0.00,0.00,1.23,1.23,"",0,0.0,4,66.7,243244,67.7,0,0.0,0,0.0,39,3.5,1989,3.4
"51660","3","23","74","0","2025","A","",1,73,4745757,0,0,1245,64715,"",1.63,3.28,4.55,0.00,0.00,1.38,1.38,"",0,0.0,-1,-1.4,284278,6.4,0,0.0,0,0.0,83,7.1,4289,7.1
"51660","5","23","74","0","2025","A","N",102,0,0,0,0,0,0,"N",0.75,0,0,0,0,0,0,"N",-2,-1.9,0,0,0,0,0,0,0,0,0,0,0,0
"51670","3","23","74","0","2025","A","",1,25,1715983,0,0,1311,68185,"",5.31,4.76,5.39,0.00,0.00,1.12,1.12,"",0,0.0,-1,-3.8,57768,3.5,0,0.0,0,0.0,81,6.6,4202,6.6
"51670","5","23","74","0","2025","A","N",27,0,0,0,0,0,0,"N",0.64,0,0,0,0,0,0,"N",-1,-3.6,0,0,0,0,0,0,0,0,0,0,0,0
"51678","2","23","74","0","2025","A","",1,17,1039551,0,0,1182,61451,"",20.81,6.62,8.56,0.00,0.00,1.30,1.30,"",0,0.0,4,30.8,308216,42.1,0,0.0,0,0.0,93,8.5,4832,8.5
"51678","3","23","74","0","2025","A","",1,14,701078,0,0,946,49198,"",9.08,3.60,3.97,0.00,0.00,1.08,1.08,"",0,0.0,2,16.7,204660,41.2,0,0.0,0,0.0,116,14.0,6031,14.0
"51678","5","23","74","0","2025","A","N",5,0,0,0,0,0,0,"N",0.20,0,0,0,0,0,0,"N",-1,-16.7,0,0,0,0,0,0,0,0,0,0,0,0
"51680","2","23","74","0","2025","A","",1,203,17330757,0,0,1640,85303,"",2.40,9.05,13.61,0.00,0.00,1.50,1.50,"",0,0.0,7,3.6,1172888,7.3,0,0.0,0,0.0,57,3.6,3005,3.7
"51680","3","23","74","0","2025","A","",1,50,3121699,0,0,1201,62434,"",1.05,1.47,1.68,0.00,0.00,1.14,1.14,"",0,0.0,-2,-3.8,103100,3.4,0,0.0,0,0.0,74,6.6,3820,6.5
"51680","5","23","74","0","2025","A","",130,1753,134049958,19515347,193206,1470,76465,"",0.61,0.69,0.79,0.74,0.69,1.14,1.14,"",2,1.6,71,4.2,2885588,2.2,1850538,10.5,105804,121.1,-29,-1.9,-1497,-1.9
"51683","2","23","74","0","2025","A","",1,45,4000234,0,0,1713,89059,"",4.13,3.95,4.32,0.00,0.00,1.10,1.10,"",0,0.0,25,125.0,2416140,152.5,0,0.0,0,0.0,151,9.7,7823,9.6
"51683","3","23","74","0","2025","A","",2,30,2599995,252772,252,1653,85950,"",3.60,1.74,1.93,10.10,4.05,1.10,1.10,"",-1,-33.3,-218,-87.9,-13658301,-84.0,18691,8.0,18,7.7,392,31.1,20392,31.1
"51683","5","23","74","0","2025","A","N",211,0,0,0,0,0,0,"N",1.71,0,0,0,0,0,0,"N",-15,-6.6,0,0,0,0,0,0,0,0,0,0,0,0
"51685","5","23","74","0","2025","A","",83,1078,78098933,15272169,84382,1393,72448,"",3.19,5.31,5.07,5.12,3.00,0.96,0.96,"",-9,-9.8,-25,-2.3,2354680,3.1,3432939,29.0,33160,64.7,72,5.5,3772,5.5
"51690","3","23","74","0","2025","A","",1,18,1058108,0,0,1120,58244,"",2.97,2.86,4.30,0.00,0.00,1.49,1.49,"",0,0.0,-10,-35.7,-505527,-32.3,0,0.0,0,0.0,30,2.8,1556,2.7
"51690","5","23","74","0","2025","A","N",10,0,0,0,0,0,0,"N",0.13,0,0,0,0,0,0,"N",0,0.0,0,0,0,0,0,0,0,0,0,0,0,0
"51700","2","23","74","0","2025","A","",1,16,1310204,0,0,1617,84077,"",1.46,0.33,0.42,0.00,0.00,1.29,1.29,"",0,0.0,-4,-20.0,-263046,-16.7,0,0.0,0,0.0,85,5.5,4419,5.5
"51700","3","23","74","0","2025","A","",1,96,5660931,0,0,1138,59173,"",0.64,1.33,1.25,0.00,0.00,0.95,0.95,"",0,0.0,2,2.1,650059,13.0,0,0.0,0,0.0,107,10.4,5581,10.4
"51700","5","23","74","0","2025","A","N",276,0,0,0,0,0,0,"N",0.79,0,0,0,0,0,0,"N",-16,-5.5,0,0,0,0,0,0,0,0,0,0,0,0
"51710","2","23","74","0","2025","A","",1,9,607030,0,0,1322,68720,"",1.01,0.13,0.13,0.00,0.00,1.00,1.00,"",0,0.0,2,28.6,173350,40.0,0,0.0,0,0.0,131,11.0,6766,10.9
"51710","3","23","74","0","2025","A","",1,150,8516405,0,0,1091,56745,"",0.44,1.46,1.25,0.00,0.00,0.86,0.86,"",0,0.0,5,3.4,608816,7.7,0,0.0,0,0.0,45,4.3,2335,4.3
"51710","5","23","74","0","2025","A","N",365,0,0,0,0,0,0,"N",0.72,0,0,0,0,0,0,"N",-6,-1.6,0,0,0,0,0,0,0,0,0,0,0,0
"51720","5","23","74","0","2025","A","N",7,0,0,0,0,0,0,"N",0.39,0,0,0,0,0,0,"N",0,0.0,0,0,0,0,0,0,0,0,0,0,0,0
"51730","2","23","74","0","2025","A","",1,9,712427,0,0,1522,79159,"",6.46,1.63,2.56,0.00,0.00,1.56,1.56,"N",1,100.0,0,0,0,0,0,0,0,0,0,0,0,0
"51730","3","23","74","0","2025","A","",1,37,2138442,0,0,1111,57796,"",2.82,4.44,5.28,0.00,0.00,1.19,1.19,"",0,0.0,4,12.1,506516,31.0,0,0.0,0,0.0,165,17.4,8592,17.5
"51730","5","23","74","0","2025","A","N",38,0,0,0,0,0,0,"N",0.48,0,0,0,0,0,0,"N",0,0.0,0,0,0,0,0,0,0,0,0,0,0,0
"51735","5","23","74","0","2025","A","N",38,0,0,0,0,0,0,"N",1.96,0,0,0,0,0,0,"N",0,0.0,0,0,0,0,0,0,0,0,0,0,0,0
"51740","3","23","74","0","2025","A","",1,14,841019,0,0,1198,62298,"",1.51,0.46,0.44,0.00,0.00,1.01,1.01,"",0,0.0,3,27.3,152197,22.1,0,0.0,0,0.0,38,3.3,1963,3.3
"51740","5","23","74","0","2025","A","",142,1980,146503465,20745100,156302,1423,73992,"",0.96,0.87,0.85,1.07,0.77,0.98,0.98,"",1,0.7,20,1.0,1912537,1.3,163239,0.8,-8516,-5.2,5,0.4,234,0.3
"51750","3","23","74","0","2025","A","",1,13,596737,0,0,872,45322,"",7.71,2.95,2.82,0.00,0.00,0.94,0.94,"",0,0.0,1,8.3,45380,8.2,0,0.0,0,0.0,1,0.1,5,0.0
"51750","5","23","74","0","2025","A","N",18,0,0,0,0,0,0,"N",0.62,0,0,0,0,0,0,"N",-1,-5.3,0,0,0,0,0,0,0,0,0,0,0,0
"51760","2","23","74","0","2025","A","",1,1085,122812590,0,0,2176,113148,"",0.70,13.76,19.46,0.00,0.00,1.41,1.41,"",0,0.0,29,2.7,8694617,7.6,0,0.0,0,0.0,99,4.8,5124,4.7
"51760","3","23","74","0","2025","A","",4,62,4106314,0,0,1272,66142,"",1.23,0.52,0.45,0.00,0.00,0.86,0.86,"",1,33.3,8,14.8,522471,14.6,0,0.0,0,0.0,7,0.6,383,0.6
"51760","5","23","74","0","2025","A","",479,5751,503145246,63690310,454804,1683,87491,"",0.66,0.65,0.60,0.69,0.48,0.93,0.93,"",5,1.1,112,2.0,25729240,5.4,195138,0.3,-69014,-13.2,55,3.4,2827,3.3
"51770","2","23","74","0","2025","A","",1,2,178258,0,0,1714,89129,"",1.82,0.06,0.10,0.00,0.00,1.51,1.51,"",0,0.0,0,0.0,-15356,-7.9,0,0.0,0,0.0,-148,-7.9,-7678,-7.9
"51770","3","23","74","0","2025","A","",2,98,5069434,0,0,996,51817,"",1.58,2.08,1.89,0.00,0.00,0.91,0.91,"",0,0.0,1,1.0,142965,2.9,0,0.0,0,0.0,18,1.8,985,1.9
"51770","5","23","74","0","2025","A","",248,4787,366001068,49802061,544873,1470,76464,"",0.88,1.36,1.50,1.35,1.47,1.10,1.10,"",16,6.9,349,7.9,39713322,12.2,3824677,8.3,26206,5.1,56,4.0,2947,4.0
"51775","2","23","74","0","2025","A","",1,285,24318380,0,0,1639,85253,"",5.83,29.44,41.29,0.00,0.00,1.40,1.40,"",0,0.0,-10,-3.4,861345,3.7,0,0.0,0,0.0,109,7.1,5715,7.2
"51775","3","23","74","0","2025","A","",2,57,3087246,0,0,1039,54004,"",5.09,3.89,3.60,0.00,0.00,0.92,0.92,"",0,0.0,1,1.8,202741,7.0,0,0.0,0,0.0,40,4.0,2031,3.9
"51775","5","23","74","0","2025","A","N",80,0,0,0,0,0,0,"N",0.91,0,0,0,0,0,0,"N",4,5.3,0,0,0,0,0,0,0,0,0,0,0,0
"51790","2","23","74","0","2025","A","",1,231,19741455,0,0,1646,85615,"",7.25,41.62,78.51,0.00,0.00,1.89,1.89,"",0,0.0,2,0.9,1219815,6.6,0,0.0,0,0.0,92,5.9,4793,5.9
"51790","3","23","74","0","2025","A","",1,14,779503,137874,192,1084,56350,"",3.16,1.67,2.13,12.04,8.95,1.29,1.29,"",0,0.0,1,7.7,49678,6.8,-150232,-52.1,-211,-52.4,31,2.9,1613,2.9
"51790","5","23","74","0","2025","A","N",40,0,0,0,0,0,0,"N",0.57,0,0,0,0,0,0,"N",4,11.1,0,0,0,0,0,0,0,0,0,0,0,0
"51800","2","23","74","0","2025","A","",1,358,32751118,0,0,1758,91398,"",2.89,17.14,28.06,0.00,0.00,1.64,1.64,"",0,0.0,-5,-1.4,949278,3.0,0,0.0,0,0.0,72,4.3,3709,4.2
"51800","3","23","74","0","2025","A","",10,116,7044061,0,0,1170,60856,"",12.61,3.67,4.15,0.00,0.00,1.13,1.13,"",0,0.0,-9,-7.2,-363153,-4.9,0,0.0,0,0.0,27,2.4,1440,2.4
"51800","5","23","74","0","2025","A","",154,1855,153186304,20286328,113893,1588,82599,"",0.87,0.79,0.99,0.73,0.22,1.26,1.26,"",-5,-3.1,42,2.3,14239725,10.2,260094,1.3,8871,8.4,114,7.7,5942,7.8
"51810","2","23","74","0","2025","A","",1,9,662395,0,0,1456,75702,"",0.46,0.11,0.14,0.00,0.00,1.38,1.38,"",0,0.0,2,28.6,197568,42.5,0,0.0,0,0.0,209,16.8,10842,16.7
"51810","3","23","74","0","2025","A","",1,73,4106009,0,0,1083,56311,"",0.20,0.57,0.61,0.00,0.00,1.07,1.07,"",0,0.0,1,1.4,222001,5.7,0,0.0,0,0.0,46,4.4,2366,4.4
"51810","5","23","74","0","2025","A","",1229,9264,716130428,108551845,604280,1487,77305,"",1.12,0.97,1.16,0.95,0.51,1.20,1.20,"",-5,-0.4,-437,-4.5,12238884,1.7,-6799256,-5.9,79198,15.1,92,6.6,4744,6.5
"51820","3","23","74","0","2025","A","",1,25,1166750,0,0,901,46826,"",3.74,3.38,3.68,0.00,0.00,1.09,1.09,"",0,0.0,3,13.6,86589,8.0,0,0.0,0,0.0,-29,-3.1,-1539,-3.2
"51820","5","23","74","0","2025","A","N",35,0,0,0,0,0,0,"N",0.59,0,0,0,0,0,0,"N",1,2.9,0,0,0,0,0,0,0,0,0,0,0,0
"51830","2","23","74","0","2025","A","",1,76,5179032,0,0,1310,68145,"",11.34,12.73,17.32,0.00,0.00,1.36,1.36,"",0,0.0,-1,-1.3,142424,2.8,0,0.0,0,0.0,55,4.4,2876,4.4
"51830","3","23","74","0","2025","A","",1,9,556951,0,0,1190,61883,"",4.95,1.00,1.28,0.00,0.00,1.29,1.29,"",0,0.0,1,12.5,69751,14.3,0,0.0,0,0.0,88,8.0,4565,8.0
"51830","5","23","74","0","2025","A","",18,102,7621434,979596,4154,1442,74965,"",0.40,0.15,0.19,0.18,0.07,1.27,1.27,"",0,0.0,9,9.7,957613,14.4,93015,10.5,11,0.3,60,4.3,3118,4.3
"51840","2","23","74","0","2025","A","",1,14,838530,0,0,1119,58164,"",4.42,1.19,1.20,0.00,0.00,0.98,0.98,"",0,0.0,8,133.3,528594,170.5,0,0.0,0,0.0,82,7.9,4262,7.9
"51840","3","23","74","0","2025","A","",1,23,1457394,0,0,1205,62684,"",1.93,1.29,1.43,0.00,0.00,1.10,1.10,"",0,0.0,0,0.0,92865,6.8,0,0.0,0,0.0,60,5.2,3141,5.3
"51840","5","23","74","0","2025","A","N",68,0,0,0,0,0,0,"N",0.59,0,0,0,0,0,0,"N",-2,-2.9,0,0,0,0,0,0,0,0,0,0,0,0
"51999","2","23","74","0","2025","A","",21,148,9210085,0,0,1196,62195,"",2.69,1.35,0.76,0.00,0.00,0.56,0.56,"",-22,-51.2,-95,-39.1,-4585869,-33.2,0,0.0,0,0.0,106,9.7,5499,9.7
"51999","5","23","74","0","2025","A","",2072,9946,895229356,134883475,1905221,1731,90006,"",0.52,0.80,0.56,0.66,0.57,0.69,0.69,"",-53,-2.5,829,9.1,112542244,14.4,10284358,8.3,47894,2.6,80,4.8,4157,4.8
"53000","3","23","54","0","2025","A","N",29,0,0,0,0,0,0,"N",0.34,0,0,0,0,0,0,"N",-1,-3.3,0,0,0,0,0,0,0,0,0,0,0,0
"53000","5","23","54","0","2025","A","",27518,207916,18619685975,13514515260,350272845,1722,89554,"",1.47,1.09,0.91,1.11,1.45,0.83,0.83,"",-60,-0.2,-4022,-1.9,463947556,2.6,446518955,3.4,23355586,7.1,75,4.6,3889,4.5
"53001","5","23","74","0","2025","A","N",46,0,0,0,0,0,0,"N",0.85,0,0,0,0,0,0,"N",4,9.5,0,0,0,0,0,0,0,0,0,0,0,0
"53003","5","23","74","0","2025","A","",72,442,33853707,25531783,683358,1475,76679,"",1.72,1.25,1.55,1.61,2.49,1.24,1.24,"",0,0.0,-64,-12.6,-4279105,-11.2,-3789455,-12.9,-277480,-28.9,26,1.8,1355,1.8
"53005","3","23","74","0","2025","A","N",1,0,0,0,0,0,0,"N",0.52,0,0,0,0,0,0,"N",0,0.0,0,0,0,0,0,0,0,0,0,0,0,0
"53005","5","23","74","0","2025","A","",749,8228,747980084,534535252,16414509,1748,90910,"",1.76,1.55,1.77,1.79,2.38,1.14,1.14,"",-3,-0.4,-34,-0.4,26004628,3.6,20140120,3.9,-360344,-2.1,67,4.0,3522,4.0
"53007","5","23","74","0","2025","A","",464,2558,221356801,163798798,4805567,1664,86518,"",1.84,1.08,1.46,1.47,1.99,1.35,1.35,"",0,0.0,-142,-5.3,-33789701,-13.2,4159099,2.6,645824,15.5,-153,-8.4,-7978,-8.4
"53009","3","23","74","0","2025","A","N",1,0,0,0,0,0,0,"N",1.25,0,0,0,0,0,0,"N",0,0.0,0,0,0,0,0,0,0,0,0,0,0,0
"53009","5","23","74","0","2025","A","",353,1182,78496339,62620939,1375080,1277,66428,"",1.98,0.91,0.97,1.17,1.36,1.06,1.06,"",-4,-1.1,-6,-0.5,2998582,4.0,1975093,3.3,171302,14.2,55,4.5,2900,4.6
"53011","5","23","74","0","2025","A","",2068,17207,1433373930,1074625942,18833196,1602,83303,"",1.69,1.78,1.82,1.81,1.68,1.02,1.02,"",5,0.2,-381,-2.2,22441840,1.6,25883890,2.5,-141252,-0.7,59,3.8,3082,3.8
"53013","5","23","74","0","2025","A","N",19,0,0,0,0,0,0,"N",1.36,0,0,0,0,0,0,"N",1,5.6,0,0,0,0,0,0,0,0,0,0,0,0
"53015","5","23","74","0","2025","A","",394,3318,315948595,220765054,7679275,1831,95220,"",1.86,1.52,1.92,1.67,2.53,1.26,1.26,"",-6,-1.5,83,2.6,37246604,13.4,21675850,10.9,869494,12.8,174,10.5,9075,10.5
"53017","3","23","74","0","2025","A","N",4,0,0,0,0,0,0,"N",10.14,0,0,0,0,0,0,"N",0,0.0,0,0,0,0,0,0,0,0,0,0,0,0
"53017","5","23","74","0","2025","A","",211,800,51693254,42812137,1250060,1242,64603,"",2.40,1.21,1.34,1.28,1.74,1.11,1.11,"",-3,-1.4,-3,-0.4,2739875,5.6,1971881,4.8,104558,9.1,70,6.0,3653,6.0
"53019","3","23","74","0","2025","A","N",6,0,0,0,0,0,0,"N",62.17,0,0,0,0,0,0,"N",0,0.0,0,0,0,0,0,0,0,0,0,0,0,0
"53019","5","23","74","0","2025","A","",40,96,4569650,4340009,130446,913,47477,"",1.86,1.07,0.86,1.19,1.58,0.80,0.80,"",5,14.3,8,9.1,542321,13.5,482458,12.5,21861,20.1,28,3.2,1450,3.2
"53021","5","23","74","0","2025","A","",422,2801,203125856,164615214,3929171,1394,72508,"",2.24,1.39,1.58,1.51,1.54,1.14,1.14,"",-3,-0.7,131,4.9,25562748,14.4,19097741,13.1,453711,13.1,115,9.0,6017,9.0
"53023","5","23","74","0","2025","A","N",2,0,0,0,0,0,0,"N",0.36,0,0,0,0,0,0,"N",0,0.0,0,0,0,0,0,0,0,0,0,0,0,0
"53025","5","23","74","0","2025","A","",329,1674,139880571,100249799,3153614,1607,83548,"",1.55,0.75,0.87,0.81,1.12,1.17,1.17,"",15,4.8,-140,-7.7,-8361150,-5.6,-6985919,-6.5,278504,9.7,35,2.2,1827,2.2
"53027","5","23","74","0","2025","A","",226,1490,116889156,85669706,2420359,1509,78449,"",1.57,1.18,1.43,1.43,2.01,1.21,1.21,"",-3,-1.3,102,7.3,11684714,11.1,6624430,8.4,222728,10.1,51,3.5,2626,3.5
"53029","5","23","74","0","2025","A","",330,1225,79441943,66883532,869074,1247,64829,"",1.96,1.27,1.18,1.41,1.14,0.93,0.93,"",-9,-2.7,-35,-2.8,1241651,1.6,1065905,1.6,-20683,-2.3,53,4.4,2761,4.4
"53031","3","23","74","0","2025","A","N",1,0,0,0,0,0,0,"N",2.66,0,0,0,0,0,0,"N",0,0.0,0,0,0,0,0,0,0,0,0,0,0,0
"53031","5","23","74","0","2025","A","",152,657,43045359,35574576,576659,1259,65477,"",1.82,1.34,1.31,1.54,1.42,0.98,0.98,"",-6,-3.8,-32,-4.6,1076467,2.6,409827,1.2,-55111,-8.7,88,7.5,4601,7.6
"53033","3","23","74","0","2025","A","",8,76,8240281,72800,3189,2071,107716,"",0.28,0.07,0.07,0.01,0.06,0.89,0.89,"",0,0.0,-12,-13.6,-667169,-7.5,-58200,-44.4,-736,-18.8,132,6.8,6877,6.8
"53033","5","23","74","0","2025","A","",6527,68376,7094234193,4739996799,134990537,1995,103754,"",1.01,0.90,0.63,0.81,1.19,0.70,0.70,"",-63,-1.0,-2475,-3.5,38006452,0.5,48394680,1.0,10171372,8.1,80,4.2,4162,4.2
"53035","3","23","74","0","2025","A","N",2,0,0,0,0,0,0,"N",0.83,0,0,0,0,0,0,"N",0,0.0,0,0,0,0,0,0,0,0,0,0,0,0
"53035","5","23","74","0","2025","A","",864,4252,317224445,251311778,4812264,1435,74600,"",1.62,0.85,0.80,1.25,1.32,0.94,0.94,"",14,1.6,-145,-3.3,2337387,0.7,6820124,2.8,547945,12.8,58,4.2,2989,4.2
"53037","5","23","74","0","2025","A","",236,1443,110170300,84278091,2015868,1468,76353,"",2.11,1.62,2.00,2.11,2.20,1.23,1.23,"",13,5.8,65,4.7,9253019,9.2,5680796,7.2,208079,11.5,59,4.2,3101,4.2
"53039","5","23","74","0","2025","A","",112,228,13442970,11718840,255111,1132,58853,"",1.72,0.61,0.50,0.52,0.50,0.82,0.82,"",4,3.7,-18,-7.3,1007109,8.1,638339,5.8,9844,4.0,162,16.7,8403,16.7
"53041","5","23","74","0","2025","A","",304,1421,97715568,80912670,1619854,1322,68753,"",1.72,0.98,1.03,1.06,1.15,1.05,1.05,"",3,1.0,47,3.4,11243335,13.0,8090732,11.1,254279,18.6,112,9.3,5834,9.3
"53043","3","23","74","0","2025","A","N",1,0,0,0,0,0,0,"N",6.51,0,0,0,0,0,0,"N",0,0.0,0,0,0,0,0,0,0,0,0,0,0,0
"53043","5","23","74","0","2025","A","",51,308,20789840,17875250,359642,1299,67573,"",1.49,2.15,2.40,3.30,3.41,1.12,1.12,"",-1,-1.9,0,0.0,-785782,-3.6,17163,0.1,-60304,-14.4,-50,-3.7,-2554,-3.6
"53045","5","23","74","0","2025","A","",196,639,33182292,30858779,550786,999,51949,"",1.99,0.80,0.63,0.94,0.94,0.78,0.78,"",-6,-3.0,74,13.1,6217805,23.1,5797160,23.1,157707,40.1,81,8.8,4224,8.9
"53047","5","23","74","0","2025","A","",213,564,30408122,27867903,615079,1038,53955,"",1.68,0.61,0.60,0.76,0.71,0.99,0.99,"",17,8.7,14,2.5,4173362,15.9,3338654,13.6,98239,19.0,121,13.2,6255,13.1
"53049","5","23","74","0","2025","A","",75,270,14682332,13045099,212566,1047,54463,"",1.38,0.79,0.76,0.88,0.75,0.97,0.97,"",2,2.7,-11,-3.9,577543,4.1,70875,0.5,10450,5.2,83,8.6,4327,8.6
"53051","5","23","74","0","2025","A","",67,140,7446063,6333978,172762,1021,53091,"",2.48,0.83,0.61,1.17,1.03,0.73,0.73,"",6,9.8,-13,-8.5,-669797,-8.3,-337590,-5.1,-45972,-21.0,2,0.2,104,0.2
"53053","5","23","74","0","2025","A","",2946,23862,2091453708,1547956852,39221732,1686,87646,"",1.78,1.34,1.47,1.65,2.05,1.10,1.10,"",-16,-0.5,-131,-0.5,98755172,5.0,78932628,5.4,3124704,8.7,89,5.6,4591,5.5
"53055","5","23","74","0","2025","A","",217,711,42676896,38983027,389759,1154,60017,"",2.66,2.17,2.17,2.15,1.23,1.00,1.00,"",-14,-6.1,-25,-3.4,812947,1.9,891917,2.3,-43782,-10.1,61,5.6,3162,5.6
"53057","3","23","74","0","2025","A","N",1,0,0,0,0,0,0,"N",0.74,0,0,0,0,0,0,"N",0,0.0,0,0,0,0,0,0,0,0,0,0,0,0
"53057","5","23","74","0","2025","A","",565,4385,406325299,293245008,9066063,1782,92666,"",1.88,1.53,1.91,1.87,2.64,1.25,1.25,"",3,0.5,39,0.9,23095269,6.0,17360173,6.3,407377,4.7,86,5.1,4493,5.1
"53059","5","23","74","0","2025","A","N",26,0,0,0,0,0,0,"N",1.19,0,0,0,0,0,0,"N",-1,-3.7,0,0,0,0,0,0,0,0,0,0,0,0
"53061","3","23","74","0","2025","A","N",1,0,0,0,0,0,0,"N",0.14,0,0,0,0,0,0,"N",0,0.0,0,0,0,0,0,0,0,0,0,0,0,0
"53061","5","23","74","0","2025","A","",3431,23765,1939404242,1506552440,32271758,1569,81607,"",2.11,1.50,1.35,1.46,1.55,0.90,0.90,"",-9,-0.3,-1082,-4.4,-37686056,-1.9,-3702511,-0.2,453920,1.4,39,2.5,2035,2.6
"53063","3","23","74","0","2025","A","N",1,0,0,0,0,0,0,"N",0.18,0,0,0,0,0,0,"N",0,0.0,0,0,0,0,0,0,0,0,0,0,0,0
"53063","5","23","74","0","2025","A","",2080,13590,1008600014,827217592,21587150,1427,74219,"",1.67,1.05,1.05,1.23,1.67,1.00,1.00,"",-4,-0.2,-213,-1.5,28996653,3.0,33247618,4.2,1269137,6.2,62,4.5,3247,4.6
"53065","5","23","74","0","2025","A","",144,497,28295821,25448841,797922,1094,56905,"",1.78,0.84,0.79,0.95,1.40,0.95,0.95,"",-3,-2.0,-3,-0.6,1608877,6.0,1299316,5.4,15233,1.9,68,6.6,3549,6.7
"53067","3","23","74","0","2025","A","N",1,0,0,0,0,0,0,"N",0.33,0,0,0,0,0,0,"N",0,0.0,0,0,0,0,0,0,0,0,0,0,0,0
"53067","5","23","74","0","2025","A","",1034,6245,556772174,401820418,11239838,1714,89150,"",1.55,0.91,0.99,1.32,1.76,1.09,1.09,"",-10,-1.0,61,1.0,45332806,8.9,33094568,9.0,1281462,12.9,124,7.8,6444,7.8
"53069","5","23","74","0","2025","A","N",14,0,0,0,0,0,0,"N",1.38,0,0,0,0,0,0,"N",0,0.0,0,0,0,0,0,0,0,0,0,0,0,0
"53071","5","23","74","0","2025","A","",207,1135,78871352,65354914,1358711,1336,69465,"",1.46,0.76,0.83,1.00,1.13,1.09,1.09,"",-3,-1.4,8,0.7,8068761,11.4,5645359,9.5,208784,18.2,128,10.6,6632,10.6
"53073","3","23","74","0","2025","A","N",1,0,0,0,0,0,0,"N",0.38,0,0,0,0,0,0,"N",0,0.0,0,0,0,0,0,0,0,0,0,0,0,0
"53073","5","23","74","0","2025","A","",872,7943,753635508,550083419,17111922,1825,94879,"",1.51,1.60,2.03,1.97,2.81,1.27,1.27,"",-6,-0.7,379,5.0,98759082,15.1,68534795,14.2,2620677,18.1,160,9.6,8301,9.6
"53075","5","23","74","0","2025","A","",94,478,30851696,25651841,487382,1242,64577,"",0.98,0.48,0.42,0.63,1.01,0.88,0.88,"",-2,-2.1,-15,-3.0,-298001,-1.0,295563,1.2,11749,2.5,28,2.3,1425,2.3
"53077","5","23","74","0","2025","A","",810,3909,241625612,208674110,4733231,1189,61806,"",1.62,0.64,0.68,0.71,0.74,1.07,1.07,"",-1,-0.1,-56,-1.4,9830233,4.2,6921003,3.4,87261,1.9,65,5.8,3346,5.7
"53999","5","23","74","0","2025","A","",557,1727,203668540,156455844,4029004,2268,117938,"",0.72,0.42,0.25,0.39,0.49,0.60,0.60,"N",23,4.3,0,0,0,0,0,0,0,0,0,0,0,0
"54000","2","23","54","0","2025","A","",55,3908,209412927,21892,591,1031,53587,"",5.79,11.97,11.60,0.02,0.17,0.97,0.97,"",1,1.9,-92,-2.3,16957984,8.8,5942,37.3,160,37.1,106,11.5,5471,11.4
"54000","5","23","54","0","2025","A","",4706,35151,2619356538,512391078,26741304,1433,74517,"",0.97,0.96,1.09,1.13,1.53,1.15,1.15,"",2,0.0,1479,4.4,257554563,10.9,23666452,4.8,1638627,6.5,84,6.2,4375,6.2
"54001","2","23","74","0","2025","A","",1,30,1596085,0,0,1023,53203,"",16.82,17.37,16.76,0.00,0.00,0.97,0.97,"",0,0.0,-2,-6.2,78618,5.2,0,0.0,0,0.0,120,13.3,6271,13.4
"54001","5","23","74","0","2025","A","N",34,0,0,0,0,0,0,"N",1.12,0,0,0,0,0,0,"N",0,0.0,0,0,0,0,0,0,0,0,0,0,0,0
"54003","2","23","74","0","2025","A","",1,32,1686801,0,0,1022,53128,"",1.68,1.77,1.67,0.00,0.00,0.95,0.95,"",0,0.0,-1,-3.0,229316,15.7,0,0.0,0,0.0,179,21.2,9294,21.2
"54003","5","23","74","0","2025","A","N",304,0,0,0,0,0,0,"N",1.00,0,0,0,0,0,0,"N",2,0.7,0,0,0,0,0,0,0,0,0,0,0,0
"54005","2","23","74","0","2025","A","",1,30,1623132,0,0,1046,54407,"",15.23,13.92,14.20,0.00,0.00,1.03,1.03,"",0,0.0,1,3.4,247817,18.0,0,0.0,0,0.0,144,16.0,7521,16.0
"54005","5","23","74","0","2025","A","N",22,0,0,0,0,0,0,"N",0.66,0,0,0,0,0,0,"N",2,10.0,0,0,0,0,0,0,0,0,0,0,0,0
"54007","2","23","74","0","2025","A","",1,54,2850830,0,0,1012,52631,"",16.91,23.09,26.79,0.00,0.00,1.16,1.16,"",0,0.0,-3,-5.3,295480,11.6,0,0.0,0,0.0,145,16.7,7537,16.7
"54007","5","23","74","0","2025","A","",33,128,7165337,1786856,107835,1079,56125,"",1.09,0.49,0.51,0.51,0.94,1.05,1.05,"",5,17.9,-2,-1.5,58603,0.8,189080,11.8,10952,11.3,28,2.7,1493,2.7
"54009","2","23","74","0","2025","A","",1,26,1296029,0,0,952,49530,"",10.44,7.44,7.11,0.00,0.00,0.95,0.95,"",0,0.0,-4,-13.3,-971,-0.1,0,0.0,0,0.0,114,13.6,5933,13.6
"54009","5","23","74","0","2025","A","N",48,0,0,0,0,0,0,"N",0.98,0,0,0,0,0,0,"N",2,4.3,0,0,0,0,0,0,0,0,0,0,0,0
"54011","2","23","74","0","2025","A","",1,252,13469439,0,0,1027,53380,"",1.96,10.37,10.21,0.00,0.00,0.98,0.98,"",0,0.0,11,4.6,1025188,8.2,0,0.0,0,0.0,34,3.4,1762,3.4
"54011","5","23","74","0","2025","A","N",223,0,0,0,0,0,0,"N",0.86,0,0,0,0,0,0,"N",0,0.0,0,0,0,0,0,0,0,0,0,0,0,0
"54013","2","23","74","0","2025","A","",1,27,1409412,0,0,989,51407,"",44.44,47.66,48.53,0.00,0.00,1.00,1.00,"",0,0.0,-1,-3.6,258623,22.5,0,0.0,0,0.0,189,23.6,9812,23.6
"54013","5","23","74","0","2025","A","",12,179,17876871,3099876,243947,1922,99964,"",1.05,2.80,4.65,3.40,4.55,1.66,1.66,"",1,9.1,34,23.4,3247358,22.2,602912,24.1,52790,27.6,-24,-1.2,-1220,-1.2
"54015","2","23","74","0","2025","A","",1,44,2163033,0,0,954,49630,"",33.56,60.15,62.33,0.00,0.00,1.05,1.05,"",0,0.0,4,10.0,358730,19.9,0,0.0,0,0.0,79,9.0,4143,9.1
"54015","5","23","74","0","2025","A","",13,86,4147559,1141795,65008,929,48321,"",0.86,1.04,0.90,1.18,1.58,0.87,0.87,"",-3,-18.8,0,0.0,614442,17.4,52224,4.8,5254,8.8,138,17.4,7198,17.5
"54017","2","23","74","0","2025","A","",1,28,1442102,0,0,973,50600,"",49.83,36.52,28.36,0.00,0.00,0.76,0.76,"",0,0.0,1,3.7,127641,9.7,0,0.0,0,0.0,25,2.6,1308,2.7
"54017","5","23","74","0","2025","A","",14,61,2951979,820498,38077,936,48659,"",1.37,0.71,0.44,0.99,0.95,0.62,0.62,"",-2,-12.5,-176,-74.3,-19310831,-86.7,-2482616,-75.2,-92591,-70.9,-869,-48.1,-45178,-48.1
"54019","2","23","74","0","2025","A","",1,60,3358003,0,0,1073,55812,"",5.37,12.29,15.56,0.00,0.00,1.26,1.26,"",0,0.0,-4,-6.2,392694,13.2,0,0.0,0,0.0,183,20.6,9539,20.6
"54019","5","23","74","0","2025","A","",89,278,12812113,3399885,129806,885,46032,"",0.94,0.51,0.45,0.55,0.55,0.89,0.89,"",1,1.1,-10,-3.5,29434,0.2,-229536,-6.3,-23151,-15.1,31,3.6,1609,3.6
"54021","2","23","74","0","2025","A","",1,25,1198055,0,0,909,47292,"",39.62,29.74,30.85,0.00,0.00,1.02,1.02,"",0,0.0,-1,-3.8,-25374,-2.1,0,0.0,0,0.0,4,0.4,237,0.5
"54021","5","23","74","0","2025","A","N",6,0,0,0,0,0,0,"N",0.47,0,0,0,0,0,0,"N",-2,-25.0,0,0,0,0,0,0,0,0,0,0,0,0
"54023","2","23","74","0","2025","A","",1,36,1993296,0,0,1050,54611,"",17.78,20.46,22.89,0.00,0.00,1.10,1.10,"",0,0.0,2,5.9,275988,16.1,0,0.0,0,0.0,83,8.6,4348,8.7
"54023","5","23","74","0","2025","A","",50,443,32116998,7390361,570582,1393,72444,"",1.74,2.24,2.78,3.15,4.25,1.24,1.24,"",7,16.3,104,30.7,9760550,43.7,2054586,38.5,214656,60.3,124,9.8,6463,9.8
"54025","2","23","74","0","2025","A","",1,234,12984164,0,0,1069,55567,"",4.67,40.65,53.64,0.00,0.00,1.32,1.32,"",0,0.0,-8,-3.3,856494,7.1,0,0.0,0,0.0,105,10.9,5418,10.8
"54025","5","23","74","0","2025","A","",127,525,22720744,6380837,205077,833,43305,"",1.16,0.81,0.71,0.74,0.68,0.88,0.88,"",-1,-0.8,-36,-6.4,-1104590,-4.6,-503063,-7.3,-21004,-9.3,16,2.0,829,2.0
"54027","2","23","74","0","2025","A","",1,38,1841966,0,0,930,48367,"",11.79,19.03,22.50,0.00,0.00,1.18,1.18,"",0,0.0,-2,-5.0,214162,13.2,0,0.0,0,0.0,157,20.3,8174,20.3
"54027","5","23","74","0","2025","A","",58,192,9155057,2358453,57814,916,47621,"",1.34,0.85,0.84,0.95,0.58,0.99,0.99,"",-5,-7.9,-39,-16.9,-3257105,-26.2,-1524399,-39.3,-137949,-70.5,-118,-11.4,-6131,-11.4
"54029","2","23","74","0","2025","A","",1,25,1347298,0,0,1023,53183,"",6.81,6.09,6.53,0.00,0.00,1.06,1.06,"",0,0.0,0,0.0,216333,19.1,0,0.0,0,0.0,156,18.0,8095,18.0
"54029","5","23","74","0","2025","A","N",56,0,0,0,0,0,0,"N",0.75,0,0,0,0,0,0,"N",5,9.8,0,0,0,0,0,0,0,0,0,0,0,0
"54031","2","23","74","0","2025","A","",1,42,2143978,0,0,980,50946,"",14.14,14.71,16.56,0.00,0.00,1.12,1.12,"",0,0.0,0,0.0,176715,9.0,0,0.0,0,0.0,90,10.1,4657,10.1
"54031","5","23","74","0","2025","A","",38,117,5797547,1532882,58524,953,49552,"",1.05,0.36,0.34,0.31,0.40,0.93,0.93,"",-1,-2.6,-1,-0.8,141680,2.5,41261,2.8,9908,20.4,32,3.5,1655,3.5
"54033","2","23","74","0","2025","A","",1,260,13570764,0,0,1004,52195,"",2.62,14.80,12.82,0.00,0.00,0.87,0.87,"",0,0.0,-10,-3.7,286101,2.2,0,0.0,0,0.0,57,6.0,2947,6.0
"54033","5","23","74","0","2025","A","",200,2277,175452412,32160806,1632873,1482,77046,"",1.03,1.15,1.25,1.38,1.78,1.09,1.09,"",1,0.5,-160,-6.6,-16891595,-8.8,-6609809,-17.0,-667367,-29.0,-36,-2.4,-1889,-2.4
"54035","2","23","74","0","2025","A","",1,44,2259076,0,0,980,50957,"",9.00,12.13,12.38,0.00,0.00,1.01,1.01,"",0,0.0,-5,-10.2,80838,3.7,0,0.0,0,0.0,121,14.1,6275,14.0
"54035","5","23","74","0","2025","A","N",64,0,0,0,0,0,0,"N",1.13,0,0,0,0,0,0,"N",0,0.0,0,0,0,0,0,0,0,0,0,0,0,0
"54037","2","23","74","0","2025","A","",1,37,1891156,0,0,972,50543,"",2.68,4.60,4.05,0.00,0.00,0.87,0.87,"",0,0.0,0,0.0,283261,17.6,0,0.0,0,0.0,146,17.7,7570,17.6
"54037","5","23","74","0","2025","A","N",143,0,0,0,0,0,0,"N",0.75,0,0,0,0,0,0,"N",10,7.5,0,0,0,0,0,0,0,0,0,0,0,0
"54039","5","23","74","0","2025","A","",446,3700,304600141,54852103,2527429,1583,82321,"",0.84,0.73,0.87,0.94,1.22,1.19,1.19,"",-18,-3.9,-397,-9.7,-12108810,-3.8,-938376,-1.7,-305891,-10.8,96,6.5,5014,6.5
"54041","2","23","74","0","2025","A","",1,209,11977068,0,0,1103,57352,"",12.23,78.07,93.63,0.00,0.00,1.20,1.20,"",0,0.0,-1,-0.5,1002774,9.1,0,0.0,0,0.0,99,9.9,5135,9.8
"54041","5","23","74","0","2025","A","",38,371,25126669,5344355,222273,1302,67727,"",0.91,1.23,1.48,1.51,1.49,1.20,1.20,"",-2,-5.0,-21,-5.4,-256671,-1.0,-67891,-1.3,12055,5.7,57,4.6,2987,4.6
"54043","2","23","74","0","2025","A","",1,37,1977463,0,0,1028,53445,"",19.35,30.20,42.97,0.00,0.00,1.42,1.42,"",0,0.0,1,2.8,354367,21.8,0,0.0,0,0.0,171,20.0,8875,19.9
"54043","5","23","74","0","2025","A","",26,147,11272138,2148122,93489,1476,76768,"",0.99,1.07,1.85,1.82,2.04,1.74,1.74,"",-2,-7.1,-77,-34.4,-6406171,-36.2,-1290512,-37.5,-45382,-32.7,-38,-2.5,-1977,-2.5
"54045","2","23","74","0","2025","A","",1,50,2504557,0,0,967,50259,"",6.49,9.17,8.44,0.00,0.00,0.92,0.92,"",0,0.0,-4,-7.4,343574,15.9,0,0.0,0,0.0,193,24.9,9992,24.8
"54045","5","23","74","0","2025","A","",38,332,16404753,5859816,267789,952,49486,"",0.48,0.54,0.42,0.66,0.83,0.77,0.77,"",2,5.6,41,14.1,2481991,17.8,984631,20.2,66441,33.0,32,3.5,1641,3.4
"54047","2","23","74","0","2025","A","",1,37,2178698,0,0,1125,58489,"",17.73,21.09,23.91,0.00,0.00,1.13,1.13,"",0,0.0,-4,-9.8,478984,28.2,0,0.0,0,0.0,331,41.7,17200,41.7
"54047","5","23","74","0","2025","A","N",10,0,0,0,0,0,0,"N",0.35,0,0,0,0,0,0,"N",0,0.0,0,0,0,0,0,0,0,0,0,0,0,0
"54049","2","23","74","0","2025","A","",1,38,1725414,0,0,881,45807,"",3.75,4.66,4.05,0.00,0.00,0.88,0.88,"",0,0.0,8,26.7,362203,26.6,0,0.0,0,0.0,10,1.1,493,1.1
"54049","5","23","74","0","2025","A","N",146,0,0,0,0,0,0,"N",1.07,0,0,0,0,0,0,"N",-2,-1.4,0,0,0,0,0,0,0,0,0,0,0,0
"54051","2","23","74","0","2025","A","",1,209,12051736,0,0,1108,57595,"",9.42,42.84,40.15,0.00,0.00,0.94,0.94,"",0,0.0,-5,-2.3,519508,4.5,0,0.0,0,0.0,70,6.7,3622,6.7
"54051","5","23","74","0","2025","A","",52,658,53102120,9894195,621726,1553,80743,"",0.96,1.20,1.34,1.47,2.47,1.12,1.12,"",-2,-3.7,-152,-18.8,-20079443,-27.4,-5720737,-36.6,-486984,-43.9,-184,-10.6,-9567,-10.6
"54053","2","23","74","0","2025","A","",1,36,1746687,0,0,920,47854,"",12.97,11.12,8.68,0.00,0.00,0.77,0.77,"",0,0.0,2,5.9,25466,1.5,0,0.0,0,0.0,-39,-4.1,-2036,-4.1
"54053","5","23","74","0","2025","A","N",48,0,0,0,0,0,0,"N",1.22,0,0,0,0,0,0,"N",6,14.3,0,0,0,0,0,0,0,0,0,0,0,0
"54055","2","23","74","0","2025","A","",1,274,16016833,0,0,1126,58527,"",3.88,29.88,37.10,0.00,0.00,1.24,1.24,"",0,0.0,-14,-4.9,1883411,13.3,0,0.0,0,0.0,181,19.2,9396,19.1
"54055","5","23","74","0","2025","A","N",94,0,0,0,0,0,0,"N",0.72,0,0,0,0,0,0,"N",-2,-2.1,0,0,0,0,0,0,0,0,0,0,0,0
"54057","2","23","74","0","2025","A","",1,210,11952704,0,0,1097,57031,"",8.96,51.95,55.54,0.00,0.00,1.07,1.07,"",0,0.0,-25,-10.6,-587546,-4.7,0,0.0,0,0.0,70,6.8,3630,6.8
"54057","5","23","74","0","2025","A","N",52,0,0,0,0,0,0,"N",0.91,0,0,0,0,0,0,"N",4,8.3,0,0,0,0,0,0,0,0,0,0,0,0
"54059","2","23","74","0","2025","A","",1,46,2320714,0,0,975,50726,"",12.48,21.97,22.41,0.00,0.00,1.03,1.03,"",0,0.0,-3,-6.1,228462,10.9,0,0.0,0,0.0,151,18.3,7881,18.4
"54059","5","23","74","0","2025","A","N",38,0,0,0,0,0,0,"N",0.93,0,0,0,0,0,0,"N",-6,-13.6,0,0,0,0,0,0,0,0,0,0,0,0
"54061","2","23","74","0","2025","A","",2,45,2123570,21892,591,904,47016,"",3.02,1.60,1.21,0.35,2.60,0.75,0.75,"",0,0.0,6,15.4,526672,33.0,5942,37.3,160,37.1,123,15.7,6417,15.8
"54061","5","23","74","0","2025","A","",338,2440,170031587,33480917,1497445,1340,69690,"",1.00,0.77,0.73,1.09,1.31,0.95,0.95,"",10,3.0,173,7.6,14945450,9.6,1637282,5.1,101608,7.3,25,1.9,1287,1.9
"54063","2","23","74","0","2025","A","",1,32,1898629,0,0,1132,58872,"",20.36,36.21,46.70,0.00,0.00,1.28,1.28,"",0,0.0,-6,-15.8,400577,26.7,0,0.0,0,0.0,364,47.4,18924,47.4
"54063","5","23","74","0","2025","A","N",40,0,0,0,0,0,0,"N",1.60,0,0,0,0,0,0,"N",1,2.6,0,0,0,0,0,0,0,0,0,0,0,0
"54065","2","23","74","0","2025","A","",1,28,1370974,0,0,933,48530,"",16.12,19.16,22.39,0.00,0.00,1.16,1.16,"",0,0.0,3,12.0,301289,28.2,0,0.0,0,0.0,107,13.0,5599,13.0
"54065","5","23","74","0","2025","A","",31,121,6429041,1681391,45798,1022,53169,"",0.98,0.74,0.79,0.82,0.59,1.08,1.08,"",3,10.7,-10,-7.6,-1028719,-13.8,-263083,-13.5,-11872,-20.6,-71,-6.5,-3688,-6.5
"54067","2","23","74","0","2025","A","",1,54,3015868,0,0,1084,56371,"",8.02,16.45,19.89,0.00,0.00,1.22,1.22,"",0,0.0,-5,-8.5,387515,14.7,0,0.0,0,0.0,233,27.4,12135,27.4
"54067","5","23","74","0","2025","A","",66,253,16358873,3573059,168996,1245,64724,"",1.04,0.68,0.81,0.76,1.00,1.19,1.19,"",-3,-4.3,-7,-2.7,-1848539,-10.2,-795956,-18.2,-79909,-32.1,-99,-7.4,-5170,-7.4
"54069","2","23","74","0","2025","A","",1,34,1831584,0,0,1044,54269,"",3.62,2.71,2.79,0.00,0.00,1.04,1.04,"",0,0.0,-2,-5.6,139394,8.2,0,0.0,0,0.0,129,14.1,6713,14.1
"54069","5","23","74","0","2025","A","N",101,0,0,0,0,0,0,"N",0.72,0,0,0,0,0,0,"N",-1,-1.0,0,0,0,0,0,0,0,0,0,0,0,0
"54071","2","23","74","0","2025","A","",1,31,1537321,0,0,959,49859,"",28.85,44.49,55.37,0.00,0.00,1.25,1.25,"",0,0.0,0,0.0,201344,15.1,0,0.0,0,0.0,132,16.0,6879,16.0
"54071","5","23","74","0","2025","A","N",21,0,0,0,0,0,0,"N",1.19,0,0,0,0,0,0,"N",0,0.0,0,0,0,0,0,0,0,0,0,0,0,0
"54073","2","23","74","0","2025","A","",1,20,998194,0,0,968,50329,"",34.44,18.77,16.59,0.00,0.00,0.89,0.89,"",0,0.0,-1,-4.8,164216,19.7,0,0.0,0,0.0,189,24.3,9812,24.2
"54073","5","23","74","0","2025","A","N",10,0,0,0,0,0,0,"N",0.68,0,0,0,0,0,0,"N",0,0.0,0,0,0,0,0,0,0,0,0,0,0,0
"54075","2","23","74","0","2025","A","",1,37,2039848,0,0,1055,54884,"",18.90,26.29,37.48,0.00,0.00,1.42,1.42,"",0,0.0,-3,-7.5,134959,7.1,0,0.0,0,0.0,149,16.4,7753,16.4
"54075","5","23","74","0","2025","A","",38,89,3891775,1114580,55847,839,43605,"",1.41,0.56,0.54,0.54,0.62,0.96,0.96,"",1,2.7,17,23.6,1025020,35.8,128252,13.0,14518,35.1,77,10.1,3972,10.0
"54077","2","23","74","0","2025","A","",1,57,3068043,0,0,1032,53668,"",7.46,16.58,16.80,0.00,0.00,1.01,1.01,"",0,0.0,0,0.0,517280,20.3,0,0.0,0,0.0,178,20.8,9243,20.8
"54077","5","23","74","0","2025","A","",110,1049,71724033,12957159,453909,1314,68352,"",1.61,2.71,2.96,2.87,2.54,1.09,1.09,"",0,0.0,29,2.8,2341800,3.4,-404495,-3.0,-22698,-4.8,5,0.4,302,0.4
"54079","2","23","74","0","2025","A","",1,52,2775721,0,0,1036,53897,"",3.42,4.96,4.26,0.00,0.00,0.87,0.87,"",0,0.0,-3,-5.5,316002,12.8,0,0.0,0,0.0,176,20.5,9175,20.5
"54079","5","23","74","0","2025","A","",206,2975,268821977,47921980,3114597,1738,90368,"",1.38,2.52,3.11,2.70,3.73,1.24,1.24,"",5,2.5,286,10.6,46518405,20.9,1594834,3.4,428978,16.0,148,9.3,7686,9.3
"54081","2","23","74","0","2025","A","",1,62,3456877,0,0,1075,55906,"",2.50,4.10,4.51,0.00,0.00,1.10,1.10,"",0,0.0,2,3.3,834361,31.8,0,0.0,0,0.0,240,28.7,12499,28.8
"54081","5","23","74","0","2025","A","",200,1099,68141654,16215381,585077,1192,61980,"",0.98,0.64,0.67,0.70,0.74,1.04,1.04,"",-3,-1.5,-23,-2.0,1571507,2.4,734196,4.7,-5043,-0.9,51,4.5,2626,4.4
"54083","2","23","74","0","2025","A","",1,225,12449892,0,0,1063,55271,"",6.64,46.42,59.83,0.00,0.00,1.29,1.29,"",0,0.0,-5,-2.2,791410,6.8,0,0.0,0,0.0,90,9.2,4692,9.3
"54083","5","23","74","0","2025","A","",76,251,12705909,3325906,113945,973,50621,"",0.99,0.46,0.46,0.54,0.55,1.00,1.00,"",-3,-3.8,-21,-7.7,-468564,-3.6,7267,0.2,1479,1.3,42,4.5,2215,4.6
"54085","2","23","74","0","2025","A","",1,41,2016413,0,0,948,49281,"",25.49,29.36,29.23,0.00,0.00,1.00,1.00,"",0,0.0,-3,-6.8,199176,11.0,0,0.0,0,0.0,157,19.8,8136,19.8
"54085","5","23","74","0","2025","A","",16,145,9777407,1976411,144806,1295,67314,"",0.80,0.92,1.07,0.94,1.87,1.16,1.16,"",-2,-11.1,3,2.1,82901,0.9,156303,8.6,35014,31.9,-19,-1.4,-1037,-1.5
"54087","2","23","74","0","2025","A","",1,32,1519406,0,0,925,48108,"",18.27,24.76,25.57,0.00,0.00,1.05,1.05,"",0,0.0,2,6.7,257505,20.4,0,0.0,0,0.0,107,13.1,5572,13.1
"54087","5","23","74","0","2025","A","",40,155,8998904,2021804,63993,1116,58026,"",1.43,1.06,1.14,1.28,1.02,1.07,1.07,"",0,0.0,-22,-12.4,-535156,-5.6,-340705,-14.4,-35491,-35.7,79,7.6,4110,7.6
"54089","2","23","74","0","2025","A","",1,32,1691514,0,0,1014,52723,"",24.82,31.99,40.79,0.00,0.00,1.27,1.27,"",0,0.0,-1,-3.0,243567,16.8,0,0.0,0,0.0,177,21.1,9176,21.1
"54089","5","23","74","0","2025","A","",22,81,4151754,982225,24102,987,51309,"",1.07,0.72,0.76,0.85,0.60,1.05,1.05,"",2,10.0,5,6.6,133393,3.3,7317,0.8,-13162,-35.3,-33,-3.2,-1739,-3.3
"54091","2","23","74","0","2025","A","",1,24,1228481,0,0,995,51726,"",18.79,14.69,14.06,0.00,0.00,0.97,0.97,"",0,0.0,-3,-11.1,-13025,-1.0,0,0.0,0,0.0,102,11.4,5315,11.5
"54091","5","23","74","0","2025","A","",41,150,8208912,1958207,84330,1052,54696,"",1.51,0.81,0.71,0.93,1.21,0.87,0.87,"",-1,-2.4,-12,-7.4,220578,2.8,-386351,-16.5,-13139,-13.5,104,11.0,5411,11.0
"54093","2","23","74","0","2025","A","",1,32,1651405,0,0,995,51741,"",23.16,24.76,30.39,0.00,0.00,1.23,1.23,"",0,0.0,0,0.0,154446,10.3,0,0.0,0,0.0,86,9.5,4469,9.5
"54093","5","23","74","0","2025","A","N",23,0,0,0,0,0,0,"N",1.04,0,0,0,0,0,0,"N",-2,-8.0,0,0,0,0,0,0,0,0,0,0,0,0
"54095","2","23","74","0","2025","A","",1,26,1415352,0,0,1050,54612,"",38.46,28.22,27.02,0.00,0.00,0.96,0.96,"",0,0.0,-3,-10.3,5570,0.4,0,0.0,0,0.0,126,13.6,6551,13.6
"54095","5","23","74","0","2025","A","N",14,0,0,0,0,0,0,"N",1.06,0,0,0,0,0,0,"N",-1,-6.7,0,0,0,0,0,0,0,0,0,0,0,0
"54097","2","23","74","0","2025","A","",1,160,7309741,0,0,876,45544,"",7.78,44.60,44.51,0.00,0.00,1.00,1.00,"",0,0.0,3,1.9,-55207,-0.7,0,0.0,0,0.0,-25,-2.8,-1292,-2.8
"54097","5","23","74","0","2025","A","",73,506,30860523,6371942,319495,1173,60989,"",1.11,1.25,1.42,1.34,1.57,1.13,1.13,"",1,1.4,30,6.3,1861318,6.4,65816,1.0,-4614,-1.4,0,0.0,2,0.0
"54099","2","23","74","0","2025","A","",1,42,2264407,0,0,1041,54129,"",9.25,10.63,10.19,0.00,0.00,0.96,0.96,"",0,0.0,-1,-2.3,321118,16.5,0,0.0,0,0.0,174,20.1,9024,20.0
"54099","5","23","74","0","2025","A","",63,433,29710461,5824512,339561,1320,68615,"",1.14,0.97,1.01,1.29,1.98,1.04,1.04,"",-2,-3.1,53,13.9,5260604,21.5,418022,7.7,26726,8.5,82,6.6,4217,6.5
"54101","2","23","74","0","2025","A","",1,29,1543217,0,0,1020,53062,"",30.17,41.91,57.99,0.00,0.00,1.38,1.38,"",0,0.0,-4,-12.1,110320,7.7,0,0.0,0,0.0,189,22.7,9859,22.8
"54101","5","23","74","0","2025","A","",7,64,3862740,973702,27013,1153,59965,"",0.41,0.82,1.10,1.09,0.87,1.32,1.33,"",-1,-12.5,5,8.5,580842,17.7,-196529,-16.8,-23231,-46.2,77,7.2,4024,7.2
"54103","2","23","74","0","2025","A","",1,30,1493730,0,0,974,50635,"",14.78,13.21,12.11,0.00,0.00,0.93,0.93,"",0,0.0,-3,-9.1,-52822,-3.4,0,0.0,0,0.0,61,6.7,3170,6.7
"54103","5","23","74","0","2025","A","",29,234,15685771,4426692,320265,1288,66962,"",0.84,0.91,0.96,1.40,2.52,1.05,1.05,"",-6,-17.1,-10,-4.1,-651579,-4.0,727635,19.7,86174,36.8,-2,-0.2,-132,-0.2
"54105","2","23","74","0","2025","A","",1,25,1250454,0,0,968,50354,"",58.21,76.40,95.31,0.00,0.00,1.25,1.26,"",0,0.0,-2,-7.4,133951,12.0,0,0.0,0,0.0,165,20.5,8616,20.6
"54105","5","23","74","0","2025","A","N",9,0,0,0,0,0,0,"N",1.03,0,0,0,0,0,0,"N",-2,-18.2,0,0,0,0,0,0,0,0,0,0,0,0
"54107","2","23","74","0","2025","A","",1,250,12912474,0,0,994,51684,"",2.46,15.12,15.01,0.00,0.00,0.99,0.99,"",0,0.0,4,1.6,642121,5.2,0,0.0,0,0.0,35,3.6,1805,3.6
"54107","5","23","74","0","2025","A","N",186,0,0,0,0,0,0,"N",0.90,0,0,0,0,0,0,"N",-6,-3.1,0,0,0,0,0,0,0,0,0,0,0,0
"54109","2","23","74","0","2025","A","",1,38,1973319,0,0,1007,52389,"",15.02,18.79,18.37,0.00,0.00,0.99,0.99,"",0,0.0,2,5.6,307388,18.5,0,0.0,0,0.0,129,14.7,6747,14.8
"54109","5","23","74","0","2025","A","N",31,0,0,0,0,0,0,"N",0.91,0,0,0,0,0,0,"N",0,0.0,0,0,0,0,0,0,0,0,0,0,0,0
"54999","5","23","74","0","2025","A","",391,3362,325810133,55964102,3469497,1864,96924,"",1.01,2.28,2.41,2.00,2.31,1.05,1.05,"",11,2.9,924,37.9,114330665,54.1,18554490,49.6,1297253,59.7,196,11.8,10178,11.7
"55000","3","23","54","0","2025","A","",82,2350,156822723,337496,4474,1283,66726,"",1.12,1.12,1.28,0.08,0.15,1.14,1.15,"",-1,-1.2,14,0.6,8502698,5.7,5518,1.7,172,4.0,62,5.1,3246,5.1
"55000","5","23","54","0","2025","A","N",16750,0,0,0,0,0,0,"N",1.03,0,0,0,0,0,0,"N",886,5.6,0,0,0,0,0,0,0,0,0,0,0,0
"55001","3","23","74","0","2025","A","N",1,0,0,0,0,0,0,"N",5.73,0,0,0,0,0,0,"N",0,0.0,0,0,0,0,0,0,0,0,0,0,0,0
"55001","5","23","74","0","2025","A","",58,198,10499303,3615341,100148,1019,52982,"",1.49,0.85,0.86,0.93,0.94,1.01,1.01,"",8,16.0,29,17.2,2105891,25.1,562183,18.4,-2999,-2.9,66,6.9,3439,6.9
"55003","3","23","74","0","2025","A","N",1,0,0,0,0,0,0,"N",4.56,0,0,0,0,0,0,"N",0,0.0,0,0,0,0,0,0,0,0,0,0,0,0
"55003","5","23","74","0","2025","A","",62,562,39530328,9763758,336584,1353,70339,"",1.27,1.35,1.65,1.45,1.95,1.22,1.22,"",3,5.1,72,14.7,7287523,22.6,1593702,19.5,65829,24.3,88,7.0,4537,6.9
"55005","5","23","74","0","2025","A","",156,750,48290272,13726890,467226,1238,64380,"",1.24,0.67,0.80,0.67,0.85,1.20,1.20,"",12,8.3,-17,-2.2,-90891,-0.2,25163,0.2,-73792,-13.6,25,2.1,1315,2.1
"55007","3","23","74","0","2025","A","N",2,0,0,0,0,0,0,"N",9.63,0,0,0,0,0,0,"N",0,0.0,0,0,0,0,0,0,0,0,0,0,0,0
"55007","5","23","74","0","2025","A","",72,370,35841282,7867564,409613,1864,96934,"",1.56,1.63,3.15,2.17,2.59,1.94,1.93,"",4,5.9,38,11.4,9042423,33.7,966721,14.0,34568,9.2,312,20.1,16215,20.1
"55009","3","23","74","0","2025","A","N",2,0,0,0,0,0,0,"N",0.73,0,0,0,0,0,0,"N",0,0.0,0,0,0,0,0,0,0,0,0,0,0,0
"55009","5","23","74","0","2025","A","",750,8298,679282245,148283558,4126345,1574,81864,"",1.24,0.98,1.12,0.94,1.29,1.15,1.15,"",39,5.5,371,4.7,53659318,8.6,5610907,3.9,-100451,-2.4,56,3.7,2938,3.7
"55011","3","23","74","0","2025","A","N",1,0,0,0,0,0,0,"N",6.88,0,0,0,0,0,0,"N",0,0.0,0,0,0,0,0,0,0,0,0,0,0,0
"55011","5","23","74","0","2025","A","",42,125,6658516,2208228,52056,1025,53304,"",1.30,0.68,0.70,0.75,1.04,1.02,1.02,"",2,5.0,-10,-7.4,19100,0.3,-14625,-0.7,8911,20.7,80,8.5,4184,8.5
"55013","5","23","74","0","2025","A","",55,182,10278525,3136925,101435,1087,56501,"",1.46,0.66,0.74,0.63,0.80,1.12,1.12,"",6,12.2,5,2.8,739616,7.8,109898,3.6,3184,3.2,50,4.8,2558,4.7
"55015","3","23","74","0","2025","A","N",1,0,0,0,0,0,0,"N",2.71,0,0,0,0,0,0,"N",0,0.0,0,0,0,0,0,0,0,0,0,0,0,0
"55015","5","23","74","0","2025","A","",114,852,59261418,15313440,328138,1337,69515,"",1.39,0.99,1.21,0.92,1.28,1.22,1.22,"",6,5.6,-28,-3.2,-299731,-0.5,-200583,-1.3,-118485,-26.5,36,2.8,1858,2.7
"55017","5","23","74","0","2025","A","",244,2061,176712554,43178600,1853363,1649,85724,"",1.53,1.43,2.06,1.58,2.57,1.44,1.44,"",13,5.6,253,14.0,40322781,29.6,9770871,29.2,175615,10.5,199,13.7,10308,13.7
"55019","5","23","74","0","2025","A","",118,740,57511074,13201938,842026,1494,77691,"",1.58,1.22,1.64,1.21,2.79,1.35,1.35,"",2,1.7,52,7.6,5969752,11.6,1080564,8.9,122741,17.1,54,3.8,2785,3.7
"55021","3","23","74","0","2025","A","",3,34,2131811,0,0,1194,62092,"",4.75,2.20,2.84,0.00,0.00,1.28,1.28,"",0,0.0,-5,-12.8,6390,0.3,0,0.0,0,0.0,150,14.4,7826,14.4
"55021","5","23","74","0","2025","A","N",184,0,0,0,0,0,0,"N",1.31,0,0,0,0,0,0,"N",-5,-2.6,0,0,0,0,0,0,0,0,0,0,0,0
"55023","3","23","74","0","2025","A","N",2,0,0,0,0,0,0,"N",11.30,0,0,0,0,0,0,"N",0,0.0,0,0,0,0,0,0,0,0,0,0,0,0
"55023","5","23","74","0","2025","A","",42,108,5805749,1916222,63099,1030,53550,"",1.07,0.31,0.33,0.35,0.61,1.06,1.06,"",0,0.0,11,11.3,1086959,23.0,288592,17.7,7100,12.7,98,10.5,5111,10.6
"55025","3","23","74","0","2025","A","",6,429,32902723,0,0,1476,76741,"",0.91,1.67,1.88,0.00,0.00,1.13,1.13,"",0,0.0,9,2.1,1562119,5.0,0,0.0,0,0.0,42,2.9,2150,2.9
"55025","5","23","74","0","2025","A","",1373,18610,1626003178,328039980,8285111,1680,87375,"",0.93,0.97,1.02,1.02,1.24,1.05,1.05,"",61,4.6,858,4.8,146453853,9.9,18167226,5.9,-377792,-4.4,77,4.8,4029,4.8
"55027","3","23","74","0","2025","A","N",2,0,0,0,0,0,0,"N",2.79,0,0,0,0,0,0,"N",0,0.0,0,0,0,0,0,0,0,0,0,0,0,0
"55027","5","23","74","0","2025","A","",245,3062,316291313,60720223,2434838,1986,103287,"",1.54,1.57,2.39,1.60,2.31,1.52,1.53,"",14,6.1,118,4.0,45281927,16.7,6809673,12.6,615868,33.9,216,12.2,11227,12.2
"55029","3","23","74","0","2025","A","N",1,0,0,0,0,0,0,"N",1.97,0,0,0,0,0,0,"N",0,0.0,0,0,0,0,0,0,0,0,0,0,0,0
"55029","5","23","74","0","2025","A","",120,720,54289402,11653377,163550,1450,75384,"",1.06,0.95,1.38,0.84,0.40,1.46,1.46,"",2,1.7,-12,-1.6,1434962,2.7,-477557,-3.9,-42720,-20.7,61,4.4,3146,4.4
"55031","5","23","74","0","2025","A","N",116,0,0,0,0,0,0,"N",1.18,0,0,0,0,0,0,"N",4,3.6,0,0,0,0,0,0,0,0,0,0,0,0
"55033","3","23","74","0","2025","A","N",2,0,0,0,0,0,0,"N",4.80,0,0,0,0,0,0,"N",0,0.0,0,0,0,0,0,0,0,0,0,0,0,0
"55033","5","23","74","0","2025","A","N",113,0,0,0,0,0,0,"N",1.22,0,0,0,0,0,0,"N",5,4.6,0,0,0,0,0,0,0,0,0,0,0,0
"55035","5","23","74","0","2025","A","",214,2157,163337958,39738665,1386244,1456,75725,"",0.81,0.69,0.82,0.74,1.27,1.18,1.18,"",13,6.5,-83,-3.7,2393022,1.5,-478732,-1.2,-371450,-21.1,74,5.4,3885,5.4
"55037","5","23","74","0","2025","A","N",10,0,0,0,0,0,0,"N",0.93,0,0,0,0,0,0,"N",-1,-9.1,0,0,0,0,0,0,0,0,0,0,0,0
"55039","3","23","74","0","2025","A","N",2,0,0,0,0,0,0,"N",2.23,0,0,0,0,0,0,"N",0,0.0,0,0,0,0,0,0,0,0,0,0,0,0
"55039","5","23","74","0","2025","A","",269,3153,280073632,53936346,1249385,1708,88816,"",1.35,1.33,1.79,1.28,1.40,1.35,1.35,"",7,2.7,111,3.6,22378466,8.7,2106973,4.1,-129266,-9.4,79,4.8,4094,4.8
"55041","5","23","74","0","2025","A","N",22,0,0,0,0,0,0,"N",0.93,0,0,0,0,0,0,"N",-1,-4.3,0,0,0,0,0,0,0,0,0,0,0,0
"55043","3","23","74","0","2025","A","N",1,0,0,0,0,0,0,"N",1.83,0,0,0,0,0,0,"N",0,0.0,0,0,0,0,0,0,0,0,0,0,0,0
"55043","5","23","74","0","2025","A","",154,900,56029036,14819054,482432,1197,62260,"",1.27,0.99,1.16,1.11,1.84,1.17,1.17,"",9,6.2,54,6.4,8390615,17.6,1376455,10.2,43798,10.0,114,10.5,5928,10.5
"55045","3","23","74","0","2025","A","N",1,0,0,0,0,0,0,"N",2.42,0,0,0,0,0,0,"N",0,0.0,0,0,0,0,0,0,0,0,0,0,0,0
"55045","5","23","74","0","2025","A","",128,577,36305533,10203889,383849,1210,62939,"",1.39,0.69,0.75,0.68,1.11,1.09,1.09,"",4,3.2,52,9.9,3808685,11.7,1172636,13.0,29078,8.2,20,1.7,1050,1.7
"55047","5","23","74","0","2025","A","",54,248,17852628,4219538,221963,1385,72011,"",1.28,0.80,1.06,0.87,1.58,1.32,1.32,"",2,3.8,-19,-7.1,-1454248,-7.5,-408345,-8.8,-52560,-19.1,-6,-0.4,-345,-0.5
"55049","3","23","74","0","2025","A","N",1,0,0,0,0,0,0,"N",3.80,0,0,0,0,0,0,"N",0,0.0,0,0,0,0,0,0,0,0,0,0,0,0
"55049","5","23","74","0","2025","A","",83,458,30537917,8419086,199975,1282,66689,"",1.42,0.81,0.87,0.80,0.94,1.08,1.08,"",4,5.1,32,7.5,4647894,18.0,1118809,15.3,1525,0.8,113,9.7,5914,9.7
"55051","5","23","74","0","2025","A","",28,199,11375378,3479315,222144,1100,57187,"",1.58,2.33,2.89,2.52,4.45,1.24,1.24,"",-1,-3.4,-21,-9.5,-461174,-3.9,-379889,-9.8,-32534,-12.8,63,6.1,3282,6.1
"55053","5","23","74","0","2025","A","",32,515,53330859,9289219,721700,1990,103471,"",0.82,1.28,2.32,1.40,4.00,1.81,1.81,"",2,6.7,55,12.0,10837428,25.5,1235993,15.3,150055,26.2,212,11.9,10993,11.9
"55055","3","23","74","0","2025","A","N",2,0,0,0,0,0,0,"N",2.39,0,0,0,0,0,0,"N",0,0.0,0,0,0,0,0,0,0,0,0,0,0,0
"55055","5","23","74","0","2025","A","",300,1974,151851409,35383737,927584,1479,76913,"",1.61,1.12,1.41,1.09,1.41,1.27,1.27,"",14,4.9,-54,-2.7,-4479662,-2.9,-1156357,-3.2,-50767,-5.2,-3,-0.2,-157,-0.2
"55057","3","23","74","0","2025","A","N",1,0,0,0,0,0,0,"N",3.81,0,0,0,0,0,0,"N",0,0.0,0,0,0,0,0,0,0,0,0,0,0,0
"55057","5","23","74","0","2025","A","",54,306,17008665,4983977,112067,1067,55493,"",0.92,0.63,0.61,0.70,0.76,0.97,0.97,"",7,14.9,8,2.7,633110,3.9,94292,1.9,-7278,-6.1,9,0.9,465,0.8
"55059","5","23","74","0","2025","A","",361,2266,163252075,39456617,1077844,1385,72044,"",1.02,0.56,0.63,0.50,0.62,1.11,1.11,"",11,3.1,54,2.4,9901634,6.5,1320200,3.5,18795,1.8,52,3.9,2715,3.9
"55061","3","23","74","0","2025","A","N",1,0,0,0,0,0,0,"N",4.83,0,0,0,0,0,0,"N",0,0.0,0,0,0,0,0,0,0,0,0,0,0,0
"55061","5","23","74","0","2025","A","",72,412,30629368,6951800,240684,1429,74298,"",1.56,1.13,1.47,1.05,1.89,1.29,1.29,"",2,2.9,-1,-0.2,1754358,6.1,126734,1.9,2019,0.8,86,6.4,4453,6.4
"55063","3","23","74","0","2025","A","N",1,0,0,0,0,0,0,"N",0.78,0,0,0,0,0,0,"N",0,0.0,0,0,0,0,0,0,0,0,0,0,0,0
"55063","5","23","74","0","2025","A","",328,3014,228808949,51807195,1482198,1460,75905,"",1.15,0.81,0.94,0.85,1.21,1.16,1.16,"",22,7.2,85,2.9,12834346,5.9,1924622,3.9,-212677,-12.5,42,3.0,2162,2.9
"55065","5","23","74","0","2025","A","",55,417,31031502,6939653,222798,1432,74461,"",1.35,1.60,2.14,1.60,2.27,1.34,1.34,"",5,10.0,13,3.2,2074358,7.2,54397,0.8,31065,16.2,54,3.9,2814,3.9
"55067","5","23","74","0","2025","A","",50,227,14151509,3631460,135560,1200,62410,"",0.97,0.60,0.77,0.57,1.00,1.29,1.29,"",4,8.7,5,2.3,1524698,12.1,122867,3.5,23185,20.6,107,9.8,5554,9.8
"55069","3","23","74","0","2025","A","N",1,0,0,0,0,0,0,"N",3.47,0,0,0,0,0,0,"N",0,0.0,0,0,0,0,0,0,0,0,0,0,0,0
"55069","5","23","74","0","2025","A","",79,403,27490471,6690608,214023,1312,68215,"",1.23,0.77,0.89,0.73,1.13,1.17,1.17,"",5,6.8,23,6.1,3428590,14.2,531324,8.6,1655,0.8,93,7.6,4853,7.7
"55071","3","23","74","0","2025","A","N",1,0,0,0,0,0,0,"N",1.41,0,0,0,0,0,0,"N",0,0.0,0,0,0,0,0,0,0,0,0,0,0,0
"55071","5","23","74","0","2025","A","",190,1394,102853739,23562883,912030,1419,73783,"",1.20,0.80,0.99,0.75,1.36,1.24,1.24,"",6,3.3,-10,-0.7,5502337,5.7,-93346,-0.4,24804,2.8,85,6.4,4428,6.4
"55073","3","23","74","0","2025","A","",3,173,10830069,0,0,1206,62722,"",2.09,3.48,4.09,0.00,0.00,1.18,1.18,"",0,0.0,-2,-1.1,450470,4.3,0,0.0,0,0.0,64,5.6,3353,5.6
"55073","5","23","74","0","2025","A","",401,3074,244791993,54508403,2134931,1531,79633,"",1.25,0.83,1.02,0.81,1.58,1.22,1.22,"",37,10.2,104,3.5,26464704,12.1,3027957,5.9,-34835,-1.6,117,8.3,6124,8.3
"55075","3","23","74","0","2025","A","N",1,0,0,0,0,0,0,"N",2.25,0,0,0,0,0,0,"N",0,0.0,0,0,0,0,0,0,0,0,0,0,0,0
"55075","5","23","74","0","2025","A","",112,724,42808475,12414087,391104,1138,59162,"",1.13,0.78,0.79,0.76,1.12,1.02,1.02,"",2,1.8,56,8.4,5954936,16.2,1329880,12.0,56291,16.8,76,7.2,3951,7.2
"55077","3","23","74","0","2025","A","N",1,0,0,0,0,0,0,"N",7.10,0,0,0,0,0,0,"N",0,0.0,0,0,0,0,0,0,0,0,0,0,0,0
"55077","5","23","74","0","2025","A","",31,124,5921896,2182603,92985,920,47822,"",0.99,0.59,0.51,0.57,1.14,0.87,0.87,"",0,0.0,20,19.2,1165234,24.5,184466,9.2,-5972,-6.0,43,4.9,2195,4.8
"55078","5","23","74","0","2025","A","N",2,0,0,0,0,0,0,"N",0.25,0,0,0,0,0,0,"N",0,0.0,0,0,0,0,0,0,0,0,0,0,0,0
"55079","3","23","74","0","2025","A","N",1,0,0,0,0,0,0,"N",0.10,0,0,0,0,0,0,"N",-1,-50.0,0,0,0,0,0,0,0,0,0,0,0,0
"55079","5","23","74","0","2025","A","N",1335,0,0,0,0,0,0,"N",0.57,0,0,0,0,0,0,"N",63,5.0,0,0,0,0,0,0,0,0,0,0,0,0
"55081","3","23","74","0","2025","A","N",1,0,0,0,0,0,0,"N",2.10,0,0,0,0,0,0,"N",0,0.0,0,0,0,0,0,0,0,0,0,0,0,0
"55081","5","23","74","0","2025","A","",125,770,55736594,13554164,682554,1392,72377,"",1.18,0.69,0.83,0.72,1.67,1.21,1.21,"",7,5.9,46,6.4,4216758,8.2,947092,7.5,-19065,-2.7,23,1.7,1192,1.7
"55083","5","23","74","0","2025","A","",128,570,32644162,10900148,377965,1102,57312,"",1.75,1.18,1.29,1.31,1.38,1.09,1.09,"",18,16.4,48,9.2,4340284,15.3,1642143,17.7,36493,10.7,59,5.7,3064,5.6
"55085","3","23","74","0","2025","A","N",1,0,0,0,0,0,0,"N",1.87,0,0,0,0,0,0,"N",0,0.0,0,0,0,0,0,0,0,0,0,0,0,0
"55085","5","23","74","0","2025","A","",207,1030,76615436,19009543,917097,1431,74414,"",1.74,1.13,1.43,1.27,2.26,1.27,1.27,"",5,2.5,117,12.8,17786894,30.2,3256901,20.7,259848,39.5,191,15.4,9956,15.4
"55087","3","23","74","0","2025","A","N",1,0,0,0,0,0,0,"N",0.46,0,0,0,0,0,0,"N",0,0.0,0,0,0,0,0,0,0,0,0,0,0,0
"55087","5","23","74","0","2025","A","N",673,0,0,0,0,0,0,"N",1.39,0,0,0,0,0,0,"N",10,1.5,0,0,0,0,0,0,0,0,0,0,0,0
"55089","5","23","74","0","2025","A","",251,1385,98646966,24675780,721586,1370,71247,"",0.99,0.64,0.68,0.64,0.91,1.06,1.06,"",-1,-0.4,-9,-0.6,3932324,4.2,336647,1.4,38220,5.6,64,4.9,3311,4.9
"55091","3","23","74","0","2025","A","N",1,0,0,0,0,0,0,"N",10.55,0,0,0,0,0,0,"N",0,0.0,0,0,0,0,0,0,0,0,0,0,0,0
"55091","5","23","74","0","2025","A","",25,168,11915263,2811503,66525,1367,71065,"",1.19,1.32,1.73,1.36,1.47,1.31,1.31,"",0,0.0,-62,-27.0,-5176397,-30.3,-1058244,-27.3,-34744,-34.3,-60,-4.2,-3139,-4.2
"55093","5","23","74","0","2025","A","",93,393,27672965,6951411,221457,1354,70385,"",1.15,0.72,0.95,0.82,1.03,1.33,1.33,"",-5,-5.1,-60,-13.2,-3816231,-12.1,-850888,-10.9,-16170,-6.8,17,1.3,860,1.2
"55095","3","23","74","0","2025","A","N",1,0,0,0,0,0,0,"N",2.13,0,0,0,0,0,0,"N",0,0.0,0,0,0,0,0,0,0,0,0,0,0,0
"55095","5","23","74","0","2025","A","",166,659,42606052,11711477,515489,1243,64661,"",1.59,0.80,0.95,0.87,1.81,1.20,1.20,"",11,7.1,27,4.3,4139158,10.8,898788,8.3,19224,3.9,72,6.1,3747,6.2
"55097","3","23","74","0","2025","A","N",2,0,0,0,0,0,0,"N",2.89,0,0,0,0,0,0,"N",0,0.0,0,0,0,0,0,0,0,0,0,0,0,0
"55097","5","23","74","0","2025","A","N",172,0,0,0,0,0,0,"N",1.12,0,0,0,0,0,0,"N",6,3.6,0,0,0,0,0,0,0,0,0,0,0,0
"55099","3","23","74","0","2025","A","N",1,0,0,0,0,0,0,"N",6.57,0,0,0,0,0,0,"N",0,0.0,0,0,0,0,0,0,0,0,0,0,0,0
"55099","5","23","74","0","2025","A","",30,128,8167308,2030911,39930,1230,63974,"",0.89,0.51,0.61,0.50,0.54,1.18,1.18,"",1,3.4,1,0.8,288965,3.7,-247937,-10.9,-22897,-36.4,34,2.8,1777,2.9
"55101","3","23","74","0","2025","A","N",1,0,0,0,0,0,0,"N",0.54,0,0,0,0,0,0,"N",0,0.0,0,0,0,0,0,0,0,0,0,0,0,0
"55101","5","23","74","0","2025","A","",453,4132,393248737,81216147,2757240,1830,95162,"",1.10,1.03,1.40,1.06,1.54,1.36,1.36,"",21,4.9,670,19.4,123707129,45.9,17911103,28.3,391445,16.5,333,22.2,17295,22.2
"55103","3","23","74","0","2025","A","N",1,0,0,0,0,0,0,"N",5.31,0,0,0,0,0,0,"N",0,0.0,0,0,0,0,0,0,0,0,0,0,0,0
"55103","5","23","74","0","2025","A","",48,222,13261984,4095071,141300,1149,59761,"",1.15,0.71,0.81,0.86,1.60,1.14,1.14,"",0,0.0,5,2.3,1310513,11.0,96795,2.4,-6855,-4.6,88,8.3,4600,8.3
"55105","5","23","74","0","2025","A","",392,4073,340775360,67612520,2223727,1609,83662,"",1.23,1.10,1.37,1.01,1.42,1.24,1.24,"",10,2.6,38,0.9,18699894,5.8,-1590568,-2.3,-250551,-10.1,74,4.8,3833,4.8
"55107","5","23","74","0","2025","A","",30,100,5547624,1818446,53896,1067,55476,"",0.94,0.43,0.47,0.48,0.70,1.10,1.10,"",2,7.1,-2,-2.0,-138533,-2.4,-57107,-3.0,-3060,-5.4,-3,-0.3,-180,-0.3
"55109","3","23","74","0","2025","A","N",4,0,0,0,0,0,0,"N",3.80,0,0,0,0,0,0,"N",0,0.0,0,0,0,0,0,0,0,0,0,0,0,0
"55109","5","23","74","0","2025","A","",345,2167,163454536,39378954,1235003,1451,75441,"",1.47,1.10,1.35,1.11,1.59,1.23,1.23,"",27,8.5,319,17.3,32172965,24.5,6906424,21.3,135170,12.3,85,6.2,4401,6.2
"55111","3","23","74","0","2025","A","N",1,0,0,0,0,0,0,"N",1.24,0,0,0,0,0,0,"N",0,0.0,0,0,0,0,0,0,0,0,0,0,0,0
"55111","5","23","74","0","2025","A","",244,2094,164206882,36607186,1455068,1508,78437,"",1.36,1.09,1.51,1.00,1.93,1.39,1.39,"",10,4.3,70,3.5,12876560,8.5,1161135,3.3,-97307,-6.3,70,4.9,3663,4.9
"55113","5","23","74","0","2025","A","",92,392,20522594,6790588,141086,1006,52287,"",1.63,1.01,0.97,1.04,0.78,0.96,0.95,"",8,9.5,41,11.7,2868784,16.3,873866,14.8,-7160,-4.8,39,4.0,2003,4.0
"55115","5","23","74","0","2025","A","",107,473,31790112,7636417,170320,1291,67150,"",1.25,0.73,0.96,0.72,0.81,1.32,1.32,"",9,9.2,41,9.5,3271754,11.5,661118,9.5,8359,5.2,23,1.8,1212,1.8
"55117","3","23","74","0","2025","A","N",4,0,0,0,0,0,0,"N",3.65,0,0,0,0,0,0,"N",0,0.0,0,0,0,0,0,0,0,0,0,0,0,0
"55117","5","23","74","0","2025","A","",268,2616,201770076,42893392,847406,1483,77137,"",1.10,0.81,0.87,0.70,0.77,1.08,1.08,"",7,2.7,74,2.9,17991848,9.8,1562880,3.8,57747,7.3,93,6.7,4840,6.7
"55119","5","23","74","0","2025","A","",48,249,19151040,4376482,314396,1482,77041,"",1.14,0.60,0.83,0.59,1.97,1.38,1.38,"",6,14.3,16,6.9,1420730,8.0,323236,8.0,473,0.2,18,1.2,891,1.2
"55121","3","23","74","0","2025","A","",5,49,3051066,0,0,1202,62479,"",17.19,5.58,7.34,0.00,0.00,1.32,1.32,"",0,0.0,2,4.3,230506,8.2,0,0.0,0,0.0,50,4.3,2573,4.3
"55121","5","23","74","0","2025","A","",83,337,20148385,6017023,277840,1150,59787,"",1.28,0.52,0.53,0.52,1.38,1.03,1.03,"",1,1.2,3,0.9,1796224,9.8,204026,3.5,17720,6.8,95,9.0,4923,9.0
"55123","5","23","74","0","2025","A","",105,473,26868755,8348337,257434,1092,56785,"",1.59,1.03,1.12,1.21,1.80,1.08,1.08,"",12,12.9,19,4.2,2262541,9.2,565821,7.3,512,0.2,49,4.7,2566,4.7
"55125","5","23","74","0","2025","A","",168,644,39093243,11412952,295235,1167,60696,"",2.04,1.45,1.72,1.36,1.11,1.19,1.19,"",0,0.0,-59,-8.4,-8625583,-18.1,-1326357,-10.4,-242756,-45.1,-139,-10.6,-7215,-10.6
"55127","3","23","74","0","2025","A","N",1,0,0,0,0,0,0,"N",0.81,0,0,0,0,0,0,"N",0,0.0,0,0,0,0,0,0,0,0,0,0,0,0
"55127","5","23","74","0","2025","A","",361,2025,153389551,36133579,758866,1456,75732,"",1.31,0.84,1.10,0.81,0.81,1.31,1.31,"",19,5.6,97,5.0,25496310,19.9,3019001,9.1,-152787,-16.8,180,14.1,9386,14.1
"55129","5","23","74","0","2025","A","N",74,0,0,0,0,0,0,"N",1.54,0,0,0,0,0,0,"N",2,2.8,0,0,0,0,0,0,0,0,0,0,0,0
"55131","3","23","74","0","2025","A","",3,38,2138802,0,0,1078,56038,"",2.13,0.92,0.97,0.00,0.00,1.05,1.05,"",0,0.0,2,5.6,208546,10.8,0,0.0,0,0.0,42,4.1,2170,4.0
"55131","5","23","74","0","2025","A","N",493,0,0,0,0,0,0,"N",1.57,0,0,0,0,0,0,"N",15,3.1,0,0,0,0,0,0,0,0,0,0,0,0
"55133","3","23","74","0","2025","A","",5,116,7879995,0,0,1301,67639,"",0.95,0.66,0.71,0.00,0.00,1.07,1.07,"",0,0.0,4,3.6,381667,5.1,0,0.0,0,0.0,19,1.5,987,1.5
"55133","5","23","74","0","2025","A","",1506,20301,1899660823,371100669,11433948,1799,93574,"",1.28,1.54,1.87,1.37,1.85,1.21,1.21,"",50,3.4,805,4.1,153893335,8.8,19134674,5.4,-812974,-6.6,77,4.5,4027,4.5
"55135","3","23","74","0","2025","A","",3,89,5960557,0,0,1293,67224,"",5.97,6.77,10.34,0.00,0.00,1.53,1.53,"",0,0.0,-1,-1.1,150570,2.6,0,0.0,0,0.0,48,3.9,2489,3.8
"55135","5","23","74","0","2025","A","",145,687,39948470,12852276,371371,1119,58177,"",1.30,0.70,0.76,0.79,1.16,1.08,1.08,"",11,8.2,46,7.2,3288780,9.0,1294157,11.2,28763,8.4,20,1.8,1015,1.8
"55137","5","23","74","0","2025","A","",58,212,10898954,3477766,93759,987,51329,"",1.28,0.69,0.72,0.73,0.77,1.04,1.04,"",3,5.5,3,1.4,694265,6.8,142698,4.3,18603,24.8,47,5.0,2464,5.0
"55139","3","23","74","0","2025","A","N",2,0,0,0,0,0,0,"N",1.25,0,0,0,0,0,0,"N",0,0.0,0,0,0,0,0,0,0,0,0,0,0,0
"55139","5","23","74","0","2025","A","",370,5698,538994822,120467260,3780606,1819,94596,"",1.04,1.15,1.51,1.30,2.10,1.31,1.31,"",18,5.1,86,1.5,47118913,9.6,22686955,23.2,635871,20.2,134,8.0,6954,7.9
"55141","3","23","74","0","2025","A","N",2,0,0,0,0,0,0,"N",2.65,0,0,0,0,0,0,"N",0,0.0,0,0,0,0,0,0,0,0,0,0,0,0
"55141","5","23","74","0","2025","A","",176,1663,128803645,28850518,856734,1490,77460,"",1.05,0.89,1.07,0.93,1.32,1.21,1.21,"",2,1.1,-110,-6.2,10789009,9.1,708429,2.5,-74510,-8.0,210,16.4,10892,16.4
"55999","5","23","74","0","2025","A","N",1086,0,0,0,0,0,0,"N",0.49,0,0,0,0,0,0,"N",207,23.5,0,0,0,0,0,0,0,0,0,0,0,0
"56000","3","23","54","0","2025","A","N",1,0,0,0,0,0,0,"N",0.09,0,0,0,0,0,0,"N",0,0.0,0,0,0,0,0,0,0,0,0,0,0,0
"56000","5","23","54","0","2025","A","",3584,23386,1721937201,890454814,22441013,1416,73631,"",1.49,1.57,1.68,1.74,1.48,1.08,1.08,"",70,2.0,-293,-1.2,40462065,2.4,15124246,1.7,5419092,31.8,50,3.7,2620,3.7
"56001","5","23","74","0","2025","A","",181,986,63790453,34811010,771065,1244,64669,"",1.38,1.09,1.19,1.56,1.34,1.09,1.09,"",-1,-0.5,63,6.8,9095143,16.6,4275018,14.0,275542,55.6,105,9.2,5432,9.2
"56003","5","23","74","0","2025","A","",63,313,19815382,11358764,420252,1216,63224,"",1.58,1.38,1.51,1.72,1.64,1.09,1.09,"",-1,-1.6,-12,-3.7,-795422,-3.9,104384,0.9,105033,33.3,-4,-0.3,-210,-0.3
"56005","5","23","74","0","2025","A","N",211,0,0,0,0,0,0,"N",1.33,0,0,0,0,0,0,"N",-1,-0.5,0,0,0,0,0,0,0,0,0,0,0,0
"56007","5","23","74","0","2025","A","",73,447,37253443,18646401,852583,1603,83372,"",1.36,1.33,1.68,1.66,2.34,1.27,1.27,"",-1,-1.4,-140,-23.9,-14394908,-27.9,-9890797,-34.7,-280666,-24.8,-90,-5.3,-4652,-5.3
"56009","5","23","74","0","2025","A","N",73,0,0,0,0,0,0,"N",1.41,0,0,0,0,0,0,"N",1,1.4,0,0,0,0,0,0,0,0,0,0,0,0
"56011","5","23","74","0","2025","A","N",66,0,0,0,0,0,0,"N",2.22,0,0,0,0,0,0,"N",6,10.0,0,0,0,0,0,0,0,0,0,0,0,0
"56013","3","23","74","0","2025","A","N",1,0,0,0,0,0,0,"N",1.56,0,0,0,0,0,0,"N",0,0.0,0,0,0,0,0,0,0,0,0,0,0,0
"56013","5","23","74","0","2025","A","",216,805,43131011,26929809,846016,1030,53562,"",1.51,0.98,0.93,1.04,1.00,0.94,0.94,"",4,1.9,-53,-6.2,-3418066,-7.3,-850663,-3.1,208901,32.8,-13,-1.2,-696,-1.3
"56015","5","23","74","0","2025","A","N",46,0,0,0,0,0,0,"N",1.15,0,0,0,0,0,0,"N",6,15.0,0,0,0,0,0,0,0,0,0,0,0,0
"56017","5","23","74","0","2025","A","N",24,0,0,0,0,0,0,"N",1.24,0,0,0,0,0,0,"N",0,0.0,0,0,0,0,0,0,0,0,0,0,0,0
"56019","5","23","74","0","2025","A","",63,245,14091021,8064499,227538,1108,57593,"",1.55,1.38,1.39,1.62,1.83,1.01,1.01,"",-3,-4.5,8,3.4,1434685,11.3,453788,6.0,40647,21.7,81,7.9,4191,7.8
"56021","5","23","74","0","2025","A","",526,4055,314887508,161075951,5104667,1493,77653,"",1.38,1.56,1.77,1.93,2.00,1.14,1.14,"",29,5.8,641,18.8,70746194,29.0,37206311,30.0,2364484,86.3,118,8.6,6152,8.6
"56023","5","23","74","0","2025","A","",248,996,57804411,34314894,670887,1116,58007,"",2.57,2.57,2.14,2.52,1.79,0.83,0.83,"",4,1.6,-43,-4.1,-2420408,-4.0,189855,0.6,266729,66.0,1,0.1,52,0.1
"56025","5","23","74","0","2025","A","",396,3048,224252265,116897163,3260350,1415,73566,"",1.26,1.43,1.54,1.46,1.35,1.08,1.08,"",10,2.6,-213,-6.5,-26983542,-10.7,-4665956,-3.8,352084,12.1,-67,-4.5,-3479,-4.5
"56027","5","23","74","0","2025","A","N",12,0,0,0,0,0,0,"N",1.25,0,0,0,0,0,0,"N",0,0.0,0,0,0,0,0,0,0,0,0,0,0,0
"56029","5","23","74","0","2025","A","",234,955,54638085,32309943,534193,1100,57203,"",1.60,1.29,1.27,1.47,0.82,0.98,0.98,"",-3,-1.3,-27,-2.7,3543595,6.9,1119848,3.6,180613,51.1,99,9.9,5145,9.9
"56031","5","23","74","0","2025","A","N",47,0,0,0,0,0,0,"N",1.42,0,0,0,0,0,0,"N",2,4.4,0,0,0,0,0,0,0,0,0,0,0,0
"56033","5","23","74","0","2025","A","",223,1555,111801482,61524642,1216247,1383,71906,"",1.59,2.00,2.21,2.46,1.84,1.11,1.11,"",6,2.8,124,8.7,21426061,23.7,12756375,26.2,500232,69.9,168,13.8,8747,13.8
"56035","5","23","74","0","2025","A","N",102,0,0,0,0,0,0,"N",2.16,0,0,0,0,0,0,"N",10,10.9,0,0,0,0,0,0,0,0,0,0,0,0
"56037","5","23","74","0","2025","A","",162,1325,98250131,50915945,1181925,1426,74151,"",1.19,1.23,1.20,1.33,1.05,0.98,0.98,"",4,2.5,-117,-8.1,-11193206,-10.2,-6739521,-11.7,468158,65.6,-33,-2.3,-1733,-2.3
"56039","5","23","74","0","2025","A","",395,2810,232090500,106571550,1548698,1588,82585,"",1.74,2.22,2.06,1.89,0.88,0.93,0.93,"",-1,-0.3,-176,-5.9,335434,0.1,-1977659,-1.8,536279,53.0,96,6.4,4975,6.4
"56041","5","23","74","0","2025","A","",90,842,56457026,31087059,1133704,1289,67051,"",1.30,1.92,2.30,2.31,2.68,1.20,1.20,"",4,4.7,47,5.9,3454175,6.5,-419456,-1.3,634337,127.0,7,0.5,367,0.6
"56043","5","23","74","0","2025","A","",42,238,14276202,7643493,178287,1154,60026,"",1.21,1.25,1.33,1.30,1.16,1.06,1.06,"",3,7.7,4,1.7,716557,5.3,67416,0.9,46035,34.8,42,3.8,2182,3.8
"56045","5","23","74","0","2025","A","",26,226,17043858,8493364,87317,1449,75360,"",1.24,1.82,2.30,2.35,1.12,1.26,1.26,"N",-2,-7.1,0,0,0,0,0,0,0,0,0,0,0,0
"56999","5","23","74","0","2025","A","",66,796,85363262,41109976,1232956,2064,107308,"",1.67,3.75,4.00,3.53,3.07,1.07,1.07,"N",-4,-5.7,0,0,0,0,0,0,0,0,0,0,0,0
"72000","2","23","54","0","2025","A","",2,133,1976723,0,0,285,14844,"",0.25,0.30,0.13,0.00,0.00,0.44,0.44,"",0,0.0,4,3.1,-501687,-20.2,0,0.0,0,0.0,-85,-23.0,-4393,-22.8
"72000","3","23","54","0","2025","A","",2,18,843546,141236,4829,897,46648,"",0.11,0.03,0.04,0.20,0.42,1.46,1.45,"",0,0.0,1,5.9,106917,14.5,481,0.3,-77,-1.6,51,6.0,2670,6.1
"72000","5","23","54","0","2025","A","N",2793,0,0,0,0,0,0,"N",0.68,0,0,0,0,0,0,"N",89,3.3,0,0,0,0,0,0,0,0,0,0,0,0
"72001","5","23","74","0","2025","A","",8,36,876981,316701,11653,470,24417,"",0.44,0.40,0.40,0.40,0.30,1.00,1.00,"",-3,-27.3,-20,-35.7,-210709,-19.4,-114606,-26.6,-5062,-30.3,99,26.7,5109,26.5
"72003","5","23","74","0","2025","A","",47,414,10112497,3277650,155602,470,24451,"",0.95,1.56,1.37,1.39,1.09,0.88,0.88,"",3,6.8,32,8.4,1480147,17.1,259827,8.6,9311,6.4,36,8.3,1878,8.3
"72005","5","23","74","0","2025","A","N",34,0,0,0,0,0,0,"N",0.42,0,0,0,0,0,0,"N",0,0.0,0,0,0,0,0,0,0,0,0,0,0,0
"72007","5","23","74","0","2025","A","",16,188,6154063,1493736,63786,628,32676,"",1.17,2.00,2.24,2.19,1.72,1.12,1.12,"",-2,-11.1,-3,-1.6,440962,7.7,-27021,-1.8,-3692,-5.5,54,9.4,2817,9.4
"72009","5","23","74","0","2025","A","N",12,0,0,0,0,0,0,"N",0.46,0,0,0,0,0,0,"N",0,0.0,0,0,0,0,0,0,0,0,0,0,0,0
"72011","5","23","74","0","2025","A","",23,155,3853075,1803661,66474,477,24805,"",0.90,0.45,0.28,0.75,0.53,0.62,0.62,"",2,9.5,56,56.6,1393311,56.6,992181,122.3,32778,97.3,-2,-0.4,-83,-0.3
"72013","5","23","74","0","2025","A","",64,712,18350090,6173504,276652,496,25788,"",0.68,0.60,0.45,0.69,0.59,0.74,0.74,"",7,12.3,141,24.7,3839413,26.5,1518512,32.6,60110,27.8,7,1.4,368,1.4
"72015","5","23","74","0","2025","A","N",7,0,0,0,0,0,0,"N",0.79,0,0,0,0,0,0,"N",0,0.0,0,0,0,0,0,0,0,0,0,0,0,0
"72017","3","23","74","0","2025","A","",1,2,82325,14000,630,792,41162,"",8.80,0.26,0.31,1.75,4.41,1.18,1.18,"",0,0.0,0,0.0,-7412,-8.3,-6137,-30.5,-296,-32.0,102,14.8,5267,14.7
"72017","5","23","74","0","2025","A","N",31,0,0,0,0,0,0,"N",1.23,0,0,0,0,0,0,"N",4,14.8,0,0,0,0,0,0,0,0,0,0,0,0
"72019","5","23","74","0","2025","A","",42,127,2717810,1066752,44851,412,21414,"",1.39,0.75,0.52,0.83,0.62,0.70,0.70,"",-2,-4.5,-15,-10.6,-445600,-14.1,-39685,-3.6,-5492,-10.9,-16,-3.7,-850,-3.8
"72021","5","23","74","0","2025","A","N",163,0,0,0,0,0,0,"N",0.67,0,0,0,0,0,0,"N",4,2.5,0,0,0,0,0,0,0,0,0,0,0,0
"72023","5","23","74","0","2025","A","N",29,0,0,0,0,0,0,"N",0.53,0,0,0,0,0,0,"N",0,0.0,0,0,0,0,0,0,0,0,0,0,0,0
"72025","5","23","74","0","2025","A","",123,3167,104326205,25698531,1141951,633,32938,"",0.65,1.33,1.23,1.06,0.84,0.92,0.92,"",5,4.2,791,33.3,28937413,38.4,5199122,25.4,268911,30.8,23,3.8,1211,3.8
"72027","5","23","74","0","2025","A","",42,264,6748392,2060864,90310,492,25562,"",1.32,1.09,1.02,0.96,0.72,0.94,0.94,"",0,0.0,21,8.6,791287,13.3,35700,1.8,-1536,-1.7,21,4.5,1056,4.3
"72029","5","23","74","0","2025","A","N",24,0,0,0,0,0,0,"N",0.76,0,0,0,0,0,0,"N",2,9.1,0,0,0,0,0,0,0,0,0,0,0,0
"72031","5","23","74","0","2025","A","",105,1232,43478108,10495129,468465,679,35291,"",0.64,0.46,0.44,0.38,0.29,0.94,0.94,"",1,1.0,74,6.4,6009924,16.0,1087727,11.6,37940,8.8,57,9.2,2937,9.1
"72033","5","23","74","0","2025","A","",23,312,12658476,2882573,101889,779,40529,"",0.89,0.53,0.49,0.43,0.31,0.92,0.92,"",2,9.5,-7,-2.2,-44761,-0.4,-98178,-3.3,-16006,-13.6,13,1.7,717,1.8
"72035","5","23","74","0","2025","A","",22,149,3966327,1232002,54865,512,26605,"",0.53,0.28,0.21,0.29,0.27,0.76,0.76,"",2,10.0,-1,-0.7,512706,14.8,43183,3.6,-2319,-4.1,70,15.8,3619,15.7
"72037","5","23","74","0","2025","A","N",6,0,0,0,0,0,0,"N",0.73,0,0,0,0,0,0,"N",0,0.0,0,0,0,0,0,0,0,0,0,0,0,0
"72039","5","23","74","0","2025","A","",14,120,2930796,984520,45327,468,24322,"",1.14,1.20,1.00,1.31,1.03,0.84,0.84,"",0,0.0,4,3.4,555383,23.4,18886,2.0,2194,5.1,72,18.2,3756,18.3
"72041","5","23","74","0","2025","A","N",21,0,0,0,0,0,0,"N",0.64,0,0,0,0,0,0,"N",1,5.0,0,0,0,0,0,0,0,0,0,0,0,0
"72043","5","23","74","0","2025","A","",22,152,4388116,1397841,55576,555,28838,"",0.81,0.74,0.73,0.86,0.60,0.99,0.99,"",2,10.0,29,23.6,1233500,39.1,365609,35.4,10509,23.3,60,12.1,3104,12.1
"72045","5","23","74","0","2025","A","",16,85,2886864,676461,23056,652,33930,"",1.46,0.88,1.04,1.13,0.72,1.18,1.18,"",4,33.3,9,11.8,244870,9.3,35822,5.6,-840,-3.5,-17,-2.5,-833,-2.4
"72047","5","23","74","0","2025","A","N",33,0,0,0,0,0,0,"N",1.22,0,0,0,0,0,0,"N",1,3.1,0,0,0,0,0,0,0,0,0,0,0,0
"72049","5","23","74","0","2025","A","N",2,0,0,0,0,0,0,"N",0.39,0,0,0,0,0,0,"N",0,0.0,0,0,0,0,0,0,0,0,0,0,0,0
"72051","5","23","74","0","2025","A","N",34,0,0,0,0,0,0,"N",0.58,0,0,0,0,0,0,"N",3,9.7,0,0,0,0,0,0,0,0,0,0,0,0
"72053","5","23","74","0","2025","A","N",10,0,0,0,0,0,0,"N",0.25,0,0,0,0,0,0,"N",0,0.0,0,0,0,0,0,0,0,0,0,0,0,0
"72054","5","23","74","0","2025","A","",6,201,5520640,1864660,83969,528,27466,"",1.21,3.36,3.38,5.21,3.57,1.00,1.00,"",0,0.0,16,8.6,677757,14.0,255656,15.9,7824,10.3,25,5.0,1300,5.0
"72055","5","23","74","0","2025","A","N",6,0,0,0,0,0,0,"N",0.69,0,0,0,0,0,0,"N",1,20.0,0,0,0,0,0,0,0,0,0,0,0,0
"72057","5","23","74","0","2025","A","",23,127,3776542,1209652,50750,573,29795,"",0.60,0.24,0.23,0.33,0.26,0.94,0.94,"N",-3,-11.5,0,0,0,0,0,0,0,0,0,0,0,0
"72059","5","23","74","0","2025","A","",11,115,2838282,940749,46242,476,24770,"",1.03,0.95,0.72,0.83,0.74,0.76,0.76,"",1,10.0,15,15.0,255257,9.9,99042,11.8,3117,7.2,-19,-3.8,-953,-3.7
"72061","5","23","74","0","2025","A","",142,3231,123899759,27375164,1193715,738,38351,"",0.67,1.06,0.85,0.80,0.67,0.80,0.80,"",-2,-1.4,77,2.4,5940226,5.0,959204,3.6,3090,0.3,19,2.6,952,2.5
"72063","5","23","74","0","2025","A","N",39,0,0,0,0,0,0,"N",1.17,0,0,0,0,0,0,"N",2,5.4,0,0,0,0,0,0,0,0,0,0,0,0
"72065","5","23","74","0","2025","A","",29,203,5013938,1655947,69255,476,24730,"",0.57,0.39,0.35,0.31,0.26,0.89,0.89,"",-3,-9.4,10,5.2,629671,14.4,152550,10.1,4044,6.2,38,8.7,1974,8.7
"72067","5","23","74","0","2025","A","",11,222,5435461,1723830,81122,472,24539,"",0.65,1.21,1.09,1.01,0.79,0.91,0.90,"",-2,-15.4,-24,-9.8,75464,1.4,-218423,-11.2,-16892,-17.2,52,12.4,2706,12.4
"72069","5","23","74","0","2025","A","",40,271,8660677,2355392,99456,615,31958,"",0.61,0.30,0.27,0.32,0.26,0.88,0.88,"",2,5.3,24,9.7,1256780,17.0,167844,7.7,4785,5.1,38,6.6,1962,6.5
"72071","5","23","74","0","2025","A","",34,379,9991480,3163978,143921,507,26345,"",0.71,0.95,0.85,0.85,0.67,0.89,0.89,"",0,0.0,-18,-4.5,561932,6.0,-145434,-4.4,-8405,-5.5,50,10.9,2603,11.0
"72073","5","23","74","0","2025","A","N",8,0,0,0,0,0,0,"N",0.56,0,0,0,0,0,0,"N",-3,-27.3,0,0,0,0,0,0,0,0,0,0,0,0
"72075","5","23","74","0","2025","A","",30,289,7154243,2518043,108599,476,24762,"",0.99,0.72,0.48,0.63,0.57,0.67,0.67,"",-1,-3.2,-8,-2.7,609258,9.3,7587,0.3,7380,7.3,53,12.5,2750,12.5
"72077","5","23","74","0","2025","A","N",29,0,0,0,0,0,0,"N",1.29,0,0,0,0,0,0,"N",3,11.5,0,0,0,0,0,0,0,0,0,0,0,0
"72079","5","23","74","0","2025","A","",16,119,2411431,940409,45308,389,20250,"",0.81,0.62,0.48,0.57,0.42,0.78,0.78,"N",0,0.0,0,0,0,0,0,0,0,0,0,0,0,0
"72081","5","23","74","0","2025","A","",16,142,3736025,1151464,59002,505,26248,"",0.57,0.64,0.62,0.69,0.60,0.98,0.98,"",2,14.3,14,10.9,598834,19.1,30292,2.7,4320,7.9,35,7.4,1786,7.3
"72083","5","23","74","0","2025","A","N",3,0,0,0,0,0,0,"N",0.38,0,0,0,0,0,0,"N",0,0.0,0,0,0,0,0,0,0,0,0,0,0,0
"72085","5","23","74","0","2025","A","",27,606,19054859,4812362,183244,605,31448,"",1.06,1.54,1.28,1.09,0.63,0.83,0.83,"",0,0.0,66,12.2,4152942,27.9,53530,1.1,-15308,-7.7,74,13.9,3852,14.0
"72087","5","23","74","0","2025","A","N",2,0,0,0,0,0,0,"N",0.26,0,0,0,0,0,0,"N",0,0.0,0,0,0,0,0,0,0,0,0,0,0,0
"72089","5","23","74","0","2025","A","",13,168,5274066,1319243,56429,605,31471,"",0.92,1.39,1.46,1.22,0.88,1.06,1.06,"",1,8.3,-28,-14.3,-491409,-8.5,-51446,-3.8,-7246,-11.4,40,7.1,2080,7.1
"72091","5","23","74","0","2025","A","",29,435,14464919,3416460,153707,639,33227,"",0.57,0.57,0.49,0.45,0.39,0.86,0.86,"",0,0.0,10,2.4,964552,7.1,-245442,-6.7,-19123,-11.1,28,4.6,1436,4.5
"72093","5","23","74","0","2025","A","N",2,0,0,0,0,0,0,"N",0.40,0,0,0,0,0,0,"N",0,0.0,0,0,0,0,0,0,0,0,0,0,0,0
"72095","5","23","74","0","2025","A","N",3,0,0,0,0,0,0,"N",0.53,0,0,0,0,0,0,"N",0,0.0,0,0,0,0,0,0,0,0,0,0,0,0
"72097","5","23","74","0","2025","A","N",68,0,0,0,0,0,0,"N",0.54,0,0,0,0,0,0,"N",3,4.6,0,0,0,0,0,0,0,0,0,0,0,0
"72099","5","23","74","0","2025","A","",50,459,10772361,3719915,159066,451,23473,"",1.23,1.68,1.40,1.53,1.02,0.84,0.84,"",1,2.0,4,0.9,290257,2.8,73187,2.0,-3001,-1.9,8,1.8,435,1.9
"72101","5","23","74","0","2025","A","",21,144,3499963,1229089,51844,467,24305,"",1.12,1.05,0.88,1.15,0.93,0.84,0.84,"",1,5.0,31,27.4,418461,13.6,235268,23.7,8666,20.1,-57,-10.9,-2945,-10.8
"72103","5","23","74","0","2025","A","N",26,0,0,0,0,0,0,"N",1.67,0,0,0,0,0,0,"N",2,8.3,0,0,0,0,0,0,0,0,0,0,0,0
"72105","5","23","74","0","2025","A","",59,803,22106541,6410371,300333,530,27544,"",2.09,3.71,3.22,3.77,2.87,0.87,0.87,"",-1,-1.7,7,0.9,805239,3.8,174620,2.8,6166,2.1,16,3.1,795,3.0
"72107","5","23","74","0","2025","A","",29,200,5550734,1500092,66449,534,27765,"",1.57,1.28,1.28,1.31,0.87,1.01,1.01,"",-6,-17.1,-18,-8.3,51820,0.9,-337068,-18.3,-18089,-21.4,49,10.1,2570,10.2
"72109","5","23","74","0","2025","A","N",6,0,0,0,0,0,0,"N",0.64,0,0,0,0,0,0,"N",1,20.0,0,0,0,0,0,0,0,0,0,0,0,0
"72111","5","23","74","0","2025","A","",20,258,6885221,2099075,100184,512,26644,"",1.34,1.87,1.45,1.64,1.38,0.77,0.77,"",1,5.3,-4,-1.5,545747,8.6,88512,4.4,2626,2.7,47,10.1,2455,10.1
"72113","3","23","74","0","2025","A","",1,16,761221,127236,4199,910,47330,"",1.20,0.48,0.82,3.94,8.29,1.71,1.71,"",0,0.0,2,14.3,114329,17.7,6618,5.5,219,5.5,37,4.2,1934,4.3
"72113","5","23","74","0","2025","A","N",108,0,0,0,0,0,0,"N",0.58,0,0,0,0,0,0,"N",8,8.0,0,0,0,0,0,0,0,0,0,0,0,0
"72115","5","23","74","0","2025","A","",23,207,5258672,1668613,67282,488,25353,"",1.07,1.43,1.35,1.47,1.04,0.94,0.94,"",1,4.5,13,6.7,337539,6.9,160088,10.6,2365,3.6,0,0.0,-3,0.0
"72117","5","23","74","0","2025","A","",26,113,2496098,857560,33652,425,22106,"",1.16,0.84,0.66,0.71,0.46,0.79,0.79,"N",2,8.3,0,0,0,0,0,0,0,0,0,0,0,0
"72119","5","23","74","0","2025","A","",14,68,1733089,522057,20221,489,25424,"",0.42,0.21,0.16,0.18,0.12,0.76,0.76,"",1,7.7,4,6.2,142090,8.9,3669,0.7,-1529,-7.0,8,1.7,434,1.7
"72121","5","23","74","0","2025","A","",6,32,1553961,429340,21481,924,48061,"",0.34,0.17,0.29,0.28,0.22,1.68,1.68,"",-2,-25.0,-10,-23.8,-95315,-5.8,28366,7.1,933,4.5,161,21.1,8399,21.2
"72123","5","23","74","0","2025","A","N",5,0,0,0,0,0,0,"N",0.27,0,0,0,0,0,0,"N",0,0.0,0,0,0,0,0,0,0,0,0,0,0,0
"72125","5","23","74","0","2025","A","N",8,0,0,0,0,0,0,"N",0.24,0,0,0,0,0,0,"N",-1,-11.1,0,0,0,0,0,0,0,0,0,0,0,0
"72127","2","23","74","0","2025","A","",2,133,1976723,0,0,285,14844,"",1.08,1.11,0.41,0.00,0.00,0.37,0.37,"",0,0.0,4,3.1,-501687,-20.2,0,0.0,0,0.0,-85,-23.0,-4393,-22.8
"72127","5","23","74","0","2025","A","",448,11380,441309440,96915364,4056444,746,38779,"",0.48,0.85,0.69,0.82,0.62,0.81,0.81,"",13,3.0,421,3.8,37622951,9.3,1601569,1.7,-122319,-2.9,38,5.4,1943,5.3
"72129","5","23","74","0","2025","A","N",24,0,0,0,0,0,0,"N",1.02,0,0,0,0,0,0,"N",2,9.1,0,0,0,0,0,0,0,0,0,0,0,0
"72131","5","23","74","0","2025","A","",42,325,6505149,2714923,130243,385,20026,"",0.76,0.94,0.74,0.82,0.66,0.79,0.79,"",4,10.5,-21,-6.1,-334941,-4.9,-160694,-5.6,-13989,-9.7,4,1.0,233,1.2
"72133","5","23","74","0","2025","A","N",17,0,0,0,0,0,0,"N",0.81,0,0,0,0,0,0,"N",3,21.4,0,0,0,0,0,0,0,0,0,0,0,0
"72135","5","23","74","0","2025","A","",48,356,10273899,2877502,117571,556,28900,"",1.36,1.49,1.43,1.31,0.99,0.96,0.96,"",2,4.3,4,1.1,641910,6.7,-73841,-2.5,-7135,-5.7,30,5.7,1530,5.6
"72137","5","23","74","0","2025","A","",57,1263,39209159,10715202,498259,597,31044,"",0.89,1.66,1.50,1.35,1.17,0.90,0.90,"",3,5.6,5,0.4,1845948,4.9,-163268,-1.5,-20472,-3.9,26,4.6,1336,4.5
"72139","5","23","74","0","2025","A","",62,744,24267401,5630946,229496,627,32607,"",1.29,1.36,1.54,1.31,1.02,1.13,1.13,"",1,1.6,7,0.9,2226664,10.1,-299429,-5.0,-39200,-14.6,52,9.0,2718,9.1
"72141","5","23","74","0","2025","A","",18,118,2429933,1013315,41918,396,20593,"",0.75,0.63,0.44,0.95,0.76,0.71,0.71,"",6,50.0,21,21.6,532776,28.1,184459,22.3,6637,18.8,20,5.3,1018,5.2
"72143","5","23","74","0","2025","A","N",18,0,0,0,0,0,0,"N",0.63,0,0,0,0,0,0,"N",0,0.0,0,0,0,0,0,0,0,0,0,0,0,0
"72145","5","23","74","0","2025","A","",36,197,5962273,1644438,70673,582,30265,"",0.81,0.43,0.36,0.38,0.29,0.84,0.84,"",2,5.9,20,11.3,1134625,23.5,190778,13.1,7053,11.1,56,10.6,2926,10.7
"72147","5","23","74","0","2025","A","N",6,0,0,0,0,0,0,"N",0.52,0,0,0,0,0,0,"N",1,20.0,0,0,0,0,0,0,0,0,0,0,0,0
"72149","5","23","74","0","2025","A","",12,80,1477211,605657,29686,357,18542,"",0.86,0.42,0.22,0.39,0.38,0.54,0.54,"",-3,-20.0,-38,-32.2,-1246064,-45.8,-319374,-34.5,-14392,-32.7,-86,-19.4,-4472,-19.4
"72151","5","23","74","0","2025","A","",14,101,3004268,852499,33372,573,29794,"",0.81,0.66,0.67,0.83,0.58,1.02,1.02,"",1,7.7,4,4.1,307323,11.4,22904,2.8,-182,-0.5,39,7.3,2014,7.2
"72153","5","23","74","0","2025","A","N",18,0,0,0,0,0,0,"N",0.48,0,0,0,0,0,0,"N",3,20.0,0,0,0,0,0,0,0,0,0,0,0,0
"72999","5","23","74","0","2025","A","N",16,0,0,0,0,0,0,"N",0.39,0,0,0,0,0,0,"N",5,45.5,0,0,0,0,0,0,0,0,0,0,0,0
"78000","5","23","54","0","2025","A","",210,1825,124176644,62838561,2528619,1309,68054,"",0.90,1.01,1.17,1.42,0.87,1.17,1.16,"",-65,-23.6,-109,-5.6,2477167,2.0,-17411,0.0,-90116,-3.4,99,8.2,5117,8.1
"78010","5","23","74","0","2025","A","N",91,0,0,0,0,0,0,"N",1.04,0,0,0,0,0,0,"N",-31,-25.4,0,0,0,0,0,0,0,0,0,0,0,0
"78020","5","23","74","0","2025","A","N",18,0,0,0,0,0,0,"N",0.84,0,0,0,0,0,0,"N",-8,-30.8,0,0,0,0,0,0,0,0,0,0,0,0
"78030","5","23","74","0","2025","A","N",102,0,0,0,0,0,0,"N",0.83,0,0,0,0,0,0,"N",-25,-19.7,0,0,0,0,0,0,0,0,0,0,0,0
"US000","1","23","14","0","2025","A","",4,26,4323011,0,0,3239,168429,"",1.00,1.00,1.00,0.00,0.00,1.00,1.00,"",0,0.0,-1,-3.7,-11711,-0.3,0,0.0,0,0.0,132,4.2,6887,4.3
"US000","2","23","14","0","2025","A","",1861,73193,5277566384,350335960,906522,1387,72105,"",1.00,1.00,1.00,1.00,1.00,1.00,1.00,"",15,0.8,262,0.4,252843642,5.0,19226429,5.8,137140,17.8,62,4.7,3208,4.7
"US000","3","23","14","0","2025","A","",4265,110806,7680280779,266573706,2103073,1333,69313,"",1.00,1.00,1.00,1.00,1.00,1.00,1.00,"",-2,0.0,1634,1.5,452051612,6.3,13926057,5.5,-87699,-4.0,60,4.7,3104,4.7
"US000","5","23","14","0","2025","A","",949050,8245605,699377669549,170229675878,4563477624,1631,84818,"",1.00,1.00,1.00,1.00,1.00,1.00,1.00,"",10572,1.1,110163,1.4,39970050263,6.1,6158736900,3.8,120489693,2.7,72,4.6,3764,4.6
